0,1,2,3,4,5,6,7,8,9,10,11,12,13,14,15,16,17,18,19,20,21,22,23,24,25,26,27
1.467143050087444,-0.5169581842133057,-1.4811295044410575,-2.5312287261570794,1.0143556261572524,-0.05581639565035083,-3.5111846888653946,-1.4225909987859418,-2.0912616260901475,-2.5878467349395757,-2.1475830913482103,-0.8744140586689415,-1.6827604130278389,-1.5643550471664391,-2.099933216578252,-0.9282221414350768,-1.2617781490296849,-0.5612112163770481,-1.5016601755089947,-0.6864752604991909,-1.7408001544803975,-1.6695609642621438,-1.558401462991113,-1.788903658270628,-0.5629153063909361,-0.9239681466658332,-1.3772646802306998,-1.8288602273000272
0.5870981953717789,2.636972264228899,2.565013538387049,0.10922905694132962,-1.509933714082847,0.9682685890764735,-1.2115278304718025,1.3303611628474747,-0.7059221250593256,-0.9556233510294092,-0.9373590997400224,0.47598531611286016,0.5136135905577383,-0.5796815701683181,-0.9875872877937002,0.6558043497807277,1.2927159087628624,0.9117189430984669,-0.4648933771372418,-0.35928806228472693,-0.6225639001878772,-0.4944613592372589,-0.4402739321620157,-0.5558900742924793,-0.15177125492605306,-0.002549246299371315,0.6867989144855704,0.7262394685043511
1.467143050087444,-0.29684287565006445,0.21358424947062157,-0.6407974666318151,-0.633858520450436,0.3584314872319753,0.5092634985234775,0.35775808073781074,1.327180650945061,-0.16996720824500022,0.19985227652382603,-1.0283914607261346,-0.49016764416357345,-0.5287285111081241,-0.523338468127371,-1.373357498588881,-0.21854718147045307,-0.6302231688309706,-0.8392846046314418,-0.821794348004757,-0.544879405596551,-1.0117084581447844,-1.052915066173726,-0.6529586933156928,-0.11991582472724721,0.6032213868677274,0.16893527071437794,-0.6423221335300718
0.35241956744760095,-0.07552071740244028,0.4616044814649691,0.43902410707975353,-0.4573050556014394,-0.034501083009797665,0.13278677368516836,-0.08245490643571701,0.3087183385154065,0.9158626716273538,0.9761106633912395,0.8525641882710433,0.8157664238913328,0.6505600706801685,0.32965972418670636,0.39977717063087265,0.47882659911990977,0.2934461544335432,-0.500618704507374,0.27714139270126775,1.6810512523507248,0.8793346859905024,-0.1127659169084493,0.09202776005964894,1.0317768234216798,1.872227328643751,1.3813457153236817,1.2011772488127852
2.7533624531334167,-0.937688434161163,-1.706101059392432,-1.5090399855424463,2.241762422834167,-0.09546745598371066,-2.8847423242099306,0.3470060195887336,-1.4938453429919152,-2.0337411373740157,-1.3922059923773984,-0.704751317342404,-2.008166694087513,-1.7438672270082538,-2.2431229741072576,-2.048712025337219,-0.9723560524396173,-1.7690229870485585,-0.5805861712942734,1.245026067811657,-1.415651960082592,-1.524409208383252,-1.1346273168249752,1.2035413408235118,-0.29265524671757276,-1.7964526767121887,-0.7257057078131481,-0.9001719034947318
0.35241956744760095,0.372385108856212,-0.5415135832962973,-0.29637299996229216,1.316761282052339,-2.1978836333479506,1.1879420546338626,-1.702865109389421,-0.4921250895826653,0.5280611062624422,-1.8632661867145899,0.9003632012156719,-1.9169989626878563,-0.3114396679319027,-1.1301515724384696,-0.317131912961834,0.12617756180328873,-0.15995851967077554,0.05689788786195293,-0.6441904699300777,-0.485626082687483,-0.8802224084235759,0.06937948601280128,0.07206922376171794,-0.10076815264044621,-0.04115151135066369,-0.01814524942184814,1.5265892280384246
1.467143050087444,0.6235498622508023,0.8657779093972381,0.5204354992115755,-0.795553051077778,0.20396819601811764,0.1818924010963183,-0.9099639880247167,-0.28778909572664163,-0.8193634444607982,-1.100281953843161,-0.5947009943449469,0.7289959062360631,0.2096075276081084,0.17528608914835186,0.32506077744291867,0.26662783305299403,0.699844038519223,-0.8893236387518759,0.025148027242782985,0.4251180684702617,0.6736844779751738,-0.6475124127603376,-0.7171633054649983,0.25971830972047294,-0.7651481275548268,-0.9620722857016313,-1.0340431777130468
-0.8035899701048288,-0.8336757538873175,-0.8126655942855673,0.5683732549125305,1.069129309778849,-0.5428852047761351,-0.4873105702892919,-0.7942024195894881,0.37364311778422254,0.6624280262025208,2.4874451348468356,0.4715457463417729,0.1374345688951738,-0.24878600184799401,0.13038330499194467,-0.3789856826006307,1.5454651281097969,1.025539388184223,0.33614527854064513,0.4429302717051255,0.7553117231715217,2.6840527159253655,0.763829372587276,-0.13105455392783014,0.08309438253185628,-0.022387361757830963,0.27930984582367707,0.817503024729041
-1.0313751006570318,-1.1211521383418628,-1.9222266987270225,-2.8985325259044017,0.6269139252062563,2.3475165391545603,-1.0425808272390948,-0.8586366199210668,-1.2219647113211725,-1.2499290737929225,-1.7380573207796723,-0.577577595849414,-0.8169075705549479,0.34418721798954227,-0.20644012689991373,0.44756908756527486,-0.15262593751050493,-1.535883987146745,-0.7251938382951225,0.38980918482358273,-1.8174052789374935,-2.19519794456273,-2.055330939907401,-0.6604766363900243,-1.0998426380511697,-2.024372125916176,-0.6813686843008832,-1.514120303293151
0.14009128504001184,-0.5024937050560312,-0.6700679305913907,0.5013451602152056,0.5424879488026559,-1.0808168300522483,1.4251819382820385,0.21519298837834205,-0.25069095356101506,-0.046738744615916795,-0.06159038312670922,0.7309738074547844,-0.22330482716265218,-1.1142569752131455,-0.3123319400080809,-0.8173906030104207,-0.4674109660956623,0.9158472579227708,-0.31894696683444607,0.38346297223202797,-0.30415347997403325,0.5411027187254058,1.646893340052834,0.36302496790439226,0.07484304244862207,-0.6103060154612936,1.4548950616116867,-0.9394205631279517
-0.22917529306014311,-0.07119558982689873,-0.5879508024579558,-1.2022143903642488,0.5660110672742862,-0.786471907582546,-0.6094738736005827,-2.179402843763576,-2.6072391044382908,0.5887494472504211,-0.390667959270278,-3.6057634939225727,0.6983943773757147,-0.6444273621847298,-1.5227483102439712,0.23860380128061318,2.100175804835005,-1.1424042713892628,-1.440441319107834,-0.28143245979832204,-1.0050334685065143,-0.03665657777859192,-1.1026610977369402,-0.23509908091435197,-0.6115490337200118,-1.3963616157309802,-1.2940854702038698,-0.759088869772154
1.467143050087444,-0.49513351599764893,-0.5480071971774407,0.383849143503542,0.499646348011539,-0.3225329117504283,-0.1243229436141169,0.46231819997458096,-0.4858970412683978,-0.31966391952639683,-0.001825170020061907,0.12815083216141526,0.15131436918885252,-0.09868335951629807,1.2232431281623675,0.9267254653063001,-1.2946239909521913,-0.22444400440859644,-1.3947605280438355,-0.7641255663079423,-0.35605748102106977,-0.8342246613797384,0.5718660341059502,-0.3464589654452871,-0.8815518661550106,-1.4164593650964838,-0.48318431987084265,0.2848259362450609
0.14009128504001184,0.04190501138613163,-0.3279387338762914,-0.18049629854838145,0.24763316905525926,-0.6469950510191239,0.26906982672506696,-0.47092353166528395,-0.23440056437072362,-0.8535658158997464,-0.35664099428634777,-0.9458981665356285,-0.08524124479200317,-0.8951630755382344,-0.23426931997334008,0.2673977941779385,-0.7750321906166893,0.18096098008448339,-0.09847349492801945,-0.872402722431854,-1.0616520616919498,-0.20518792621258933,-0.8268731802964824,-0.1172658163823352,-0.8059993197769406,-0.5088094439072458,1.4688944785039668,-0.14141335627642904
-0.9215501269979339,0.5669319159751746,0.6114613072785297,0.4153683308060601,-0.6209866093921482,-0.4309312589206855,0.16401025766587432,0.5866410706860641,0.41224859786605067,0.9214659596401824,0.15029618483575813,0.21385940489288519,0.8769727324665734,1.2851147201463828,0.7499946013913162,0.6164912409097957,0.29042912180389496,0.5786182754921255,-0.47073633950047594,-0.07836127738369553,1.00049271185276,0.06806857174323695,-0.18361388226212866,-0.7000493581419603,0.17072478169629962,-0.3295992174866107,0.013499091630364482,1.2755623539803005
0.5870981953717789,-0.49357743674448373,-1.2438194070212305,-0.6215431589525535,2.026973913024403,-1.4432729182777844,-0.2815733785659109,-0.48678165426231346,-0.4482773905264625,0.29672873450000287,-0.5763816816356035,0.2866615782072924,0.05300060649213262,0.9718741717510039,-0.2305505296125006,0.7912494160106883,-0.7846947680675738,-1.1139833545619118,-0.25150155992637835,-0.44684884802253205,0.4572593279792175,-1.0182140635404688,-0.33731131933451924,-0.19595559096700751,-1.166149501971893,-0.10034212537748737,-0.4895237879725364,-0.7250223525428009
-1.4041144051970003,-0.15484733027016925,0.05152766198635739,0.7311399067506338,0.0884146571476163,-0.4289583948851454,0.318262694992831,-0.41142340026681007,1.2640772758813068,0.3501154035541807,0.6707185572931371,-0.48065079352113305,1.0201041103141977,0.8077757448308093,1.535064048847073,1.5646795493202756,0.2581739069107698,0.8362920120765064,0.9288481496134335,1.5492827549684365,1.0761231014877388,1.540024874360175,1.4724535443837754,1.6015513586323435,2.3905820374143945,2.7021882482131363,2.1441682638163186,0.6715290904660167
-0.05293442623961494,0.08042144290601909,0.2615786752749822,0.5708548174097157,-0.16020874387405226,-0.2275448173159579,-0.38091392814408254,-0.3044070588703481,0.5675791143341364,0.06196688140146572,0.5007260986776724,0.6525675361248912,0.8846787057139442,0.861644504074855,0.5403526246616911,0.9567829983623795,-0.4084264895158216,0.1519543161150688,-0.32163636257014694,-0.0012758803616729954,1.6937096819970996,0.32976355179442585,-0.0604813532952486,-0.09959572425227532,0.3944873744277912,0.5556650626022629,-0.28219915564523534,0.23215867854021222
0.5870981953717789,-0.5328842651978489,-0.13837367173321585,-0.25483057646832397,-0.12045296170223277,0.4065778856320664,0.30567384558391125,0.24642751245885128,0.26129873456954106,0.3216014729024657,0.6983623669044053,-0.010522889576695435,1.1082668596623106,-0.22748249425125103,0.3709647251131574,-0.5480615211765084,-0.3106100161068033,-0.48165666877240965,-0.5258028813600694,-0.18159685310663595,0.04680836458797827,0.9798968492341584,0.5749167926716763,0.40698201777246734,0.6934968320431696,-0.6317932218127851,-0.6127175874713012,-0.4976583818175684
1.467143050087444,-0.5316500636504452,-0.7915782064758917,-0.17453197922626748,0.9233134955322732,-0.10859616590799916,-1.341237963919194,-1.818249764467187,-1.4349137939318366,-2.0178906228526095,-0.8328373513756346,-0.6526088568265074,-0.506521884208095,0.32757315416775834,0.33608329808074877,-0.6973608228185778,1.7498489728393476,-0.9128164508164138,-0.10226052753068704,-1.4908156793378275,-0.31694963174902785,1.9964257307825592,-1.0068685612944934,-0.6146496804943337,-1.0795486222082264,2.4185999083222125,-0.868160303942859,-0.968577880353436
-0.05293442623961494,1.080158074591712,1.3124389873083626,1.5130660006133394,-1.0670029635460623,-0.18444008723308664,0.4423503195443615,0.5189172476850629,0.033757442939276405,-0.7587587533301877,0.268834277316625,0.3376537702848137,0.12719620835002887,-0.0543017912120919,-0.268317759957978,0.3736193907103402,-0.3994924626181469,0.05472510064146627,0.241602318040175,0.576061890342076,-0.563806949329803,-0.09030616564098007,2.763652248553389,0.35871289628407793,-0.7842055111810871,-0.13868362951617108,0.20600564111287079,-0.12841800708460385
0.8478522263986423,-1.1695161040637467,-1.5219342901304809,-0.8479543491626281,1.6703430977893754,1.9644169004033183,-1.7663787608650243,0.16598620638129505,-0.22629630124830194,1.2591182770141067,0.8920160588146674,0.8111994007311395,0.5307951801815588,1.1367786907436714,0.46937154252225916,0.4884291970491941,-0.9719049350906381,0.4062925524506089,-0.06854976886454395,-0.5995347084879723,-0.3715920903874756,-0.28986018660597307,0.46056906575350726,-0.8823784886533182,-0.4747860191563569,1.2548064867616873,-0.4815185790353715,-1.020477446052449
0.14009128504001184,-0.2625713300373092,0.007531399622055201,0.7415805379012339,-0.34577523399095267,0.25755774045426416,2.479692182534673,0.503031352714155,-0.239112131525222,0.548146089533108,0.3221956843560233,-0.21031470360037938,0.3804875480267248,-0.014606187470891088,0.2504038599488377,0.8428967641517342,-0.7971259097186818,-0.35267964786934003,1.1897796521327868,0.256269868627075,0.15001389344732624,-0.27635262876320604,-1.4542030939190804,-1.388455707777897,-0.2961084708861284,1.1725827669373885,-0.02696721510921304,-0.9179074040182448
-0.22917529306014311,-0.22939464223051326,0.5058149636555653,0.05728685607392993,-0.5626679700210315,0.7480533827138766,-0.1315031079324586,-0.26560983665573107,0.22301496120583011,-0.17409216443956113,0.5929457673344944,-0.16698158607509345,-0.674047135108286,-1.1701584382053385,-0.2220323586862117,-1.116518455485485,-0.6158720490195042,0.2565942027158143,-0.8778594948632629,-1.1079148949939441,-1.5309600740317042,-0.35086057460722925,1.325420604395021,0.32304388184563126,1.4236620250820824,-0.1905125023165161,-1.0500030420810278,-0.7718431530486517
-0.9215501269979339,0.938484806442377,0.4045645198366767,1.7346073209415351,-0.2232492608634942,-0.6427149423882579,-0.2114456189398165,0.19857299491509822,0.09468169513379389,0.2858603148074719,-0.8001656172621053,0.36672767740980455,-0.2018413056266643,0.6344410703861927,0.3393848547667339,-0.18985713111678698,-0.02749080105183329,-1.1021476159192864,-0.5800665195368938,1.0098270222163372,-0.6412439908314412,0.37712428959246164,-0.8570707711585692,0.08116381397156565,-1.41013659585806,-0.9812606015697533,1.788759179573916,-0.1581758861358759
-0.390729420978961,-0.002005398184149978,-0.2534685936434699,-1.5400206558472704,0.16861610969851346,-0.22942366140586412,0.32378137672849316,-0.6666908512634331,-0.5148852611711672,1.236601323492831,-1.149945101470722,0.8981738260231287,0.20700998245707916,0.25683211156921537,0.4163868384627863,1.787231294298279,0.494695518849014,2.0725423883632343,-0.07287699112854663,0.4066385590563548,-0.9724384170268785,-0.844344038848213,0.004300755276776547,-0.8262000656805288,-0.3999898170045322,-0.6359710314423552,0.17033547969192972,0.8157490801905257
-0.05293442623961494,-0.9722195819452137,0.5646612900187745,0.2638279426464429,-1.0944432871462042,1.4705272598695525,-0.033973472681415665,1.8569548110526646,1.9223254436913602,3.341834404616728,2.2235676494879253,1.4746409245474197,0.6360834170698392,1.368071189794841,0.6397339338997539,0.7903711345126907,2.419213607584599,1.8536994978479227,0.7820754452372527,0.7113836450279384,0.032386840403001646,0.3745127277101856,1.0989520455605446,1.5728942690127798,2.099407365894047,1.6400733391675633,2.098171761652175,2.2495055459819655
-1.133878409405523,0.054009516838898014,-0.21957319100047248,-0.11758413886467951,0.4653712398602155,-1.2610634250732353,-0.22959605745666348,-1.0105357782073454,0.3219868242125421,2.565847278584177,0.25707793103291426,-0.562943032946481,-0.46363592966621175,-0.08735957526050649,0.14826435546682387,0.3580555896918955,0.8314480949905804,3.8892468472743413,-0.2759678371987886,-1.4746927268577843,-1.024562927047208,-0.3384231990100985,-1.003702923224703,-1.3740243849719986,0.2704339493180924,0.009736311802880671,-0.09427041510466411,0.06682494501045534
0.14009128504001184,0.48514599582364415,-0.49528617455146606,-2.519807936498958,0.4858520776516115,-1.7170868369110355,-1.2297576290258778,-1.4985586831142146,-0.4664796476150823,-0.29936946719382224,-0.8403332722993638,-1.2380238382396638,0.5744101778935058,-0.8988469064918577,-0.5015544203310828,-0.1485435195025696,-1.6994929075547476,-1.4710426319267191,-1.904600301808468,-1.3519494706538098,0.5413337663607352,-0.7568770696462535,-0.04281360503336002,-1.0527328686937074,-1.776115023815785,0.6103576565433523,-1.121969277809739,-2.009523893582993
0.35241956744760095,-0.5225111233193158,-0.26928511479733397,0.9590617567112701,0.24442345543652827,-0.27885314451530885,0.6848386056858533,-0.3796184437119494,0.48187965411342937,-0.41817746356611823,1.3047440319680534,0.6332954463095104,0.5086172542580637,0.01449277008899502,0.7239862250171867,0.10161767349925718,0.515298250772344,0.5065811524010514,0.8159316094109154,1.614674700135992,2.3858507023743165,2.477630345363856,2.0070819544282186,0.33558992648143127,0.04640527786213406,-0.5006493601136381,0.18277920217015395,1.0608129855466515
-0.05293442623961494,0.8210384014997646,0.2782253006601117,0.7419335521790189,-0.18766398324961409,-1.7329943972762984,1.6419818534698891,-0.5906075940796726,0.4032658285844509,-0.4137650243911655,0.0994714020145816,-0.12156192143009927,-1.01458530651232,-0.6006897408969025,0.5102958188532897,0.0692324895854698,-0.3348737415967731,-0.08053648281032848,3.272600945442932,0.2760318456980614,-0.31329493459337177,-0.5026199694889937,-1.1211111058212624,-0.23611445919535196,0.03515168156606525,1.5950804594976102,-0.12224504020387363,-1.015359868287673
-0.8035899701048288,-1.057954266799508,-1.274257256687064,-2.480197819164683,1.2547207938978044,1.1098832332859878,-0.9991613567261617,-0.5018325077022406,0.8835102744498968,0.1789147674553945,-0.857789369234635,-0.9191442703522449,-2.428729036608168,-0.16413362305802373,-0.7348377706357269,0.6087699034526,-0.9251336478291635,3.7867015303876936,-0.35899145819376477,-2.1460118721185806,-2.2276095710372403,-0.8880269597926331,2.2072115912158154,-0.7650102499967951,-2.2434763514807123,-1.7748574891399977,-2.2411535643157334,-2.392109188910863
0.35241956744760095,0.5124659013711576,-0.02733695059151156,0.2136300541348542,0.009334440903957708,-0.9101597075017811,0.6053773765043934,-0.32993217778539086,0.27504678987815634,-0.6317111145018501,0.2579339995248611,0.6215604305547289,-0.16515323729388628,0.40811412063406755,0.653844383445958,-3.504218799764824,-1.6393011495287415,-1.3277408737304692,-0.39330537516427355,-1.681431510795098,-1.2445201043816914,-0.05475421297921253,-0.458483076480158,-0.40028077214006436,-1.365639793693016,0.35648824208875407,-1.2618351483369925,-0.5624140584524465
-0.9215501269979339,1.2888718697071702,1.3523890408629033,0.6499225977390742,-1.2695199558522778,-0.23199059886955464,0.3279986381802378,0.418462738818401,0.12927894032129034,0.6062870612907206,1.2684497943359143,0.3564077702177457,1.5125499447310193,1.7062983016686164,0.600296333868286,0.2304683632344252,-0.1752971618011376,0.4370770171829897,0.08385260318483079,-0.08990544334672866,-0.2992867862044836,0.2965437958683842,0.9623126898925304,0.2998009796269954,0.6159124117691699,0.49814748833672773,-0.026589880363748715,-0.48843161526838486
-0.5393592186642734,-0.7018327292945956,-0.8037071951552535,-0.019461116144269545,0.9139031193822376,-0.07442966609481651,0.35396274480506806,-0.5637525645679251,0.5692752559338458,1.0105616869863243,0.644795883429064,0.45873699077550156,0.9041435734847427,0.5149581292657792,1.647561256200605,1.4797024566088894,0.3046456989720429,0.07412574422824414,0.3560390910084149,0.2849775684114147,1.7243840926409761,1.1403479818533278,1.111042546395029,0.5243892437468817,-0.04946822034675883,-0.03486753963359387,-0.4406078099969477,0.07780993581137417
1.838717544300725,1.2501693145522046,0.7605979251268302,1.0808093784055073,-0.5401724006618402,-1.1671887336052311,0.8851320795652899,-1.268904278299995,0.019152185380624687,-0.9251042409924157,0.3423921981544992,0.5384757656626332,-0.03347785950144785,0.6102567812341031,0.8557210587309427,-0.8628542155981369,-0.006494486004309521,-0.043236415133320334,0.6169437088409927,1.2857508627281167,1.3500758692569634,0.6062788566462961,0.5679179798086832,0.26309497679420324,0.2185218909768933,0.5640246263808808,0.7608007417221436,0.5609454330041151
0.5870981953717789,0.7810012754773833,-0.407490140989126,-0.4185398544820776,0.801011124659758,-1.551486222805489,0.14200987456621067,-1.6823527034401116,-1.043973330312465,-1.506872153795484,-1.296714270680917,-1.6575998255319224,-1.5960585608023843,-1.8303547523131656,-1.446376285653335,-0.2227791370055362,0.06730490926184728,-0.5534646134452511,0.5056388236016661,0.8454842883690631,-0.06451243895516416,0.023134738411063123,0.015112957695036225,0.034211721212316894,-0.045051023558130975,-0.29319623335762846,1.2018394589781611,0.41155355742983457
-0.05293442623961494,-0.16446672864196735,0.1284196774419978,0.8863728563631876,-0.09978574390626599,0.2258569385362955,-0.13270364628765496,0.10488600373211864,0.43603796307419196,0.4106189107953346,-0.4357964478942219,0.018446929208464382,0.4132300414235696,-0.260581133204388,0.28261089495314096,0.03530430287361791,-0.6075088221940477,-1.0846191908798306,-0.5052832333189824,0.8136687901036268,2.4939715779802283,0.5804585386407872,0.5707007383332736,0.8916215588891053,0.5118451081367069,0.6657023640795074,-0.2993258459288844,-0.1804853670570954
-0.5393592186642734,-0.5270947803299064,-0.38039533046872465,-0.24983025128661274,0.39332159451716836,0.8461839050981538,0.17422785470841815,-1.4228761318480678,1.1805377321586055,0.934802995710387,0.4818599835644546,0.7276082938400972,-0.5743461092737023,-0.894538884245176,-0.6422342806085803,1.7262533536517868,0.11928585568946129,0.13717471319355465,0.4161937559487032,-0.20275841398674938,0.1387521602386296,-0.5807511279690187,-1.3869161585838294,-1.3749684721574267,-0.3846657579961126,-0.09645754850836875,-1.2363852523786536,-1.1162794905703848
-0.22917529306014311,-0.819212051304796,-1.3078240403389518,-1.288113387238571,1.631414536459761,0.23193682008940075,0.08703052551536734,-0.7590224578047694,-0.5570976084773758,-0.18170574175559098,-1.35060411053266,0.5005603122742526,-0.7834452896961724,-0.21186193490425168,-0.2861461388730781,-0.5674705666616496,-1.6398258068642892,-0.9469264852500611,0.7290480747790954,0.37863347076717785,-1.0157986202539868,-1.2090110180706344,0.18544305445491455,1.0878878758001767,0.14022278950606024,-0.6727863587324432,-1.409962671856312,-1.6728447576365661
-0.05293442623961494,0.04348581694304599,1.0053126563782857,0.7631746487923502,-1.2081086177924807,1.4783545374235996,0.931932737819531,1.3650202509995928,0.8722760635722984,0.8198009739160448,0.6534650181182108,0.791499216367161,0.21032348338110093,0.3844911498841516,-0.05242209361837213,0.10427128081501687,-0.5604332812626529,-0.6733711652930567,-0.3582572994395142,0.7081800566716333,1.5523391385292968,0.6115750126078506,-0.8530368504927096,-0.616425719912779,1.2288583663343,2.697441512086769,1.7876285499631903,0.8348699533985414
-0.6765559549891773,-0.8731334104350365,-0.7496081119696042,-1.3483341797970803,0.3727888874526903,0.37996632586154905,-0.34376265427423935,0.8788102024993848,-0.6965584378388273,-0.5926075928407297,-0.3087576663247558,0.016620398432533295,-1.039123054721219,-0.6915781076228418,-1.3038213963943364,-1.846027229415123,-0.5807500003166526,-0.9242815007378761,-1.552027673468387,-1.2651185778553395,-1.2230939475749876,-0.1571084972184013,-0.45630255557353827,0.24996226585108902,1.0614664628443033,-0.2157019219491347,-0.14704634195188537,-0.3034565068572973
1.467143050087444,-0.34665376135000053,-0.05313392238735041,0.17236319988579965,-0.1513592546303465,0.41936486049753435,0.10843001938870045,-0.014810841563415323,0.39391864368028645,0.7046334433831001,1.2557743759905666,-0.2658302316639708,0.9743149013350065,0.7124577470661178,0.8603492982661952,1.5060218020690397,0.8833617018618662,0.2913210172526939,-0.017558432072496723,0.753725894281146,1.3858466268904386,1.122181015156483,0.9526452941863176,1.1229935420604864,0.8599188110517497,0.20264536130431662,0.011217213023914504,0.26773733651116355
2.263374109115903,0.07502027389811161,0.3961855664089083,0.3603400643971891,-0.39990702863934563,0.24259237646229628,0.1959842486319791,0.2624624031673634,0.8541883792271483,0.5590393950268953,0.4102020855741321,0.8480798106399766,0.6326910722762299,-0.1320108513864016,0.7975555093596308,0.3098187044244341,0.6645242216545237,1.269573828005243,1.0741759268717297,1.984347108467538,1.1965062723862931,1.818380258268692,1.8187452578808485,0.9956419508693135,0.995134570583567,0.08575023096385818,0.8931413004060387,0.4587681653400634
1.467143050087444,-0.4417870540459194,0.06501717161520225,0.36581037408860606,-0.07815988519277287,-0.504511429475865,-0.041010405742629735,-0.06671670337731053,0.044945027823557596,-0.45523363649478843,-0.022589706298776498,-0.22988302006784575,-0.1903688417676985,0.4626625663242134,0.22718219728865136,-0.05308805777736595,1.1709793290560175,-0.10493529512297609,-1.1634924621801856,-0.2227083129608884,2.2581516454472865,0.5168514223256192,-0.02102794659753487,1.6816873770568805,0.685539956484661,-0.8574347391935926,-0.6606854555774431,0.8858719599319466
-1.4041144051970003,0.1925673194608515,0.19791130589298322,-0.6488973645658769,-0.5774516266085397,0.8598229603077345,-0.7237015452182758,0.36651088345001914,-0.5333803092805854,-0.7794343328988129,-0.6420712476789288,-1.3822610124654027,-0.6510789392215096,-0.752483004656894,-0.38478741798303756,-1.9944053614619903,-0.9484738697034909,-0.14477866913258503,-1.6747936361731668,-1.897800187294308,-0.9250887394880792,-1.6720126030036202,-0.8572198251645233,-1.8783484372379617,-0.9350523847219712,0.13952572412640335,-0.7807716846527257,-0.17136847107660547
0.14009128504001184,-0.45258394910942595,-1.0463422364696044,0.11101223020713054,1.8822395596839456,-1.6137369805453858,-0.7576672877242419,-1.3796449781186748,1.4729890192061463,0.08554073753220409,-0.46216849016470946,0.3364864383937057,-1.3535723518352696,-0.9777190913355996,-0.3952138793690708,0.07807423389502699,-0.380310854886239,0.6911717223557569,3.65535637694743,2.1076150371383444,-0.5042929106830807,0.5631060282133105,-0.9407360515814325,-1.5957667976705077,-1.4622131697512957,0.17180450182800208,-0.46259242738613443,-1.4562264827127402
-0.390729420978961,-0.43570113139923833,-0.3870609267429551,-0.8732320978903129,0.039408406688371055,0.7258279592475241,-0.030292615387857356,-0.8163453262690186,1.3457030057970152,0.24964461065832425,0.5366671837565545,0.2917473307080788,0.2293679120295423,1.8539240206705077,0.4201930270584642,1.1389508158983424,-0.7730735035430572,-0.49931139796382323,0.5779149879814838,-0.20401000739201472,-0.5468562381776417,-0.7369895791852711,0.3574197053047006,0.9791914563044453,-0.3714361437336549,-0.42281187551059285,-0.7674943280758403,0.17803004634713063
0.8478522263986423,-1.6220577724267846,-1.2156331756430503,-1.8318669755896173,0.09076704962059243,1.9941934049546153,0.7649633490155913,0.36635883046734635,0.09761995824977816,1.5678121760228847,0.0929548791010344,1.4385134410881166,0.8736965524883825,0.6197340639983564,0.9546553318888042,-1.1988079017934763,1.1091271534901372,1.0463234811799123,-0.43450669248876445,-1.4310774705517904,-2.044987613290344,-1.5436431097719876,-0.44786622396057274,-0.4602042054771371,-0.4455127048041926,-0.3755897083951601,0.3024901584384725,0.6626851368855255
-1.229768601460563,-0.312459450983402,0.42304710470338536,0.6589805112120022,-0.6881196926535519,-0.1027306887951724,0.8761529058554768,0.6679746697044577,0.2699971147753712,0.7385610440149202,0.5211054365354493,0.6869277188007451,0.3429559638563319,0.29483828232580767,0.6634889433062088,0.11928005826844282,0.9661870490089078,2.1663170145995108,1.8280104209845696,2.8411978298998943,0.9592968331669407,0.8753281109636146,0.5252711731460512,-0.4413082035494652,-0.10746330989982604,-0.5761612687332425,1.130762606055699,0.5954805050428738
-0.22917529306014311,-1.2481543365263312,-1.1870845140129431,-0.2860514979830567,0.8254431647975146,0.8913532674791019,0.5388175012928588,-0.047798875528667614,0.9955915809217973,-1.0127468479535708,-1.2497300157631197,-0.1783446952499762,-1.2084894107669635,0.14777278534372928,-0.030398002778714597,-2.1063858872716525,-0.8502961130859489,0.37316890068771663,0.5591908376688589,0.34113367785454457,1.1700186702951654,-0.3119739884457036,-1.0749480791850143,-1.4010018266752549,-1.627671710281206,-1.652392133794373,-1.603098799894092,-0.756793024994225
1.467143050087444,0.9160833210713176,0.6627224555796563,0.7762365535008653,-0.4814902463748151,-0.6472164353023477,-0.3064857585312619,-1.9888667887908325,-0.1675973093332105,-0.6692264786822885,0.005143663015185525,0.7037684391534785,0.05958341659260221,-1.7102189414617373,0.016729797542227122,-0.5548483309549859,-0.41485467742018955,0.14541722284483122,0.3818164424621646,-0.9529125503387045,-0.9243396092882111,0.6671519103309578,0.426611732265894,0.14199271848396453,-0.2670534677558453,1.1355946556066112,-0.3381312230228233,-1.2311785747209918
1.838717544300725,-0.8109588796687222,-1.6695626593310242,-2.019459106020623,1.1842868898488892,2.48499977573509,0.5905270853595623,-0.9103465752693506,-2.199157122972301,-2.035124071533416,-1.4409555699045797,0.27614431780506515,-0.6441278598259667,-0.23269058174079554,-0.7074004497376226,-2.4980556593051264,-2.340717754831691,-2.32511833642964,-1.2048288447480522,1.0615065362503764,-1.0172703553577904,-1.3838012333402248,-2.017063552650558,-1.1173937438546755,-0.4389517696487234,-1.9356041242644242,-1.049066158321191,-2.130679033002993
-0.8035899701048288,0.8386403734028419,0.5907602762237774,2.3454893780668202,-0.3545449036797091,-0.5778748240177202,-0.24703871034575706,-0.6772088443349257,0.07269079599524854,0.17312793945682267,0.12040884659575293,-0.19220175266247239,0.6477717155249451,0.019014574408784745,0.25254810751649964,0.03637615933898498,0.17363219415564135,0.25931284527901904,-0.06366103460141898,0.4308215779811204,0.25705323501328675,-0.27085066852364426,1.0613857439088317,0.24070860738424565,1.3199966247022048,0.2680365486363979,0.4307477734203853,1.9174318241889627
-0.22917529306014311,-0.41495589105709985,-0.11215435800242408,-0.33675413546514,0.03468373404185914,1.1661611112519108,-0.6239731241557053,-1.557091258492592,-0.7495313450060784,-1.4086905916047319,-0.4652965654368629,-0.8153332276051457,-0.5437960830346834,0.31780960701111083,-0.9688808330422028,-0.9759758484845443,-0.7132911902069746,-0.7586498201677091,0.937167426958828,-0.33510961566904063,0.16444972733142468,0.358149361733739,-1.1118150938895912,-0.7118687534338279,-0.370847443601948,1.5939495094131009,-0.6212535546519338,-1.0181188075512442
1.1392832022521955,-1.3622405283828436,-1.4382098063789421,-1.3534542984392153,0.5252329497926068,0.9639503404557069,1.18347162728478,2.178511261492299,0.09171433605016427,1.3420486128516038,0.926290281937516,0.8000730964916722,0.22268150045981644,0.7834959384788468,0.3850051019992483,0.5577720272541226,-1.3726105511790823,0.44044393830501394,2.4645164337770713,0.502230300871078,-0.4138316696648372,-0.8974676740529718,0.10443243682644646,-0.32518384598756295,-0.4452680680417489,-0.13655330724687095,-1.2059104122962927,-1.4762334041335659
0.5870981953717789,0.13273387780673118,-0.025897307835731704,-0.27124870200738765,0.11267684557248372,0.19860851211909694,-1.3369394760835376,-0.9588077581374657,-0.00929873460219145,0.7844599549576085,-1.1955683056657658,-0.8589370596838994,1.3988092163076484,-1.178745891154925,0.685173765557275,1.163209172444237,0.0700147135708422,0.36532400085141714,-0.1545793403023718,-0.3044755258645049,-1.2003285425373234,-0.1155430568400291,-0.6584905609291923,-0.6582323035875384,0.6604394310764248,-0.8302627054585409,-0.526463798036986,-1.2654691865891108
0.35241956744760095,0.6083576536057257,1.3106940548532793,1.4189279261754733,-0.9171479304405128,-0.05598517821862361,-1.461308720568725,0.295701490904125,-1.4839309804671477,-0.5430952936139575,-1.4293283363117149,-0.7939454997199297,-0.9399528125171491,-0.6869046820019263,0.026914995391048104,0.7407845830255994,0.8166848705889402,-0.1284321344192486,-0.30988604295731736,0.5448559570820417,-0.7528431703750561,-0.1949772396167344,-0.6290033617722928,0.09906552790067776,-0.8182477162826098,-0.8098717937704335,1.5082962140329044,0.10001707255611383
-0.05293442623961494,-0.4194347388372648,-0.6833859349657092,0.0017439870735126907,0.5383749573247139,-0.38230642469443604,0.31315851583461374,-0.47411180576149503,-0.9823183262356946,-0.8630394659612177,-1.962311026084932,-1.6986925820122674,-1.0494171908449754,-0.601202218483372,-1.2836004719191314,-0.7382367505798114,-0.7045826138367507,-0.5966692450614709,1.2705439610683014,-0.8643952375415419,-1.0388326986180854,-1.4334649398902848,-0.27103569900713737,0.23033345087018037,-0.7592839231427608,-0.7117994173121894,-0.711407309838397,-0.1486911561829627
-0.390729420978961,1.174673622150002,1.4426716752211979,1.1777219557443823,-0.9734518651191054,0.9040628758621095,-0.39409070776083066,-0.39836547173099734,1.030874527257624,-0.20948172761826397,0.5224105751052446,-0.11504478170486714,0.15482737888910444,-0.8442448085975762,-0.3538164350970942,-0.09804408241174295,-0.8868520473308329,0.1619240428026057,-0.622547034504293,-0.02706454182473284,0.9142949933352384,-0.518233452648438,-1.2328895670985003,-1.5344513314308281,-0.010889781229717104,0.40144435320214855,-0.3482382346041213,-0.062269652737486386
-0.05293442623961494,0.963774555576629,0.9140074412468292,1.0035917538221317,-0.8659844019759462,-0.3061994048771313,1.2552222404575404,-0.3384486374700079,0.634276018302882,1.072920457638404,-0.1856237244724805,0.5940494590103826,0.5041856865049623,0.32173954915089614,0.3381924564504277,0.3537320873948025,0.9037626314102895,0.5415952545759528,1.3605734319258371,1.6376220525321177,-0.35238533301282665,-0.23901029216953618,-0.4427908021135504,0.12381170683563658,-0.7288429756842605,-0.6509134347263197,0.9256836538589627,0.0761483740478784
-1.8198620910300418,-1.6112276293505308,-0.6801128838237543,-0.7160899815203101,-0.6544686282954707,2.1186425060475025,1.4158160401779813,1.9078224234493921,1.4258721683225781,1.0828689418131279,1.162094193378033,0.6879781756268433,0.8640274037975494,0.8839761188038814,0.6031684066256223,0.3375930430935566,1.0730236343587012,0.42670851694443207,0.07182780304309308,-0.18873826645220612,-0.8889462088910838,-0.4885631974408443,-0.5955830449997306,-0.3659242564757271,0.008035688033554294,0.07301788559291936,1.044564565328971,1.2378651641774052
-0.6765559549891773,-1.0462707968815446,-0.2109562678199532,0.20913038147443672,-0.24715951761426583,-0.08324672134551189,0.874126586598798,0.28924263807769923,1.104092836643956,1.5727821974182368,1.6521712443403211,1.0020153656977338,2.3490041880916896,0.7909227693802723,0.479050028486113,0.8791044069091849,1.9375446479698157,2.8421834879858565,1.0168002970604484,0.5317898980420139,-0.2504015034414111,-0.28205072614404625,-0.3339929517402651,-0.2310372707441194,0.5845867735359435,0.49209441188479375,0.9522767037952111,1.430844369343684
-0.9215501269979339,-0.30485705042491373,-0.25802421725351593,-0.06771451986340414,-0.02909934668605343,-0.2921031381088566,0.44659083282356177,-0.2758709402143925,-0.05980222470766764,0.15594399561075478,-0.753836010147903,0.46639815767770876,0.028140356477456527,0.16917274634116564,-0.07713717550450067,0.5224734357153896,-0.15507222353429653,0.9035369477214698,-0.6221971770153809,0.7299784640013205,-1.1357860756192717,-1.182471178099411,0.15603085151612092,-0.9768875345608123,-0.13991163705564577,-1.2772769953290575,-0.4553577725031557,0.19352688791591038
-0.22917529306014311,-1.2253968021803345,-1.2522936402580276,-0.9615005031255823,0.7321236237057246,-0.0168285740058047,0.3389960705132113,1.8876234750385794,-0.7991758807013357,-0.1508850839396093,0.45201376331491466,0.9524033065783971,-1.3095469230902814,-0.503929825075221,-1.1521335879613033,-1.214303470874538,-0.6346075862642566,-1.8851851405929214,-2.133926109504973,-1.4325572983852566,0.12205769740586038,2.8317689819194887,0.01594917725729586,-0.7231658671890708,-0.5791957837338754,-1.1894235305181893,-1.6759866457641228,-1.4852219825056219
-0.05293442623961494,1.6905217161460866,1.0280550652536808,0.6188227539769477,-0.9749909043897262,-0.30820321550565555,-0.19101271903503775,-3.4625945096295476,-0.5597518969708645,-2.343712140134234,-2.306562750950902,-2.083896512510628,-1.8162264466781572,-1.2054552157126337,-0.1742265664829851,-1.4574603768101433,-1.658458964912054,-1.1527708320677472,0.5997064172001617,-0.5185262702760408,0.44881849018955455,-1.4950500386145977,-0.4771290600833264,1.1761016951839618,-0.506160340563145,0.15283594160081151,-1.0723720964482895,0.4231351254959574
-0.390729420978961,0.3261310297499802,1.1173705995421443,2.2858644195803692,-0.9880656162431821,0.04271716676865484,-0.3985717999481066,-0.268672710651939,0.1870191889342327,-0.07679922699503061,-0.2724300868073954,0.016910502692215074,-0.3058024698716885,-0.09044443059582433,-0.4361059515803855,-0.2556735810356354,0.16194654609386422,-0.19496408778135524,-0.09856299169699313,-0.1413115332978347,0.27179424940743196,-0.26480319477947956,0.7541920848518355,1.1972123252909639,-0.40700751936523755,-1.0492824312041606,-0.700447572135291,0.5442665051287718
0.5870981953717789,0.2399365882179236,0.306821499893018,0.5540766472003189,0.18357273553035025,0.1236778337447161,-2.208668468813577,-0.4554656366169337,-0.4862016054578068,-1.15186636729111,-1.017449389139866,-0.3941372092690533,-0.374326153911425,0.06279535859342242,0.7060140000270144,-0.8688705426515769,-1.2901032284249356,-0.6904910413987235,1.1025724315771646,-0.8851920043622905,-0.9470511260930858,-0.20803565322415968,2.196346914905638,-1.1490242662520667,-1.5267485155569556,0.11230318645446859,-1.6002081912216448,-1.2589166504970102
-1.3196656565121636,-0.9173625165620005,-1.7088664339060795,-2.229671164651634,1.557302482818117,0.9794708810806241,-2.208633312050464,-0.1917057387973274,-1.0841319571906498,-1.4593153500216378,-1.6026505085208194,-0.38267749666663947,-0.7507734917387487,0.09434710890911853,-0.35260501943241934,0.48368042718969473,-1.4645493772106308,-0.7292382536374424,-0.4734409960398105,-1.7541344714929992,-1.390537251466213,-1.7762945369638032,-0.91708135288207,-1.2153729581007093,-2.0922250184391005,-1.5571058559685813,-1.9103472629646674,-0.7801409266765101
0.14009128504001184,1.3896784026149098,1.3428031484209806,0.7932589052971071,-1.1654895442454656,0.3360416459407916,0.14029990417267688,-0.2796126844699631,-0.04244509007244148,0.02877252393322623,0.5666784995235651,-0.0740891719270108,1.07547269329368,0.7953799240858652,1.0118079015807633,1.44656887405346,0.04859532730647194,0.09755415584513899,0.6667360028652922,-0.31614443966024736,0.02151063142966329,0.4078317983612106,-0.12527323718245922,-0.2918109246574495,-0.436017959841351,0.4297753008472914,0.47741119813707694,-0.3192344075235614
0.5870981953717789,1.4638473862608261,1.6174709969981267,0.7770744987921986,-1.2034108204169953,0.12372649033104594,-0.24107402755705656,0.6863492071206296,0.49932270356452557,-0.0655101909213251,1.8659196270860512,0.6881023873374477,0.9990409861693672,2.387329928231928,-0.5745128535472105,0.8755565921846346,0.5153472774300565,-0.1177620713805316,0.012493085393369914,1.5021651099078157,2.5633326441180992,2.6432234884284656,1.3255759146026938,0.3368574227514604,0.708874228885946,0.29160040361715495,0.4629654861117286,1.4019238383203074
1.838717544300725,-1.228464916954869,-1.2607045890795567,-1.611530265970716,0.9057136867949508,1.50258257261899,0.23937395680576865,-0.9118344375333307,-2.101077598081592,-2.3456334943218233,0.187202289466069,0.5807048368949503,-1.1307859948977368,-0.16231254840529047,-1.2093017914543438,-3.005675902688126,-1.2726492335931774,-0.6896256096941246,1.6190111479822342,0.1390504952267709,-1.2217560954122337,-1.1731402764703465,-2.160873688526315,-2.353425763114732,-1.2449011738226552,1.2058049891726135,-0.830617749627911,-2.0180056579852215
0.14009128504001184,1.56343811056552,1.8207306329841142,2.1518861623639007,-1.3785882982646906,0.4536856811539391,-0.019015355062062603,0.006310819376666791,0.42139040937959726,-0.05374359043508483,0.44927812704471387,0.4259267051573463,0.7160496548354003,0.24767589358432635,0.7719414672956797,1.1837579988079037,1.7618437772368156,1.2700020828693739,0.7141359163274171,0.9578399441915746,0.818659504721446,1.826816043456311,1.5480663111691308,0.8489698786855825,1.0998970974046225,1.5348856835123434,1.1776208457765756,1.0325344115062403
-1.4041144051970003,-1.318456124088616,-1.8428457780209389,-0.7833577738533275,2.6828237832688697,0.11694357786587224,-0.2959666937951449,1.5457596339071722,0.09404123004402037,0.21910814192956357,-0.8979241836764758,0.7601882790854555,-0.4745309202415633,-0.7989301397607698,-1.1406599489001215,-1.472221155196511,1.6637527545446094,-0.4548513279035137,-1.7596432765038723,-1.7214094952286292,-0.36651242641295007,-1.2264329355188408,-1.1743733573580928,2.1271724375156076,-0.5029299296654364,-1.730324427740577,-1.955265371293414,-0.8316131851469769
0.5870981953717789,-0.969878842465721,-0.18436000015361864,-0.19151530404025474,-0.21844358615010728,1.270847290957217,0.34635933522215817,0.19877320849949745,1.0324880309179585,0.3930334163231261,0.6331792869612971,-0.18116070177860613,0.41498456594963956,0.4182664783384385,0.5099805900660717,-0.6341477576655221,-0.5745970105777078,0.7798598910916374,1.9794917250912636,1.5393071958401565,-0.400176517122085,-0.6130022065850725,-1.0502878524643733,-1.1798344954810294,-0.7250034146697122,1.098725372925098,-0.3099891226965737,-1.2576932428214282
0.35241956744760095,0.3900167587439873,0.7007704353549378,-0.10345360341738155,-1.0078908049226083,-0.1890284479080638,0.6880554185082678,-0.9368491583760808,-0.20969891337680963,-0.03996320636353431,-0.10131986196940933,-1.423830906541638,-1.2376881887937838,0.5385187738950257,-1.3503691887372016,-0.010053194636269403,0.4714939414787758,-0.6650779167502694,-1.4629450855578092,-0.8318233269441118,-0.7053568875622036,0.34865139989808697,-0.9496986861640049,-0.7583636177811617,-0.6795640055407044,-1.0977219756433703,-1.1620370958422062,-0.9283361058887527
-0.22917529306014311,-0.5681386368282834,-0.43704966291969854,0.3285159684162894,0.10572810987214853,0.5864457408122833,-0.07531205964924012,0.6278118660367041,0.5853376789757819,1.191564160130035,0.6687642606544238,0.8853001347525401,0.4861058673160939,0.6182996272804959,-0.21097001698700973,0.5559670522570344,1.5863346151550763,-0.41070647514627795,-1.1774403375162765,-1.0792228934707764,0.052503624838373786,-0.49560872752771057,-1.2648406930998881,-1.1360830758667457,-0.5782108269872679,1.0597035096143745,-0.2497905990905213,0.03465493104273119
-1.3196656565121636,-1.0077450537829316,-1.6792503073643872,-2.128085535207771,1.9629051481654751,1.512950055924749,-2.1425118732974355,-0.9916931675792855,-0.7989973962304412,-0.7753896950955238,-1.4498059025178118,-0.33324586278983137,-0.6314334289875314,0.20572024887430837,-0.32082121483633225,-0.11132601524145048,-1.1040838324000717,-1.8140668646908584,-0.8847239326996276,-0.09159285401238844,-1.381032260685776,-0.16594335389408993,-0.930799795606348,-0.3041788900774347,-0.41243531168780323,-1.5247074748013938,-0.1947122506199448,-1.3550919155229735
0.5870981953717789,-0.2085396140845129,0.5460225921160734,0.4321958798355582,-0.15209536830377057,1.7932299017456188,-0.8240865048808874,-0.118589385090315,0.526269242401448,-0.6732808478733863,1.1484586216603245,0.23555630720368365,1.5100750365164213,0.8155969788548163,0.9393999141088022,0.9592894361162958,-0.8816527702804443,-0.03703874487586812,-0.9122756734805512,0.3277737717510305,-0.49268320747379246,-0.7944088217001952,-0.30594984034514294,-0.24692248633034547,0.9453269530631523,-0.32069361951173475,-1.1060089574041458,-1.2764425926490726
1.838717544300725,0.17489484168588484,0.5654143439471797,1.5216222983458374,-0.45524049728116045,0.6116862466236569,0.7860867351884966,0.7912273248040126,0.3440118988984925,-0.31073437552923433,-0.029905835355186604,-0.9889304049018666,-0.9728501544788951,-0.7693093004078464,0.2566074277436022,0.8858498258490272,-0.4369085984118036,1.3561798402114935,-0.5272106548392,0.5489184536988644,1.1287239499802915,-0.15165109643719704,-0.30838952440797024,-0.7900443409916852,0.7181427268117803,0.47670916585161965,0.1272464635486944,0.4523104470322281
0.14009128504001184,0.21583496861522025,-0.24714113881232366,0.7841199485589013,0.4262911020020093,-0.5948182710045535,0.6618280391917648,-0.3044100531721358,-0.6899813844877535,-0.5152200651296662,-0.18949214120614563,0.2474427211589291,-0.46501846557890936,0.2822738489797766,0.4027805676726203,0.37698353274756036,1.0784335818412008,-0.5857600730569473,0.2910063173178115,-0.5571579383012171,1.0065148614738209,0.542831474660664,-0.369451617235384,1.670322016929939,-0.6866393951729032,-1.046133859406855,-1.1251320623641605,0.6436874899029755
-1.6293110683565644,-0.6680388210120021,-1.4960448343307884,-1.662448686682344,1.3776528523704783,0.26249674925642863,-0.04394819663557475,1.3867622089802836,0.15380791929876103,-0.22938649861199073,0.18889071911023256,0.9865200250987056,0.7694532027122709,0.9941181516759715,0.14675360160308337,-0.0654792659101291,-1.3676110577588712,-0.8307892744482375,-1.037892340041684,-0.4497115707369867,-0.5675238413240802,-1.2407699034831023,-0.3783676431151505,-0.8413184564200049,0.8943017220622903,0.4213605137959866,-0.27220478700050077,-0.8284774835437485
-0.22917529306014311,-1.4020201515018331,-1.9374406682192817,-2.714418391560064,0.6623027445889303,2.401304340353532,0.07413555804738317,0.2485210419465977,-0.6026750628100962,-0.7772220515459576,-1.9186288771418416,-1.426646695782855,-1.6428793837540137,-0.46661028196481447,-0.6118921541541603,0.09507440368657782,-0.5613845426183234,0.0912830150521192,0.9586559220941591,-1.554965251923427,-2.1947635623367168,-1.6342425333719715,-0.42920843177666,-0.2730863184053828,-1.2445390259516143,0.798481017788579,-1.5159855639458215,-1.2719001935834018
-1.229768601460563,0.049276297434473995,-0.0628093749345262,1.962869803939033,0.12025728451830393,-0.6702979104673606,0.00679634358440424,-0.10744736334085046,0.9251480867475051,0.11245695590818,1.030217439462081,-0.02302043077202396,0.5492516158378662,0.185634723818642,0.4796645048416658,0.15956984485715814,0.5591681692696157,-0.32098025385929607,-0.05135718995211632,-0.251044512632547,0.3626121858525599,-0.601055589225919,-0.5579083546532364,0.6907407772940011,-0.03517390965685981,0.0686313686202749,-0.4508248679996609,0.20521891685599863
-0.05293442623961494,0.8772801252962242,2.2873786612349702,0.3089947272498896,-1.7490101857023932,1.3678203882845241,-0.14895853382543447,1.6700149754702303,1.5019833952563262,0.6100281223770228,0.9287891504749295,1.4839855614709498,0.8170471470145668,0.805999193756789,0.4894599044483902,1.0821386752823996,2.872703990993061,2.0894297500073424,1.4955752074730666,1.8174631614392245,1.0788177225374507,0.7444180111228029,0.5402132507240348,0.9405318546682984,1.2945962933552162,1.6473886618523321,2.3498565570237937,2.060427078051028
1.1392832022521955,1.377058356186832,0.915352269737029,0.4348238073555539,-0.5785610377965261,0.17838720275270115,1.4517040887658073,-2.3302642202113444,1.1340168684524867,-0.2545781560095176,-0.5255702013340899,0.7208572378238821,-1.0675142864093008,0.21353151030563652,-0.1192959300001976,-0.1674940848090233,-0.13762039164331957,-0.7908194411218652,-0.5480972039769959,0.6355372675612138,2.7187881197261743,0.3521793006079071,-0.5407794999669144,-0.6593729611166955,0.3884173915273322,-0.6388291175552739,-0.14085785356923308,1.8175154257154913
-0.22917529306014311,0.4328599484154144,0.5125330371298163,0.3426769504454881,-0.254382112326364,0.1809888371168306,-1.2455505182533295,-0.7586293949998272,0.2527032095359604,0.1362177173063916,0.8229875358827898,0.026193711185907315,1.2818217501433073,-0.8693071913384461,-0.698775168392523,2.0921769477193943,1.7882025992656998,-0.32206051123758717,-0.11168250490687047,0.2491829419646981,0.32343006575190636,-0.035309069548059804,-0.21299433497719839,-0.1833357303426667,-0.21810291826904496,1.2645748074965943,2.778808496266331,1.7295333027079791
-0.22917529306014311,-1.4936804397201187,-1.494521079865296,-1.8808961582155859,0.5063546844125392,2.873925016951564,1.2845299598705109,2.61582229366299,0.9328759555368841,1.7145993275925195,0.0025497694935620293,0.5885093917610464,-0.5928408879785793,-1.5493637773636775,-1.2907528981511316,-0.7596738798871522,0.5655377414788071,-0.08919173084515221,-0.16690714583962285,-0.30171522287342295,0.9351745894389072,0.38362083204746333,-1.2527093705491872,-1.1202500661557149,-1.2711565129435622,-0.6127031562981148,-0.7510377678046275,-0.6053428287257133
-0.05293442623961494,-0.5831188076331237,-0.07345982318299242,0.4420183900161493,0.06529832277824771,0.9836845631868402,-0.5698854361841356,-1.2046316353864934,-0.02625632617273312,-0.35807758974363085,0.15993022903710857,0.1994746841701522,0.4521107444254557,0.27607716580459013,0.48602847392501475,0.7217040868697912,0.49328081138191004,-0.604555418736125,-1.6152460517064027,-1.0174361378069783,-0.9912038074378892,1.6178948690995225,0.7315720055117453,0.626426852131485,1.2464384860159607,-0.3375650336959459,0.06400322045935725,-0.6329883003622349
-0.8035899701048288,-0.22637304614273468,0.18519738212062048,0.11294088277699617,-0.7423246955402218,0.8317886815033456,0.8989907887776607,-1.523925184961585,-0.5472395009927512,-1.2499786700551143,0.21759597931390495,1.446467822016335,1.6071789134880423,1.2382477199445248,0.09270656943127842,0.04500094530792739,-1.6937881512437403,-0.8399493511788768,0.7100146436003041,-0.49620349530012636,-0.8052867517840924,-0.6559493677950547,-0.08549818351386981,1.8204848279037456,-0.33903131094919914,-0.9215757956026631,-0.6145276640017586,-1.4086290618338195
-0.22917529306014311,1.4417191683139248,0.5009706511988145,0.9535429982044358,-0.3308868713475242,-1.695797042096731,0.9118597141988942,-1.0118895532993792,-1.3706443899620393,-0.9368229860953642,-0.6148921581686418,0.5063900952222495,-0.04151226842882876,-0.612479274511292,-0.028266180684260043,1.488563844028307,0.6542644562538881,0.1892775033481481,-0.6003198879482216,-0.671283915994024,-0.8146393617197369,-0.46559710155439515,-0.23802836975054723,-0.5216017307382826,-0.18896451277402385,0.5812401294516655,1.1490645249161433,0.8204279873502752
0.5870981953717789,-0.2662153350472768,0.6338318829171342,1.3284335325872367,-0.6255075674842772,0.5872005604355889,0.16546960436187164,0.4290796517516549,1.1803687497871618,0.2474901790870507,0.7004562910932568,0.5815197797284988,0.08125801370081227,-0.19745035003965694,-0.08195592385714502,-0.16869631232545257,0.1582558481404932,0.47627575900671676,-0.10727912124903213,0.6668644432169969,0.8049140265657018,1.8786716222105244,1.467019251165649,0.8990186041471956,0.814821939173712,0.8544116977807026,2.2824270442032066,0.9257474499755446
0.35241956744760095,0.5243025083202828,0.8134771957444338,0.7695660395509163,-0.9420533784774067,-0.26160221727590843,0.7786033670401314,0.5902555436278115,0.7116231920730313,0.8150237517278092,1.3429266038367171,1.030887494618297,1.0010623362937026,0.42222475366467743,0.40991728457793014,0.716123058434566,0.5542126556452938,0.6934292926983943,-0.39445157561663535,0.07509638885430478,0.6483720608755402,0.6106377534922304,0.8845926779631883,0.6907531789741683,1.349762798957247,1.1717619546968068,0.47120560330168565,1.298337511972726
-1.0313751006570318,0.516441816038402,0.7099698993572993,-0.191913102472145,-1.2643185158977504,-1.5529358421465789,3.582549300564921,-0.45249663802812395,2.8148386072357168,3.333376613752894,0.6958343991052289,3.91688102083889,-0.5509839211729306,3.5500346808947896,-0.41345165240080195,3.414407201428928,2.0225882350842608,2.358888408760435,1.0116860024146437,0.5369186571360942,0.25108120424085606,1.0638816100522406,1.243442934385845,0.810624923270206,1.632478502000533,1.2357224084640808,1.7890467054424997,2.0910978642049725
0.35241956744760095,-0.5179274663087251,-1.0375491585576497,-0.12008507645943815,1.9831207270318372,-1.8148040761631004,-1.4833488053887085,-1.1272538417298503,-0.40727539335506624,-0.8908768084118903,-1.0261601431092817,-0.9292457704619694,-1.1319299408003234,-0.5152970305851461,-0.8364095189039708,-0.8434994096981495,-0.5886288005050961,-0.5907594055188607,-1.0651045635978393,-0.9778643268299776,0.33572028240868923,-0.3497641853581187,1.2510180216296753,-0.3299228473041743,-0.7228266358418172,-0.8341155852961433,-0.5451758899227063,1.4982756784106652
-2.209072690533315,-0.9135201491922142,-1.5779979654159253,-1.630311046265287,1.8476913987789896,-0.5052855064221656,-1.4804407644339321,0.17533131435794072,-1.3436183300091433,-1.7563055330978283,-2.1449842093817133,-0.18984028583877272,-1.3589141162729836,-2.020193646604926,-2.8596879148537577,-2.5238008185969987,-0.9287782751438902,-1.2267697037991159,1.7336629984446779,-0.6666662648498408,-1.2890452567241182,-1.8137312036650808,-1.4383914825046837,-0.10980906483170329,-1.7587031586759798,-1.306264705467222,-0.47480796200371345,-0.3409048829881746
1.1392832022521955,1.96642067035638,1.2523864414149506,1.7344654287983927,-1.1386457172857636,-1.0597236547536586,0.5633689508912232,0.6710671630102413,0.14799765504753912,-0.011553903786150309,0.6862589079982403,0.1797251500001803,0.0766555276564194,-0.12089792115405429,-0.4458979072193355,-0.4880359446137742,-0.3279862171684566,1.4200452088027564,1.0471376336896987,1.3392377343359911,1.686646972937962,1.1644064641900858,0.9087606198110693,-0.04654014831178447,0.7235064221660199,1.4330931321217795,0.16625971459065092,-0.403517825274969
1.838717544300725,-0.19900415777645608,0.6090065933485598,0.5205133317463982,-0.8284506403373517,0.5605424683787685,0.08882011016610983,1.0268039729918517,0.78256984263049,0.7386261704198186,1.606509122939315,1.3709791582531037,0.8281888476384529,-0.8826742547688182,-0.6746046170848571,-0.9814347878804871,0.2582514843867969,0.07147095198264403,0.8544738386704732,0.06570128436362258,-0.3166824940976212,-0.1480893607488273,-0.014304093800089646,1.5920176598307045,0.4392124075836238,0.16047457400704887,-0.6856603419999011,-0.3219719482210337
1.467143050087444,-0.8712254075076087,-0.8092682790881217,0.09991129573123322,0.7267125566371876,0.23836152012094225,1.0868770875266982,-0.7920298872924123,0.03698525052541317,-0.6553807678169014,-0.3374409700350361,-0.7813141989494339,0.24666526898438296,0.2505695300527695,1.5992588529073708,1.4221003246998967,-0.33582904044190215,-0.4533183772041712,1.074150611052618,0.7896720927738361,-0.9831801148284735,-0.38296626854982885,-0.3575650685769374,1.6762270732285047,-0.6710270524188466,-0.978053073293827,1.48933203107356,-0.333439734946038
1.1392832022521955,-0.3761834630818509,0.35261920385640194,0.361302840674316,-0.4587282355786637,0.7692337404844684,-0.33654584507582735,0.5301205222386651,0.3379240688875963,0.44839655904719267,0.10294344523266591,-0.7306643751452453,-0.49206391446527004,-0.8015398932023864,-0.44049731259528946,-0.5335419571039884,-0.16754258651157414,-0.39705538585767264,1.4272845374553211,0.530131597744158,-0.4457820168464871,0.03186937406770022,-0.5533224023882009,0.12055162444436106,-0.5777323889022644,0.5400586417269517,1.5477537746375225,-0.4381569386178631
2.7533624531334167,0.13833807328216421,-0.1112008079225522,-0.34574384859461005,0.04742637504650787,0.39069887406081544,-0.4576111660922202,-1.5603334668877609,-0.6970147660563484,-1.0030217222990314,-0.7634963537240649,-0.9051580547450937,-0.4594650832866867,-0.9661210866168726,-1.19384195606078,-1.162154666044385,0.4203072269061011,-1.5572030108105837,-1.964699514408076,-1.707247225086876,-0.17304124569115698,1.1533114611570996,-1.197661990054375,-1.3676825964514945,-0.8576977215570539,1.361413465050368,-0.804817629596976,-0.9102194895242033
-0.5393592186642734,-1.11682894648091,-0.483610761582767,-0.5278171762328441,-0.1840918566010866,0.8786136116777246,0.5097199784000892,0.6066519535656764,0.3354247555927079,0.22591946213171432,-0.45609048456731854,-0.44871512936360836,-0.05395090386105296,-1.5227776031300682,-1.2068899717587993,-1.115070977399757,-0.11031463414032835,-1.1576995645430015,-1.0053212924207502,-1.3940461107043158,-1.3538954170749893,-1.6962161301535568,-1.4211472790991684,-1.1788733281372872,-1.0924669846447301,0.15202294796133736,-0.039675858500615384,0.023372426384879654
0.5870981953717789,-0.6436070169839039,-1.1835830475515097,-1.9265414523716708,0.8736789012364216,0.1954883911928527,-1.1873024955041145,-0.3155070794677095,-0.8054036308114184,-0.4172021956527648,-1.2247506959497005,0.39333348327404793,-0.9205217309202105,-0.4216220045464255,-0.5277027909742208,-1.6342016603153542,-1.7004158343861817,-1.0204643623432648,-0.5396968446982764,-0.5500028842335608,-0.9710359269061413,-1.9518536370160273,-1.465758611304073,-0.7410254748148605,-1.260803173828813,-1.0569511405714145,-1.1837327363690502,-1.1506421196816503
-1.133878409405523,-0.7153205751326234,-0.35360258274916945,-0.28636936029810184,-0.16189059833490954,0.5383453689127744,0.9009738906377082,0.8509148194665108,0.11663960648736554,0.9688947775040945,-0.27165214616530703,-0.5221284938261613,-0.44178878174150266,-0.9857993027404682,-0.1428108238586985,-1.2269855777037222,-0.5050842034502042,-0.29789987690191116,-1.5604400845032476,-0.9666838880541906,-0.713562418055579,0.6746752084408234,0.8558509052411021,0.47955486783391954,1.3935657514401631,0.01078111639951212,-0.7085564889421864,-1.3198175599195796
-1.3196656565121636,-1.176533540188447,-1.0817764462917294,0.2483252074315835,0.9229799734188309,0.7917574276635889,-0.3322746393843856,0.3298901229915808,0.5531649854407731,0.5467903832206787,0.23064956579636126,0.8102905386086918,0.6883535523806795,0.7566688133160127,0.47271503102641077,0.9162606465786395,2.1779782267033707,1.4497527522001716,-0.16477241613505908,0.2545023663473791,0.7487157197139793,2.347926069780901,1.3812662762291714,0.2752157997495375,-0.11115209042697936,0.07107126523071959,-0.09049599849672652,-0.08561991564085787
-1.877027397832085,-1.5527555105430055,-1.3506132621472138,-1.1911608418412734,0.6412943452272781,1.5715948237354298,-0.14611833860293055,0.78775807100302,1.873663996216172,2.120469212051801,0.4310721127900265,0.06865241303452457,0.46866037644351016,1.3335947829080859,0.24821633620716735,0.5414866206421236,-0.6125295124339166,-0.7722535066081287,-0.6011043217798634,0.7465692399053123,2.351410467545508,0.5923828007462564,-0.34624243830093254,-0.5400197852793887,0.23232631769458742,0.0347961962333683,-0.23889905809409423,0.05514066382705807
0.35241956744760095,0.8134711750630734,1.4365498315149168,0.49458380473634866,-1.1475977625637077,1.0210257488391268,-0.05907602159291809,0.35711480040780447,-0.1227915156110799,-1.0819047025582655,0.27892426293410577,1.4189806575034944,1.870460796383382,1.336782481681893,1.0165014405576345,1.18016329048312,-0.0602300099938154,0.8355990460536039,2.873602955708291,1.3640735265869568,0.13546483843164162,0.9145519140430491,0.15750285757806926,-0.01688201289189347,-0.21725721981671695,0.32373083921125634,0.16817197162898745,-0.17440035274017518
-0.22917529306014311,-0.59565765262536,-0.8973075066084237,0.47230022823021633,1.2930763744491274,-0.5066979224135787,-1.6383470720534288,-2.0654748760419883,-1.1182406613695783,-2.214355319377137,-1.6908647982884026,-1.1027640852093565,-0.8798388478520665,-1.4025613570319901,-1.2727581665294507,-1.4379598813086443,-1.2354099542574153,-0.8176776156071512,2.2286535824006624,-0.8713037679446807,-1.2897514578266216,-0.35343218402599497,-0.5374618361953534,0.23682339119867052,-1.0718539337725363,0.33185697196221736,1.4005484722042634,-0.6223371271924579
-0.390729420978961,-0.9329999679201489,-1.469334068495595,-0.17944251467008182,2.807665060995287,-1.3868609883630756,-0.6363712155721779,0.6197004103965911,-1.4379601097336885,0.6664563824045854,-0.5065371933960571,0.5995923343799925,-0.9819725633797945,-0.6163598704023296,-0.09446020501662158,0.342135598740046,0.7734169706091656,-0.1473275613981959,-1.16826403055373,-0.7412688218367348,-0.39394767960297933,1.4248345961828204,1.073894393625707,-0.7179695631989862,0.13610806936319877,1.8093596476474698,0.4418840741535484,-0.7276179248224314
-2.209072690533315,-0.4919161780270201,-0.7382973410128069,0.5617789681321771,0.737117855320635,-0.3794204675706251,-0.43444577342971274,0.9263294121942991,0.589002389388186,0.5934831098932266,0.302619706201345,-0.5607863914636372,1.3136931848729059,-0.0764904654460548,1.4384287299145326,0.9896732139343872,0.8567276095695332,0.05550775192214715,0.06692416453716683,-0.8081330505277756,-0.7441737264164996,0.5671447766796222,-0.44417005998501535,-0.2298701018387966,-0.31192210864309394,-0.35017622596864356,0.49800744360306276,0.30019136110273015
-0.05293442623961494,1.7747534873937787,2.0955496400681155,1.037924094577446,-1.4424375996604133,0.40254890897792245,-0.15527391617704128,-0.05365277149121086,1.0666640837539003,0.34762966644660387,1.0827081061128454,0.3116091002177108,0.9899871433271837,0.9125291845634861,1.760983652265484,1.3659049623573705,1.1946656935533984,2.4909567005079456,2.98618062049554,2.0401689059118313,0.9226532536904583,1.4151870958259,1.1200359927710677,1.4117662934474895,1.2314492573611289,0.8523623085985413,1.3728215088293079,1.0072612291803318
-1.229768601460563,-1.1589197577424184,-1.8114478704692978,-1.622589239521012,2.222100474550958,0.2415886877850486,-1.3123033278283611,0.7716740845354663,-1.096551698180168,-0.21142734139167768,-0.13030357031904058,-1.0056075973038412,-2.842644162359949,-0.9264727105943688,-0.7543673487904478,-0.5120142426921725,-1.230627331699555,-0.8183559961383045,0.4036223480506445,-0.7864414066150865,-0.17442942611277232,1.1488866314176975,-1.039697041384443,-1.4100814160504096,-1.3508248477472988,0.3694628936561745,0.4236644800969111,-1.1499842982445083
0.14009128504001184,-0.21092725582961538,0.7187812694376615,0.4887718290385825,-0.4337250959315874,1.447549714303738,-0.6184611699487869,-0.0639000365199886,-0.4629390288932932,-0.3391586196068191,0.6805380909483534,-0.6813876799755733,1.547382496269629,0.17142839523548703,1.4026191686720224,-0.16378976331835338,-0.32219487112816586,-0.6347873415948925,-0.271380040278348,-0.3056812437686761,-0.16669758156202716,2.056325500162386,0.4401281778771713,1.4964593723718136,-0.22426263692516,-0.8459725995322918,1.0568603628118574,-0.573637237430493
0.8478522263986423,0.8838020540793661,0.8626791309686396,0.8552296566684344,-0.7644496280366826,-0.2847495195158281,1.1913700560544487,0.5356677135775546,0.16070814511733536,-0.2134431163420608,0.15475800643093052,0.13894400923341166,0.12739072017953687,1.0225486699452313,0.21783549532552807,-0.23085683737851312,0.7328677429955891,1.9147382291711121,0.2841214842018241,0.1256112595607335,-0.43956071809569947,-0.21261085225439166,0.6320912817509323,0.3588372101319822,1.0853228203137857,0.07684336510772187,0.6037257797393418,1.3996814161694666
0.35241956744760095,-0.5771071856052292,-0.08679179799624265,1.4157074306712962,-0.05123086362391596,0.3248959082733351,-0.146976672062851,-0.1305744151917329,0.38485348917472273,0.6404395358840699,0.9556674538765518,0.7619633383077126,0.5279281394121149,-0.15796060541365023,-0.35595816010941256,-0.2660748191298135,-0.45235509580629585,-0.46605252007263703,1.6080779944854766,0.5173296657586025,0.3063274623788252,-0.06448917071372191,0.033453638654319745,1.3345189753632303,0.7101820359575375,0.7709196036308095,0.39915093332176077,0.8158869164714657
-1.877027397832085,0.406890791399115,0.4895881442348066,-1.168397205774697,-0.9612725835457204,0.17978727757252946,-1.1838256094414856,-1.0584326475871948,-2.5611031263030224,-1.174447695758766,-2.6340865573407592,-0.5421551461374807,-1.7360021705587085,-0.9460546455554865,-1.3433297488163993,-2.9513073495626507,0.7677605199756096,0.4304173437161347,-0.6647177694203603,0.14250502714636978,-1.2985498984875037,-0.9797557768507144,-1.165813309356135,-0.9591841732528187,-0.5446027262343236,-0.8337747365505691,0.24155391905804538,-0.09650020104421053
-0.9215501269979339,1.4873129915720693,1.2624953515137816,-0.016435943766599768,-1.4343884559878854,0.87117488995399,0.1176460517141962,-0.0916357234575186,1.5170017666972293,0.6246374779127694,0.47171132258680626,0.7672194185771256,-0.4199847324822721,0.8847449901979796,1.033370493186079,0.8753091447391547,-0.7303982493373927,0.11848107804460813,0.44563263059205743,0.07621027955113659,-0.18321935075759177,0.4892617162007907,0.6769133697512446,1.6387133274305663,1.063110626387776,-0.11832709149779708,-0.7179360180735167,-0.9959915833826595
-1.229768601460563,-0.15377128883780602,0.1340356242237559,0.32543300289042953,-0.09901536426228258,-0.09235367049193817,0.00033717193181115595,0.5051783480230115,0.07905341189629887,0.06871011570458777,0.09619852979402384,0.17658279055872236,-0.008606125026833656,-0.8627580054313687,0.4061556409864932,-0.014820473610050369,-0.4091664315571469,0.7042933117444171,0.24862207377520468,-0.5115928969935719,0.40241499787803936,-0.23963827843435392,-0.95441766091809,-0.9776669838724028,-0.17076929111417902,0.9703819791793578,0.4529495052967923,0.057888608654943816
-0.22917529306014311,0.0832796732359511,-0.39593821793580475,-0.2239100243233984,0.6683142052122057,-0.775017434564623,0.8414930497963012,-0.2248174653012933,-0.1277020203370644,1.0008633132550278,-0.1667241207550745,0.8685466105605131,-0.3458239672927171,0.3124317787601677,-0.14628614533454035,0.8729228528558252,-1.0112548120409144,0.5360021839844745,3.3031786753854973,0.9540572728903957,-0.0644485688346945,-0.3706757125917601,0.09739514832288168,-0.4831833306421549,-0.2334132422128233,1.2002051802713654,-0.3064338825143563,-0.8609751907254205
-1.877027397832085,-0.4938081890869127,-0.07368264437745921,-1.4631856617622565,-0.06942660462098693,2.29624316736835,0.7770999348792783,1.19175646171736,-0.5779200762287049,-0.3093981319924229,-0.1410892972774205,0.8909187015534146,-0.8931854796088411,-2.459292241638438,-0.5875818653645569,2.729096097395246,3.0663998801452794,1.838110089804705,-0.5502995376154135,-0.40051901181624794,-1.3022896860003754,-0.980588812148482,-1.2765145308998906,-0.8628523774069684,-0.020433743507523135,-0.7700010839556984,-0.2845190655617923,0.07643437695201344
0.35241956744760095,0.018472200442769905,0.12770222976746304,0.3563098226722611,-0.20101534914301988,0.05769411437759467,1.889257473867468,-1.0452876627391903,0.24594307229351312,0.3994476783686434,-1.3110372696647354,1.0746617055921277,1.0008457072966004,-1.4081177618647884,1.589861352419574,-3.082966734924211,0.2048672219801944,-0.4617190773750063,0.44758444458951574,-0.4839590802016218,-0.7335562088819158,-1.1516866343348577,-1.0790568396639368,-0.5121526158510783,-0.3565538196652811,0.8426408290324316,0.40590614931948893,0.5134183322406849
1.1392832022521955,0.6174569523220902,0.6945387116121283,0.9687678391626724,-0.39552485444679925,0.0685344700913783,-0.4792083315013642,-0.03838345990734318,-0.14716611074401198,-0.5124802473728253,0.17270773933023711,-0.6910455303142464,0.86508391732837,-0.11023356813021722,0.34619927368781483,-0.2338444352226979,-0.5270465599487382,-0.03068102212118735,0.5793684012471834,-0.06737005599863403,0.6656315125116762,0.560515915290651,0.8164663949648181,-0.2393943694225834,0.14733114329339808,0.9041316614174839,0.09943702263374692,0.49471421455448367
-0.05293442623961494,-0.7722742840964639,-0.4883718236823027,0.21989584997520836,0.346260576174843,-0.09972101648408206,1.1474850529534149,0.8302559355108304,0.04468094021913306,-0.9713343447526296,-0.5328564241744197,1.182935039343835,0.31874899364621917,-0.05656861836660069,-0.7223481761861938,-0.15003977861846068,-1.1430274369735702,0.15480686590571768,0.8357900510440943,0.2842607827581069,-1.0219539547819942,-0.21006877291735135,2.880991221918432,0.5733812272397507,-0.659062361303934,0.09022641531677016,-0.47143004853247916,-1.2655231257333117
-0.05293442623961494,0.4676280482164405,0.7202412413050829,0.7471648838812249,-0.5857660292061019,0.16247703478105593,-0.38115717326170656,-0.6727015209547107,0.35971163320650523,0.013124181811518146,0.4216752153454608,0.3571005719619204,0.5853165819494386,0.7387772707063638,0.35860662074904925,-0.11705655618870693,-0.7732210882023763,-0.21458110868988337,0.8005732507333656,-0.4454655721157872,-0.4464813772147763,0.17787757784112387,-0.07831731518085555,0.991547094305821,0.31191506542931946,0.6255482123651669,2.3703232058366623,0.14010241612379862
-0.6765559549891773,-0.4844474938770807,0.5261982266344094,1.5643952730368795,-0.625533233368108,-0.3766388709005153,0.5552264709405785,-0.21265591526475722,0.9504001687541246,0.6405401687039465,1.228571945937967,0.3669512393164736,1.0756299835484566,1.191581187801715,1.0138339364650781,0.7524933038570827,1.3052895882114666,1.1104560435668396,1.2534556405433157,1.1325129721465201,0.898487592241188,1.0817703444701205,0.5389023418563498,0.8771166428793404,0.06415342316790582,-0.020142789299375744,0.4637987383699273,0.5267612974493779
0.14009128504001184,-0.40776597784993857,-0.10618609669616616,-0.6915707401839082,0.023830693343105135,0.4975155356184705,-1.0155519729314098,-0.2540668841912216,0.06250125165951648,-0.44005555210395786,-0.2246106097175274,-0.33073717735296637,-0.6362460281240675,-0.7122764906969848,-0.36023488835484035,-0.6950219088861355,0.9044085576256486,-0.386377952490678,-0.34098278284776323,-0.1488395353760464,-0.797950273749565,0.0019352362372232464,-0.19316264474324568,0.8465920236020145,-0.6807065340011129,-1.0868732791986855,-0.7427503023972679,-0.9603855500047336
1.838717544300725,-0.8982427876790539,-0.8902873607445083,-1.1628286920172939,0.681355161725252,0.33052633364879674,0.5902172470081049,1.129866401820936,-0.7923232748900282,0.5921671432120941,0.28665354037464225,-0.16959639724082734,0.5892249182755945,-0.7071698342925626,-0.16041326489318286,-0.38019263830201666,0.7361213106170341,-0.36820543834216096,-1.4590475904092135,-1.1792412401153256,-1.2167305988841393,-0.07927331927617758,-0.14747438561494447,-0.11628318744836341,-1.1122979761974336,-1.2738792144261843,-0.02517722338710528,0.6118055449078375
0.5870981953717789,0.009605339548806501,0.4375103561835449,0.8903573728578426,-0.3149812796957311,0.022901980856603135,0.3264188160155829,-0.2997892160809059,-0.2469819758324626,0.24875758902360806,-0.5437136644025683,-0.06631778534544014,0.6284239778888181,-1.1189135214889396,1.2582400338510742,-1.6342572068784638,-0.8568796722364492,-0.6375707654645377,-0.6742067802330658,-0.7099458374642741,-0.3350911192783369,-1.0237954000355112,-0.38223655646067267,-0.04551147721192214,1.8133250458953594,1.8185234003345851,0.5161841951597601,0.45625228427211156
-1.0313751006570318,0.7177943222490332,0.7931780387723979,0.6026680633359746,-0.7854431116229152,-0.05688981531895681,1.4429481325995699,0.185257343857092,-0.14854416787982747,0.03784910080889373,0.01668417347204943,-0.3278522395879411,1.2339015989128066,-0.7995162664081971,0.47212245709749406,-0.8279271517635219,-0.5042863666939629,-0.4390240522129367,-0.2958741292956979,0.02826009321235372,0.42263564978801116,1.5176051227478926,0.8881619974488942,0.6992333290540524,1.1602201278025528,1.554016180351659,1.0315477766839867,-0.0849364897125564
2.263374109115903,-0.3663964840598915,-0.44455437652471175,0.5942481995048454,0.3846621134396217,-0.35555753473435064,-0.141304590270854,-0.3290568885222728,0.9994970448823498,-0.17164746949137888,-0.9731415938422984,-0.8664077843938356,-0.7306246242977427,-1.851328372055716,-0.296664545135617,-2.6914299671179744,-1.4830243521892477,-1.827293112741061,-0.8130775260622856,1.8230935790444385,-0.9118723711827824,-1.5278213300258485,-1.7728173710115043,-1.0919246286536788,-0.17501273933509495,-0.6633596615594363,3.1025649153344292,-0.08405014634711067
0.14009128504001184,1.0468449052448225,0.7998350004455627,-0.5879085431395635,-0.8184505132399041,-0.7707129732879463,-1.2516566217568597,-0.4237709441014178,-0.8233912398538392,-0.4868273697855313,-0.5067211789805125,-0.4792041706145469,0.09919824488650231,-0.10390536385365678,-0.44074396412945416,0.40959174860540276,0.07985429167567296,-0.267500841547249,0.38815659325032664,-0.01376186578985937,0.14276320380411825,1.2026075144134576,0.29348484285046456,0.9875671946339393,0.5978885731936825,0.6884694965636351,0.6917723865151904,0.5395457600828911
0.5870981953717789,2.595458672596339,1.8968940130584668,1.2285276133881338,-1.4381370187907043,-0.7941768973890143,-0.7685728598375469,0.6581101987339509,-0.07043264792546569,0.6818015786455234,1.4239127225685295,-0.061366048052071576,-0.17605129744250414,0.31264986678866397,0.4531522971292996,-0.31429634740629764,2.735474771155053,1.4361859174011398,1.0603363747165717,0.49682697461679487,0.43955669449077417,0.9758972979863,0.5431560898101089,1.0633919583152995,-0.08725704585875736,-0.026720275528288304,-0.09163487586145151,0.5878094880372343
-1.133878409405523,-0.05484534988058741,0.3556495952060333,0.19683693742161515,-0.4855461010265541,0.6102368895418295,0.3249248706003313,0.8549903968997696,-0.3737362423216037,-0.039848759231234016,0.09465807845452961,1.1499820099550626,1.182932032553375,1.3981238303540826,0.43868782884304885,1.5152603487299425,-0.23028185618994232,0.024583871611715054,0.9366539793599348,0.8230320408410574,1.3221235822064765,1.3743222962868202,0.19359285202915225,-0.1377801261794984,0.33903021959676904,0.7705812202099087,0.41585752272809773,-0.23434533656339818
-0.9215501269979339,-0.5450940188349056,-0.05666102117829547,-0.06477825150488509,-0.24196627461740142,0.36596570879289697,1.9259399288909294,1.1109824284654786,-0.008324600931516553,0.7671014385307795,0.3550375391116388,0.39637759812892537,0.8521520037577905,-0.8544457891501893,0.06482609446928021,0.6065050355874165,0.31934057444498987,0.7358412649039563,-0.37377461293622105,-0.4507110775016882,-0.42595233383788145,1.289981815046935,0.5369899773959087,-0.2987220765422799,0.03412429873089918,-0.9081825319056817,-0.42718665230172415,-0.5723111904257956
-1.4041144051970003,-0.611263579643273,-0.7029220644812476,-0.6502216248062997,0.47801175483496205,0.44020293246485437,-0.06357131289616039,0.4836699096141722,-0.16995537156108154,0.5538517136717874,-0.12127161185140384,-0.5373991975849063,1.0896237057098774,-0.32165098277744747,0.30682908781502044,-0.7476840869691073,-0.20407307015326337,-0.7154896432683638,-0.8573561773083075,-0.7849063300469137,0.006680757294143794,-0.4190851081513103,-0.5007477856228051,-1.2522091414444791,-1.2271029718368576,-0.712813933634261,-0.08805023396358905,0.9472205421149352
-1.6293110683565644,1.057285394159919,0.9844853794580306,0.9050277538809537,-0.9478858497956437,-0.08021872835165009,0.9896782482742592,-1.4010546854955954,0.5923134667022252,0.6677971096438879,1.6257571842030378,0.11086698608374439,1.2260187734999115,-0.2585287770758494,0.41019897999471244,-0.31311268666494224,0.7201712806086263,-0.38055360875608846,-0.982259579579978,-0.3676293257378169,-0.410248521004789,0.7241748757645234,0.07782449810565209,-0.18049359199918397,0.9201460012208504,0.7416868402200983,1.0756293489265538,0.7948571435911157
-0.05293442623961494,0.07803877973435477,-0.26082325436847253,-0.8110427954183594,0.40464092116823724,-0.6423450069655886,-0.5693463038115278,-0.10367357196344391,-0.1334821187920681,-0.2212398741961761,0.07598947152388046,-0.30031972591383016,-0.10516689635159164,0.10834826732994145,0.4063240479896411,0.6582741268029919,-0.05567500090418699,0.1393217286120278,-0.15514719908431399,0.2153500647283904,0.17051829622036796,0.11729846553260999,-0.36662600372901877,-0.4794107692398957,0.08147730758809263,0.39586976105041805,0.12926074835872506,-0.2677276899828597
-0.5393592186642734,0.4653368352831338,-0.01918717494551259,0.18325366544462945,0.0022084627912006315,-1.5009599901927515,-0.5073452128934082,-2.969018478731597,-0.7465740103004158,-1.262246480848591,-1.6250728346327827,-0.19943397248252578,-0.22767686878792603,-1.2422983479189014,0.1261070238581227,-1.8378997485582522,-0.3754290254445372,-1.194940592011386,-0.5265896684932061,-1.2517263607676659,-1.254967161988202,-0.7355160960792472,-1.2357781336346623,-0.7402282027293767,-0.44757464323050367,0.227914093953574,-1.2278388991374296,-0.5296169927098676
-1.5585349742207013,0.45676725082425174,0.4696151767899591,1.5806225704720733,-0.25611771732927474,-0.10365541495501901,-0.2465362228532196,-0.5059081300949858,0.42433530206319486,0.5646516128717801,-0.38869483369748303,0.622961589265532,0.6277301120880087,0.08803735134544072,1.3976405205208382,1.7875091616556733,0.844005912873454,0.5959900616600807,0.7503530837099887,0.43791978300589257,0.5164017332692404,-0.5773370426892744,-0.8844999145574975,-0.5476566953694564,-0.4973650156142023,0.0888478057593462,0.19125621318331062,0.7092072429239001
-0.8035899701048288,-0.9445988560871919,0.9591352452264807,0.3163719894018898,-1.3954908012199518,0.9270814837353218,0.22427235990979527,0.9442239171752266,1.4636492472873694,1.5901145255157114,1.9159630213694177,2.2796006157183286,1.3572408657628174,1.3679364995103014,1.0922913892790176,1.7228158094261534,1.6670671008020121,1.4613373566045371,1.048575144342266,1.923954068816216,2.0324425972966154,1.8868159583306836,1.1429841316887956,0.4147006898377694,0.3869955834192181,0.2013345129564897,0.8335306583767083,1.578450497682937
-0.6765559549891773,-0.15722060866890708,-0.6329036422755117,0.12906982114542337,0.9391814618046287,-1.0699604205498277,0.5383355994182291,-1.4534138738098716,-0.002688575532285571,-1.11165832685153,-0.426850975366923,0.006071145654133704,-2.1039822957323313,0.07931010986013526,-1.4023302035859528,-1.7312441969040926,-1.2016376527001986,-0.19150530909427063,-0.4892126087223019,-1.4115301633920703,-0.9880170025418045,-0.41041708510869246,2.8157330163955945,-0.34723848901843546,-0.49258353438892233,-0.3124548566421187,-0.7342041782603215,0.35326681490295375
-1.0313751006570318,-0.5534316111236797,0.22680817317227822,0.3471021120163809,-0.4266810873954621,1.3410850796076792,-0.06425156836020647,0.41453561760891083,0.9775599993978743,0.11494508290433046,1.2503444292925001,0.7619997914666591,1.644398642756185,1.228778355659992,1.2848850155842197,1.2697113079507363,0.845468060841697,1.3088906502462172,1.2486228150187368,1.2084997195019747,1.4954924277988397,1.5371073627053466,1.746814344009618,1.4715951175598132,1.8207870012912946,1.9055549963371545,1.4393308625023344,1.3034468992518573
-0.8035899701048288,-1.0634804725173441,-0.7241345081206189,-1.1055585607469303,-0.2735174665490743,1.299499639912282,0.6987307355248873,1.1937477173656668,1.4182860728787328,2.0607629522010726,0.7797251254507541,0.9884287672064547,0.07197692334974205,0.06058545616914419,0.3103525538456325,1.3857951294922521,1.2918469833529385,1.1444209989070215,1.130208748587573,1.8403292791440444,1.5225142353893708,1.8987440721859437,0.8529691423243093,0.06633845933951486,0.23063095288236832,1.0569909480950401,0.7591504272413746,0.4696911740874544
-1.229768601460563,-1.0104784267014681,-0.8319075540639718,-1.1494759283440092,0.2493682365527497,1.5712139483549503,0.96339791679603,-0.49175583335152767,0.05169118147993337,0.3627283341963843,-0.4065342889533158,0.0221239051573775,-0.24985945947475316,-0.07713868397017863,-0.258496439962214,0.026121052912391522,-1.395322943442588,-0.655473292850885,0.6414041385157488,-0.6061445146979404,-1.810997325867432,-1.826611379439076,-1.6739458448930744,-1.5048395352230592,-0.30261660234864335,1.112380454102406,-0.5945114341989587,-1.0822368069163768
1.1392832022521955,-0.4917181714204274,-0.18743084157879517,0.2664327307641939,0.038914439206898584,0.2098745968155891,0.7351440273937211,-0.17954819015507217,0.568703529435846,1.15873506660853,0.08344504473172033,0.35981092568134515,0.9814815450372989,-0.6473767004920734,-0.6043469041241633,-0.9563162091966981,1.2808870019233292,-0.048102305862207324,-0.6600589455820726,-0.40348948861466777,0.4134485437383047,0.4470539399015199,-0.01591897586879445,-0.2053454451310172,0.1278407813437977,0.943944189569924,0.9109286510586437,1.4727767043183344
-0.6765559549891773,0.9905778126353698,0.6258131860206716,0.583048064529373,-0.5628142789965014,-0.8405725466161635,0.8066647264965991,-0.27411975023914265,-0.2560987769441739,-0.31403595862555866,0.46267570837157834,-0.03446003789792204,0.2826082925608894,0.08230567690452542,0.639682727536791,0.20209633201408922,0.12149955348122324,0.5987135143322672,-0.4337794510146659,-0.23670506551397671,-0.6258945001092815,-0.6184416325339223,0.14148314925399583,-0.45750130755469415,-0.04324310752176817,-0.028296745000223285,0.44198495640385393,1.6020006527089357
-1.3196656565121636,-0.5768232665255909,-0.027607614411332592,-0.9849551105290435,-0.4234173544819673,0.8544840735682362,0.34304734491935823,0.4815055599436032,0.9754628826794851,-0.5780297985627415,0.10146926195987482,-0.571055266789493,-0.20774177981305095,-0.2967537764852647,-1.1747265301360625,-0.33514254969537094,-0.7928114196439476,-1.0087397992840272,-1.1941041367140108,-1.1082451681197614,-0.8062861970134731,0.024876409036794226,0.14109237125412608,1.3874065716597797,0.14648567375881438,-1.1774976280668783,-1.5235405829771955,-1.5319076031042553
0.14009128504001184,-0.9474776162828662,-0.9414846603776968,-1.0444961139498383,0.2206501281916385,-0.3083082316075132,-0.4352593393711717,-1.2693925383212328,-1.5173541098554513,-3.507352919446726,-3.736829735780976,-2.385175736030812,-3.8857410331901727,-3.053854600147683,-3.3389346099730934,-2.355778615676167,-0.7631687488226794,-1.6823304704630493,-1.1969365846557367,-1.6235209301531475,-0.700905035460359,-0.5665527474726998,-0.8395501218395975,0.9466362289882346,-1.1531761992768244,-0.6063335321581023,-2.0867572513644084,-1.9080141136049065
-0.8035899701048288,-0.28768953619294274,0.35193923100660063,0.13839533239454932,-0.2783731292665708,0.2666481822533916,0.07476806975905324,0.6597848496797205,-0.42225792132685225,0.8402663204399344,1.0675824810207624,-0.25880833327816255,0.837524265589255,1.717418259220157,0.1855551400599206,1.9672997400526753,2.300622304264076,1.9789943027434913,1.3936872364461006,1.3548792226699997,0.23011407466060935,-0.02358751521586442,0.21180442062546065,0.29983202095819267,-0.3352753812171332,-0.5570026671926485,0.3614778659365846,1.1148453979804476
0.35241956744760095,-0.15374333970969176,0.26723996652310944,-0.48500961422476263,-0.11797828674608482,-0.1499837647088301,-1.8556418630155809,-0.6195590394781869,-1.4984821653517069,-0.7726372403112709,-1.9693623396327218,-1.5953526055951053,-0.15928362209268315,-1.4640557393586728,-1.0314231065653772,-2.770840794478954,-0.8165863926153415,-1.9335697552962594,-1.6637500201304802,-1.560027255304952,-0.6722904536524791,-1.2248096117935268,-0.6309151006125618,-0.1276535230996835,-0.8001114790948078,1.3322047209457621,-0.8708123386940698,-0.6742428173086648
-0.22917529306014311,-0.0398157062376316,-0.06029224642789295,0.4839049152430189,0.2391728337360214,-1.036908634999424,1.2272568645448105,-1.9881076928241128,0.10776447712312909,-0.9085047728146776,-0.165410264633331,-0.2720069970474253,0.2716014953026298,-0.34784100911535176,-1.8502171552991176,-1.1924998111317329,-0.8274637497071,-1.2320496518123993,-0.008615101957948073,-0.08392013835182129,1.1898302742204907,-0.6474064133338602,0.050040706271780325,0.2803127417751682,-1.0938515554664834,-1.3535368130167553,-0.4506956531870067,1.688684546847679
0.35241956744760095,-1.1466741950037294,-1.5495925125725953,-1.1862150990772975,1.4407694263769262,0.06121583291262308,-1.432128755996528,0.3747093356961262,0.41545302927667604,0.9359340409745341,0.1423639950640399,0.08490804229190632,-0.8481917220859809,-0.10722811461225595,-0.45256775501949714,-0.46478707477639924,-0.44795242984570566,1.9847118155092571,1.6630347156086398,0.6887373029795231,-0.9674860046694197,-1.4652198980284568,-1.1360965075961498,-0.2522027801424011,1.6208682518592792,0.18092113159492965,-0.8906494853197572,-1.1245822817930526
1.467143050087444,-0.17242236407953768,-0.5694489497510223,0.664434656536301,1.143917276486817,-2.410912336466194,2.6233975289228195,0.4830708694186869,0.152890393880135,-0.9131392679817165,-0.21490321825932238,0.582441052796717,-2.1510384862312706,1.7900330469177406,-1.6793765659751112,-0.33469846549445825,-0.9723486263429344,-0.2049099966711946,1.0426299203322524,-0.031861579895121166,-0.32104429980011506,0.004430716954252669,0.29051119197092484,-1.1240518866117817,-1.3021467103758835,0.36930018222772315,-0.356531122146055,-0.6351696997056141
-0.6765559549891773,0.2570881410323378,-0.15229590388575948,-0.7382575288706893,-0.41569485285349944,-1.6642802225445819,-1.564609825223042,-2.2785729500255676,-2.6059396417952754,-3.641453697828325,-1.454013680221848,-1.2618019833009688,-2.520923839301424,-4.13308789089767,-2.2519629445487555,-1.175113160270632,-0.046767361884045816,-1.4865332775710163,-1.4358490295209032,-1.6416470874459168,-1.0007530535804878,-1.8826049005453749,-2.042281363349401,-1.2249245539377989,-0.7579690959270192,0.6278763945489776,-1.5669049824622934,-0.8785868009300373
-0.05293442623961494,-0.047725309493711794,-0.6608725347084129,-0.8126776107941704,0.6585896571438672,0.21445293918673586,0.8770295307529961,-0.5494848784036835,-0.4905526100573723,-0.17945695204306658,0.11665243756671272,0.2419749262595046,-0.28088812790874523,-1.0132621694910937,-0.3764239688195296,0.022839961636138422,1.4520484367403272,-1.4253829827524243,-1.9764143633492819,-1.6901012184503732,0.15608434702834914,1.046420948532615,-0.6999382101273439,-0.15250478213905355,-1.2926316680397387,-0.6479860377711517,-1.8816602457505844,-0.7104053609814784
1.838717544300725,1.4710075783075232,2.1154140725652737,1.0024356694286451,-1.5512147216359795,1.4633275312652434,0.3860765567602737,-1.0716147689708848,0.04591099036261239,-0.5557140856326019,0.12035052580642196,-0.5549505628129116,0.5750438957873216,0.3438138572097513,-0.28317887363804534,-0.636217741663354,-0.4526411086756262,-0.0795651511257407,-0.74397867526145,-0.8051006951464846,-0.5862051186256199,0.6734231631854843,3.380860175212371,0.888056335756469,-0.3660535245125764,-0.8160134105970702,-0.7177411267012389,-0.45492699486952376
-0.22917529306014311,0.25186838203536127,0.3638448684609588,0.3080089222853612,-0.19681232550713804,-0.005119327353970793,-0.25655670640381156,-0.4782082938518329,-0.037968000700053434,-0.032268008128134656,0.3648381704732899,-0.1648838678260307,0.11353650084606634,0.6425539978372663,0.06939941178160272,0.4886849995434571,-0.3815854758887324,1.1396093382777772,0.2279679309880748,-0.2672099113818751,-0.8221983730264577,-0.56919157370153,0.23413593266126456,-0.23550729669806122,-0.2943656437949823,-1.0080767128597985,-0.8014591899893508,-0.5884999435611574
1.838717544300725,-1.0578051139185844,-0.8628414526754912,-0.8858080862231749,0.4041813540336789,1.388838857158888,0.35916427161423353,1.7205178765140774,0.00765244642075954,1.1982198282244787,-0.12115973863916518,0.7112694051586695,0.9365973228579275,-0.20991982845746987,0.04600055697941921,-0.06707889160608967,1.8020384267582903,0.2054988200631679,-0.8314748527157821,-0.3460996177716808,-1.0822638919135188,-1.0394352412474417,-1.1212525741826322,-0.3993910444150104,-0.9448687591151619,-1.444076143402636,-0.33000565797174414,0.14371471544575967
-0.22917529306014311,-1.5278552469202316,-1.443583174999394,-0.6617846830380305,0.2084460676183668,0.5558543967321595,-0.3200395277771594,2.4813076469207225,0.019977478098107324,-0.23535225264100482,0.5064030956627873,1.3723795884119925,2.525767629419672,1.7676648832393802,2.450407997049474,3.9137123741779134,1.9456946088342235,0.6473340959140934,-1.1902451501353322,-1.3216323942787616,-1.1922213650491298,-1.0127122543499185,-0.4764064687847874,-0.4714113142242195,0.4303097965186502,0.7163901437452584,1.190360036405012,2.5667761824767448
-1.4041144051970003,-0.8275199584203509,0.31304768540888106,-0.06558757700923143,-0.7694583991732192,1.144850448093427,0.8386935297706265,0.524763329688887,0.2358823454265803,1.1203718568307837,0.438258004310178,0.1018856409332651,-0.7277825682619096,-0.7326207347761896,-1.2782523524882807,-0.549642195692114,1.697310780768413,0.06240482754194403,-0.7509423083214343,-1.094483889484249,-0.7532326036013945,-1.0032610421832888,-1.8829621816148803,-2.1630339512973125,-1.5213942821361355,0.4878869479212936,-0.7951804345212627,-1.4078390858039775
-0.390729420978961,0.4511037417914059,0.3701890645252271,1.084529729284106,-0.28370641930075596,-1.1166233119655429,-0.36580135638555,-1.2094300714405126,0.37472912014347015,1.3884836143010748,0.862370696830773,-0.7735951275079643,-0.924387579003357,-0.31740388118759655,-0.08729252714312163,0.5026693177026674,-0.08754304939743718,0.6198950619781278,-0.23081653897114843,-0.6830463335104349,-0.04539796168899676,-0.6214582323402174,0.5677809689910382,-0.3599295664767907,-0.4211112941861964,-0.1953931407915788,-0.4217988833698289,0.4340921505846298
1.1392832022521955,-1.1984326793014433,-0.4531881117983005,-0.22980780402470324,0.5696486352077637,0.39269702738238976,0.04937347789470617,-0.4961486754925827,-0.03392709812693506,-0.4012978641771567,0.5699615075794175,0.17695964362267172,-0.1247702916939774,0.24048563703906928,-0.16163264095705576,-0.28798207609585685,-0.6174237427360983,-1.079695190931155,-1.500849070927077,-1.465346088843341,-1.2474105239974334,-1.3813864883197784,-1.0663809929561228,-0.34063700782999756,1.8992559597281915,3.001989126659815,1.8165817558007888,0.4357222785924077
-1.877027397832085,-1.2952662961928196,-1.965551109243707,-1.5589458082974728,2.3845504690468635,1.6343056591531047,-2.4079184626816716,0.6349728781363971,0.4779671562406059,-0.9115866294403215,-1.7597975259614946,-0.48136221807476964,-1.7139578277848027,-1.3396234462210026,-0.9554654154662062,0.24081457371262338,1.6982585093208065,-0.3682791416249372,-0.40350843470027253,-1.153109045830119,-0.7974155796262897,-0.17924065151301424,-1.3218937336632752,-1.2782633634600742,-1.711302153398457,-2.0676926983784583,-1.7180323973945502,0.044284433363526894
-1.0313751006570318,0.4765649223242964,0.8314123001634387,1.6878749066678398,-1.0883335974073258,-0.6118593908338923,2.07284454072237,1.3272089633438824,-0.7593707942591986,-0.7192759079334602,0.09548123299157522,-1.1604834189060418,-0.7512882056428722,-0.9374314531761789,-0.04760154020367054,-1.0502022018202382,-0.5441449673160302,0.4365440260749129,-0.7660895829861054,-0.3920738045367588,1.3920226232279094,0.18753474533477218,-0.7286002162775136,-0.7585362759032507,0.04639062712651681,0.7099495182546492,-0.6855130279493039,-1.223987918630192
-1.3196656565121636,-0.3902164321722227,-0.7207373789047746,-1.3072590836565794,0.181922325136594,-1.3003757138774417,-1.786754622486932,-1.4600643709426078,-2.319589747152351,-1.988048702183473,-2.445501577805548,-0.8492829799209238,-1.8661178366070583,-2.337386338646071,-1.3641075991330307,-1.6022322107130034,-1.6033387262342804,-1.667910927473498,-0.8366176009160261,-1.3542872160808266,-1.5765048447891028,-1.4126448728330345,-1.2723391418726608,0.9373683865638351,-0.5542623682787745,0.11608288136819157,-0.44225239687077283,-1.679429096425179
-1.229768601460563,-0.5089488089023098,-0.5917654219055745,0.6181304983478813,0.6478287986247346,-0.24180827436412555,-0.24183755556583084,-2.0356028941533415,-0.6477660585092349,0.04400519427080857,0.36815555967371233,0.21425794835330453,1.0206647052745883,0.9681403744910572,1.1496271085730188,0.17044932156146864,0.37879938393819745,-0.6633393726831823,0.5595590223845648,-0.4835513826420646,-0.231786958200165,0.7617676516190632,-0.7388913552951059,0.05539653861564959,-0.40805306300809574,3.146053966286347,-0.8073726005025106,-1.1279816284882507
-0.05293442623961494,0.5090283098063344,0.44515254869668736,0.01073004661315474,-0.5365721893550895,0.1744332622201413,-0.21520571846134381,-0.5609510670412814,0.6696512057636993,0.9249961113690829,0.017674917749002747,0.46462076964564797,0.9662455421723132,0.19077360599318893,0.395106259481811,-0.2626410228556702,-1.1668897927525335,-0.8677397558176778,-1.439884870272534,-0.29699812400676867,1.0595415107695043,-0.2539304603667407,-0.29900827172787814,-1.552656849393259,-0.4696492575923562,-1.1529900468011036,-1.0133139775688136,0.3690182256201507
1.838717544300725,-0.4367911473956591,0.1712101358007015,0.07384271087802903,-0.4047290972680591,0.27836654803444144,0.979472680177119,0.8248705983226274,0.27261802630215337,-0.17864412441270006,0.18491530756997723,0.12840544188309044,-0.2429158243941564,0.4625881077436424,-0.41922992038566115,-0.7859933406688868,0.7675796260282568,1.0765582745875877,1.062964513301238,0.43322402158160733,-0.6341293480350036,-0.6072121958808071,-0.007997607859820505,0.9586965287738904,0.05786856281172622,-0.4947149009974238,-0.47771666991410366,0.03670712731976882
-1.6293110683565644,-1.138969468400369,-1.7194773165026007,-0.36194087659165214,2.940468675268816,-0.4785476500839129,-0.37921629672031854,0.517914111626697,-0.0835530086964066,0.33201314358341205,-0.9110225928033109,0.2259826237835461,-0.6828451683483872,-0.14554171335973684,0.4213848211698977,1.1941392286072037,-0.3531580893945204,1.192190268781581,-0.850575103394596,-1.2486848607682166,-1.2982840871008938,2.1109898352832333,-0.2993256957625936,-1.701024461466685,0.16872922941575438,-0.4249988298095357,0.921331359894432,-0.6499167797911857
-0.05293442623961494,-1.551842575324011,-1.9110229791810915,-1.183734754443388,2.543092799135472,0.5012663675918471,0.011204766060271702,1.5551887172123324,0.18344537183129403,1.231083238351642,1.2565062591036384,0.8583188409005661,-0.6038702566723166,-0.4991339725307113,-0.35262716354100443,0.25738932217965554,0.47027447546620854,1.252598022421803,2.0653472948428,1.4859265542132207,0.6745891049481546,0.3680191307109065,1.1966778265366693,0.8430115768500109,-0.30279241117605166,-0.32863830436672586,-0.31546074379412753,0.6391802877891292
0.5870981953717789,-0.3439930547772926,0.08107256311921286,0.6017321907657637,-0.2320799374174813,0.26154596576556455,1.0285865542364065,0.1512806957475493,-0.31007461049125223,-0.43348789232628765,-0.8006700370702057,-1.296663959303291,-0.6937474697974942,-1.140306282928967,0.8992098675390968,-0.4137664033447566,0.6898881630219779,-0.1500057059470754,-0.010845104716972807,-0.8294297231411778,-0.07212701377652271,-1.0899282823944905,-0.40484740790322754,0.9602772602950913,0.40284287208455477,0.7491220481218475,0.21873299468695642,1.2444869873507707
-0.5393592186642734,2.0695912025713494,1.1161998934080497,2.3510385056551653,-0.7904204118170791,-0.7676826424400867,1.087935572717358,-0.9854963116633347,-0.37409626911986527,0.8551796033733098,-0.5412721996609425,0.3640648201625557,2.4959997389096387,-1.9937626590035036,0.6817057806391001,-0.3489303598749175,0.8248131299475081,0.7081742162858018,0.689140003594316,0.8312682173904782,1.2985679327602486,0.5142328366643143,1.4174693515263244,1.2653187882148118,1.779594016313876,1.5282844597287168,2.1170212397364563,2.409521366895366
0.14009128504001184,-0.6589937031788514,1.0530035928060362,0.6965409092952893,-1.2199313182698817,0.3409235646480539,-0.01112306477484217,-0.1652855394532965,0.5945210200551918,0.10987951881861682,0.6029242098574119,0.47766678657871836,0.8620937415706651,0.6634200010758987,1.003238992550288,0.5649900628768624,0.19353744977498805,0.06917544384497772,0.3779578124443182,0.4848431049306499,0.7628309465343435,0.8416449366706557,1.2163822812681633,1.4803379307699467,0.8306490830775749,0.23407571512899042,0.18951945002173481,0.3596275755699134
-0.6765559549891773,-0.17625942946542675,-0.19862004774817105,0.49781468529282485,0.016851588586509564,-0.7075970222408079,0.3655324821178198,-0.12632128375517102,1.0181740615657948,0.6460432998206266,0.3732130847275395,-0.9941577009798532,-1.3614673856975428,-1.2618780437832176,1.0233763403864744,-0.5300429656941821,0.34239492764603896,1.3640513508119951,2.1951447084779176,0.01997948905971398,0.3491066220181865,0.08750956132657595,-0.2529984438312231,-0.43259613462429747,-0.44666202449100695,0.6280388946638856,-0.19567792515068627,-0.262326027806082
-1.229768601460563,0.19443991104444808,0.47620900026045154,0.07333320116927354,-0.249568482532753,-0.2706293309562454,0.38422366513397843,-0.37672202502025615,-1.381018357580823,0.6931150872183004,-0.6486964648937658,-0.9170197746249237,-1.0013259367768552,-0.8813809180084501,-1.756815540845356,-0.6479404305718736,0.6823179423850176,-0.02908057473130217,-0.45558150574615414,0.3001378212148433,0.21447294529001043,0.037984140146435516,-0.0657592414704004,-0.06537792917807206,0.5449078505174786,0.5134064393087706,0.8245253328990462,0.7399668700212336
1.1392832022521955,-0.77037097871057,-0.1824518529164912,-0.08818248365465552,0.005942136693870267,1.2416560366831653,-0.04254713452039988,0.5805592211360733,0.8361712867201189,0.6258004726882426,0.8796676403667317,0.14643733183430752,-0.19971078925149585,0.26583658768622787,0.5036931284247305,1.340667083494613,1.3045117226084402,0.01265976661216101,0.02247193947785238,0.3400437917803783,1.0553505140121355,0.28062285244627305,-0.5593782492471048,-1.0869004629547783,-0.7231020238878743,-0.5922755464912959,-0.4148868073099308,0.8597057933062855
1.467143050087444,-0.16392380962498193,-0.7175293461374908,-0.06966930113628267,2.1848199048407073,-3.001713518331779,2.4846085489319214,-1.2799006492976364,-1.848107028822409,3.8728392906355675,-2.9407988896090833,1.6493610943213683,0.9689295555721873,-1.0845477776556585,0.10499446518917681,-1.2153261811247251,-0.3670902398499107,-0.42074478467799825,-1.2014844467629302,-0.5468799209273513,-0.8456556694675039,0.819814804874299,0.7796141605368022,0.13153750801049585,1.2566012129558548,-0.2917924070506865,1.558174888183624,-0.15994458830618352
-1.229768601460563,-0.11045724633872689,-0.7138790107977203,-0.10511476892589276,0.7484374507244149,-0.7956834644556925,-0.8901591457986954,-1.995618984281583,-1.3249537385000691,-2.3322957318417172,-1.8392780024287025,-1.2270652671014788,-0.6305355827110103,-0.6601301997272849,-0.8302306630885004,-0.2844607315189584,-1.062313552617355,-0.030713606730414816,-1.9561380324203372,-0.7432554901316246,-0.29770888011353847,-1.4077587394128743,0.7414961400959995,-1.8005893827582975,-0.6902247048797593,-1.449776678426259,-1.7935385538661062,-1.8772934023826098
-1.0313751006570318,0.26202789010456556,-0.12959778571585903,0.20626497061561405,0.4153966733858739,-1.2417367907017556,1.4549118488767323,-1.0786579422569806,-1.2934108538883395,3.0321910377703833,-0.5568529714414185,0.8737095767826167,-0.09961960834694808,1.2144755564523222,0.15602156056616992,-1.7039298952550463,-0.962173143534748,-1.0210105424598381,-0.6089461641704541,-0.9856191154385155,-0.4872187172980114,0.15508639670985433,1.0027940687351895,2.503261186051532,0.9160900366322873,0.028264776356926376,-0.44699454994795146,-0.7373540510329265
-0.8035899701048288,-1.0436435788388911,-0.6271950308675078,-0.16308085370108855,0.2938543351779966,1.8594458696732443,0.2981139634219986,0.027735579189601237,0.22538534752190764,-0.5680635799669915,-0.8658117667178173,0.338778398808446,-0.5878639432391958,-0.22943791471209296,-0.19741910646830646,-0.4745957521298656,-0.6586646788115742,-0.44472728981656445,0.15982537634017704,0.6442302177876413,-0.04814004905774659,1.4495006731678592,0.29994984530178803,-0.08077316700535456,-0.4283191508862688,-0.772903334599197,1.002092603373825,-0.47192328561656055
-1.5585349742207013,-0.7773303116107937,-0.6878378821763468,-0.04738018888798634,0.8653865363611014,0.29721220641147655,-0.8807136334374297,-0.6218536727481614,0.4070050058046098,-0.4769019929602379,0.10946092181949778,-0.011808170188266263,0.5180943753968785,-0.5526587720583561,-0.2001685105313595,-0.4556550468188704,0.12825816663896705,-0.40722069778297676,0.6760336831352438,-0.6099974471486358,-1.0840121881291263,-1.0779857433586444,-1.607259661327886,-1.506643571248828,-0.3861009196392943,3.1923633997698007,1.4818873639359713,-1.116825449158541
0.14009128504001184,1.006993864786754,1.0948737967121744,1.68209403076955,-0.8006099020741815,-0.13522265197711808,-0.7186348790083537,-0.4177121012197576,0.5254197816668331,0.44837628219151365,0.8023295053474425,0.4624738179032659,0.23515187786042335,0.04191467859196883,0.5766212305562478,0.5565016446813662,1.066182180569029,0.402643774458768,0.5232495057463589,1.4455892624912192,2.24838880086902,1.3952120724628225,0.8929332114873325,0.8758301356504917,0.31932223317851915,0.6453701975564773,0.9609065273616312,1.1942239692293648
-1.133878409405523,-0.7301502826419495,-0.5415416895858471,-0.570339868949177,0.17134072467521094,0.913746349545459,0.973168954741677,0.09149375969324863,0.913966946106203,0.2123627496880639,0.2456089705255607,0.7500235227753005,-0.11222607304885372,-0.17190303060297957,-0.45538457324122356,-0.40465611350587005,0.02810218438273409,0.7538226935940758,1.8549749773864255,0.2091406403834534,-0.5113360747873202,-0.040003748346294755,0.4566759878288457,0.3711071502955556,-0.015724295065695296,0.24780348816524295,0.3868605579734481,-0.5407595212301691
0.14009128504001184,-0.29792583233062114,-0.9297769159049263,-1.5230888134354066,1.2136669361353905,-1.0743677998542613,-1.3292625907258673,-1.9574203256918965,-1.6307711857510714,-0.8872575337027482,-0.5955990297289284,-0.369323970879916,1.1155869607341098,0.4900006292638702,0.43555419579631366,1.3189646184420398,-1.2369689298746402,0.5930940657237954,0.13516013812319602,-0.46830090293947385,-1.282581181712136,0.34076188346012787,0.9940173997487126,-1.6617275471407444,-1.374963460795159,-0.48673703991611195,-0.32071181384029485,-1.465223251570441
0.8478522263986423,-0.22761288531328783,0.36996058654623526,-0.5630485215155587,-0.5803554996429859,0.7864924605705284,0.28933035308230687,-0.7522257704063745,1.1251212859876587,-0.4400326326191571,0.2832804713262926,0.5073146710591464,0.3664637590097429,-0.6072660370991034,-0.6808155561790687,0.5139820191587016,-0.909985275772378,-1.0489724042090975,-0.48942533291500995,-1.1209586259246354,-1.4813297096665639,-0.9795211222115336,-0.5926099415378409,0.42500804554948335,-0.7498519016417811,-0.7279672982724296,1.2232206156997394,-1.1118354511206097
0.14009128504001184,-1.4782315591554642,-1.0858006468450905,-0.6595412681687318,0.47277322700641766,1.8051615742246052,1.276447934671251,1.5803129773475086,0.011773400812214363,1.6425739072829137,0.8039183494928429,-0.02805648836327862,1.0226331047987145,1.2907422593621924,-0.3372426271797027,0.13798143285146708,0.7445786253664828,0.8219699125850257,0.807802022428445,1.3777220978036673,-0.4391593484861913,-0.20623816998872282,0.6176999845317812,0.6956056519512324,1.0117657499103463,0.0700185011572846,0.8108942393173054,0.8332554684804633
2.7533624531334167,-1.0084142644264509,-1.5480936550151578,-1.470456637664712,1.4507949774807642,0.8845296561229371,-1.1219147604158435,-0.46760752766848934,-0.5101898669605838,0.9719536019261599,0.4528662005124315,0.9066931670069578,0.2575618636931993,0.703904228489754,0.27115045776842783,0.27683263739560077,-0.9412256388508587,-0.10051953749584452,0.04913377573286155,0.6536216644310604,0.7208146683666894,1.574527187441855,0.2976489707145999,0.4820966924373041,0.6455581752908562,-0.18225274896825103,-0.08690455983862372,-0.7614722273066106
-1.133878409405523,-0.6528907517334943,-0.2976859948009514,-0.6568158008718098,-0.18207056746716074,0.2709089211644358,-0.4693644378296895,-0.4918096534533898,-1.283700264223254,-0.8278526588149957,-1.5186616027332966,-0.8651876516613499,-1.2815985174137066,-1.5311718048018368,-2.933008176157912,-2.9442675434484618,1.419935038664437,-0.1331998058260359,-1.33864840719883,-1.7268298914368083,-1.5044799409054836,-0.13640874069871609,-1.1493094492215363,-1.9202847855589746,-1.9792382859180688,-1.3303731154494325,-0.9664547450627329,-0.6538531567073059
-0.22917529306014311,-0.21245747059382014,0.42292336116256934,0.4013981104518255,-0.531672558694193,0.26667058668753746,0.8638074875788007,0.24212668799922046,0.43901554028427026,0.5594802882637487,0.8201534145060774,-0.13302314226279227,-0.1846014413830362,1.093887413599285,0.7487198046354934,0.8497267887719056,0.027720930020994735,0.6046162162938085,0.8306370338918727,0.012531959621294783,0.23308518701871503,1.875396426496745,2.7599102579002404,0.6376679726720802,-0.3458591641941969,-0.6493863421857028,-0.5576032696291169,-0.4128972595250443
0.5870981953717789,0.2639633672264144,0.47778281878087697,0.6403685267674899,-0.43896227999658083,-0.6876330978612661,0.7738024537168108,1.2165127734166417,0.42514896144792763,0.7879612506794154,0.11155746249659187,-0.020947853954815413,0.2865525444416108,0.9060758836709909,0.40572722952149354,-0.8376583714528602,0.6651727433988209,0.15843570522000772,0.8688356811331714,0.6039308762309972,0.7610756699777013,0.8091369236862422,0.5389106313236274,0.2961384738535261,0.890893747301136,1.063124394131331,1.5388539134957204,1.24752388660915
-0.5393592186642734,-0.6193782183042471,-0.09858773447962689,-0.3787599005782178,-0.3796528568837896,0.4119864209385835,0.10769867190912501,1.0334345081126695,0.07168366611575289,0.9936331801721456,0.7968560320225379,0.8110186303850727,0.9566535338465034,1.8212174820150104,1.122733949688405,1.2348863421587635,-0.14998433793415106,0.36058875888905156,0.33779045022209786,1.2464229082353366,1.8793253265250087,1.08363753682431,0.4945625288060475,0.18973339472642411,0.33828699998784756,0.49667421031184095,0.3043793523128481,0.4466424096015995
-2.1247437273076057,-0.3092032803626182,0.20837495036365644,-0.2855696669851201,-0.3962613712492888,1.4306002728194744,-0.038983590446965186,-0.06358876401252668,-0.7726280004251596,0.16379057766947908,0.3024787337273437,-1.300376506479886,1.2827657755893942,-3.486393674981186,0.5315908383307228,-1.3286951788094767,0.6194715350399432,0.428859411483051,-0.7267331827214696,-1.6784749795393694,-1.8645836170252494,-1.2645707717309498,-1.3563385816698377,-0.835774237031216,-1.2686149155376125,-1.4742679181113405,-0.5723761425631008,-0.2563167201402558
-0.05293442623961494,-0.8787744785245689,-1.5959542051409537,-1.5211304892875435,2.357209718325876,-0.0550341212288143,-1.3779625264520563,-1.6066323862054714,-2.0619609589619174,-1.008557090986136,-1.0056150861784248,-1.6564893590349778,-2.1525591479723953,-0.5940716597036155,-1.0743717713224445,-1.2170035335685105,0.6650317196598718,-0.49339007622558056,-1.2489260065302987,-0.7462994286959161,-1.6353815084959262,-1.0863246306054626,-0.8434977069217356,0.2554710624767656,-0.659108297464568,-1.0369078396622715,-0.5552335677161943,-0.8521088793327637
-0.6765559549891773,-0.5904205173527369,-1.4545931856999201,-1.61707076887277,2.9330387378407456,-0.7421565737573756,-3.3757126595671534,1.2086641958929352,-0.1854016997027051,-0.6148121650560484,-0.9819286539010673,-0.8893020809484218,-1.3089399644139972,-0.5826278770830685,-1.676812849174566,-0.9349553843376422,-0.21338763043241651,-1.3103690875625136,-2.0820989228092275,-1.3470404110109822,-1.6403471835013512,0.289115356537666,-0.9303223692126702,-0.856447020992912,-0.28368983588482233,-1.140031032435898,0.4130736002809923,-1.329931038775004
-1.229768601460563,-1.0702087136704028,-1.9965725112769364,-2.2660794087183707,2.2484008835304983,2.6603776024775523,-1.7577538023944288,-1.2455357760238774,-1.2290048993581684,-1.672273684315944,-2.305730243079718,-1.0438814969559613,-1.3685454471624878,-0.3452737985129694,-0.5826981680091199,0.011394832560788553,-2.0710186500511223,-1.2410330734115844,-2.0851860978097374,-0.9008895034825191,-1.4628388560684566,-1.7086973099639886,-1.4435448722656286,-1.9592192737777996,-0.5048219348197693,-1.5667078729447983,0.4559393161215083,-1.212042722516707
-0.22917529306014311,-0.36058830805538755,-0.017684450721341474,1.3508019609492556,-0.07942221667290186,-0.46863604830773054,0.7297341022056788,1.091699844304469,0.44819180533217406,1.1599718420861678,1.2850328278322432,0.9172885102801547,1.15855672770056,1.122095210632051,0.9553042932374674,0.8229026768931785,0.3310818821828756,0.877458864297568,1.3717993931782977,1.2329502947130222,0.7922092474548548,0.9707321770421189,0.399478507208272,0.12263057675743083,0.6527235295964554,1.0105470487601094,0.8009613469871019,0.19502456617835245
-0.5393592186642734,-0.3045987587015216,-0.9699895894382052,-1.4850660148091779,0.6637744344303578,-1.6177780585912174,-1.127389443493472,-2.8196740353516523,-1.9491683428467117,-1.3347096883665088,-2.339626236932556,-1.5465451234215521,-0.6442084213959899,0.48529600441259485,0.07475034076511146,1.7477298845004332,-1.0562675563490647,-1.7469068817770952,0.41486357010673847,0.14355109525852772,-2.2110472041782163,-2.432381506711633,-2.1459436541366403,-0.9439497859599215,-2.3165731064538826,-1.96876090973903,-0.209936077140645,-1.9134770937417818
2.263374109115903,-0.66576432546677,-1.3184116177566247,-0.9195746741293496,1.600544793900244,-1.2600486315894979,-0.1950741622403921,-0.7176893317328878,-1.3021837851403948,-1.2721487002272196,-2.7880118708005726,-1.4182797244020422,-2.0544560236150597,-1.3483724586167503,-1.6463389456374065,-1.254203009221949,-1.5676335486967568,-1.2933576716561326,2.014854715343344,-0.29507912588625007,-2.0987549326125614,-2.171829590054072,-1.6043186991023277,0.23836483835574795,-1.7233209454068732,-1.563460476847009,-1.3689550680764901,-2.16111723887989
0.14009128504001184,-0.3450062106714043,0.6814284131076978,0.6053237802816326,-1.1202713632374481,0.5563438849129552,1.7040695031910174,0.677273550337288,1.2091089783724138,0.42715257625550807,1.4951875740160947,0.22721382539248602,0.5706210301033698,1.195748939245674,0.7566366255570894,1.5137348940329574,0.8127040501787544,0.6708621233363407,0.6917059579697832,0.9849607479048444,1.2989036871640285,0.46283546508612583,0.062420947448374065,-0.5183534559347116,0.33375061336049955,0.12943254403737617,-0.018813928440525606,0.5085414514504414
-0.05293442623961494,-0.43414995478894536,0.3483930731053729,0.5495724352313269,-0.24674953535475166,0.8780061817599872,-0.17358736550557144,-0.15678332293393984,0.5208625646614855,0.2944927947281373,1.0995077946169192,0.7095569630562161,0.874950800311512,0.9625622676431029,1.1368495802913927,0.992530133203285,2.139578097050218,1.777643140791053,1.0142133769080266,0.9473479427528051,0.7255447568621858,0.6896988452108241,0.6255842063430493,1.944939030152366,0.7567790821180589,0.06308382460210495,0.6721844289756087,1.0434253224044832
0.5870981953717789,-0.7006099549396376,-1.0951760263119916,-1.9910549915485145,0.583935260532902,-0.07770967900033214,1.9963198623363907,0.30936218803570303,-2.740398729428318,1.3181703922248653,-1.1257029711063433,-2.5298772662399074,-1.6140678690981594,0.6253250036267964,-0.2150769183478387,-2.087990172547841,-2.120453858437815,-2.266592064675649,-2.014270997439985,0.43710339721981056,-1.0610987998615216,0.30200029035551984,-1.4263805136345513,-1.8092236255707987,-1.1952946223874055,-1.3748046759101527,-0.3377441131615081,-1.2268291316910054
-1.229768601460563,0.2176516619425883,0.748340944524483,0.16286342347335753,-0.6802662009540994,0.13345794621976415,-0.09205833580725156,0.27777641347251236,0.14491115749534883,0.489155055375559,0.24560581606777304,0.061678905833769636,-0.10116110536848245,-0.295414279883136,0.2436866575917768,-0.19955016014145463,-0.1480886645352845,0.3520283165505994,0.24688383971645292,1.0357723614705094,0.038719475593296276,0.32722887385894267,0.37239556637196647,0.29489065689633714,1.0180793012904434,0.1407867024779773,0.9524441790222508,0.43094220786672155
-1.229768601460563,0.38623355611850413,0.8854953833592301,0.5238514949860088,-0.9393993110871548,0.5774801831274341,-0.1379785248618343,0.6135686558168054,1.5875305944419464,1.0657206083337998,1.167111859779194,0.6286775902987521,0.2715244543087063,0.5764950682107532,0.7521590898222142,0.3738161677737008,-0.20391272414333372,0.2727301787876196,0.469933891511157,0.6778267066445571,0.442331380052157,0.22437499501461056,-0.17875406476684552,-0.7373604441484226,-0.38933980049353184,-0.5426457432997177,0.49868834151655334,0.5730321548064885
0.35241956744760095,1.0112425426413065,1.6384192617937405,0.01207888554878442,-1.925872931170366,0.7609956150627901,0.9497110850922124,-0.36497388285540355,0.9579662154420361,0.1061492619524012,1.3927406886014462,1.14541820738371,1.155576304506486,0.8805351437341465,0.9931500702163979,1.871205934917789,1.0817490095689941,1.445978368297999,0.46551203800219165,1.001055275863446,1.3582634602738788,1.631952774015257,1.6517124922369442,1.0432962609199496,1.4120204895158128,1.1222995118316357,1.3463637831531199,1.1245027922253308
0.8478522263986423,-0.7082580804948355,-1.2819178571081251,-3.3512136341845307,0.16633789297357118,0.6620082542020647,-1.2113158048078425,-0.3532330340184188,-0.4286741550142554,0.0433660913255085,-1.6159159816445976,-0.34489865443118234,-0.4722028683162852,-0.08488768128659503,-0.57710311004679,-0.06047957550343589,-1.038655090056054,-0.8728687284748745,-1.2944672396844314,-1.1987364229515434,-1.2909475392629561,-1.323391446973469,-1.2909568943655727,-1.470167036629909,-1.719220875999629,-1.256109506368796,-1.1885459881404257,-1.2880752221211966
-0.22917529306014311,0.8250332477054871,1.1744013664716353,0.09216192099098268,-0.7243495736430101,1.461791403833112,-0.6756410099451712,-0.44491876336982006,0.6519715725687351,-0.8307765338115265,-0.5272141139983889,0.0328783795066213,1.2738352948694134,0.4443759144152993,0.4174628216052418,0.2821099837367838,-0.39549354560342304,1.5511607110599774,1.0453183890097884,-0.1793484963221164,0.0921273213128968,-0.17403225502707212,1.3610217548842887,0.01908063174644168,0.5942869340210863,1.9089315754478353,-0.15555894049618674,-0.5260584111676305
0.14009128504001184,-1.1423357784605321,-1.4208538759954843,-1.5565094174563443,1.08233581796142,0.8715897466417778,-0.7302066004770483,0.6079552841140796,-0.4754124264188608,-0.170304800984238,-0.852821134898729,-0.1923920325282645,-1.0586822824490119,-0.2904437777880852,-0.8462697345884158,-0.6923304953109863,-1.080933012040171,-0.12717266169020686,0.02246823124519368,0.01923526955193131,-0.7900025970540195,-0.8575818231566534,-1.0977812603961568,-0.9882824507877931,-0.9388694354916907,-0.8935127935306066,-0.7555685340015301,-1.4721494508995228
0.35241956744760095,-1.3642584867400684,-1.3423867322728433,-0.0063924467588300825,0.8339551006371239,1.8418704527948184,0.7268867764227551,-0.0182454765599556,1.0302513310542645,1.3717759360967365,0.5043172410171136,0.09465574736669284,0.28770461038262085,0.07685208106257341,1.0805583801711003,0.4676025225483971,-0.5173753307347281,1.300408178222702,3.1126874768312534,0.9299916861038128,-0.6317696437481473,-0.559879779772405,-1.3009024564407141,-1.9306261233595778,-0.924130871766562,-0.06203358615158106,-0.9206644367485693,-1.307401890504556
-1.4041144051970003,0.548059267216633,0.7532283759653946,0.9157080826672461,-0.6385579303421828,-0.2945419431899737,0.4898271409410165,-0.30483786965998927,0.5386386087857205,0.5697539034906192,0.6940778062743735,0.9190677746529354,0.6856085961050152,-0.17017608413503016,1.04150837756548,1.4686089814846282,0.5542607450286673,1.5803991912493238,0.8181484907313016,1.7661953838377626,0.577446839918563,0.19536678762390078,-0.028799165765253962,-0.06455904697924329,0.6497102090259934,0.0442306415696347,1.3359265559394833,0.8915499587640351
0.8478522263986423,-0.8463367089226665,-0.17750734982195182,-0.4021388897437215,-0.2475469246461172,1.1784815268892541,-0.16042162275625577,1.2449358009807538,0.646480740596932,1.7109669023593113,0.455893587448254,1.3983167139912351,0.8770472607912644,-0.08219049972677829,0.5652135706671666,0.5490075291857889,-0.6255938910477997,0.46147862246214233,0.7108872192697558,0.048080367224099016,-0.4961784038368004,-0.7886530235970074,0.15371167753890494,-0.591076537127771,-0.4578651825774763,0.2585525854931178,-0.25579931698322783,-0.33229956031376473
-0.8035899701048288,-0.6522927377210471,-0.9939000285801519,1.349002102956573,2.077590260970864,-1.9104118143038222,0.02175080291623758,0.7209516013605209,-0.7633923304079926,-0.6105681903565356,0.8202407122913652,0.4018562829622288,0.1587161391086416,-0.09694452861147738,-0.7712053452884345,0.2615080325632785,0.2969219816376275,-0.29349203267987783,-0.8601180975173519,0.23066691911777987,1.67154081690428,0.29677663791942827,-0.8416243655195165,-0.5672717719621564,0.20543382418615527,0.33476182880608485,0.03010915176767353,0.6635376852741667
-0.6765559549891773,1.3857191948562886,0.6545419803678344,1.1713593951310053,-0.5257621490899783,-0.8857652500714809,-1.6015880038086223,-0.9530407149105603,-0.5540969743555887,-0.4825085748662373,-1.2416862217639355,0.1040219340889551,0.26388202178158626,-1.562885855188021,-1.3588712576036326,-1.4588894034423814,-0.8114094659530277,1.2891742462795455,-1.3255152020529826,-0.37643940328182207,-1.0682518345336511,-0.5810801127158071,0.40433081726149245,-0.3055528031599172,1.2061027216839852,-0.6424658236379338,1.2328586508244703,-1.504054491588416
-0.390729420978961,0.11115769738504797,0.12457488756223548,1.6922766963353173,0.019702920466098173,-0.9699510353428396,0.3817765188027867,-0.19811581957301305,-0.5307900167529919,0.11301391942773284,0.5077079163414877,0.6105522411966873,0.23071539833582805,-0.4924229343725061,-0.4804313273501812,-0.9396489728190496,-0.5152596862583908,-0.4671361910766567,0.010360780302467886,-0.6669297822631025,0.17018344926092255,0.7766193946141121,0.8292847266667819,3.065383677175608,0.6716779188013882,-0.34743231960703225,-0.7963441315160781,-0.5239259333736429
-0.6765559549891773,-1.3631091004565574,-1.052315654774183,-0.6528198807482976,0.8091726069651773,1.2790196642352065,-0.3126563595039107,0.3122734676359985,0.2726032003313785,-0.14238805441682403,0.2181990431740645,1.0872531277315176,0.22953083804525265,0.05121590393050732,0.27472210913763906,0.5262923868608635,1.1549531635321035,1.0643900953484404,2.24561118772443,0.7171317995919406,-0.830603471470022,-0.4633922391352633,-0.49839607939665026,-0.22399452737871223,0.34620518844761705,-0.6327689268807105,-0.059564706324983396,1.0747242671556667
0.14009128504001184,-0.226272341794913,0.13306275417828306,-0.46760214084618557,-0.7637797619063397,0.427907881044763,2.2895203221540434,-0.07729427676005036,0.45208648676852686,-0.5937316495406587,0.883649348595982,0.5868121214326707,0.17895069282923534,0.18635972613924634,0.3993694988534554,1.2522283251262085,-0.13597475419878574,0.10311464182738982,0.29414319689838087,-0.39039340474502043,-0.46599980681663494,0.27584056522143735,0.5108015170003702,1.9607366913618427,-0.3486582177562554,-0.5282665610468771,-0.29654879661011146,-0.4351991402658906
0.35241956744760095,-0.27082922465856135,-0.6873089788082238,-1.2885211500063563,0.7212480077793078,-0.7134517354841863,-0.17315215330047265,-0.7004655683361998,-2.535603046239808,0.09098039169543287,0.4102076608948732,-3.1425754943195385,0.9979432194363463,-0.0038714062407263277,-1.344064008787968,0.822684922833632,1.2519724490671142,-0.5488352714628744,-0.8312587768512477,-0.6819988937055536,-0.8672548689284633,0.22188102478769497,-1.0551293705696283,0.2702495580657895,-0.1585563768588332,-1.661060285784266,-1.534523383844262,-1.0433443227264638
-0.6765559549891773,0.3105336019452922,1.819494362148344,0.35275521191404646,-1.6481338021527445,1.0301093981233536,0.5703705411747048,0.6591719619624543,1.1153176970513499,0.7300825880418396,1.656728579982926,1.3071760454041481,0.2403752771226567,0.706445239937173,0.8894338780139084,0.34847163566572076,-0.24457045928611143,-0.32016594895822315,0.35526464088008475,1.339292602044941,2.1964843810015213,3.9042666578510254,0.586215649381149,-1.1920414618435136,-1.6964237972376461,-1.6077110120388463,-1.1712742748489573,-1.1475566678146745
1.1392832022521955,0.05395361858267219,1.3057498826756315,0.5429711734158471,-1.4461187861587677,1.109385802396097,1.2633113342123465,1.0684618144575992,1.1265321961268955,1.0375523611247004,1.1545003864502403,1.4139181164110697,1.0130534468809962,0.8998189343441927,0.9995589317217897,0.16896595924275626,1.1813648334140794,1.242278787009101,0.36762475082876617,0.13310405485903612,0.3804195942599377,0.033358792844424945,-0.061630070133369554,-0.08502865131855805,0.8961296302482973,1.5979955298294106,1.2376770192580497,0.8322999118219115
-1.5585349742207013,-0.48681438031830754,-0.684988504370939,-0.8470907733850767,0.6340124905425657,-0.7680090428251682,0.5378847619850798,-1.0193726101994518,0.8839985206238186,1.7139523218084711,0.005759002362239826,-0.052826576028501535,-1.0849785158320926,-1.029529379994456,-2.6749503113548347,0.9202826021530266,-1.1621907318068623,-1.1616333802831793,-0.9167967935253021,-1.494354113129029,-1.3364922402169443,-1.3383986194012292,-0.11635087689845262,-0.022887322293608018,0.05424044548673828,0.1940453931511078,-0.167028969793948,0.3335069362383314
-0.22917529306014311,-0.6697471302204663,0.015558767061738598,0.21143369307394783,-0.3249012109844347,0.3402700033260293,-0.07731624316618115,0.5350671447595351,1.2998525960761005,0.35651700352366866,1.3097978279148061,1.0366467614099444,0.7688270512178951,0.6469529622062209,1.1305661064022112,0.854382063578952,0.9986111174790365,0.7050392665485152,0.22180420649986549,0.8539080057958801,0.2938267186364289,0.15005540728777955,0.901583505199086,0.23419015061752635,0.6359535498108849,0.847437998657834,1.0117111646349475,1.714315380380074
0.35241956744760095,-0.014686163419047145,0.2395305001664787,-0.04015117391113231,-0.24217926114028884,-0.016075807497868973,-0.34202496770237817,-0.07679943467001815,-0.5165295750520178,-0.10099230874083552,0.08076074787334353,-0.40508526114012294,-0.2629186731022535,-0.6503800182561621,-0.1681757205328728,-0.25771834804703175,-1.1409853324838013,-0.09765131605980538,1.6600522268685711,-0.5545303846837335,-0.9138700749835676,-0.7367002448039702,-0.9303760161424103,-1.2391881941459866,-0.8466748743469581,0.8119595112814164,-0.6423827730360726,-1.3963764642501006
-0.22917529306014311,0.2067165655682389,0.3196829521963434,0.6129224721201848,-0.24498786133894465,-0.12956820365320437,0.5509305873095971,-0.12439764717426188,-0.5914804878175486,-0.840491389532986,-0.5103285093126319,-0.5184368190228341,0.9732642648949331,-0.04182094507205443,0.5902318214112536,0.3173682703818004,0.10689090724742929,-0.5326411085888774,-0.7108533894823781,0.19503217107853124,2.5300798351027414,0.3870913341329586,0.39315223603006666,-0.41246026172613054,-0.4518753971933394,-1.0377749295688672,-0.9246903334853903,1.2275447095360938
-0.9215501269979339,-0.8099469441190787,-0.47000845493026955,-0.8422154452614239,0.22335189918796286,0.745488037538566,-0.42167047536703417,0.8758161704686024,-0.4256824173173178,-0.6839711468485201,-0.5608199221879179,0.4944034887626734,-0.30249208352184526,-0.03807143968685191,-1.5432499634081622,-0.690760007535328,-0.13716379484436061,-0.921841766913177,-0.25613806305654735,-0.5251609193653386,-0.43123896492409247,0.9829151861040838,-0.5308785915315418,-1.2331300847766138,-1.6694726244808302,-0.9310525036476183,0.5166892173560269,-0.9474535110532972
-0.05293442623961494,-1.3478759508745881,-0.67440159670342,0.35139740507611145,-0.3712742223884736,0.6687476428693333,1.7628234609037206,1.9626894519095832,1.7704352263507706,1.0703863391265729,1.796971493921438,1.6875200872768086,1.6678544810203828,0.3620603087191621,-0.08317278944977179,0.6184944152697843,-0.30331239810632876,-0.5669712442996149,0.057130080276119016,1.104210531356896,0.3087391702063919,0.2158380825138714,0.06997867373243424,0.23596225417340355,0.5666258110341471,0.3086665784505726,1.124201746853601,0.11713784392731871
-0.6765559549891773,-0.6105175603925216,-0.3322771632553853,0.400465559326913,0.506889771058683,0.9901998700470412,-0.6489144293944112,-0.5180189028876926,0.3102414542970974,-0.02764204201527557,-0.2932776048884557,-0.592241556461175,0.22312179960621983,-0.35107374818251835,-0.27371376262499136,0.27565925949551306,-0.4076235337997307,-0.7251505144098667,0.3034928637377203,1.5681153340139349,-0.23597697770978948,0.9991633772093526,1.344418421142359,2.0219423247574064,1.2536814434367827,0.27649190788804356,1.0608034001682227,-0.2788612163477681
-0.8035899701048288,0.9082905900967071,1.496287068559645,2.3710611854182457,-1.0366589012878296,-0.12602875264546484,-0.6841459703846328,-0.504603702535117,0.117957205673039,-0.27362542516397925,-0.41470096742320234,0.33844074695013815,0.034440115098685165,0.050103451744082136,-0.24469206549940614,0.547260349522704,0.5046935684150974,0.7363665753541435,0.8089977135243668,0.02451689617955803,0.3290581053181356,0.8352769369243397,0.5952281771724299,-0.050300085249202424,-0.005234139445935996,0.8952710027895139,0.26209617228257337,-0.16346288151362753
-0.8035899701048288,-0.4505840421195972,0.5106191813281835,-0.005403320349003626,-0.8314873040859414,1.6721737236639083,0.8818388767390739,0.3338962380185034,0.5170778144288883,0.7923508956126537,-0.5693498083509242,-0.12190219351897666,0.1822697017513486,0.8995850692951544,1.973556218994368,2.523974268092724,0.4287021768630183,0.4071701645924667,1.2377246757957363,0.33916964248959636,-0.08722060519634198,0.5742674172867986,0.4612845406225912,0.22327035983791155,0.33332948101741583,1.0096238903266535,0.773623555411961,0.5838845482857536
0.35241956744760095,0.5694403502233477,1.5122263503410447,0.5143952295069745,-1.340081517438571,0.40949855464255996,-0.3088490742738662,0.24240076102771624,0.5258218518856269,0.3745134581350947,0.1862469044601315,0.24735517989468447,0.3212070087738872,0.288174437438656,0.7478003105550715,0.6479330711996124,1.0340507579866276,0.8644788627942409,0.8442968793874177,0.7334559336714667,0.644846988652903,0.5857852820271467,0.5261831709516318,1.178815583816972,0.6670595033157659,0.09180732237311745,0.45440019358354355,0.7782280965112304
0.14009128504001184,-0.7554001867110887,-1.2268321801397912,-1.2906996859774955,1.9971729999936214,-1.2585252799300148,-1.8533372906898606,-0.5370920657615083,-0.9433083582909748,-1.5542362084594479,-1.5728830641299083,-2.2306384993446344,-1.8949353135288878,-1.0107853839518615,-0.85300507819678,0.607167671488834,0.7510508651647658,-0.19061722332801864,0.6864200862513475,0.07525184736299606,0.11560067253832337,0.5121738120656709,0.25986776853384114,0.32101698688464103,-1.3363410694712654,-1.2642933981549647,-0.07283076042416602,-0.17018380218447804
-1.3196656565121636,0.4577276851542713,0.9584711619561467,0.841205739615211,-0.7682862073521142,0.1580377422709275,-0.11502339072440008,-0.1363703403926386,-0.3116567437452429,0.15166796118599996,1.3996304890198727,0.06719013265258433,0.052523554234752974,0.04734004459039657,-0.18248017120063323,0.6872030594081445,-0.23525085214513522,-0.2123201247215174,-0.6400864044824729,1.3431973539985331,1.7809416078423554,0.7494442425010192,0.5412413792740235,-0.32152832080053473,0.49189431629796543,0.24384727600489683,0.27851599950125244,0.6267325205249571
1.1392832022521955,-0.3951744744540412,0.24247288942524692,1.1533571616143505,-0.3913543498888598,0.6980876730764841,0.6209342751843873,-0.14829298471086413,0.11355100297341747,1.035507892983236,1.2157185085794828,0.3835021685590323,0.6924224582078985,0.22618406072272965,0.08242038024849503,-0.12955309136847287,0.5393631299064746,-0.5085021197436165,-1.0641249483664519,-0.8803647128468286,-0.15939823894180538,-0.4669347915991876,-0.997795582954103,-1.0455349186723146,0.18145392744081634,1.3980892549639354,0.283012323688399,0.2581634704622246
-0.05293442623961494,-0.9737358221453638,-1.0868257708238507,-0.49220198258849235,1.1914254993390283,0.3010151792728144,-0.22834566718340202,-0.9818274107674704,0.24368211175036936,-1.3183650272479355,0.5323900813406719,0.007545619694431241,-0.6405301433612516,1.624849088644207,1.8589968604102547,3.1213333477248444,-0.6734695758722699,2.1123336269980797,0.07135093858562137,1.529064766271957,-0.8051183859583299,-1.475742425308308,-1.1832086782356848,-0.9284344671935347,1.1294577035255324,-0.20791924414411678,-0.7356050745507066,-0.7709565145305702
-0.22917529306014311,0.5746627383418766,0.6694735227672406,0.22107319161860375,-0.8195781996121889,-0.20765215252461916,1.534846857294431,0.8614630792641819,0.27755018873885473,-0.2292950335860344,0.25288503307743465,0.9685807762751343,0.8206306818037835,0.5678319837383484,0.522534200021869,-0.27031417511088857,0.927387063703296,0.15967966146846502,-0.10194283182887186,0.306147054627265,-0.28303089819893884,0.26346693230710905,0.32099148494818674,1.2748539722476078,0.9298574549813646,0.09631168186515562,0.5647325371376428,0.19760560219066706
-1.6293110683565644,1.2875990318366488,-0.08912528283491533,1.1772400693890241,0.49454676533420294,-2.856629671131287,0.3285527137272904,-0.07813817530983254,-0.903113972182143,0.5049196406154255,0.7800925953298616,-0.9760741477507744,-0.41678623231221645,0.054680423964304184,0.6205360189047889,-1.3865791182299945,2.1621757813542826,-0.16872921032114724,-0.11722645535591586,-0.3279947217161295,0.04970499670724098,-0.8445218235346088,-0.5998139578172157,-0.781524460978331,-0.9669693174880035,-0.5760818148409077,-1.5692111461221854,-0.9804982098573509
0.5870981953717789,0.27225727099405317,0.7270674779485914,0.7593586845750985,-0.5585587142057623,0.1930927839588429,-0.10776820050946796,-0.05062470512929787,-0.389748324453682,-0.5534679260248907,-0.3623805131138784,-0.2645612220451556,0.5566248520562022,-0.4165646599431075,-9.231708120881209e-06,0.1897850609595169,-0.6208449382681036,-1.1982044837023293,-0.3671331682445419,1.3044314887018842,-0.7586101885312908,-0.7434170922420712,-1.003826405006131,0.038472032526783446,0.4386396553880833,-0.27038331627242124,1.14561574185499,-0.5568724939262777
0.35241956744760095,-1.4973813964863354,-1.5252903213960738,-1.4972289260617777,0.778589354794806,1.365691030400443,1.3467921533097404,1.7449758370622606,0.2846562933788689,0.5424100563730643,0.548250927402323,0.7530456839324897,0.5384682473990947,0.7871944906327508,-0.47624657419150257,0.4111332714431354,0.05552719202080792,-0.36881934789648585,-0.18020622308477935,-0.8393366976332707,-1.270050143289648,-1.3797739645987779,-0.828095016492194,-0.5222437961677808,-0.10731466597804208,-0.23106885414187692,-0.4735739299956272,0.14355584953951558
-0.22917529306014311,-1.2142310822787479,-1.996286521647244,-1.8412997695218773,2.76280835238258,1.4796535450167525,-1.6142306322142523,0.4976550074232124,-0.910754401439339,-0.8045329096345696,-1.2530051132213416,-1.1963538641372882,-1.5099533610505995,0.12076839949900671,-0.6647423471038447,-0.4514488842338126,-1.2576703639956295,-1.4478858363024554,-2.2518041936926254,-2.0053410492461743,-0.8473353489307381,0.9118064472121837,-1.3750067747891084,-0.6815026083210348,1.218548368979085,-1.7646273778748192,-1.4430629705936642,-1.7035987030456594
-0.5393592186642734,-0.09144473314502433,-0.4162154530513745,-0.7504118043655134,0.45028588148015997,-0.4119905577868924,0.37477182827564426,1.3174648039587196,-0.6004527660400558,1.2934502875717289,0.11520258518926088,-1.1506714862282725,-0.022768664490583235,-0.7477697058890849,-0.6910730667775685,-0.21305771965086426,-1.362311852844381,-1.3336258093217412,-0.44383332549832005,-0.981377231895487,-1.7446516972532384,-1.5603118213249414,-0.5235089423116577,0.5534601187669953,-0.20841031206945498,0.39060030565541937,0.8517563618807524,-0.9873941560412584
-0.8035899701048288,0.4508077488612175,0.3082014352932924,-0.7706250133023873,-0.4592074216610717,-0.21999040179181778,0.11720904136777409,-0.6646789322352217,-0.3309654394460079,-1.2717594447148652,-0.612529236980614,-0.877256050215853,-0.7771074435520587,-1.145848219751661,-0.2762073614500581,-0.1542173606708737,-0.032045810141461295,0.26805545109953344,-1.066012010916716,-0.638400250122547,-0.5755080950066483,-0.71393413780859,0.67588125287266,-1.1548526103613346,-0.39176556552100683,-1.6012003008896616,-0.8885098804697941,0.6230409727202717
-0.05293442623961494,-1.0650665855377746,-1.2679224165867646,-0.4470018728172194,1.7764523116101114,-0.5560439883447194,0.10555603151029423,0.42430531398229343,-0.426365330172281,0.48114133892297156,-0.4294156131265525,0.009619321293542803,-1.1978311505425734,-1.7007904493057482,-0.08263964209111106,0.8165282724764039,-0.6942587532909589,1.3939291100014222,0.16418896780910114,-0.4838363899079979,-0.22646158622121004,0.08592430195212995,1.8390992627558127,-0.33785858590318285,0.05605339771346943,0.4340190403024156,-0.35168289378827516,-0.6359101638807931
1.1392832022521955,-0.1318382105508499,-0.900067409947636,-1.1751973114487,1.2686701345715563,-1.4256267663296804,-0.6530987042536051,0.3934247109779522,-2.375718766543657,-0.6545128457528524,-0.6025561007936651,-1.0394182856752507,-2.822234474174267,-3.514421138602298,-1.505753160058591,0.8207187647801805,2.5050300134402472,0.7776360690942712,-1.691933158833709,-2.109207146391129,-2.3638434071835803,-2.132446505792136,-1.163092252620998,-1.0658450834468443,-1.1933926974641649,-1.7403158955773599,-0.9580612807428645,-1.1596475217539495
-0.05293442623961494,-1.5428298387100936,-1.066516274970057,-1.2956109964252127,0.03026812701215541,2.3844640736537186,0.8491627425886782,0.8335080349929854,0.3651172579655889,1.1624457687707024,0.5220825237219031,0.3737141924576352,0.5342071578652724,2.3254669561240244,2.0992474481534114,1.2773469806910538,1.1446339893580049,1.4580633792012136,1.123497560597044,1.1226931763475365,-0.003879940264415771,-0.6367704482464618,-0.8485756312494456,-0.2903879246852031,0.10568093327525466,0.14036731553208995,0.23619524636942557,0.519143112765555
-0.6765559549891773,-0.7872103283988657,-0.2898593720365017,-0.5818105910016157,-0.043309646241475805,0.9789065366131674,0.31016225434622663,0.358349387901652,0.10475026460231256,0.23719438706688153,-0.32337514983761223,-1.2458101409630615,-0.2859116833721841,-1.2924014113854854,-1.355205395589643,-0.3157632956195099,-0.2530987184931907,-0.6756517776093626,-0.915614936989684,0.27612801659902586,-0.5618090361187867,1.0788278342039084,0.1521051631399996,-0.9751065938795466,-0.10438413732500065,-0.675160818582268,0.38965639384299733,-0.18762459280109892
1.1392832022521955,-0.0220950112803088,-0.5757571796172916,0.16868049205391444,0.8695949350511885,-1.4718530710044229,0.20014737982940659,-1.0152499332083433,0.2602139115488776,-2.0622290550366973,0.6908735863037303,-2.3549663948069526,-0.17563729061142333,0.3473184054048359,-0.9951367521526845,0.1271987493969206,-0.7512119400849379,-0.6279840631002285,-1.1552972680045237,0.6748204896301688,0.11137526269965187,-0.9302502186155704,-0.4181713971091257,-0.9889583794876883,0.6395422932839012,-0.7183210463277853,-0.41582842589150787,1.4033472119066746
-0.05293442623961494,-0.7865674984522582,-0.17317287898533174,-0.18381242953418003,-0.3566355310128839,0.8030222497690597,1.8833084783116907,0.877491271009235,-0.060958532494236835,-0.30117566036351884,-0.06473862981149119,0.15181624340017133,2.377051255074284,0.2586855670064671,1.437379981306715,0.03812074426642295,-0.6596976993287829,0.02124790586845691,0.8480300713043679,0.1273464508562702,-0.8884413906274381,-0.31867104846331357,0.18393014847422884,1.277456839851576,0.11013628302121915,-0.3336064266487742,-0.998967925904289,-0.9803568317447805
-0.5393592186642734,-0.6480935432146449,-1.2149042771241787,-1.376012558471515,0.9523170192716894,-1.1729125420109745,-0.3353088478551805,-1.0942856798575435,-1.8857477257037667,-1.4796719855465819,-2.6902438532394197,-1.3754670741391366,-1.26266731503531,-0.2967625606342564,-1.329816404735657,-1.0974480133921414,-1.6447407292999463,-1.7526206240380788,0.19524063841031122,-0.6241158993283806,-1.9350545294663095,-1.692618822423007,-0.86393640512747,-0.354220783475722,-1.7077990251617048,-0.8272480360099306,-0.12285445758270469,-1.9443232374554973
0.35241956744760095,-0.6236682299423316,-1.4376130456468588,-1.8084914185842549,0.6254347102889405,0.7371092662209283,-0.5219738986213676,0.946777885754087,-0.6727379212443649,-0.7717725996160841,-0.9161844350425828,1.8876278627623304,2.3171855620035866,1.698665737385894,-0.7677294452864271,-1.580338215729156,-0.78669332534961,-1.2167685562383954,-1.1205364376864784,-1.856787717931619,-1.7777857706675912,-0.7063706606616974,-0.2661740828538601,-1.547651546130062,-0.6180957759753516,-1.6691948710769648,-0.8965769475619527,-0.9818518536334999
0.35241956744760095,-0.29676015919694043,-0.2996899431708521,-0.3331467137266827,0.36495958349716234,-0.5642404520092571,0.6521353134009891,0.6099099427405369,-1.1104029793103023,0.8905807640618082,0.8407772106158216,0.10004654583221315,-0.5801610788876548,-0.1190615173001394,0.6121991094403149,-1.1120268719792608,-1.0331381491029001,0.24919493620190095,1.2663900273689248,0.3469837949110119,1.0880785409884863,0.13593489255682728,0.8747876458191586,1.0823420226571137,-0.025185694343824273,0.19270193207974312,-0.6776701775769757,-0.26631206415318304
-0.5393592186642734,0.6987469914397823,0.5314194135083363,1.0964840537719738,-0.3162059857964225,-0.8464138846371506,-0.25382855398720783,-0.10099963349133571,-0.15447493526282918,-0.4520009120473356,0.5721990940899964,0.5330921223438094,0.387475607667186,0.7861922209551785,0.7196901017953446,0.32055262606908164,1.5182873446030403,0.618391204679881,1.0753311839692385,1.3187286419614719,0.38268485453259166,1.2123962455960189,-0.27105118310639187,0.3616681349802236,1.0096351361608287,2.000408433588127,1.7526058372311883,0.5758097624742767
-0.6765559549891773,2.9822662900635817,2.6469318465418175,0.23667523804788126,-1.8873061109887723,0.6303583193413532,-0.9045063294022572,-0.6474432186070747,-0.24644589063125125,-0.9546751356227058,0.5138992977978697,-0.10901027566891476,0.46646739823431493,0.9612125917624368,0.43355033523082737,-0.16322776279748383,0.07426049422675281,0.4351473100751018,0.6696689296496348,-0.4281330152688549,-0.789215982422794,-0.2576078240733227,-0.8890797670258573,-0.7399096206460379,-1.1410714868084857,-0.3516568295297031,-0.7195463920418633,-1.010769580706836
0.14009128504001184,0.8041458378346094,0.9007919034155032,1.3332282049475628,-0.8029964261413615,-0.08556964155161806,0.7689802107171035,0.3789894787920583,-0.03861877657859303,0.4249195421232456,0.4152117068852761,0.5941810278171615,0.0051623654394350755,-0.914795304058285,1.630709680198104,0.848666120422243,0.14083934428227973,0.09156851829487349,-0.2788919925866499,-0.4122015663340765,-0.5129890195443905,0.02163587907112701,1.8621229453092967,0.7538853799660159,-0.2658236453290503,-0.6716545633937606,0.17123013189656694,1.8462377617438979
-0.05293442623961494,1.1267739139317445,1.179434818160551,0.39443126822384883,-0.9321288783926286,0.2685547171748651,1.2042928637105066,-1.153595155159216,0.0011609709316746026,-0.676143904827189,0.8990456701819407,0.797303218802677,0.4884449352375549,-0.7207024186480531,0.4128539468361599,0.6653962898266159,1.095496805371782,2.100755229185947,0.36625163506256025,-0.14815094562872705,-0.6727038294485671,-0.5655966072306563,-0.31971231108901793,-0.2716461640132642,0.17969675483771191,-0.1483981357353477,0.38328920412369527,1.4733928354456631
-0.22917529306014311,-0.48263165932217855,-1.1152298220812071,-0.5426091221538721,1.9816982189363883,-0.7479271017774669,-0.5613226251979642,-0.3682560359557718,-0.6055992404114597,-0.8755318125598902,-1.276121212194732,0.09784166654366624,0.18525099089357605,-0.4681711046738913,-0.9993171399311574,-1.2827581711181688,-1.0680947328359727,1.1559789925471848,-1.6410289655091403,-1.5508581752930821,0.07524613435744357,-1.3905602234525007,-0.9046965759592301,-1.3924014471331505,1.6092761625257184,0.08839566521422515,-1.1506474821459376,-0.4062911532295377
0.35241956744760095,-0.0843875782964033,-0.3889827512580692,0.21358842535378247,0.18752243286153333,-0.0836979196739712,0.45550049907050016,0.6131417205348834,0.6100944387769733,-0.77581460731456,-0.17212186263991294,0.42669076439139747,0.910423543061282,-0.8032970674771606,0.05196951504313225,1.089274198311566,-0.5645071802244663,-0.40265722326068126,-1.4086302452454282,0.062445038247756206,0.4185458679756486,-0.4785849752735052,-0.34341932727525487,-0.37955734179588907,2.351595361653849,0.7579733385160582,0.44506755446106055,0.6325856186582617
-0.05293442623961494,-0.2729185947771697,0.15214637940089018,0.7668333757891815,-0.32332202005889954,-0.37571624281476934,0.5536610959113831,0.6106836055808184,0.2917807620054107,0.24724757070449552,0.1479425803021266,-0.16200203599285112,-0.03855823535963117,-0.4150882167358159,0.7563844455483393,-0.8396157631438779,-1.138751591440798,0.15122325713233126,1.1183421901433273,0.608523913111304,-0.26643918598620386,-0.6556292949399378,-0.3694092314687383,-0.16781060905063877,-0.00688768861691394,1.0290613553067447,0.1136055948511027,-0.9111285596426093
-1.133878409405523,-1.2698091114780912,-0.5482896175952243,0.9500137965027527,0.2950051342833645,0.708214140119935,-0.43940498519435256,0.8047905227935965,0.6285538674916052,0.9577160304922226,0.841028466846587,0.6824652488535615,0.4179762464697096,0.7314605913109122,0.9581391167644007,0.7543592684038569,-0.1604051703249769,0.30308041481084347,0.8753276555238394,0.24906299505652188,0.2480987139268636,0.14643068416166388,0.5638550460073517,0.38692211444801966,0.7539331004184763,2.5383435452282868,1.0573876844911587,0.011545217537574193
-0.5393592186642734,0.16677027421222648,0.35102469307168044,0.47725349960353486,0.06384931566556655,-0.09379212508156418,1.1037648588053872,0.2193717028731772,0.2091738223875212,0.27859036694744155,0.39377715399118685,-0.011559043778368123,0.4849919456814542,0.11558475261224517,0.5119956888421904,0.3693127445848205,1.4639676824064982,3.257623911461748,0.4134578646804359,-0.528143893808575,-0.45717016403132676,0.007903937921953041,1.729732019823581,-0.11656270795225321,-0.7588199068756303,-0.941451031806921,0.07121183382276455,1.4964346638445754
-0.5393592186642734,0.10791363301334367,0.6011698362490291,1.120143439349558,-0.626709563980951,0.8994793332644421,0.6729331119846403,0.1199808455334435,-0.15640917689887224,0.5681779697351642,0.3580827279487749,-0.5907587615911181,1.7164375794438498,0.08959173234525686,0.563037436187347,1.158928416014395,0.3126925596592031,-0.013480615481287338,0.7716937487241387,0.7331359482410778,-0.25434993334781647,0.8415024219284175,0.5328093487997396,0.7607284340022628,-0.05074146083900316,-0.24734612507977322,0.35360989046179586,0.03759612705893742
-0.5393592186642734,3.2481260859278915,1.6053714177007021,0.11121207049924364,-1.6066775678325171,-2.102859609394507,0.3938698252649689,-1.4426935540581236,0.2135029216152672,-1.0321872050588288,0.21456375065217573,-1.1299366431112878,-0.8660047866559409,-1.527047216254688,-1.3051841804847486,-1.1724546133470108,0.14439262339800413,0.10226666616344825,-0.4252875269141438,0.4425454356909642,0.21372981818343245,0.37601959264772494,1.2045293596939557,0.45099684313257926,0.054660967382504914,0.6093968842991629,1.6451957187398663,0.8869911049389158
-1.0313751006570318,-0.7589980378612962,-1.456904490469312,-1.157800466695078,1.8607471366911006,-0.7616473824272285,-1.45723619089204,0.20964370192739082,-1.9518169688302263,-1.0666055081029413,-1.6732168296242067,-0.7787704024229382,-1.014388409776422,-0.42045054354736194,-0.981977321076136,-0.1856660179984816,-1.1801933205188162,-1.0462089190170034,0.34983543170695836,-1.4676601344682978,-1.1969492198354952,-1.345347402596306,0.1087636052764776,-0.1742066085084012,-1.60874028915659,-0.9509845831950626,-1.6595694914286843,-0.8482839963248345
1.1392832022521955,1.6911925816168767,1.5009388005415902,0.9949857783394558,-1.11170030180158,-0.03845033659467913,0.8715346588886487,-1.2041895037982013,0.5393219933761174,-0.4888854017532466,0.38046437622717344,0.5872128761120584,0.10481022773573911,0.6103604238579123,-0.1584347356169852,-0.707836251131995,0.1502128086487139,0.8771548188605152,0.9458824868283692,1.9032297730943712,1.5949150306377209,1.299733841319731,1.228419447982994,0.8067566387198294,1.0579916441018948,0.7714595801721547,1.040572957865721,0.12188102057352389
-1.0313751006570318,-1.3672455714173326,-0.8820427164373158,0.1956837316140537,0.546581858838169,0.5936341922683016,0.29430934440150247,0.4708710228917189,0.3728043553353372,1.1331665026669624,1.4681975196680401,1.1908086021360018,0.5851215590685612,0.6375298143609262,0.29449320308510657,1.1547697467018085,0.3020808116954036,0.33950418924684406,1.2497168862773773,1.9455226414095246,2.289437813179464,2.4675659497355245,0.9579360075749934,0.3399978697729786,0.07598259497835824,-0.38009963247717543,-0.2655722181594649,0.44681610692779483
-0.390729420978961,2.2471566380477177,2.2547520201426607,0.5208773621510894,-1.8654961029182038,0.054216904236674295,1.040212591974038,1.3981330924988191,0.35935020804963647,1.0202892674053563,1.020605146347569,0.8369727427273728,0.9459130795268825,0.4273882314564012,-0.02393674855409251,0.4908212165712111,0.4318227236264057,0.531089821396237,0.3601047402456482,0.8998769344055169,1.1992716740940998,0.5694979692279303,0.09381159597826524,0.8766984017853162,0.9428805854387153,0.9866207206144996,0.8024946655500301,0.5117331582663216
0.14009128504001184,-1.2720237275276245,-1.4180581432894404,-1.5207071157268561,1.3340412750644426,-0.8873367450384514,1.2310699162280638,1.6125217734961779,0.795561015283362,1.072256969864193,0.10816852334665907,1.3544547061209093,0.6021944083176897,1.2136017058658621,0.6435452129214844,-0.9169046733535579,0.8992813065032815,-0.527728280506222,-0.886711830653341,-0.3203108038983184,0.7837594050252569,-0.14319197417731935,-1.0482605302973464,-0.46516710539078027,-0.9013064754871258,-0.9259260370836832,-0.8485430210557248,-0.03056553720544537
-0.6765559549891773,0.5572964540580975,0.9958688822178922,1.0056850393639483,-0.7838176952312143,0.4180023861628378,0.016914236790817674,-0.15051515228081722,0.9935359937692714,-0.3175520831287886,0.20631488021704844,-0.4034069587247474,0.15379133580479917,-0.6446860639844467,0.3820152697122196,0.27174824328523195,0.011892889872659494,0.08426832450949194,0.7266392924186227,0.3103029787596053,-0.417595539354279,-0.26080817500196274,1.474005395220162,0.7744276121089451,0.3490050050688223,0.9051852003072441,1.0740485294100375,1.1822646057893595
1.1392832022521955,0.497918531381276,0.4738790236698472,0.611336039130885,-0.43361880423467625,-0.5112330969101052,0.4645790665920773,0.23376652547278298,0.8196077290183034,-0.10424076371993304,0.9992951945360946,0.3843201201841713,0.8555226146723327,0.7441579529445381,0.8997401177353929,-0.020398617083641393,-0.48003540255460353,0.4883143756329838,0.1069811355256251,-0.40280135609825607,0.23686448326184445,-0.17967620133733211,0.9258137744565922,0.5276601683256085,0.06849744258436162,0.3447880929396883,-0.2522143696129943,0.3734655855370792
-0.05293442623961494,-0.8037451967432541,-0.6071005895990788,-0.7634919880946534,0.3209112830369416,0.8548532971443357,-0.013061647135921286,0.3822476927643502,0.6643280083478148,1.1256226732257169,0.6897579108264871,0.8202613978567076,1.281259167760925,0.615517742411049,0.20191241605605229,0.5104350731900864,0.863372379944148,0.9721502817891773,1.4240583750422784,0.9674267046378247,-0.4135931514116738,-0.645036303296277,-0.7381950400437864,-0.6514179145126361,-0.6269112456857684,-0.3426626207422771,0.1556731113879168,0.6440355486487969
-0.5393592186642734,-1.5751521481705457,-1.941692637452275,-1.3967323985312194,2.1809141217023815,1.4704026117886106,-0.5814851838555237,1.5074628737183753,0.4533025533259346,0.3222512841316481,0.031779415511409705,0.9766858524151273,-0.8621116115204077,-0.5301296689914102,-0.06748117200396066,0.03782031231903202,-1.3375494253082407,-1.4213835322993742,-1.1000690614634456,-2.2908447688790385,-2.285862946132373,-1.1653727321090777,-0.9560938537636404,-0.17618478788741707,-0.7851474313918184,0.0017053405843169298,3.1959142169870325,0.16806775942941835
-0.22917529306014311,-0.25389904030389704,-0.17139712159293174,-0.5405238080807714,-0.058784964804129564,-0.20037906625800633,-0.40751073249520253,-0.39342249326641104,0.04371807765578572,-0.03455935544139841,0.309162063879642,1.5350887490717156,1.4485782378253422,1.3497854851961124,0.06212422622458813,0.33041177583594755,-1.12577978669236,-1.0508588203361546,-1.320534617719389,-0.9748142918535805,-0.6730200388974494,-0.11815718655549852,-0.5527618467141825,0.012959251529748554,-0.7048166849427998,-0.5928005197710571,-0.24759639105435977,-1.0705714155016737
-2.3229167908880224,-0.9562511046259529,-1.0615715397423877,-0.41187371376843795,1.074363268811319,0.22734835825727936,1.9930190329107695,-0.3417257910754994,0.995457136323181,1.4637777539211483,-1.5753124856896703,0.9804820552457566,0.003836030981490243,0.15537932443208594,-0.011636272948641705,-0.6981272692881645,1.8840363048603859,2.143450066832565,-0.5065813286860167,-0.8702397154168116,-0.3163028333487315,0.7043432734377524,-0.09031827412823767,-0.7963350375603625,-0.7673020723507523,-1.1476636071872233,-0.4240575460761329,-0.04926508002579054
0.5870981953717789,-0.40600518277879905,-0.9024175161350894,-1.0762915347863296,1.431608452742019,-1.9102701943020306,0.8249614965142344,-0.30338818699177655,-0.9893980642345014,0.5765391355578847,-1.4212299384036937,0.8488634001779796,-1.3495222697334868,0.2195200263735409,-0.126444193260625,-0.8781010744623705,-1.3612714783285156,-1.0803419178419156,-0.12269524278145702,-1.0073973284031033,-1.2026931330629043,-0.9376994271853533,0.013996069283160181,1.0835376337391074,-0.7656648526455149,-1.3588726913022429,-0.43833318635929336,-0.6771003375526085
0.35241956744760095,-1.1546016174489055,-1.198139194643761,-1.1913483927857824,0.7806076876489186,0.9287304575815793,0.14862145419716724,0.7537172657065245,0.5614102469148011,1.0025695248688966,-0.19992587713642299,0.6118079707200798,-1.1804003807886003,-0.43388450430064346,-0.3678111038845642,-0.7737265260850659,-1.5505864751240104,-1.3139088622782487,-0.8927387070940122,0.6717031655051569,-0.6596428435347081,-1.477202465052319,-0.8912452730483517,-0.19432829744901162,1.6049263438597476,0.2929189296903935,-0.3881982208898579,-0.5351352401778046
-0.6765559549891773,-0.7438451178283034,-1.608600458369558,-1.276665804588377,2.334841967755688,0.5532464531594847,-1.0928168034889612,-0.27895879370118964,-0.6777139045333223,-1.007170149047973,-1.458239430999326,-0.7705619230375459,-0.4676321526320177,-0.16318665734907378,-1.2441966469400485,-1.3625656086278535,-1.4295191092949378,-0.20146045029005805,-0.6857441617166878,-1.372547265824464,-0.27928720169508736,-0.6120890397867675,0.28208651253366074,0.8596858214887949,-0.48013193523247766,0.4241540788403076,-1.050287513225908,-0.2912116570302695
-0.6765559549891773,-0.49305274228783985,-0.49169044512761245,-0.07824759790813962,0.6432352773008335,0.29495101454265926,0.3454539400634671,-0.2316707387091476,-0.2055377856588635,-1.143722185115479,-0.7501919756209049,0.15625399370871437,-0.11048610922804777,0.42550756238109666,-0.16821515547440283,-0.9061968720477563,-1.394978026485977,-0.5394592829049023,-1.5285101332592648,-0.6831082882984573,-1.3833842167940837,0.12988182999924103,1.6330744852909675,-0.7579891910062909,0.19478441812247244,-0.1647511977974923,1.9436788048796823,-1.2742582417793349
-1.133878409405523,-1.0523033159584747,-0.991778812436415,-1.4396806791051047,0.3148788597022655,0.9353924797663876,0.6968278679707807,0.9284227258765112,0.6942827029595384,0.9697236362495129,0.7858815755664404,-0.1670773203529723,-0.28834063103363544,0.11241985817817354,-0.7572111900751064,-0.4164064988148879,-1.0954132516895745,-0.8280433228792038,0.10843732996581876,-0.3681874522660785,-1.0247628440144483,-0.9329662308892165,-0.44820695234669117,0.09353304183803508,-0.90053509899569,-0.3705984120611809,0.8459745335911171,-0.7809106847507966
-1.229768601460563,-0.46732556985949814,-0.7788128619118873,-1.041047125152109,0.6147641526804584,-0.08426814998859244,1.933182470111726,-0.9201967940826997,0.2528482681818358,-0.1051262824376131,-0.079826963832828,0.6203234133120861,-0.8027905004671956,0.08125660838141299,-0.3633838379950991,-0.1535416338476106,0.06371875344624535,-0.5032785741372574,-0.41028351839199695,-1.074915321087311,-0.9761282951013505,-0.7069704762858923,-0.49667929944244826,1.075229250642618,0.11921111653561162,-0.4723222161122777,-0.14665197712177458,-0.5679768001802371
-1.5585349742207013,-0.8897931321423938,-0.8276897810541424,-0.5653464080877492,0.6945898889424011,0.992463130017472,2.281097022132607,-1.2633147351250091,1.2848430696745798,0.3428329439098246,1.1123615987728201,-0.6747784359504218,0.6761178043420714,1.1747026694238158,2.0409169055364824,2.2641336924537065,1.322116258118586,1.2233934457425335,2.0553754293506357,3.1209187444864526,0.8459404225711933,0.35845727514343984,0.4148850295613667,0.5212805806721392,0.652874386389765,-0.0675776082773602,-0.066792869920092,0.2644169431460542
-0.390729420978961,-1.1845285891561295,-1.346211961549102,0.3082867058271404,1.18294420130839,-0.15941419566940151,1.0042851702917202,0.9729858493470817,0.08229518622081321,0.7722230040606068,-0.2183207676077949,0.28480329790582704,-1.1687508654540764,-1.7175190859884986,-1.3666380091399675,-1.1160959940816302,-0.7465703412660264,2.200652658660856,-1.1216592477482241,-1.637102517041849,-1.8921953053152776,-0.9078329593119752,0.4799668101957295,-1.4788250431409342,-1.432604185680482,-1.5328768563909128,-0.2732522517584009,-1.480388194000212
-0.6765559549891773,-1.3094494851555625,-1.3776994407878551,-0.14097741024496593,0.6622753318124828,0.46288206445546504,0.8710706144175043,2.080391228992372,1.2854642441546522,0.35634274029333096,0.8893232155764704,1.3328178134809574,-1.4908373426228405,-0.7377325238794347,-0.7952622456595424,-1.1157592550554458,1.3311436519599917,0.2165235122656428,0.40083147510199574,-0.8791512982223739,-1.655740231551569,-1.5904499508452887,-1.2666112763888733,-0.6138020590726021,-1.008718725195223,-0.8947002347690627,-1.058911456449199,-0.6248165569098828
-0.6765559549891773,0.7190660075781913,1.8348043075297151,1.0767411614893356,-1.7135455780554234,0.4671454072263306,1.2299337389312652,1.116768714352521,0.4002698873878448,1.2356601216989629,0.8818538752389059,1.2852829964674042,0.9220493087030044,1.374303285147139,1.1480227935847382,0.8401381469233286,2.053174380674387,1.2607356406643286,0.278967753927937,0.21004229973386146,-0.08293230248494596,0.9088273830852173,0.74485587682412,-0.6100323196095429,-0.38551733200387034,0.09135616795786607,2.0372918819240757,2.5508847218338384
-0.6765559549891773,-0.7171182132949746,-0.13977297672091954,1.2481176084722079,0.06598294343238457,0.03161251763452242,0.46250624368048676,-0.5731803350560853,1.2506709760467425,0.33181679999695207,1.3592429144778562,0.7955606248762559,1.1794266460360485,1.201728464478728,1.4646833952999034,1.4853529643766348,0.32225419987362103,0.4420977623881096,0.6720872678404203,0.6678733994204625,0.7810954276726878,0.7539720121416776,1.0980062642656818,1.242089772907501,1.0586677145059034,1.2442091125580041,-0.06979757252286192,-0.5258318815196188
1.1392832022521955,0.6243114759918903,1.0255515349242752,1.0176054186808676,-0.9125107368011931,-0.19528010927815703,0.2787467412731726,0.6342067684898143,0.3556047129442042,0.26450112090066036,0.953906948539913,0.9247700226710692,1.4878362103047502,0.52388882542079,0.4151835191434058,0.03178845529223826,1.1129332082851844,0.19919268960643047,-0.14059801956018647,0.7080367909871534,1.4665033506944358,0.7740961964034941,0.1807566901522897,1.066810960440455,1.0142456921372396,-0.22799614390666761,0.6304510992119481,2.5324843162099233
-0.22917529306014311,-0.11361734726940316,0.08775995845843512,-0.5641020839641717,-0.5285264050914403,1.262919568105603,1.1543200361425665,0.11112958154623417,0.45706986619517737,0.22123500749753303,-0.7606126413365502,-0.5055233641556527,-0.19756826884749717,-0.6448225799940708,-0.8758431462884003,-0.6967114661975936,-1.2530787291087688,-1.3421223237601854,-0.5708086314558565,-0.9314691066038617,-0.34581320232162344,0.6987912404509177,0.3653228521261681,1.8801881499832378,-0.16012064810964297,-0.8807803072839723,-1.0581848904163422,-0.38590075474658925
-0.05293442623961494,-0.6485724791546782,-0.02727926746816155,-1.1317161603341284,-0.4065619907520868,1.3770559231473916,0.533051544122814,1.3442466304348701,1.2209577088909296,0.7106418552073226,1.271216180456255,0.6731702557131131,0.9120097897281353,1.005423161966271,0.34716184757566143,1.2685311452974382,0.6122654815325489,-0.3461887937112444,-0.6871460162859984,-0.6202984784781999,-0.5147075795071894,-0.409418500094451,-0.743750547170217,-0.49386177135863435,0.8719767479943932,1.9337324599119095,1.4997452787061254,1.1020959847224407
-0.6765559549891773,-0.31790953096550656,0.12140349936949715,0.02079402586693035,-0.08335514383496415,0.6487850297861043,0.2666689360292941,-0.062408838262124795,-0.17839358967520363,-0.06317252871473167,-0.11452652524063371,-0.30952425080076384,-0.20512479647861045,-0.7325635689124573,-0.10543331774022077,-1.1102070973788527,-0.4843686381161097,-0.8262621084905095,2.1675675805657155,-0.3287532677923602,-1.4048357820421542,-0.7033784552707406,-0.8215037951711909,0.6918097724197962,-0.7195986667333781,-1.17409583220668,-1.0345311719956105,0.4970777968623388
-0.22917529306014311,-0.928770739980483,-1.0901421056594942,-0.3949738679462811,0.7546026378979636,0.7838789720877303,-0.4101788021896607,1.1351992263291384,0.5455892513287758,-0.15809362511440572,0.47700220415744077,0.5728997196379026,-0.1353275695873789,-0.6652270041057794,-1.692182839303557,-1.6917231055558584,-1.7926576595819976,-1.050849432865401,-0.9646968905233485,-1.077190273469641,-0.45625420368072395,-1.291960942111744,-1.5209853883831763,-1.5050520718017342,0.4740497203160461,1.1634063354376663,-0.8155513177460292,-1.0947599856790073
0.14009128504001184,0.21943341885981374,0.22786217088505967,0.44635962973583904,-0.0515743295876383,-0.7425130964920447,0.3606938078267108,-0.8251449767659536,0.5960323424510392,-0.5761027332904152,0.02487101846393231,0.8399862251696515,-0.21200948178375728,1.0010176012181382,0.9962642931815971,-0.18584520852023484,0.28308168406742146,0.24185160660049443,1.0458079470328994,1.095438251567945,1.9580363500689313,1.0521003913605496,0.6975927753181156,0.2305530422968545,0.4675662356639705,-0.37077859207589,0.32211171793879134,1.304770216094673
1.1392832022521955,-0.6173760034403215,-0.055762938431152334,0.21614782038579045,-0.22959961865441786,0.2530669739440137,0.46490422014721866,1.0194852879736982,0.7459109451206052,0.5293970116429205,0.3943377182572762,0.8900138017308523,1.1313516888282606,0.6196924419446223,0.3393180901282988,-0.3049203181966334,-0.027693468603052565,0.3085712317952701,-0.12069343895527339,0.9525758447487518,0.6662739831005308,0.8343704918070409,0.0728063987068794,-0.4276861832014284,0.13250772739115224,-0.2778764240850739,0.2646351822567576,-0.07130870221027194
0.8478522263986423,-0.06764605055650541,0.7183800824849453,0.632089912933412,-0.6407372460697464,0.33531621808769907,-0.5026409031625567,-0.022740678862663666,1.0128582771352976,1.2206608844354303,0.9193375146291407,0.6310367564321957,1.0345093707866269,1.0360694904306016,0.9096135655065505,1.45574678078128,1.816282977960545,1.2017215773102037,1.2407640003325155,0.8470682886443827,1.2082981624965927,0.9887591213054125,0.6238271520902811,0.8964614816628863,0.9299606205780033,1.1457901114506654,0.6892837794821122,1.0335556396262675
-0.22917529306014311,0.37047050718438124,0.3369190437031721,0.09226366793195308,0.10742256883511764,-0.03224608420613806,-1.0453538711839063,0.1613085944507632,-0.2409618903993903,-0.36719605041223324,0.8783206379850561,0.25193610982683223,-0.9289938127577915,0.44607239194292264,0.3231478910658819,-0.833786737563621,0.701559896164728,-0.13800805282955136,0.2929696838862448,1.45856768560723,0.9041926249690319,1.0383716222406145,-0.45936105618889184,0.40092479954178933,-0.4342896308739933,1.3689179133565186,0.13097750308004347,-0.8167262027120142
0.14009128504001184,0.6304742587408858,0.32244403641246033,0.8606699626373235,-0.10636252585559017,-0.6830816258248508,-0.5692741921439785,-0.5129736032862875,0.09606264164914113,-0.7301327426405043,0.30783095605271055,-0.7086879261867182,0.12001772529101422,0.039776478936813145,-0.3317746032918615,0.1944629080446657,-0.6573318747020603,-0.07964048363897827,0.37425371589130535,-0.011010250186027932,0.2223564028480346,-0.31696789533548453,0.9473011684754661,-0.4860905963719056,-0.4867145412677138,0.36264796144227934,0.36113329310283954,1.2785068704636595
-1.229768601460563,0.13527160682847586,-0.33868847837251836,-0.7110276560263649,-0.28729786926915185,-0.5824449539273875,0.6108634436767444,0.841092520494155,0.5810223948571669,-0.5226447257742562,-0.06687751113710795,0.36225868117126114,-0.3806608627679659,-0.2807923921573868,-0.4054585204037819,0.36154329880670355,-1.1609080358254515,-0.4961098049424265,-0.30474251032324173,-0.7706684643950518,-0.6627135653593821,-1.079163623549395,-0.26054616019253257,-0.2692175882856587,0.2730530735333507,-0.45253777429385256,-1.0219033260461632,-0.8605285509992264
0.8478522263986423,1.7253343639198604,0.5274020960720321,1.2507227840919104,-0.3315106463880561,-0.9131601782593158,2.1513137539372575,-0.37779879842285635,-0.7699471869221394,0.31626873500475544,0.6269568133105193,0.09972934455395953,1.8720084302801094,-1.6781159771849004,-0.21843134296018646,0.7859173803301728,0.027511268961248534,0.09195596481506792,-0.5754081235716054,-0.2962035328939639,0.7533653946807535,-0.4698128794620456,-0.3285716401407063,-0.3313990185518685,-0.01572727099636727,1.9136419656447305,1.1968483459191548,1.5427190244347764
0.35241956744760095,0.19001696152050934,0.5104540397477827,0.2529567414703426,-0.4158452468701654,0.3096148665535642,-0.06885809640599719,0.029050104650093448,0.4043927708402697,-0.5570021982513318,0.5641840325551575,-0.5302083007181749,0.8887536873741095,0.41060740659434714,0.34663792642540703,0.7909613100186336,0.37993103455503874,0.41649805206062673,0.9488462204686449,0.7151825480263486,1.1630676466925867,-0.06390294950055132,-0.4009671551920901,0.14094681870267223,0.4615581368603123,0.901755511059311,0.1309026623493098,0.26019448953764035
1.467143050087444,-0.6054092951103817,-1.4815324434151556,-1.636232297513366,1.9115405926736284,-0.6292332427362234,-2.662418208852702,0.348693888623476,-1.6472483147823478,-1.6149518023430152,-1.2660151241706374,-0.8035661555661291,-1.9954998600230203,-1.9077222641060918,-1.5025605415111567,0.6283916019392084,-1.2347456430454138,-1.0958047889859668,-0.23905829999154316,-0.3754894298654778,-1.8323540980842483,-1.7922369671077834,-1.048179199675,-0.014691296934202814,-1.694292420428982,-0.9595687028325129,-0.15765211354585806,-1.7539315247654426
-1.0313751006570318,-0.09812457476411554,0.4660232338190821,-1.354328613556565,-1.4839004452973132,1.7531881575353587,0.9058670052075004,0.3839192864650514,0.17078298192804522,0.1088699125073083,0.8013181226024829,1.2476761308285906,0.4907468809553842,0.896698752950871,0.6637540986146004,1.6244669675911463,1.1986851585055458,1.2520743412020772,0.13443524995059278,0.5679872687134517,0.8035223559735689,-0.10263516357244525,-0.06686885704777808,-0.526908164618715,-0.2547547093464919,-0.42807062435272347,0.2800021989510554,2.0881038358669497
2.263374109115903,-0.04872932900359232,-0.23845784947853557,-0.7979691438649725,0.4076060698206246,-0.7897132072743445,0.18249019007898795,-0.4198541464891722,-1.0938384612899252,0.3166525549671624,0.2749443397856191,-0.008283806693007833,1.3229615273314863,-0.3203709083596744,-0.06655387461760764,-0.8849744330898723,-0.260755673055486,-0.7577431146247556,-0.29759845748197983,0.2801306159669124,-0.018292948433329622,-0.30939082377756744,0.20158280364947057,0.9639953879754182,-0.8387954492918431,-1.0962292567724867,-0.29596618443177775,-0.8425633479368662
-1.0313751006570318,-0.5414049356186813,-0.18519634901395068,-0.2646751189027267,0.21019511025679138,0.00017970347073763913,0.6226783482581898,1.7627212563866113,-0.0664514198847155,-0.6127481715174232,-0.2154759357465008,-0.6317632610369165,-0.6272716395739402,-0.3210661134689932,-0.3643357023515767,-0.6563410121606537,0.03598480576655775,-0.3408154364848424,0.5508626463026501,-0.932919824069524,-1.245717442279412,-1.4026772996209982,0.31130031567544186,1.4986505338988518,-0.2585503944601027,-0.5732192911435764,-0.5528674551036229,0.021403463151150628
-0.390729420978961,-0.862330597485534,-1.1179628764440876,-1.1615845893234031,1.0643643242257965,-0.546291053422396,0.9347333119280503,0.3671770031990667,-0.5697246544456362,-0.3198597621405115,-0.4194107709708628,-0.9395891625888984,-0.9999761933270217,0.3199892471809216,-0.5478625699163069,-0.7406474329782226,-1.2841909018969375,-1.2073995500966863,-0.06528153227325816,1.3695509242483221,-0.8225928320983414,-1.5101986684415165,-0.9833645588540364,0.4245713875891032,-0.6421275607426687,-1.20017438879226,-1.3749857036117683,-2.1031141380360574
-1.6962614276742725,0.33397957258474564,1.621302829676947,1.4657620320327172,-1.294797653268164,1.0614683375994312,0.13786267862119964,1.3013988012856863,1.0760655182329453,0.4622685083391686,-0.33887756635383115,-0.04396530134616572,-0.22733159964364583,0.1834561515257675,0.1908535787451121,0.03572983951972098,-0.4743997882505758,-0.6855756530967724,-1.21941032868361,-0.3840316463025963,-1.1756963150932787,-1.2935627413529363,-0.8022436871667855,0.5250216551738541,4.635479460562219,1.6778864890097906,-0.11793138849419166,-0.9793634217606817
0.5870981953717789,-0.1623552998034752,-0.4757271272625589,0.22293774029421246,0.666668094861814,-0.5173075084843053,0.13239577095467225,-1.7806862934999723,-1.344813505425914,0.4257822165019767,-0.9535094712296309,-1.1255166975890043,0.26333027084905913,-0.3661393215514569,-0.7382066810598981,0.844369094038881,-0.006570549421789608,0.4991064757914976,0.8885810216702611,-0.677256494728661,-1.068241224415278,-0.7764755278239577,-0.20962497933893473,-0.31737308959047983,-0.6564723096421667,-0.018951051352203287,0.3213489534300491,0.49294521723154033
0.35241956744760095,0.8519513833784838,2.102863926666585,0.6696732400607417,-1.6718693696418416,1.722886460077947,-0.02510683781648871,0.06150540467025835,1.4461069227990118,0.9015270974783531,1.1044435429282442,0.8615893104444512,1.2727084266000845,1.3263073495616304,1.302727487577976,1.454800547961754,1.9544440647852166,1.469242227638295,1.2105340598260341,1.472117875973588,0.8841911557675565,1.0063212877606864,0.32602819654707305,0.7074384885850781,0.04593614909872048,-0.20729516481248086,1.168758634104419,1.4627470488114902
-0.8035899701048288,-0.5181161229234913,-0.35764057834916396,-0.40431222211722667,0.14740453328789863,0.3038581258775627,0.21550728902719513,-0.6606060253954491,-0.7591872807516263,0.9555490245150803,-0.4292618883290141,-0.9306884310686703,-1.1538624201078358,0.9801458948277134,0.3543898447321168,-1.1230965908571542,-1.1872852428509773,-1.3064849245602062,-0.38165624751572597,0.9437203489345601,-1.0651633128393379,-0.23187911729321656,-0.8488269741535044,1.0622943724897171,-0.13638973756388398,-1.682634905504895,-1.7654819552563152,-1.8643792644385375
-1.6962614276742725,-0.12585709713459212,-0.08926616003747344,-0.31963972427671405,0.12578472151038653,-0.2932591207398827,0.1481958527474168,-1.2675954177347768,0.007468006290013884,-0.3956938622787358,-1.2177295086964417,-0.20556952994717115,0.133834211998384,-0.4621897881633958,-1.620024615020855,-1.2069811268787898,0.19595734792124614,-1.1389959988464808,-0.6437387284025973,-0.8381097946970324,-0.5576391199913427,-0.9114317775326389,0.01283710791472375,-0.09638198107312172,-0.8918853657319448,-0.6082173923978996,-0.14691239231749084,2.0003007967212367
1.1392832022521955,0.19369227186741453,0.5309549156816356,0.619486533748324,-0.6005033528263598,0.10479743725507215,0.3356804219228919,1.1664056956901954,0.4740194045679573,0.1907108163485266,0.46998402464300265,0.4395779146999842,0.4972997519631351,-0.45969612327904197,0.6972376825688574,0.6865906806531693,0.8409462889420766,0.09211811203717556,0.5864765840686892,-0.25539696985013954,-0.4586440630408512,-0.5876792929740423,0.03639123817145391,0.5742964266791605,-0.06800262179732779,0.283446447916307,0.6232467624617258,1.6605207133944528
0.14009128504001184,0.7883788085464875,1.5060838273801902,0.48356324923666966,-1.3623578920872677,0.3096947282455798,-0.6482160685073863,0.7969126316848213,0.724997228573466,1.1824594887252393,1.5197735158261731,1.1197715950757503,0.773478953090526,1.6689861131300125,1.3626531310588768,1.0215973229338402,1.6477614123672761,1.5256464965405157,1.0631375166171981,1.67408827497741,1.4348269818984067,2.004552394168387,1.9795800044817855,1.9540917671620406,2.6570397733595703,2.41740880431567,2.6133921530028044,1.7765677199340237
0.5870981953717789,-0.535661188096649,-0.8936262905586204,-0.9810066870732965,1.156575260387731,-0.06818247437186979,-1.1153888095147972,-1.2615725550308143,-2.458820944128504,0.915425109856597,-0.8865084699275155,-2.202612513173815,-0.7824003316046468,-0.4722945908964606,-0.6362414745785412,-1.0547180028591674,-0.3148652416041263,-0.35966167622033696,0.5921268609580055,-0.34455852099655415,-1.027155355904169,-0.07180001838907928,-1.0444619992211623,-0.883537934356621,-0.8164552903469259,-0.5261401128592071,-0.4246573410752978,-1.2456075540532803
-0.22917529306014311,0.8529740601972614,0.7969753013613661,1.0927989655709585,-0.6010024266093275,-0.5214444984890221,-0.22831125447876757,-0.752758405440592,-0.3512328784489221,-0.5240283237220141,-0.2079605745596613,0.046974708705752,-0.10644834346426542,-0.8018671458118818,0.3011596371277374,0.9167992291297885,-0.47810728504401584,0.4789092936739157,-0.12339852336760716,-0.5374906080281696,-0.40742322797090286,-0.6778353122011164,-0.6862637172201418,-0.6867851299798272,0.7828634196841822,0.41722116323132313,-0.3645399967516637,0.47067698389118034
-0.5393592186642734,0.7200861507543282,0.37346574241605773,0.7316349128149201,-0.2376087181731153,-0.8372837030666209,-0.10519301411508654,-0.22200749740743034,-0.37250085145910666,-0.27957022602464815,-0.26834986168252395,-0.4239060577801571,0.31358758775425755,-0.9495670994846637,-0.136868484040653,-0.26726570669045224,-1.1678489127930431,-1.3053486526870053,0.07276805395856555,-0.3412533511735404,1.1220134689297767,0.19351190576413907,-0.13791623883124918,-0.5046089040161598,-0.6219892089656595,1.2586210484100784,-0.5405451578926095,0.09402990133797669
0.35241956744760095,0.8442222032697905,0.40036080162803966,0.7616623283191394,-0.1636483485611466,-1.6301737801025291,2.0164979842171276,-1.2241150086133268,0.9005977111985753,0.021040129753613527,-0.2403166794957107,0.8781493977123902,0.12892955263601513,-1.4006333224474166,1.1278777723466682,-1.1226943107305536,0.6451590523482987,2.234114724865295,0.8392417738398182,1.5317453586747591,0.5636423080776638,-0.014034420491057903,0.3086925743939391,-0.6611589515838975,0.2628407477489184,-0.9673733572460491,-0.4432633576804173,-0.03684727075415708
-0.8035899701048288,-1.528531965724653,-1.7677267220021324,-1.1013371144876651,1.374984944215647,2.381982988632913,-0.046274433463996456,2.3249160738198866,0.6303587609564859,0.2801585982530863,-0.028400706606966426,0.7633809852986843,-0.5645669567756253,-0.9367951190889262,-1.3976021494057274,-0.990598817577662,-0.44771479475185333,-0.359278263985095,1.4563549421343036,-0.23955597642997675,-1.0424433498218109,0.1323430981151926,-0.8796996091810663,-1.5678896029318825,-1.2798926245027182,-0.45280135272037425,-1.1673729344711432,-1.5511954589160006
-0.9215501269979339,1.2201240018303472,1.714269196562148,0.5856567276666386,-1.3360848958841747,0.6369533530173777,-0.17250004804886643,1.2885470422073422,0.029498051045712712,0.039561788742757474,0.28209070277077963,-0.29149059698701707,-0.16351022843536128,0.6800055973654209,-0.16039418712432682,0.17545877586230013,0.27859372614201755,0.477949056272946,-0.4721889683323435,-0.4709875917543813,-0.12121340016481172,0.24044721402161967,1.384202546303441,0.13914255989223,0.13268078920563203,0.07643165588724654,0.450810129551107,1.1975687126869317
-0.390729420978961,-1.361208559744849,-1.4175788066036696,-0.9149366079148371,1.0764514773701022,0.2282895055935242,1.0770256292604914,0.6203194126039943,0.3515193156110676,0.871523613227834,-0.3599474683292298,0.2748979188588225,-0.2948997893928159,-1.1527765019711063,-1.6045545534598205,-0.9859874918263959,-0.057714509865018235,-1.5893779849505414,-1.968713833147853,-0.8883740266607723,1.2960245058973527,2.1647922847451393,-0.8072489613520342,-1.7244707660923753,-1.6444012479319996,-1.089972967129608,-0.5867203613934032,-1.0019265863724112
-1.133878409405523,-0.8322573356355648,-1.5134058435757087,-0.8368169895032931,2.464176790797787,-0.3532600873957625,-1.2012712633664426,0.29784506929202254,-2.6370208574704663,-0.9545998645278136,-1.9927017815534307,-1.188104739224038,-1.2159719126072321,-0.6081591783657021,0.46943086033563813,-0.5836452837729752,-0.2951989188431005,1.1128822004710273,-0.8774238488380353,0.28821430600854353,-1.030386555769236,-0.32241880100919906,-1.6161820998144143,-0.14133071978523112,-0.5134142097297655,-2.123364026214929,-1.3459607881352325,-2.070344226335976
-0.5393592186642734,-0.3418200100664806,-1.0008869607054993,-0.6651785358438086,1.6033532597225448,-1.9437315538893616,2.137561941126309,1.0207519765407653,-1.2561661620559132,2.5683652908351045,-3.032797672861282,0.9834056957335344,0.4112003583227403,-0.8138793834389435,0.9394590355555974,-2.6126068954316937,-0.34286393323545983,-1.739359355291197,-1.6086941750958637,-0.17236193184402687,0.5616110986399105,-0.04315221393952493,-0.1238862372613676,-0.5352374894745288,-0.6392054257402416,0.21569439523902906,-0.08708776689273615,0.8812594621152622
1.838717544300725,0.5395697195522021,0.21900288510542743,0.05501498748990938,-0.07257762264779537,-0.49929726574852656,1.0907512140100686,-1.2782719019873807,-0.5339073641177794,-0.03258724023091449,-0.7990006686651546,0.9900629602769757,-0.08721623120044487,0.1013832983705895,0.218514410130756,-0.3151807678566332,-0.22944068852004598,1.3971019199513346,0.21593671275135115,-0.26483345373798783,1.0100676456503672,0.025803925491180935,-0.06902161605927026,0.09878615591990364,0.23106643073741073,1.1566795209713867,0.39107149459860346,1.0312239338030837
-0.05293442623961494,-0.18441493753106564,0.04425619291006581,1.7667340338035609,-0.02593841168423593,-0.6787257617327089,-0.1025756644069185,-0.4385056001717536,0.2997516587816362,0.4915032380014052,1.0041308682854333,0.9115314930523132,0.5048869625506269,0.28389290542952195,0.007277341600232236,0.0869000061651572,0.7323870654559306,1.0471945763999246,0.6472856094488998,0.41778729648919294,-0.42459388966907474,-0.34058720267165143,-0.0027126814577346763,0.5473694085737102,0.538991700341002,0.5758295870474949,1.064464257422486,0.7141508282098445
-0.390729420978961,1.994185412971532,0.4815121642120371,0.25922165159195054,-0.5587186489436426,-4.110251762805303,-2.578708839792636,-3.8403910512410313,1.5176716310131415,-1.7417102047877522,-1.69156134658362,-1.3977451691534637,0.7614213064541224,0.3079263370708527,1.1324091880510678,1.3466697449403124,-0.17980062080214199,-0.8236840452413997,-1.256626009021695,1.1752183389457638,0.8864809170372433,4.131032158216348,0.0335787626886985,-0.7625856843933155,-0.9605860225018946,-1.5748228060779568,-0.2463338737477389,-1.1365721197427092
1.467143050087444,-0.6562274738622123,-0.294907041592592,0.8718118173192957,0.11495882483536944,0.22340480319151765,0.5877738829741794,-0.05239511078899315,0.37445408153790527,0.3642864082877266,0.1085623170537391,0.2592203380282861,-0.26581349519196795,-0.21197881575730607,-0.11303683577763043,0.30789173841141015,-0.3288489421481406,-0.04656508813070374,0.3674813420619086,0.28092421641274967,2.057168151900297,0.32895528853452477,-0.19532408423462225,0.26784719666811824,-0.4184385269129228,-0.16851194493015303,-0.9689444976171999,-1.0218334510496847
0.5870981953717789,-1.1046495382283146,-0.5731328360560323,-0.7180884951562826,0.023805968093760267,1.2597724569546787,0.5740189079146978,1.2826271367270106,1.4793927434807086,-0.32726455923160747,-0.2582005111257314,-1.3323511162108013,-1.5731056822608158,-0.28790417697165116,-1.4008370622942519,-0.05440358875037961,0.5063498042694602,-1.0986021776881378,-1.4590007383158143,-1.517065610581822,-1.2617158953075887,-1.1522171939873342,-0.36344707123057585,1.3477914465582896,0.6987460685253989,0.3724481200843986,0.15222142633924537,1.189218032949098
0.14009128504001184,0.24092227889096984,0.10913626320863985,1.0144438013303447,0.046952026512884694,-0.6584907362068805,-0.1600253496115362,0.16054944453265999,-0.29714344932462955,-0.14761737909814088,-0.5065932767211433,-0.4804673006915964,0.22121136182489626,-0.0815560774837179,-0.23179443639420583,0.6007414357859914,0.9848380873671326,0.5438800563420159,1.588971325711676,0.2574276534910668,0.19107470253412004,0.26778421515040746,-0.4505477884223594,0.4608865518427318,0.42024458853770835,0.9539696084493537,-0.510180058759294,-0.4956143760261757
-1.229768601460563,-0.47288744635405433,0.22548967936960268,0.2281193056743659,-0.5343160103523894,-0.030887431363553316,1.0797568199158825,0.16114886238783016,1.0364989614433402,0.7619600845933101,1.1029710958298942,0.24498342387289504,1.336081635568814,0.9042788018016801,0.17074940175643777,0.11863700589406755,-1.1932582759169075,-1.1352094345070496,-1.1913479214782876,-0.35522602289881183,0.38493678235386897,0.1334599545053454,-0.20531469096214047,-0.7250853799373552,0.7171048137603893,2.1042101541497495,1.5213834140592526,0.37565392096740086
0.8478522263986423,-0.9139666548507437,-0.6716912978566711,0.08496789190460391,0.2787723093315491,-0.07902325696880169,0.5468920859073326,1.3873053195748097,1.0893805035656925,0.7842155305503012,1.2186654812948794,0.36721949340952875,-0.3703842869370937,-0.516721785103959,-0.10660096631442824,0.020107032290637754,0.6420862344781548,1.0411372527093585,2.1624516457400804,1.6747655101571823,-0.7302643498532555,-1.2409051678727943,-0.7602036538683707,-0.6483503180794062,-1.0805424304409361,-0.4357408833526293,0.18020758302043555,-0.37908959115732843
-0.22917529306014311,-0.6058624106353655,-0.3620012574327706,-0.37530161173365284,0.3529285996693031,0.28444884237276236,-0.7021646485458972,0.8013554382021932,-0.5411740289669754,-0.018592490092779176,-1.8862261155743276,0.41026820727432306,-0.7788720897344154,0.3616818669120132,0.09854356612976578,-0.03269622253047311,-0.233130016610922,-1.1351123013385909,-1.9977488955171119,-1.469828552049084,-0.295607797462026,-0.6843905371970394,0.6556239845167751,-0.9309480724049217,-1.3074204410567227,0.4068853247565751,0.5750397094896067,1.2637186165853873
-0.05293442623961494,-0.995975958865341,-0.8867477345717674,-0.16852747041604454,0.1880861685465913,0.24579374905464774,1.4056220669921327,0.826511709491616,1.8992134400229888,0.8107046311764906,1.0410026284509155,0.5880672425513064,-0.056584408350593515,0.5612670277002576,-0.14350315654363732,-0.22247864739735304,0.4444655450819894,-0.015292164589524235,-0.10908160756981183,-0.230397565139292,0.024431345725496996,-0.5298020698566103,0.037604315684759027,1.0221928341840625,0.6643729246719364,0.35842077488139135,0.22365636924784008,0.7326276045782855
-0.22917529306014311,-1.4121947567056343,-1.6500820666367941,-1.026685084967521,1.6705137557603955,0.3685962029155926,0.03038721368691573,1.0333983606856827,0.5781593819667113,1.2826171989538553,0.4889442722000483,1.9059692211162182,1.1487671128452834,1.0656025055174292,-0.08615197262591894,0.4648734372557068,-0.4190461682624862,-0.5635223961601047,-1.0700036381251088,-1.061500318659393,0.5529206438548387,2.501793278091985,-0.5091641755927911,-1.100243185583599,0.8496173599589786,1.2385097749777938,2.718350473881674,0.2966322630433802
-1.133878409405523,-0.7031512952903458,-0.275055083858576,-0.08419641715219478,-0.1673538034292383,0.3866849023830517,0.8287093190708654,0.8238774432702205,0.10693902435255286,1.0717023433806312,-0.19099360198019408,-0.3502284462600784,-0.13050120329478837,-0.9098846202954856,0.08298494323951267,-1.4308064834339103,-0.5689511583539811,-0.34272427392634397,-1.4568580216486013,-0.8913510571022057,-0.7593933827954095,0.5406543297351206,1.107917417231369,0.4132992999788685,1.0302456689378383,0.47044252184511204,0.04849469368949913,-1.0913274343122765
0.35241956744760095,-0.9895340668114364,-0.5238157431656483,-0.4276710611812541,0.5119270031072363,0.25646474125842633,-0.6024765616533533,0.46447400734275257,-0.3089978153968095,-0.05314641887509244,0.9110788262498137,2.0817459189822185,1.5903837780705197,1.4979777990317906,0.4632414913553825,1.0343878320522757,1.2205647464701774,0.4776616910525217,0.27659377190472284,-0.13627612551411994,0.07219055987281518,-0.18263102209797202,0.12341179777871344,1.9945873372938485,0.8271834210449276,0.32514579469815297,0.6215051881103175,1.354382865382992
0.5870981953717789,0.018050754359809833,-0.5688638373072773,-1.1217616780603525,0.7401284231810575,-0.5812138340176329,-1.7487987423798095,0.039054849217862,-0.14598095970520833,-0.8520664181943558,-1.5216713589399335,-0.7318491028110121,-1.2278346925173436,-0.5867611464362796,-1.0226554896573872,0.25636912978405924,2.4025062599105893,0.2800009688422936,0.42926755805984573,-0.7484811059730316,-1.213653804162765,-0.9328174476130059,-0.44524495364285294,-0.7626631391981925,-1.4312050404290262,-1.4800197318881723,-1.0589632340159718,-0.06274625045621864
0.8478522263986423,0.6413883932691498,0.8742741603796066,0.7815413555730693,-0.6895342456687766,-0.09680128411381204,0.5247932390690029,0.2046251712041297,-0.08379494158313942,-0.07810384665254048,0.5163367033147452,1.8315061028162565,1.9518600647761026,-1.0249182184884522,-0.09999904624708171,-0.04864892637173832,0.10799487222226847,-0.2551048027907186,-0.563434525565424,0.06045486451590538,0.8598168519247524,1.111065771555972,1.1518114759091957,1.417882475355131,0.6562870158117144,1.7787408082674665,0.3411714373819602,0.7755975486442525
2.263374109115903,-0.6384653493668156,0.13027761471389518,0.0799773096291012,-0.35106847987130774,1.2582580221101232,0.5864924282594368,0.30241624413468343,0.810155414503191,0.47182540748013213,0.1346840274229525,0.46625663710741094,0.1036586018667415,0.24954455765600883,0.4526541906322321,0.8060366510905231,0.30175327036306976,1.809066651776305,0.49443953309948185,0.31391556016304023,-0.5914003072442735,-0.02062098815684277,0.513378290083364,-0.9357045994491946,-0.5635187335641754,-0.1403601911698505,2.781735685255127,0.17863569955588704
0.8478522263986423,1.4982667375324221,1.1325310691956327,1.088614387354504,-0.8206446103665326,-1.1432013400160594,0.048270659219697254,-0.6185507780383827,-0.3471220663692927,0.5545519728161488,0.23640302781637693,0.12432478426551935,-0.10097238545449332,-0.5089975900905782,0.7123138327631247,-0.3016357288323229,0.4905861476583851,0.4869209956764983,0.24795245253164871,1.3195981427380232,1.58067457649919,1.299982316943453,0.5892627324283649,0.43600595948799625,2.0983596856855775,1.7149892027189615,0.9675975177934946,0.8789524753253303
-0.22917529306014311,-0.06176094570545927,-0.23647709971564645,-0.6847409629319069,-0.132331025237949,-0.0004558668658742028,0.3523609729152951,0.5921269372856378,-0.6819388344686818,-1.7481203964329632,-0.5017862987564085,-1.1810974757845814,-2.03787254863966,-0.959866428058341,-1.4449601804829055,-2.255992578596699,-1.2726696373345487,-1.3865426716301985,-0.16187642905297062,-0.9610830380476884,-0.05305183583038218,-1.3867804485162023,-0.5329693359434945,0.49309683422255324,-1.4025919248506182,-1.6092802968503042,-1.9361698352148224,-1.6293848601950944
1.467143050087444,-0.33622319716178095,-0.030628307618246656,0.43657741975820025,-0.17102469669878934,-0.04824564137415217,1.0042262656621654,0.6519993952747819,-0.18140921740232138,0.6749780848153802,0.0259960472753137,0.37359527744726484,0.7375168360670272,-0.009533083070852724,0.6642876115172092,-0.625766972948715,-0.560087354933677,-0.7940426796336773,0.1350436853552808,0.9716947265477557,2.233332624077148,1.544582476180581,-0.16505118434434388,-0.8462471960170196,-0.5466329977060452,-0.22752808440794067,-0.21401504970181284,0.011684824734329219
-1.4835955804297878,0.5522039458039023,0.437965562858057,0.6192323324681626,-0.27848562915108915,-0.6665302564355701,1.3743587758828226,-0.20170703047654795,-0.4827347122452336,0.7238534478022461,0.5434081866894134,-0.14995912397374067,1.472655855255534,-1.0632844532345973,1.0458855850812407,-0.7969681114423655,-0.7547768269828558,-0.54289851082645,0.09577942040977948,0.5593298300875388,1.4305910317447725,1.4187514748719687,1.9790537797146996,2.266860210179989,0.7556791323580383,0.2660391425859237,-0.06063889991528833,0.39833942634668856
1.1392832022521955,-0.5567541285586067,-0.24324452956458145,0.04867844486470214,-0.6130867847254456,0.11372362982460851,1.1193083644327664,2.198446747313383,2.1858656665358596,1.9354870521693783,1.3386680246904021,1.1774000515073197,1.6013127535619305,2.7570402912830856,0.9566154631266277,0.05262241427311082,0.44095581317399757,-0.1462247275406546,-0.8041190777684358,0.05965021432312671,0.13499136189924268,-0.19898630695230982,0.08749979226653476,-0.6587288906251342,-0.1342910959926147,-0.7198070736031263,0.5347718070545662,0.688802898478908
-1.4835955804297878,1.2153116328278017,0.22425312076972043,0.7260807919871433,-0.5946843191436363,-2.529832899907131,-1.734329768804278,-3.2104376121643563,-1.7160234660521327,-3.0837449819117615,-2.0890611136339197,-1.2233506748668783,-1.1208311826873307,-0.680777410827596,-1.8699524501078764,-1.2103927237479535,-1.2927203146724335,-1.6172576093527031,-0.4015559075811495,-1.2996205363202293,-0.5235853168422281,0.6210725968209748,-0.5228414055882455,-0.4075876638668788,-1.3200426602383781,-0.8045259837484043,-0.4606684096615396,-1.1979452733826326
-1.0313751006570318,-0.16124891238671252,0.04839087639503813,0.3585680733305588,0.05051165616038458,-0.1817636040754177,0.1616539484739433,1.3693323153307992,0.0216826163664459,-0.9094588746464392,0.17887165988665316,0.0008819899079480684,-0.9473419197196765,-0.3654923259186632,-0.6086907293207062,-0.43952886087427506,-0.45969979381777937,1.9127789631677112,1.7471823589721927,-0.2478759024406972,-0.824974105638996,-0.9031214385489716,-0.08733117241500186,-0.2496333302394824,-0.2685327342177089,-0.2905728461536271,-0.3642391064668773,-0.6606322962355772
1.467143050087444,1.246871317434829,0.8439847250610143,0.6339630973667963,-0.8046527490947436,-1.07528256016213,-1.2716330293840519,-1.251142673560576,-1.0411086326526031,-1.626516247963589,-1.6003479988674005,-0.7929112116336869,0.0790821273207462,-0.7584367630529057,-0.418438125005088,-0.5822068392113515,-0.548067820913274,-0.620181290508716,-0.6412261155276818,-0.32428398807779557,-0.8047519180539962,-0.47548356144732024,0.6904109685548431,0.828055818922309,0.4791243688655021,-0.31609064703275663,-0.47734086253049113,-0.4273169415493039
-0.8035899701048288,1.455232866683517,1.0463302372306091,0.5760449078328016,-0.7802629031324988,-0.3220174224370287,-0.7232397329225675,-1.4366406584173113,0.12550008678161495,-0.6591171072388483,-0.16438309737285214,-0.5299090831687563,0.023082495271265564,-0.3073153205182556,0.25086829712937303,-0.10183920042979268,1.1480910897069816,0.8877801944351487,0.3226993695446387,0.7354297232957836,-0.5359673249836203,0.11143965200366007,0.14095199772805672,-0.39100758288349646,-0.05341422811227674,0.5458260222681501,1.4830049346028653,0.4517463365569673
-0.05293442623961494,0.29337982456572154,0.03981114865893384,0.5636922313388272,0.2897813878538849,-1.6016672472974571,2.600112094825767,-1.9795297825136182,0.7653274913349094,0.08853451820980816,0.7725499566417648,0.6066735777927956,0.31208530966655634,-0.6935200073837651,-0.22499199583472645,0.3236524702553279,-0.04284104758155197,0.03533834430481151,1.5961496083928646,-0.00428232599151559,-0.713357963866666,-0.7646008853187274,-0.20723299881421456,0.5721873984351462,0.30847702613778394,0.6462598275743735,-0.10133927485863962,1.3701403267292243
0.14009128504001184,-0.7076162441030127,-0.358587625689549,-0.03878030272169066,0.17404572070405838,0.2934746822223953,0.4221280501938954,0.22253745316594092,0.2713721393262555,-0.25380124809631427,-0.029824235156445566,0.28053890460808123,-0.33217573005282136,-0.2810405874259566,-0.012429469027161109,0.39683253007684327,0.05063368269888663,-0.39125470475597446,-0.2805102082691603,-0.030215929652384704,-0.04521682183914047,-0.6550974513708644,-0.06112714971768754,0.23450992088579117,-0.6431225898700129,-0.5578316502235766,-0.27696702488602937,0.3278236984469565
-0.6765559549891773,-1.3247000759438314,-1.129592643989613,1.17110607956959,1.598176007511941,-0.8957059251602004,0.7032903878865273,0.4989951597908966,-0.0866304421891914,0.11651239776873955,0.018993358838460955,1.0464490695334758,0.07017279844910637,-0.262938075393259,-0.3928248684074714,-0.4118472599792017,-0.4623938086590698,0.47459183295128715,-0.17700580436384686,0.4971987033449294,1.6709197759624028,1.5087373373877224,0.6514623591333277,-0.18914246433858903,0.370790191096318,0.6134797437098793,0.32169299168714593,-0.35251485949549743
0.35241956744760095,0.13214130447978065,0.18002428805118031,-0.96433668526578,-0.6201263319665802,0.18457710581301834,1.2024006609945928,-1.342771635266193,1.3813653622031221,0.4565570979699,-0.4582209662320819,-1.4561476800400859,-1.1570753716749458,-0.5287326448252967,-1.2038905930347816,-0.85207356949158,-0.11718636910094037,-0.7582743213375649,-1.3347479882514073,-0.933344134352069,-0.7594843366390948,-0.7501680767567444,-1.0927906882849479,-1.0614632802236732,0.3683607633849385,0.6175573907198574,0.36242330292279107,0.4901650269781882
2.263374109115903,-0.1797406942428015,0.30783025750999277,0.13307282701890533,-0.8178533447176889,0.7762586920230744,0.0014378824411305628,-0.264639988601023,1.1729085908564314,1.2681404132250025,1.504053801184071,1.5518403304586375,0.955710360152699,1.1990924791568869,0.7294233891411538,0.3423467717811812,0.9136350141169721,0.88832870202381,0.34357329642896156,0.6593048922061387,0.10619766454040634,0.7245543864056186,0.9630507652903239,0.9153393637704337,1.3000446119688291,0.7724093641120852,1.7729013451485727,1.9646975672933518
2.263374109115903,0.5490435992224372,0.7865260184458321,0.3920321882849042,-0.34599641747150317,0.4132874516746191,-0.4086124970873668,0.34098207785709966,0.4737030048734696,0.24506358176484505,-0.7241394676977321,-0.7012618093045256,-0.18854935707619946,1.1691429059458152,1.2456610926059883,0.18936907678464754,0.32886429109770676,1.4405770814065444,-0.6812634756703495,0.3517584286669123,-0.684596725093642,2.032095426148699,1.2216019085648075,-1.0449278304365814,-0.3744941795701158,-1.0395439056788793,0.4942092765183313,-0.7903302597593471
-1.0313751006570318,0.4491054871263886,0.7437479248253692,1.209416902860601,-0.6324631563787241,0.053401996895095304,0.02082550419324418,-1.3294938400956529,-1.5672560530444375,-0.3618225083169923,1.237037018997358,1.3233532850318592,-0.12768831977461995,-1.876564026441403,-0.5934358251148458,-0.11382482255053847,-0.20110450602878413,-0.7419035033321136,-0.3185499720034687,-0.3947216287244932,-0.09865935985368492,-0.7290852599441965,-0.7204959325707815,-0.005658715125191361,0.6304004631764254,1.3854750338637822,0.6004689860629477,1.0288143076840368
0.5870981953717789,-0.07364812581884601,-0.08168964984869218,0.22300760136031966,-0.01390379969478851,-0.38663413338145974,0.5799629430806175,-1.1936438066912496,-0.18097121947594003,-0.2840375341957278,0.7901329410302178,1.400035291267705,0.9627015428848612,1.0128195359840455,1.0496771217087553,0.06419860632902873,-0.8713842089206308,-1.1653178461803648,-1.6027248475735687,-0.474730788787177,1.087120140164391,-0.5382650438662783,0.689127821582286,-1.0779795705288302,-0.13433169073922133,-0.9738003177941821,-0.14469344101933154,0.9337353871239237
-0.6765559549891773,-1.0598153765682892,-0.3083174595096532,0.5973285078744665,0.04084354616120264,1.4667101512339618,0.21182010723656916,0.9233418543295441,0.8928650408163893,0.3846553677323667,0.4898072242568575,0.03222017758757585,-0.32414831969002567,-0.26432417965650845,-0.13146155432851656,-0.2957091988525321,-0.2967396536597356,-0.4703840232101949,-0.8311646447914508,-0.2675755436979043,0.43943663262497346,0.225239070884217,0.970012040943003,-0.13592462689411336,0.42023031933166427,-0.06455666986029462,-0.054303402954409496,0.7186440105734883
-0.390729420978961,-0.8796702560061739,0.07455925974495171,0.1098281349582954,-0.79173068878072,1.6857920229261365,1.1977674708533192,2.3782917062004745,1.4146055256339103,0.4069390810539456,1.0849436141047266,0.8103472250602797,0.3678089313889953,-0.47976049748184196,-0.5080853916412507,0.33334578758395633,-0.37344063398417354,0.7088235034158588,0.5618557733314457,0.5260879237997109,0.5142267986095781,0.42890676062516636,0.745254162266053,0.2707414666252384,1.153092163395144,0.9707225461735408,0.14438346352484255,0.13385838832431604
-0.390729420978961,2.1332355596546746,0.8197874908550314,0.20350064240870255,-1.5196943287649034,-2.2484243651513474,-0.14783209129373065,-1.610172091521499,0.3785340033704716,-0.1447974057660402,-0.4556334928879171,1.5456720520659053,-0.577680534912123,-0.020809760174698464,1.1939047521578698,0.8805243769530021,-0.3788125858069459,-0.7206951897572449,0.2653192470668675,-1.1011444483249955,0.4185355370709169,-0.9964105918946212,-1.6819486217269166,-1.5269835891696286,-1.283643441738501,0.5597198877495493,-0.8535137438340114,0.8617306879645074
0.35241956744760095,1.0986920274598528,1.4502822385629637,0.48684140503122453,-1.2579481091546407,-0.7660231407577172,-0.4413116970505988,0.8229039804728139,0.8816978837611583,0.6049557272828938,1.4232628798110991,0.9098060009234625,0.19304700855304519,0.9580581866356905,1.2125441703787392,1.084028546185804,1.8787255642617273,1.4707752559200409,1.5061771872685386,1.0603371682033842,1.155746665015157,2.717892679092139,1.8100303688863462,1.2806646421060985,1.3461085087035256,1.12843507100336,2.0200624765558994,1.3875164051304354
-1.133878409405523,0.8382118231853759,-0.35750878696037325,-0.753875186092869,0.45652201936921977,-0.5107775151054,-1.5363072482083047,-2.044582202757539,-0.27624788616784235,0.138724248523594,-1.2224088044802577,-0.728317926716273,0.5482055220766311,-1.777614377290481,-0.9356179802330711,1.3461392656524875,-0.9357912501375294,1.0690251008462301,-1.0060380510063713,-0.9967488015835239,-0.45913792216907223,-1.3178806503667415,0.4637233644576822,-1.4584659399997564,-0.2814584983279355,-1.1688717387856737,-1.4812795496937703,-0.5381675645703283
-0.22917529306014311,0.610085369782194,0.126951105622248,0.5052622513703056,-0.05729096848774969,-0.8078440892709086,0.4640238129524335,0.2873394220954683,-0.3577600120824896,-0.24607173325525655,0.2482636912855325,-0.23087558897077784,-0.4501277063056356,-0.7151366612801517,-0.9977250600915494,-0.36191249502594774,-0.8570400182463788,1.7068665765826623,-0.38423090197550747,-0.062409100647758654,1.759436293968316,-0.21719050723045957,-1.1348197732303544,-1.6471529737896804,-0.2665416076802145,0.9537487857964556,-0.8259685365194087,-1.095728897994331
1.1392832022521955,-0.554631658803588,0.4215429147128288,0.4299308755718207,-0.7523279401691086,1.009127121027225,0.2830482673476168,-0.6026256424278305,0.6152988178304845,0.5812784717125015,-0.1408326980309448,0.6328784717638171,0.44546922020100094,1.786914053968106,1.4739522001498118,1.3447141791743797,0.1195000589248485,-0.42434406509677497,-0.13029455249373714,3.2081972663437712,-0.6159239205818147,-1.159998181710616,-1.0319314527982708,-0.9486939855855852,-0.8715278633679928,-1.135354311530258,0.08621969137763352,0.24856459022739777
0.5870981953717789,-0.9953194498902981,-1.3706698146021759,-0.8922608794338218,1.9239763180831506,-1.6669167898424864,0.7045489007981799,0.2950467728808036,-0.24186348632328053,0.42847356518440294,-1.342831428731091,0.37499404983100787,-2.447736314661235,-1.2363199594580698,-2.4560337445136446,-2.7289761763349043,1.484600190814586,-1.2316207762890445,-1.8256976682919392,-1.3449794426935564,0.7305056852357074,3.3384344933837125,0.43103447586858673,-0.17177825556546927,-0.4617277116723416,-1.522639630903105,-1.9057397468347166,-0.5265690252276441
1.838717544300725,0.10324552558097343,0.5549958341517812,-0.7846581196876024,-0.9194046200733624,0.5158303362893191,-0.30711579004800343,-1.3432010882793477,-0.9571360189540339,-0.3359620778870107,-1.6014569497253288,-0.9348276284716465,0.2677516175747743,-1.6829412307928,-0.6056305675864933,-1.1685586658237461,-0.7268363184585424,-0.6932355964845045,-1.027376505343359,-0.5033360688481435,-0.5800266791687866,0.43323016095342587,-0.24911654886713397,-1.6092917581623851,-1.0777833611781664,-1.0570460203524208,-0.6904343405716876,-0.9170587664020284
0.14009128504001184,-0.09110610208507537,-0.2970003956990748,0.46061582653025507,0.35751674593899874,-0.3953910450901244,0.23088393954075204,-0.7628294562587583,0.31108712430054825,-0.22805895946968008,0.3344175821481944,0.05317766361328852,-0.060606041926151315,0.6942272275916429,0.01719787505712064,-0.9524019063212642,0.8100318810393564,0.4326446569216329,0.03871128866050231,-0.1958165819324843,0.5488430078358767,0.9465745310293888,0.2376854669090343,0.31161228040905337,0.010470380853046034,0.6231626233353874,0.3151774187639507,0.31018486041168314
0.35241956744760095,-1.1009921874641175,-1.8650776305746348,-1.139225173149627,3.0714536399519603,0.5719268807079746,-2.3203008644579666,0.7610868448631716,-1.3713203194478136,-1.1997495545479662,-0.35529620613841373,-1.252978197088195,-3.1209631639623843,-0.5247434355155497,0.07334896308845448,-0.4743461770011553,-2.191808258234847,-1.3919692503850054,-0.08023184273402056,-1.2736774070154455,0.002327886428174602,0.782977878272711,-1.6092716558007014,-1.6197574395155159,-1.0610700003812839,1.1087386060568556,-0.9158717279940992,-2.2646035084839196
0.14009128504001184,0.5366115073721642,0.5659551279913329,1.24560587618023,-0.40707745845038107,-0.735099177001428,0.0307461598979596,0.723949589826098,0.31225955533033495,0.9257066028735984,0.17769074337547477,1.0860518350959072,0.4041130269537907,0.6643379653141187,0.3285466277599443,-0.09509538638199866,-0.05818574256326472,-0.4869848730403109,-0.26185943817587726,0.4282341082732303,-0.05331680957606797,0.68340266926942,-0.16733266470620306,0.04162941118349976,-0.6339081928376825,0.33047737627492374,2.069199998368078,-0.19549631359911374
-0.22917529306014311,-0.6587191174019063,-1.22807367761105,-1.634071254487465,0.6689780244065677,-1.1905129859161723,-0.5001083761209475,0.15878103507415647,-2.2583742404467335,-1.9996822819877085,-2.610946041885965,-1.495495362961178,-1.9998422351163059,-1.1147637000432165,-1.7896729570797731,-0.9386894972375924,-2.4717868976947934,-1.9741828243252606,-0.07930193208269257,-1.7103434784875482,-2.1703466784135994,-1.9025734741156666,-0.6740968125221646,-0.13423755282201788,-1.714614135318952,-0.694042176753864,0.8549865794609269,-1.8890954937406048
-2.032570209363226,-1.2174477505995385,-1.9448709383717193,-2.649471071627265,2.715314373424013,2.90989185167112,-2.2187140023329484,-1.7130517600387665,-0.49743924484114665,-0.242786394187231,-1.9736548475401257,-1.2439192292047974,-1.1695620601317565,0.23296554431108404,-0.43429634288147767,-0.2570127529334325,0.9374509387671606,-0.7880880750445809,0.14426926902488738,-1.0594999334372657,-0.5920131811871397,0.06592141004645254,-1.0841453213320476,0.3510407119540135,-1.246224776218584,-0.7924641362508114,-1.2246173111517173,-0.6247021852634924
-1.0313751006570318,-0.8260526291943979,-0.6609986451705396,0.1242571576230651,0.5745281094153906,-0.02103214414416801,0.5093427407514467,0.6135495030756408,0.018889849936382597,0.0764884690871649,0.4067244914884679,-0.11425840577533176,0.8244925266512038,0.5609611102385192,0.5487819925768126,0.49563643088353687,0.1955481916234263,0.7971198034345791,1.8044232087887644,0.36257826466665716,-0.3640705635121125,-0.1625880266797726,0.39377019235485616,1.019276879852039,-0.24067489458274072,-0.6866533873938248,-0.7513417128131173,0.34603719866422245
0.8478522263986423,-0.37167338020295826,-0.6393219319564123,-0.19800175456325758,0.1261414638579962,0.06812616006916528,-0.7335414085731914,-0.41960421310806156,0.1722179000313205,-0.054645065121965014,0.20345324903404766,0.569701002232299,0.35508784070412774,0.8941038119957891,0.5310002582778861,0.9726627613015687,-0.651595323161566,-0.6471407876122185,-0.7132725834191617,-0.4575016423305853,0.2801079751868487,-0.6529782337411855,-0.6669080457344795,-0.8887134451104969,-0.5062132968679285,-0.12486386465067281,-0.3793534975109027,-0.048914438694405656
-0.6765559549891773,-0.8864444205328939,-1.2210413050725033,-1.0539241471438374,1.0895631158459482,0.8514449008366668,-1.2580812194921478,-0.004347779992286137,0.25632942296743244,0.9580108902904002,-0.6439847075385298,-0.19447131969205333,-0.9191065728951053,0.006117239039789236,-0.036770938262374646,0.12564454118491397,1.6789740898037548,-0.6364776294073619,-0.6045039153818661,-1.2316395211366065,-0.654333037716261,-0.6551811325231696,-1.0287105255457891,0.5095835684276707,-0.8004878198659784,-1.0292826608849668,-1.4053320925624007,-0.22054695083759437
-1.133878409405523,-0.2503914247256697,-0.23791772198123584,0.0531733567868585,0.2972642695658774,-0.0688446565305114,0.06583378757744837,-0.3454780126897578,-0.19677911597983191,0.26260671902525234,0.2943844072706532,-0.2580550872883151,0.10395759530953066,-0.3493870193378936,0.22487957251872856,0.6756653328666731,-0.8763605588744805,0.012971182377491501,0.47605126309113244,-0.4176423093176576,-0.5543702960880976,-0.9206743910145513,-0.2936036172653959,-0.08602457307139177,-0.10870831720364116,1.0292447754624532,-0.07826205916883441,-0.40796784156561994
-0.05293442623961494,-0.8471821700480948,-0.5478387944950106,-0.4732125048143466,0.29509328517233213,0.797240257272633,1.038662656158273,0.17046301126220842,0.3643760436653236,1.0134753797199354,0.2179095177461069,0.5035892310699884,-0.26425073275512173,-0.7893686797023961,1.127144041054363,0.4770712126510543,-0.42470254679801583,-0.0018040759294587038,-0.10613620115632981,-0.5981361915509636,-1.0881982986477712,-0.8015125811809491,0.1342275193104399,1.651177387306459,0.004248167652813569,-0.6330015126541938,-0.7485231192519779,-0.6259449254367223
1.1392832022521955,-1.0272444279183797,-0.9947407958737113,-0.22528233480580248,1.1365647398393046,0.06206524533072324,0.597667566559046,1.1670091419153383,0.40355809395719444,0.3262447977070919,-0.352543870804467,0.44512674885735737,-0.16418358602863775,1.6347109321504538,0.017933275465386686,0.6252052857849939,-0.47299553499724883,0.7055774556775877,-0.17341880238824836,-0.8304436326794788,-0.213740403308931,0.11658339951273111,2.2176832998555214,-0.2614844352165683,-1.135099175478809,-0.8103671127162647,-0.8060280638644535,0.10573949185989755
0.8478522263986423,-1.1697640194504018,-1.6088881815280545,-0.5130047480658102,3.078803489072371,-1.309880738865412,-0.004822873617173308,0.6890843174698,-0.327053371189383,0.34941975335539677,-0.07571571498241182,0.6604161619910043,-0.6195522796198677,0.532293538790852,-0.47629228229012366,0.24154267575542704,2.808282241778849,0.5049798516047341,-1.1272777194112755,-0.46009391296300817,-0.5757311169027142,0.5222130580336078,-0.27402459937836726,1.2215445703022558,2.5215061233872222,0.3117234401700238,0.18316883217852398,0.09760117444355504
-1.3196656565121636,0.09731414085277092,0.26289492634761136,-1.1192533225710946,-0.7897130546836537,0.19347433372028353,0.3625114186801466,0.7602855768983008,0.7233833037207803,0.841492487828159,0.3855311201227523,0.9863913781685519,0.3124391843480608,0.798959421740435,0.25617037614892263,0.5107394068510798,1.1866231587478016,1.0685894756538212,1.2976147725982616,1.261708899538442,0.37676140693376403,0.01797565942733699,-0.17917104061141395,-0.3481856951892948,0.2680297788644701,1.373717548306595,0.5717782573595652,0.37830092359382755
-0.390729420978961,0.728369090972227,-0.016768498326748142,1.1490428256015768,0.3911850104705376,-0.875507391137479,0.4040055758748687,-0.09215163356283183,-1.439988740575715,0.3965762802252903,0.5939553160923683,-1.2293186653912043,1.2773784424045833,-0.13223476106658247,-0.3543711253804916,1.3674010292706211,-1.0755986953869954,1.0152705037510177,0.8321996973966695,-0.15091437303101266,0.01744758432346432,0.2694574605739833,3.1542649282930855,1.0307688559351795,0.6473517458152603,1.0559738255726001,-0.18597344978540561,-0.2223118898117949
1.467143050087444,0.5891234805213893,0.6717818383714507,-0.021357550694741746,-0.3287008368022041,-0.4168408929858187,-0.5288489989634897,-0.24557021567247456,0.25023207400939107,-0.160768328990657,0.25813687517630113,0.5288996741866944,0.2648737311596039,0.15201587378315848,0.44578859555843203,0.16520561068237588,0.9645028391204385,1.3057714497367248,0.9077157874376673,1.0585459661216279,0.9135267370009345,1.1297714545519075,1.2073753840584291,0.24140770569020176,1.025482806355739,1.847874147140386,1.6256518255897068,1.1935209894389385
-2.7130700098119673,-1.0327208373643573,-1.8809831973348015,-2.3781491802462407,0.6345529522429144,1.9490375676584943,-1.3919677965832464,-1.0613551940347574,-1.7338845489121468,-2.192517809599273,-2.580613484940992,-1.441875220220238,-1.5339541078373242,0.06639148584770105,-0.00515809736235432,0.7206906311767449,-1.3549172629988724,-1.0046379400591197,-1.5821829501365299,0.7112836638694078,-1.6373229507479699,-0.9773034206264343,-2.17201434153482,-1.889774097749908,-1.032703123989528,-2.1924995486611305,-1.5209705675574214,-2.210277374904561
0.8478522263986423,0.0030233198781125055,0.11728147090255314,0.09510483224009818,-0.08915482732254837,-0.1530278716610968,0.19707441831285208,0.6569537058678094,-0.44625602104057693,0.2843592764176502,-0.05054958524442515,-1.0647569378108188,0.651291865748496,-1.6423519173988892,-0.7500351545377045,-0.9835999506259028,-0.6384547369341508,-0.4062994843306767,-1.3541287096811168,-0.11104703847719641,0.722207665223619,-0.29437881778144276,0.44506979520992923,-0.6343624110356559,-0.3289673238628923,-0.565632360117635,-0.1808986372969253,0.8546704155505925
-1.133878409405523,0.4451086538110937,0.2382150088022132,0.621870556468583,-0.08242929074809097,-1.0610743274215393,-0.4677544192917788,-0.015324593613386046,1.3435921582079653,0.252814525697976,1.0989470836318629,0.7096609670374043,0.4811493788273541,-0.17043478593474698,-0.09459992286190073,-0.12142099764822994,-0.33406595531293676,1.108177370810607,1.5288473250029886,0.1352207291420761,-0.3444056863553411,-0.4583666874775983,1.1127536957676845,-0.6262074523177629,-0.4470875062712273,1.2077382263437286,0.7707779275460466,0.2000885737397222
0.8478522263986423,0.9221373851677929,1.266271308300441,0.4033369487872723,-0.9421298386234781,0.21575935373077615,-0.48144509529773605,0.12543071756828422,0.426365196482276,-0.5486853935297943,0.508685504817745,0.18996331111111742,0.2199697199355432,-0.19821302085799636,1.1085941962058738,0.6561389611236816,0.47601059441854676,0.5200043045898711,0.5961223390233898,0.27272149392475814,-0.2953196489841044,-0.2595583954817944,-0.43912615375415215,-0.212568644082092,-0.0978481542036297,-0.13986691492160594,0.14237651005170002,-0.020745513858210954
1.838717544300725,2.780862216199651,2.76884615879558,-0.3621974028835222,-1.634203139792356,0.8211420419453779,-1.1933442503502218,0.25840723734088555,-1.3170346062638496,-0.5909667080206973,-1.3747267505251033,-1.7213234495325302,-1.1671992567133653,-1.000690846616442,-1.373997073438437,-1.161013174562359,-0.01299426724854301,0.08097339985737965,-0.521377676179278,0.13150953827283454,-0.03109349782317583,0.16151020906587563,1.1143350289546712,1.27456910491155,0.4512057134165388,-0.5756907439098418,-0.594129440999847,-0.6747123313641368
1.838717544300725,1.70084900538004,1.933734202504646,1.1886322392601587,-1.253248753013436,0.7032807811315986,-0.4941852986021745,0.17968722318018854,0.029338671859884567,-0.08035462773013773,0.6051098700802992,0.3349882928069954,0.43608326494812255,0.6942518766026664,0.521902579353053,0.42265297514300554,0.07185789960674621,-0.045410506810413344,0.3944533149290822,-0.2780418640006797,0.7451821314752793,0.2282641294351491,0.14999619754054005,1.2782053963550855,1.0891880201156645,1.7418313760126982,-0.14083486677336512,-0.061991692742678024
-0.5393592186642734,-0.5270509235257069,-1.318599688380132,0.08777650604882596,2.8030167141184914,-2.1512674240809737,-0.47553324066101493,-0.3247986622767231,-2.3028764976887928,0.7453048331449147,-1.4095506195775902,-0.3036841275282269,-1.813216212154207,-0.7332023660061922,-0.6274338290977337,-0.8489688241380006,-0.24225142627829394,-1.0457209257026219,-1.2618854952385208,0.7224627309524707,-1.3281730697715204,-1.0942389190812882,-1.6264459461520075,-0.671148913397199,-0.5116599367514184,-1.5268115237534587,-0.02861752958998199,-1.119412166859096
0.35241956744760095,1.6212708503592927,0.6613226464086578,0.6006696604148453,-0.5639623905747665,-1.3056645840290055,1.079119905858214,0.3707250260200601,-1.1087305592638326,-0.2686069973157555,1.3847656568914017,-0.06949133192148071,0.29100344697151775,0.16216952327414583,0.7262528995971828,-0.40167224439291127,0.5579463961202149,0.38811336621544057,1.6732216585950073,1.5800963079043286,1.6533193346667105,1.1654675834950388,0.5310427538393502,0.3654163385914957,1.09011254257785,0.9100692197990017,0.5770505577354712,0.3139751367730591
0.8478522263986423,0.5617197133275253,0.60058033619849,1.4022378406953864,-0.55046966075576,0.08709904700842373,0.35193611552402315,-0.38052509851109106,-0.20937959060740216,0.6624175057832681,0.5693277427754405,0.12296742814086989,0.586280907491584,0.0419581342937455,0.3867234153418888,0.17932977548282578,-0.5554163401201384,-0.20814207957694011,-1.2096827786739188,0.07953861574015142,1.7359672705543312,-0.09013789704230148,0.10469042694483187,-0.4913924260357485,1.0443927855183317,0.8952980509230745,-0.08533916667680946,0.7936028186769288
0.14009128504001184,-0.7088441050264976,-1.243278893352691,-1.652805423833016,1.3293174086760613,-0.012336627328872604,-1.4889607796566104,-0.9131647707492068,-1.7276425625005816,-2.22305871193329,-2.121639632297164,-1.6458374187814808,-1.7767624921051748,0.6309377303560709,-0.8699768305484644,-1.484935167664021,-1.5898404616996435,-0.6325395466350232,-0.9254300583398531,-1.683133857670416,0.27601100362322006,-0.15696802163781648,-1.6104125523866741,-0.6134248846200901,-1.1099324165366362,-0.03657185379931202,-1.8022920173744217,-2.2692129662284546
1.838717544300725,0.35862706414634604,0.5801867597427929,0.19598266169089837,-0.7486065213900271,-0.05119970348189351,0.6135220266256004,1.2155117054946456,0.5377142179317641,0.576916843657678,0.6236695748577887,0.6689160877053945,0.5181946692281056,0.7724650211952033,1.056292455124276,0.1261153031123304,-0.5387162743467587,0.21546614169621417,0.8894225052351137,0.07459876921619091,-0.2505177261196423,0.31425618056547644,1.2235568151969374,-0.02019942520585832,-0.20604589699737752,-0.29406494333472377,-0.4091432394346809,-0.1300538905687806
0.35241956744760095,7.42279285512959,2.4262643717758396,0.1881124970566339,-1.1863275543888077,-0.5190981023323544,-2.369280932000856,-1.177180272240336,-1.5935492383056287,-1.3628504948153903,-1.8490208754237287,0.2097734045612749,0.09907407359963132,-1.9660031119266386,2.3249510483298264,-2.243197456614891,0.30636725563800477,0.267384518479061,0.6135310651125183,1.5116968502348131,-0.7105947958679909,-0.23610161688187328,-0.8914437510478854,0.4509607520154454,0.7047083074743388,-0.8193451207986934,0.2117367609890295,-0.13233084557801508
1.838717544300725,0.520815854588141,1.463827943952809,-0.12163906999965798,-1.563253499292436,0.8732090851913642,0.8085876836296281,-0.3317025834450862,1.5459522545043773,0.5604363564119659,2.13856173672838,0.28022433634200955,0.48788932302801524,-0.002482925090102682,0.6012578201873617,0.7399924187855971,0.4357207755026894,0.46731786201809333,0.20222566512024956,0.04542972344576558,0.2607671254609189,1.6445847007390477,1.4719903508490086,0.7109315294834475,1.0181443139297455,0.9438600163417858,1.7612807943403257,1.5567823096512519
0.5870981953717789,-0.5022355752027986,-0.14006538800774582,0.8066195297242649,0.20753902722121223,0.7064597380501215,-0.7479416683482255,-0.00797012084413646,0.9709621896877159,0.3083910701168625,0.34845083562560525,-0.022402145828921926,0.28674986705364996,0.35811195431413734,0.30939156599557677,0.2092833461306497,-0.6207455150901845,-0.8343555823457721,0.805020705310109,-0.3645633638847941,-0.7691579026555253,-0.717092043965032,0.37012722403371673,2.00558844447935,0.003373167729250611,-0.6201895725152247,-0.67630028673218,0.2425226681953109
-0.05293442623961494,-0.9117586305540004,-0.6510882719400369,-1.0671653102551004,0.0806210973025535,0.9483430294804857,0.18976429178025084,0.011478678537730746,0.12747042460218613,-1.2103431157632087,-1.0552390231620894,-0.019261550249993677,-1.6785550280932713,-2.8313629571951338,-2.252683609910688,-1.0502667819074514,-0.8451674200030608,-0.9942025637892429,0.009584903930807433,-0.7976714549443821,-0.9223705248856688,-1.5351299874905409,-1.7093033945279108,-2.3317097527878285,-1.6865968163223157,1.5282490294912665,0.2952300729806626,0.21778083440208387
-0.05293442623961494,-0.55869825694408,0.06250285113387405,-0.009542726909401646,0.03807028694394647,0.9055814693892573,-0.9403704441090222,0.2184053796421952,0.3685712037252753,0.5892985254652578,0.37393771747833165,0.6945867677897555,0.5022608683059413,0.3146171889101985,0.7104016753921949,0.8838530595250734,-0.15403098384211847,0.10249499117524871,1.249287943595802,-0.5853747245007584,-1.0814379779622667,-1.0475057144010356,1.3039416562484671,0.7108401135056874,-0.5816974731464508,0.1232024572738842,-0.28898904275699683,-0.3015202317779882
-1.4041144051970003,0.4879337053627807,-0.6867074647800954,-0.9208186661083968,1.9129717008558054,-3.8727951454679763,-2.768310007320191,0.7808887110909669,-5.257408336728774,-2.1535406582122727,-0.5912066184316663,-5.48059853994177,-2.8282014247871037,-1.298676394053449,-5.842553719700123,-2.488080918870254,-0.003994054362956758,-1.0283690006298145,0.07996338024755016,-1.4538820906994954,-1.412282270251392,-0.7983505211766942,0.09619786771891686,1.6459025888496865,-0.7956848203727603,-0.41876057225569724,-0.8865579120233131,0.09722780635920968
-0.05293442623961494,0.6867454111981298,0.7039530281653363,1.0906521494024177,-0.5720500733859465,-0.6101022537746262,0.4929750663492881,-0.735401229264252,0.0896259211657583,-0.053822293190542825,0.7535811504783184,-0.23114246904048552,0.11618614604135429,-0.00574267110946324,0.8201821359560441,-0.10599366050455176,0.04209489718000436,0.28729270614575675,0.25372909458002596,0.39366150763306795,0.6604357654657397,0.017177289877681176,-0.10028502908670192,-0.2299601068469567,0.7650816997759539,1.1593188271289943,0.6595923996615838,0.5475652785633054
-0.05293442623961494,0.2051493758363489,-0.11268435408413822,0.13032455246426888,0.012082974871868627,-0.5282617406916671,0.39454412826118657,-0.005154667892944727,-0.24901349605402065,0.10823806113670749,0.33457232175192037,0.13176176551836577,-0.0614080845255595,0.5676891500309788,0.8284572503671609,1.0494463899895956,-1.029925316866172,1.2035592716882253,-0.5492294985568879,-1.172768984203489,-0.026862922532138483,-0.9490345981464355,-1.3022932100828375,-1.7597271833151973,-0.9406905524512919,0.40906910935236634,-0.996686810978765,-0.8377067588903371
-0.5393592186642734,0.5278310857445929,0.29812061703066345,0.27680959016506723,0.03716163403053056,-0.7430762795256243,-0.4008989048447531,-0.629087060628903,-0.4648070338201309,0.09554135539404904,-0.5101965111487708,-0.3749413106459871,-0.20489103306476522,-0.33476532107418144,0.0693428370583459,-0.3044860171101228,-0.19972411722207908,0.6886031241598033,1.5000372097317782,2.2388806964400945,1.551451727773527,1.0114610324709559,0.11903003229727999,-0.0666434203860385,-0.041623972318308146,-0.5144327790496641,0.004714622676459166,-0.4682022225482901
-1.133878409405523,1.7384492915831955,0.9963826528426739,1.1946452731133141,-0.8012484585137782,-1.0814018180702307,-0.07873472865072938,-0.30022460374625265,-0.5623432770171097,-0.8159027901205096,0.3343505315803346,-0.5788119161718123,-0.25531251102648306,0.7959873307648208,0.34740212474841903,-0.5264844106860798,0.28665176202321485,1.896554465574171,-0.09912386188661716,0.3062746220505733,0.5982354821785469,1.4057953969697545,1.9085944808928106,0.05616759637119863,0.7009719120564292,-0.5635955088723846,-0.3226191069526134,0.4491367445271345
-0.22917529306014311,0.11180651025938768,-0.15138823916086078,0.9646160768257648,0.4105048365535753,-1.631725193503108,2.3912496714777105,-1.2585342828655108,0.6616942925735455,-0.030481039772191677,-0.08349760339915192,0.4393723058462802,0.5803285076469011,-0.5215647103527714,0.09630960320157851,-0.1859932045534324,1.16426383051785,0.4575527977094655,1.180425350002624,0.3442927624024794,0.21401908351591978,-0.11910026105805727,-0.36694248933347645,0.0599233746613754,-0.5299732799671781,0.10539090913489386,-0.02949652633563897,0.4182755849230697
-1.0313751006570318,-0.24868652791075602,0.08143281648805462,0.649220112058489,-0.15496027219522782,-0.9446181768054299,1.4387902098114929,0.574901968974717,-0.2305701990064532,-0.6769432062042304,-0.3595227901573577,0.5286664890039485,0.3605299841482971,-0.9409203965889371,0.139657668526682,0.3724321742201353,-0.6530156542747015,-1.4372165490877677,-1.2795611427669067,-0.3588041595738505,1.2868584106741612,2.0044662962318998,0.1557285987705742,-0.23792354500705723,-0.15059034459056353,-1.2453930922023067,-0.8958497705843553,-0.2703848753752226
-0.5393592186642734,-0.019686232273687983,-0.11186911055001603,-0.9128124329317462,-0.18333491459261664,-0.4130657458322403,-0.46082680082204347,-0.10558062748580489,-0.37854998231674214,0.1011734618410452,0.17582391569417744,-0.5189468053629366,-1.2292387635669089,-1.6896805676898157,-1.134758408016106,-1.715522789720425,-1.2922685484412197,-0.312950475156833,2.2990401169922214,0.13458731192431153,-1.5236529134295236,-0.7760310661079685,-0.39719435274547504,1.1914493313526375,-0.28709025636042407,-1.2913427995969713,-0.5808686562990526,-1.2836767837536598
0.14009128504001184,-0.9062327061466635,-1.2039876585471956,-0.23843758319868344,1.5903222470597786,-0.9355842443842659,0.46251263018242816,-0.11445431726478163,0.48408556481622506,-0.7668706854110854,-0.40843239467303377,-0.10346029500089737,0.24261182246108556,-0.08539578402239031,-0.279033756319017,-0.42922449291091724,0.9082832497414929,-0.31132178777228386,-0.9288377102166718,-0.09806206171817271,0.3128750222695852,1.792595889927892,0.38693669962228666,0.4636911138379233,-0.06171043607333915,0.04971162182161985,1.8722146129916275,0.6280439574741804
-0.6765559549891773,-0.4360057480821399,-0.2558648004406205,0.4332032741945253,-0.020733074815409452,0.24025274284804213,-0.04563088488489394,-0.9752288238576184,-1.5741001760417845,-0.6948618598104203,-1.7865066134879926,-0.8522286942535476,-1.9576357801534057,-0.8731131391868759,-1.3947367077968693,-1.9602288489385908,-0.7821468238270555,-0.06561878321161287,-0.7556991150765106,0.64426885379936,-0.6023196547252074,-0.8613646190731795,0.654338413266052,-1.5912821421896621,-1.4492032402171835,-1.846904982652696,-0.3916090490089965,1.1619108800214146
0.35241956744760095,1.6815267502348161,0.08172662459041163,1.4630394876076576,0.9757449992838845,-2.6733585524318255,2.341016175422773,-3.4323228379076784,-0.3208461668422092,1.1960560034217296,-0.09491921035994802,-0.6300586412813335,0.9058328111983833,-0.7399301801665893,-0.9562039048718841,-1.469188389731805,1.2911692619080917,1.270686825157567,0.8319125233021221,1.0838347979971854,0.12657984154192653,1.4646665981065807,2.4510157722034256,2.519404906120766,2.90209827859367,1.6710455652300522,1.5177536386186723,0.5646011935517046
-0.05293442623961494,-0.5319593546407791,-0.1322274727265447,0.7235988530594909,-0.012829057606426558,0.6623935879900081,0.4674942257062988,-1.091754640616697,-0.7205882280650829,-0.1629067670198045,-0.4130155039474856,0.13359429087057526,-0.4385347189309059,-0.7936543109810597,0.25588606754606585,0.1898047040693777,-0.03256924181056631,-0.21953815874220436,-0.08239046201436624,-0.5002095238998222,-0.7782021909276576,-0.3337746656848405,-0.11087224285064365,0.9345518684578235,0.28945014631391086,-0.3107807603131127,-0.43635792564457404,-0.618082575734896
0.35241956744760095,-0.16026247384213116,0.4305513868544956,0.7776697017896498,-0.502953778451306,-0.18319490273373626,0.3185076142420317,0.1715622796941849,0.4608589968282306,0.8189205776405961,1.3365585727442235,1.2939610722972918,1.246014652035166,0.5467786125348642,1.00046478587721,0.6433685314151008,-0.40325670055808643,-0.4055177640388313,0.11061734289611774,1.3988748188862277,1.7934006091453631,1.5478662816880095,1.115290116349591,0.17182819050409145,-0.2478196462913778,-0.3963485874002499,0.42016430130944765,0.8514280162695054
0.5870981953717789,-1.279436398167204,-1.0292472238176344,-1.6849680858046538,0.09204577501604765,1.9211787028351606,0.33180778355647844,0.2691358296381132,-0.3111407072999655,-0.09663093117218481,-0.3991408377787069,-0.37247020314997165,-0.8617763334303975,-0.7835976660530554,-0.6036427335552558,0.5879220040142109,-0.498916217321842,-0.5191381241074507,-0.3858516848960125,0.48290063562352514,-0.1890830466371605,0.9699690019121152,0.9159450072575507,-0.6789787550146591,-0.729741859359116,-0.186550655128345,2.2214886665161875,1.1776225927090902
-0.5393592186642734,-0.7846714935341385,-0.5496369122842041,-0.6149624900979229,0.608684160116065,0.6009207661541326,-0.8228808821260875,-0.10952040928663775,-0.32266915473051266,-1.3173901350638413,-0.37298603571679056,-1.087733036685622,-1.9305277700619188,-0.4704746185683067,-2.0642839206782297,-1.0018847644261364,-0.234101177021782,-1.0211204767247792,-1.2585592105436931,-0.9215555784687555,-0.9268383619684832,-1.0451820519344521,-0.810792239398085,-0.9327566383857219,-0.7561015849712963,-0.04437397245032667,0.580808326099225,1.6440563614853694
-0.5393592186642734,-1.1208491842384567,-1.071483525480841,-0.4741926633218677,0.8190339501630421,0.6833155454557439,0.7964713113546094,-0.12456357465440732,0.32432418904825777,0.48458635040177594,-1.4943469687461228,0.7450851294854174,-1.2826777443387185,0.10503698763649622,-0.1358868928044377,-0.5494522994832841,-1.5567210077682871,-0.02241795313313641,1.8414691661705487,-0.033215364408305824,-0.09954390866963045,-1.3395503681130112,-0.9777008976403895,-1.4630440907819828,-0.043091411363397183,1.7812486774010519,-0.39648011142645917,-0.9753371708669467
0.35241956744760095,-0.8983323467466229,-0.49217061154702707,0.3280933698595054,-0.051086274665791694,0.9887362011025989,0.5699456837834328,0.6004749247831849,0.997350648658829,0.8284969395571774,0.4815563608890968,0.6891459548743901,0.7609274320891697,1.024729154082298,1.0593613778291433,1.462124698662323,-0.060884876364404636,0.4611879211983924,2.137637151158588,0.573427630671276,-0.3922065033352276,-0.26206913214897326,0.2316388479476657,1.007038575112126,0.6842783144914469,-0.0350132051028741,0.14354555281299602,0.5122343274419882
0.14009128504001184,-0.42157284713793686,-0.5879092351702944,-0.4868304305372773,0.5006584707184081,-0.03894148824851158,-0.3327111536918219,-0.05017023665796468,0.7483633797067658,-0.8616309195906603,0.02721568536716535,-1.4415518454231306,-0.35096541378953305,-1.4292376118523182,0.3640880126696994,-0.8001976924109602,-0.6042747210396355,-0.006178404553429573,0.244338209308442,-0.40863181222568284,0.9462212583403182,1.0532812170070225,-0.705795578986714,-0.5963746537137198,-0.5776446371003897,0.2747974550210193,-0.7826847053719883,-1.112810414064968
0.8478522263986423,0.7692766162338313,1.6356802287526666,1.095564677713411,-1.447719557926937,0.35994912538609514,0.7536338185816762,1.074471908667452,0.46474921362565685,0.8605465201092832,0.6129227773319518,0.972585485551029,0.46687202315596615,0.9603290441644428,0.8285216737117143,0.4490990974648405,1.5267383868242226,2.4338020546046604,1.0874842033863659,0.7211575653258282,0.4520492014307489,0.7035660507496901,1.2369834061110259,0.3072899606937506,0.3048288403572368,-0.4901853951937158,0.0019010694094301803,0.7218117362377062
1.1392832022521955,0.047443589337918125,-0.09231783205575768,-0.25944196040560674,0.12357433796951613,-0.6848637524452795,-0.6799324912301544,0.46889766111896003,-0.11427448398413495,0.5590212723523015,0.04423108743228037,0.058807082003204156,0.856550708068671,0.8872708464048148,0.5001387119995135,0.06143675048613033,-0.72373228214312,0.356284952669337,-0.15787881162259043,0.26949893048577445,0.6803809033150631,0.4787114714273508,1.175942818977021,-0.1269569496866959,0.3200215005805885,-0.13225934560625482,-0.31308149586963163,-0.3084353628832256
-1.4041144051970003,1.5610474665570424,0.6849198095046277,1.212018646320162,-0.4409301948422474,-1.2848198806489035,1.025333964602147,-0.6899997912120981,-0.7594416977796593,0.2283333422709327,0.03925195921308421,-0.18184592402654828,-0.7480172639412168,-0.5930086743326887,0.22892618933838224,0.05029457121276213,1.3076063140824505,1.529867056841894,1.5519496144665057,1.7324913695123358,0.6792043668336265,1.5916078096488453,1.1560092308575705,1.2202951938523516,1.6793852738687147,0.9863553812417826,2.2838768160728464,1.171417008540427
-0.05293442623961494,-0.9150479988640474,-1.2545843087793798,0.2508206092841782,1.6707502581454317,0.27907187558833785,-1.7062214902602484,-1.1464367057502425,-1.8024736174010154,-2.5100274442126533,-1.9682370051568259,-1.536454551590544,-1.6811936856841188,-1.3007325738703723,-0.42786121356924445,-1.1962683283043354,-1.715188792021338,-0.7325445053203815,0.9731986122111338,-0.30671481423601754,-2.0085136142189643,-1.134473013473346,1.7175547923927668,-0.935343019923839,-1.564035171844487,0.14234373110391557,-0.8971202301726049,-1.5274871758653477
0.8478522263986423,-0.2824770237998017,0.16119922512334156,0.0745042320666024,-0.7972171678597576,0.12525740255041307,0.9975187644923447,0.6557632236300239,1.2966843872077085,1.2881749235318722,1.204508323649947,1.8048880112660455,1.316824936055781,1.119345634207072,1.005503597728595,2.4069174783443867,0.7986180425357786,0.49460917905889445,0.21411269015628404,1.2549693159557778,1.388929843525565,2.16213276480175,2.014145988194131,1.3836773790073262,1.5442822181728701,1.4326926929569543,2.7987478233998972,1.9970880602800523
-0.8035899701048288,2.2766429682073084,2.3169324720262545,0.5883005981240661,-1.7384029462324504,0.10485978377490848,-0.4780632875076956,0.40382806635127244,0.650122959337763,0.9403261531965733,1.4121920779000905,0.9409295725470337,0.5494787497797817,0.32425493327422744,0.18131478494783038,1.1365742110280947,-0.007860383107779444,0.2881902569651654,0.37840165936869435,0.5533618998671319,0.2570151921546463,0.5959057923632067,0.8381568027294725,0.8574037638149025,1.1659680997430888,1.0419630332638288,1.3847896108269098,0.7365466412770495
0.8478522263986423,0.060975851427919336,-0.5307390558366036,-0.6140571748244561,0.22378324728794324,-1.942167626975397,-0.37432144601407613,-1.4349040532994177,-2.438025666870622,-1.1983172746125468,-2.612144002250462,-2.1732862535599224,-1.900706503075536,-2.199174988266496,-1.2225777736508392,-1.1288159648309966,-1.7867494714806944,-1.1384111826932521,1.112871334664957,-1.3439172190893187,-1.096621894995078,-1.2427274231460976,-1.2570435888975566,-1.864347682944697,-0.7659458873292577,2.241321651191431,-1.0661752839435452,-1.8556476164359852
1.467143050087444,0.701353247636353,0.583041286543652,1.0377269667989935,-0.5527878141334477,-0.17817554893320087,1.3590443782619739,-1.0432432649780745,0.35193722266227984,0.1669059781509383,0.47051306878437604,0.5351857057412174,0.27482016780590185,0.09664502506152943,0.556108701704348,-1.0266850555372307,1.012642907406425,0.6980324894109862,0.5309102152340067,0.12815376822934488,-0.14843603216691706,0.9322756274159952,1.3430335326893474,2.155352916456646,1.2602310853168799,0.14831411352251556,0.42149409890563594,0.594183604360966
-1.133878409405523,0.483049595224972,0.8753338572993485,0.803490285393916,-0.8157533110396543,-0.8433203867726188,1.3507390735142661,1.5450384837468913,0.9332000209321697,-0.3391872752249744,0.5850590115361838,1.9646026957413278,0.7408249709516712,0.23257227279357856,0.5240724603124398,-0.14380772332130523,0.5080536969190406,-0.1733312432976951,-0.04001206606941314,0.6962725445471105,1.8434456755713886,2.6118479654068834,0.768734860355107,0.23343409369667056,1.0901475669926857,0.42179497444130615,0.45284549195469115,0.551866906866285
-0.05293442623961494,0.6321056001031023,1.0173932254838793,2.5396510394392235,-0.5952884752363189,0.4773209729502967,-0.7087275543513797,-0.9921493265273036,0.6751601911258545,-0.8060426524188923,0.1151206915525861,-0.2580617209452202,0.302803679872374,0.45205355343902415,0.5887245417255312,0.4582757548754972,0.24329359531482864,1.0656155869850015,0.3128262000909281,1.883822607207927,2.2665677728296862,0.7675697462442392,0.5812726244030038,-0.19581300877586294,0.4603139689215585,0.08504676817773532,0.2847869654238967,0.8772475261243654
-0.22917529306014311,0.4534095448607585,0.4335214619079542,0.5350069011647982,-0.4269724153333927,-1.218225397674161,0.2532190249460323,-1.018337355084072,1.043331796485666,-0.8153821546105814,0.521228435936009,0.457090607881107,1.0009765932306294,0.5421201888625209,0.6646397874323938,1.2915078946363705,1.7542838666175804,1.9035112796442182,0.7883292369917675,1.368723793535904,0.10309448412992002,0.5508746079431978,1.2912192008378467,0.4702218237616942,2.2736081224562867,1.867187078005541,1.6436421626324027,1.9998529025963407
-0.05293442623961494,-0.588960229406357,-0.7940606883417324,0.023136973380334224,1.057400941502752,-0.3931694468768344,-0.026807321464420508,-0.9746520835673389,0.25535347816964593,-3.0488253307930178,-1.893398839067202,-0.29170613331917605,0.1424326512870268,-0.5557902350547945,-0.07204010017723944,0.225056936331218,0.7554915267850827,-0.47536714094989746,-0.7816540338248774,0.49305283829256297,0.2040572294147467,-1.240920121724921,-1.0304151841091609,-1.091241348059553,-1.0023185666019712,0.23368901134448897,-0.8714548234569901,-1.2233109860598792
1.467143050087444,1.1398750677348806,0.4462454334910993,0.11810484449706884,-0.2720081513282088,-1.6981587242218459,0.6710903271526792,-0.009970323430217575,-1.4385682272508626,0.35313050561480386,-0.700068729539819,-0.7153242672304415,-1.7227185258832014,-2.6577942014563996,1.0514607344930145,0.804376600728437,0.7724792636823917,2.1805689020163466,0.681079945974196,-0.030889354574591514,0.4466577954256038,-0.4386827355594522,-0.26512124230708195,-1.0971143976266693,-1.2406533761646028,-1.088300843060341,-0.470788251082392,0.7084330575600758
-0.6765559549891773,-0.43210099643130956,0.11664543932580558,-1.0800239535828458,-0.530126424352021,1.300049597585906,-0.4059230357116494,0.47094178912315804,-0.6978581195018656,-1.3597072690774386,-1.9248476828184475,-0.7189263812747435,-0.3278096762460912,-1.772317190972046,0.08041270715026191,-0.8634852168669517,0.5563476223926117,-0.9427706286727193,-1.49679597263115,-1.2750647980003615,0.019667681789622447,0.4100868845766267,-0.7464655041086781,0.46358284048652293,-0.8495820533901092,-0.8230638869740569,-0.7703594298053642,-1.0402053744442408
2.263374109115903,0.44881191328611314,0.9460183754969832,0.7476348683909311,-0.7095156334234107,0.422372262392723,-0.3634685470405676,0.2184457172933052,0.2953242532590375,1.3651110000139035,0.6438908719350852,0.13139429415801632,-0.9623601579178503,-0.5173199167550088,0.7067681383388957,0.6473152588759897,1.0312410979115565,0.34457862147478635,1.7012084749038263,0.3016114764310529,0.17648592937794627,0.33352331273671615,-0.5992387782716792,-0.6244360913774646,-0.6622877360112742,0.41975241773038274,-0.4426220184388859,-0.5189543085872926
-1.133878409405523,0.5600424558952342,0.7119523589353748,0.3905436272170601,-0.476556215367004,0.01039120620679864,-0.4820996807442708,0.5699375424972715,0.45048132271675323,0.3611432451713177,0.13492460984887814,0.5675417954798194,0.028153402483245292,0.38376130766969097,0.12849445482397998,0.026566002025186636,-0.42432417635731884,0.23500860591553396,-0.9288658785224443,0.31575019918104846,0.9108616427938,-0.2433791582502214,-0.450908302046414,-0.5423784808810217,0.897400734174931,0.2611551230941661,-0.03500610237520767,0.30349684925972936
0.35241956744760095,1.3729568216361971,0.35491835165172136,0.7668590616328215,0.06911229999074549,-2.117871704240505,-0.3730200877350317,-0.1169518437045388,-0.49225043895364196,-0.5850802328653384,0.9456337105297048,-0.3943186698221971,0.70628953900083,0.001402837947400773,0.9188407859560941,0.647469828239493,0.2952303456524756,1.5507417660841967,1.7522438113026122,2.6202569967318388,2.019826677927143,0.7651529620621395,1.2504749051179485,0.30661514591722416,1.0809131778107104,0.4515853942931639,0.6379154693174234,1.7465724643753726
1.467143050087444,-1.0415694509907711,-0.12030917373643787,0.019861917601390812,-0.7006575440929763,-0.5620562819392977,0.565779080313105,1.0232089225481864,1.4828733928354834,1.5508322193488364,1.4714565147196477,0.4740732152529694,-0.03805151373108881,-1.2802279587886936,-0.41753970256960216,-0.012037802221184073,-0.6188142252664504,-1.0258959063718587,-0.5443789876150135,0.3582334279641967,-0.5137870819349135,0.2022164826675112,-0.6048767890582784,-0.9632522213939134,-1.176165950473358,-1.0046630834411672,-1.0434617331106313,-1.425107950010218
-0.8035899701048288,0.122841232100062,0.2948335273129237,0.47965479383934506,-0.4256233842289313,0.039815099432999844,0.5706046715759657,0.11091716595725261,0.34481022688162866,0.39420859725090046,-0.16477513045232975,0.5517760598676368,-0.006311589553859391,-0.5988615011344034,-0.09007223208054141,0.9228403772322247,-0.4785375660634673,0.5216322937327939,-0.0794494056430412,0.08157458876794463,0.900436014834266,-0.493042782446872,-0.5416586527134704,-1.1438874457698505,-0.18643367450204307,0.5990005397131425,-0.3116674642673215,0.16403781912773538
0.8478522263986423,-0.8551269905015375,-0.3904729583859466,0.4015916399978718,0.35642184739736676,1.2195932514252195,-0.21363941335905015,-0.05726435803393778,-0.729789478243281,-1.3335858195312091,-1.4247194044990943,-1.3247036217995216,-1.1623504155172222,-2.470493581746813,-0.6917513924830456,-0.9812047213197893,-1.8844182881323672,-1.6800731328676204,-1.9082791538545354,-0.8032935661881027,-1.6464130300572912,-0.00926134725591668,0.6187398434599929,-1.7285570083151525,-1.3265798642543838,-1.5207027309639036,0.47561975542121043,-0.9441605668833216
-0.6765559549891773,-1.1599002148890194,-1.6954204529317038,-1.9181428457904506,0.8973587025381374,0.8408568574910804,-1.6065850443743814,-0.7134632119556961,-1.9189844353572723,-2.3214301426429382,-2.141237740562678,-2.578087335843626,-4.7455483367063245,-5.4060655774764195,-3.3284731047044427,-0.9400760470862767,0.8011525044454259,-0.4167774533397579,-0.22822348597240644,1.6182053610017588,-1.4666799981331555,-1.7454337134485025,-1.1714054934651428,-1.803681782551862,-2.0291970196719036,-1.1659078550253377,-1.439674365589468,-0.9130497819374902
-0.6765559549891773,-0.19616312890373466,-0.0023086730629584625,0.2945507580812776,-0.13112781935407902,-0.10656048328595004,0.3779663193437012,0.37371303347967816,0.5060277909666246,0.6083333705055541,0.6402329235593955,0.3723182064654246,0.24350460081152764,0.5688691454336217,-0.05108695039037454,-0.4382560949887764,0.09905039111081682,1.3190884691983464,-0.042887586559712886,0.7283353285285775,0.4320755837900029,-0.12133684376957926,-0.1757182428827234,-0.014866405687702056,1.7502891876189512,0.5103399276041688,0.0397646751856069,-0.06277215010001401
-1.0313751006570318,-0.6640455080853407,-0.18539203825196762,-0.42921442609651983,-0.02700334429867304,0.6189001746937542,-0.4159189033275751,-0.14520852116933414,-0.88487920746783,1.103558974433917,-1.6584938258303774,-0.5125596162923364,-0.8521126075624278,-2.146734652215254,-1.1701364763487658,-2.0877591449739406,-1.4775472814444983,0.40067636230305986,0.03699537530986882,-0.7816186112035524,1.0528564381603567,-0.543729543951017,-0.7471794931298538,0.1356663763675009,-0.5287634496900272,-0.45904045552838646,-1.3862346472814948,-1.5484681009844652
-0.8035899701048288,-0.47289946620706563,-0.7803934930898482,-0.14652422389308659,0.8645442653671215,0.04265501881654588,-0.6682487269555596,-0.01134041881577884,0.1380141327386463,-0.8007008218731134,-0.11497052128754459,-0.4799716169759195,-0.04255790792218001,0.9613271818472249,-0.7454244671540046,-1.4133529460539094,-1.113980512141532,-0.9240371161686708,0.04450668580867243,0.34686864892736874,1.3616611412726287,-0.11288195088202013,-0.46292044395436854,2.152063426488447,-0.7764990716345374,-1.819947502602087,-1.932627653976437,-1.4093926954909122
-0.22917529306014311,2.1199741305679014,1.3851067662395977,0.6691648375004188,-0.8189799560791322,-0.2248391821679731,0.35177546089752215,-3.180824147321945,0.8487667070394704,-1.6478267348341218,1.1117540599841713,-0.5199758529880404,1.389954967416923,1.3188801621270987,0.42932872557491314,0.09466422403145212,-0.3542625590555417,0.23322452097793178,-0.8883706942707641,0.667885058808614,2.1820738857553796,0.22565347384694132,0.2120092330292352,-0.5343077347697733,0.4801149722497953,0.8172458717598903,-0.05382503322245497,0.15139657931076608
-0.8035899701048288,2.2752986451517865,1.451745193102428,0.36015550275344815,-1.061921763554109,-0.788116273158904,-0.833540015870798,-0.8222950848482544,0.312115170592222,-1.2383998214796108,0.8332145814684886,0.1197934086451655,0.48433073038479507,-0.23798687242050964,0.30737926166699436,-0.38722264208153945,-0.45189849900733686,0.31851876991557126,0.5054709547616948,0.29022375964367764,0.3679779042026968,0.5508941687901718,2.9426877718026696,0.8853414817232058,-0.9852367245431295,-1.0551017948770465,-0.4487640750212461,0.5889130637426627
-1.3196656565121636,0.268093671667812,0.37573373360322004,0.8036946649946033,-0.37357501434107826,-0.4805994916230977,0.4977433031044245,-0.3077692101830726,0.465170321738741,-1.037741360208885,-0.10653226111934877,0.46265547657140393,-1.2186651959111108,-0.6952689142241939,-1.1776484649005199,-0.2934979843544487,1.7993893289872278,-0.5461976249283201,-0.6853151477229461,-1.005635998740664,-1.4722317425718732,-0.9877264066077853,0.02344136982834977,1.1982405508214793,-0.6828527904631385,-1.2319323490471188,-0.15306903520553486,0.8304618487821802
1.467143050087444,0.38988910349837647,-0.16734065123404834,-1.4768509734381094,-0.08922497177992844,-1.5065116441254178,0.11241457655126776,-0.8441558257917547,-1.7780367953100646,-1.6203352511663855,-1.7270815193997122,-0.9861763508491884,-0.7611254050589801,-0.5401697790507245,-0.9298454672996244,-1.4251801355380778,-1.6897855572296878,-0.3248508399410924,-1.1415934229022398,-0.30637783505688443,1.2097414178089745,-0.24197825419416605,-0.8474793101007204,-1.628186497643573,-0.13705222551508045,-0.12199295884945202,-1.5153927184430813,-1.3279647319149974
-1.0313751006570318,-0.5181435755300182,-0.36579792682208767,0.168684699217959,0.3813553800924837,0.3559996507541209,-0.4391412784685674,-0.21714350143048575,0.7463681915374528,-0.20221998318038906,0.0644297408823565,-0.42331056245220294,-0.3417916158342752,-0.7081011091000782,-0.7774930939270903,-0.14309126875851674,0.9352553375799366,-0.34324617075080227,-0.028998329824495538,-0.23970358580808207,0.7845802931309641,0.3584027464503314,-1.066542481162993,-0.0732346534794879,-0.6475504694866949,1.1738628339457204,-0.40595326783929897,0.6131256150716589
-0.9215501269979339,-0.07103139590261846,-0.3751468297926559,0.8813832705212744,0.675230824963664,-0.7042274028383915,0.2963037311484753,0.7142501201703187,0.28482241164232197,-0.6341329024895401,0.09087568794177277,-0.6674231292016668,-0.24892815210982655,0.3547921143813805,0.4783098775170352,0.5060909475496659,-0.6906717322990441,2.410305913550015,-0.8572171185836074,-1.0355866045430187,0.322327939705902,-0.6848962492871438,1.1968174180375237,-0.8017656367655831,-0.19205696257800264,2.4641557272718986,0.28722692598199817,-0.3417545536386161
-0.9215501269979339,3.3637522553043318,3.215865066886917,1.1958815150533324,-2.2200606666908773,1.0603479660297022,0.1209040357724255,0.5898857968124656,0.6156425529085878,-0.013510689242865838,0.6860410303324378,0.7978311121819394,0.860185859046188,0.8065805201251497,0.6911308177639712,-0.20015046664857913,1.4018040433680927,1.0808040491699162,1.2351877454720401,1.4288206999692008,0.9723019065491103,1.138837491739515,1.3911299602643163,2.398448423248661,2.1072691642828727,1.215305927837217,1.5223624530061968,1.3229938252897167
-0.5393592186642734,-0.19291752919818753,0.4161794028773973,1.0928923092553242,-0.8523262548637693,0.619701339275318,1.7100705208354223,1.9138529292660262,1.372099383184337,-1.6289880455156558,-0.7947190424144601,-0.42759917690570043,1.5587406129525465,1.7097034511895224,0.891965149012789,0.15157917383980696,0.819269512724717,0.48918353129292275,0.27278598746160027,0.4821990910004812,0.2844815776656916,0.6541271051285652,0.4145590032492874,0.7750673011685905,0.3846498632962356,0.2996712426575814,0.7915883091436418,0.570872449181844
-0.5393592186642734,-0.08878257869222779,1.1100171591010708,1.1800685568476144,-0.8429277038329859,0.6609933857871094,-0.07243893983905893,0.47934471711296583,0.21057731954137068,0.6529214873065758,0.4192746485158502,0.731439032587793,0.28676346669842223,0.36683781789371855,0.05167916137052394,0.043812037434485945,1.8784170568082703,2.71827430480648,1.4815060301417369,1.4504530562741635,1.0797635587476835,0.6270249852124753,0.3535699515769426,1.4489418521108066,1.2844250964587929,-0.15120374565164485,0.40710535747735593,1.1665663963347737
-0.05293442623961494,-1.2996016941009865,-1.716721253483611,-1.9089817460835896,1.2470473665142319,1.5868588373359378,-0.9006493782687673,0.17806409580572072,-0.29800829200392315,0.0564267785256972,0.035129706440152744,0.9737081840511685,-0.1152610552353629,-0.04613676970989924,-0.7567272370771823,0.2942985141851225,-0.7652965778654187,-0.8279722573981269,-0.8755685915140361,-0.42472252992671855,-0.9659652675715508,-0.6033939034466064,-0.6240890371195337,-0.8208136521022513,-0.23176793408063046,-0.764936532259992,0.4526211224986757,-0.6823773715289001
-0.05293442623961494,-0.8204817783082405,-0.6662532672352293,-0.4397496077232773,0.7125320886326052,0.028983364780626866,-0.45868323035011416,0.14515833770040065,0.17699388434406566,0.06500486286910201,-0.3669910967375348,-0.591186050898126,-0.42223717719663506,-0.2588238900343279,-0.5733092472305156,-0.5897519460674578,-1.5814465932131168,-1.2348682980929715,-0.26178620058086827,3.288322105826157,-0.6000864342179035,-1.0979703583339446,0.0028245262786679927,-1.145847876636531,-0.5111979044380696,-1.2046543767889542,0.4152755978625977,-1.183548613263969
-0.6765559549891773,0.2737036383739202,1.2109361715182148,0.2819814126390125,-1.0090381102427424,1.1498909587233306,0.20182994406897922,0.8465969553615716,0.728327428020266,-0.20897022232933024,0.8655563323989457,-0.25666645455779524,0.11341073962160192,0.47725746948873654,-0.05270802451131215,0.16247050944703734,0.18823081876381478,0.6372813560554298,0.7822775439171503,1.4536661702743836,0.9117802556739962,1.029710774026037,0.7849822162192287,0.46602136726288507,0.43829231086448917,-0.1364172917627413,-0.11325292640622914,-0.14625083418978738
0.14009128504001184,0.721298271305041,0.8327982990646318,1.106139716683748,-0.6335335984237219,0.9660366128895072,-0.6437413628220515,-0.5121105160277516,0.5610534969930345,1.071898524151079,0.2774897182355307,0.6472332451683831,0.15902156328116127,0.1414793904105263,0.3004784867644804,0.8075298368861923,0.5526457492452036,0.747040052018589,0.1770332160562387,0.594657776187577,0.9881005124134568,0.3632159231979942,0.29479903622405246,0.46315152935831033,0.3404751483970289,1.064918023488078,2.4517575576841026,0.8907762899173236
-1.8198620910300418,-0.08139003430624603,-0.13706091613533725,-0.021255693038928034,0.01536831550326943,-0.27294167087438703,1.0419861173626177,0.06527229926246622,-0.43814244114333883,0.4455469031036287,-0.31816037017243537,-0.9532633151260345,0.897081269437018,0.0642038366008684,0.28635365714230543,0.04990762885687481,-0.8373070769092855,-1.2063593252383034,-0.6602662500501257,-0.24136622979956304,0.5390206907519919,1.8163130770234344,0.02515439606152066,-0.4041896777626056,-0.6717160948283496,-0.9322552298990499,-1.0052940295897799,-1.2996719905480654
0.5870981953717789,0.3157391270564049,0.004582902575698666,0.49167466151443234,0.23312992904564495,-1.4717705342679288,1.260423767266706,-0.5172115923678628,1.2781870511814368,-1.466205222687543,0.4931170085241638,-0.24877419226649145,-0.04956595534952976,-0.23373784176264495,0.9242590686777888,1.0391492296252571,0.9758419119710053,1.143838199896269,-0.35906776221193343,1.0692777851715989,0.7217817946170785,0.35095489732165086,1.138194070842679,-0.004272845931888642,-0.053201792445825305,-0.2614227767762504,0.9389936196113816,2.342792668678016
-0.05293442623961494,0.47982845820990794,0.828042867963117,-0.03958187818700807,-0.6715336191393603,0.41994921160016496,0.1197705866900482,0.6246011742414331,0.14898703588134027,-0.12051739279400461,0.020151656175580214,-0.3790181465614106,0.06098612483851619,-0.21771095524140327,-0.30503248052030496,0.29122025435540616,1.0977765449554033,0.584035389193776,0.25556680911106305,1.2478781218049275,0.3424845818885835,0.8405564019701367,0.5765792218734448,0.5775043031952407,0.690207512979333,-0.2205874910735442,0.3494075834311028,0.09711159000884542
-0.6765559549891773,-0.717212176445365,-1.649344543570081,-1.4357126591220977,2.6278246161233576,0.11479712817099326,-3.2081613550280874,0.46913360850307195,-0.5760714351990376,-1.5892573064781295,-1.6407572144570306,-0.26505592157666746,-0.662949938541144,-0.1218510357672984,-0.6418754735449176,0.35288001464886576,-0.16554042432823543,-1.423777647671155,-0.31409132141658264,-1.5807979599639492,-1.2457499706686348,-1.0084923981189609,-0.9253193629005448,-0.09903868830655888,-1.6430629948004531,-1.8311043646309602,-1.6962779534364152,-0.4700837468136499
-0.05293442623961494,-0.6832610739170376,-0.5416401260449162,0.5656273053696027,0.30084298065580667,0.4429809699021149,0.8324325256928296,-0.22212595666193835,0.5191166381258224,0.11739477141960827,-0.015981459577774155,0.24378091698409374,0.3636813114377912,0.6281864337880334,-0.07373999735535947,-0.2604191603313022,-0.7708535332230287,0.375768376680033,-1.2819445379961008,-0.4262031960168492,-1.067405049362704,0.03856129841892339,2.578905595159919,0.11186992849636955,0.51468048331415,-0.2522419076921159,0.7609534779073144,-0.39147707349562866
1.1392832022521955,-0.10270823177470649,0.20410555875130865,-0.016705534409976467,-0.20645114146090102,0.17637949944740808,-0.24330576895869782,-1.2732108575738725,-0.1125771209266061,-0.6658311386115278,0.041311025420723485,-0.5276877028184283,1.2036753237162454,-0.1420010123632138,-0.13356099557333004,-0.48825184583986625,-0.05910888568877673,-0.6728330537463876,-1.019443526003965,1.9125118653456474,-0.15089429886918704,-0.5688323791524654,-1.2582461872729824,-0.5290125143845822,1.791466148354289,-0.45684589394187936,-0.5545136457073923,-0.7601075890947766
-0.05293442623961494,0.023426183400861528,-0.8870414261759848,0.04422615815720666,1.9234009185304666,-2.2517073640658958,-2.065634176366292,-1.0993845351990312,-0.15801274041970995,-0.44764321662542333,-0.45896285924666835,-0.6535026749910026,-0.6236878350631676,-0.40972163564034647,-0.04042575087975436,0.005791779624986588,0.8122547352804265,0.8265589117178831,0.036067817960035706,0.23852809011755946,-0.1945655460928115,-0.12716038735437138,-0.02491281325744025,-0.12490733068899205,-0.28215746050634627,-0.14371796337516493,0.0995954100577686,0.12169411516687445
-0.390729420978961,-0.10820384248483433,-0.5588591562813663,-0.9377665621725358,0.5194037035068929,-1.128345664087384,-0.8242033220620251,-0.6824548430831822,-0.7092453074415485,-0.5712102373655095,-0.7767277024614652,-1.2272077820812317,-0.21419949731459767,-0.6594526662588789,-0.4721474217581663,-0.7439491091572751,-1.4566216945605273,1.0903410987963555,2.110620536875177,-1.0788358475072266,-1.0578486134688396,-0.9049002672315027,-1.7295442403542836,-2.310996941846431,-1.0258302502548728,-0.24146266296537625,-1.5063570748326631,-1.8032321239295133
-0.05293442623961494,-0.43619722842324854,-0.28450871949070966,-0.23969032165035,0.3663280722978469,0.3314179177309754,-0.3929562045956087,-0.08416716149582953,-0.24165427165841644,-0.6892196211977388,-0.27166298380632653,-0.4537090715415638,0.19130399687865612,0.7408001224285832,0.31184471330441516,0.8619566293337703,-1.7556788271555293,-1.5045185853812817,0.2934603115918533,-0.28036787383439354,-1.7587693322912594,-1.2562892075839507,-0.9992262980847062,-2.161501816539594,-1.8779007805995065,-1.4255711346519124,0.7071923262976495,-0.9524414430227777
2.7533624531334167,0.4702442291613641,0.0959194930945129,0.7491524367477131,-0.3776173238562196,-0.4181729077804474,0.8189672994058836,-0.22617240034807354,0.4599608462577761,0.8314207394078564,0.6083244826444288,0.24326920512629926,0.353714517911949,0.13033345933608464,0.6652543393135557,1.1608724688421606,-0.7552657957955098,-0.7494840799216567,0.3113400545407994,-0.8279441799213625,-1.7719060200036425,-1.6305456088184156,-1.1713175938309917,-0.5445299124745898,-1.193619249724831,0.5074927593576611,-0.08651966465199361,-1.069420172645556
2.263374109115903,0.14149028783369716,0.845168599135336,0.4204072954680743,-0.6885768410137177,0.5567424065952453,-0.1386830862361807,0.968766401557657,0.619971146705512,-1.3788978914685284,1.7340189090721765,0.570881242273905,0.8770957538878634,0.3021477449400288,0.39645053979799627,-0.07607731950819567,1.2943823104388978,1.95707494644584,0.7116510438852752,0.21284405832726072,-0.2230994351583279,0.061011561931505476,0.6114406547119686,0.3391182416197974,1.7408039045895296,1.2801831301937963,1.3096437131953158,1.4215406417447027
-0.9215501269979339,-0.4858837909267644,-0.9472396668423275,-1.0011139419051551,1.126041727468759,-1.0385862700365203,-1.0263295669863985,-0.18970753241243812,-0.8702130033759085,-1.8007407781876597,-0.38920266594422115,-0.8791925923308632,-1.0300165593921249,-1.702122367426394,-1.123186797134813,0.3862612887471286,2.1889782225374357,-0.9907142262066452,-1.0386372669330777,-1.843949405606824,-1.1355937672237595,-1.7893527995222172,-1.927826811786881,-1.099804151253366,-2.3450821636564503,-2.568767325024297,-1.7141149433492004,1.3424818683767252
-0.22917529306014311,-1.1312151845000562,-0.5780388061870623,-0.4999588859380855,0.32636293176472825,1.2131704096878813,-0.1024437800415895,0.24314876099321667,0.6677211339319367,2.0605286223865247,0.6546225085010123,0.2126252251682249,1.5263819049381822,0.4887910519477112,0.19736890114907654,0.4613903602245351,1.2957081931379113,1.0644891680769724,0.8119871195445875,0.2859670923012936,-0.634920220674261,0.08643930355643446,0.128761710476155,0.7016662862135731,0.8459705476848957,1.065597748719487,2.462174165512741,1.3252834718622923
0.5870981953717789,0.7689621885425559,0.6983292066921091,-0.7971853934894229,-1.0434439934628823,-0.8665216769550204,-1.4155126094659336,-1.825949795848152,-0.8363906594529548,-1.7154860559107215,-1.8627080433114536,-2.5870050669085236,-1.0128676628600688,-1.2985546216350736,-1.6629702889638023,-1.34865523082445,-1.1158319173524056,-0.6962277170180109,0.35212883098201336,-0.9153842566994779,-0.42289906286579493,1.3108462149890252,-0.3965133651883669,-1.4317350466686878,-0.844019733739974,-0.18437483000935687,-1.1982348080467264,-1.2284923167939978
0.35241956744760095,-0.38410704090198555,-0.1832810619458183,-0.7968002165496659,-0.13747710213416128,0.3605655845155869,-0.013909997811254153,-0.06904861705332634,-0.4715905084883931,0.8089468194110483,0.03343746210285056,-1.168079147786559,0.7844496644437636,-2.1565661817955686,-0.463676560073411,-1.2175096031209898,-0.49037079878456324,-0.6864282061224857,-0.30442602692825743,-0.9494544367769934,-1.7779697724572718,-1.5248949064793482,-0.8229119097730841,-0.4036160072279224,-0.7113738048025352,-0.6407941926336012,-0.369296583398341,-0.7335626678491659
-0.8035899701048288,-0.7600768394031079,-1.3020302317870136,-3.634491953635446,1.3658691210360654,-0.9064106364120248,-0.4695120714328153,0.4008052602492568,0.02408126468931283,-0.37283636028138484,-1.7747794887318504,0.6085238440232021,0.026437504923172452,0.7022093200522741,-0.6083161827201091,-0.05033702294312875,-0.2899439100185773,-1.736269093017994,-1.9905453683289782,-1.8083971877464537,-1.4193833711862216,-1.060463227268858,-1.2982889281726213,0.6324340180721465,-0.8188256572803482,-1.7041964942236787,-1.8900816149714836,-0.9517744718539246
-0.8035899701048288,0.9999709311202026,0.38017062203910285,1.1087441283710322,-0.2877539426184767,-1.066348436123181,0.6212703415972147,-0.07839505583076654,-0.45942647000596454,0.20769490980171684,0.8897825682085804,-0.5876472058358667,-1.1516796629260269,0.4490374211517005,0.8419255056592766,0.47610960362028737,2.479807960988055,1.3606291910190904,1.0999452913628298,1.0533480127501496,1.4632425541833813,0.7389638578953434,0.5679878928628926,0.7905933135993134,0.08398853524000198,-0.0864090260148559,-0.030103881775970055,0.9004596575941611
-0.22917529306014311,-0.7340062456647639,-0.20500381917328817,-0.9162956326160483,-0.331202387029379,0.9645351411456449,1.303075741458979,0.6969549251417944,1.2607542367044835,-0.36823928774854514,0.7392079491546687,0.16056827364018,-0.1397126061133046,0.26624133026888724,-0.5275269824613821,0.2513161800256789,-0.9856846703189643,-0.799570348259492,-0.47897382179088016,0.18424632257627502,0.9339623834147823,0.5062885649597294,0.09075591065368548,1.2601301331651893,1.4955658515382027,0.3850197262866246,-0.21076902392647312,-0.428231324415155
-0.8035899701048288,0.044616007111252166,0.44411893706855216,0.9136637884435789,-0.6815970643753467,-0.3820347428312107,0.5795801249933856,-1.4383081158452726,0.17664004064952488,-0.3282048342266367,0.3041607199635456,-0.9632915126878772,-1.0184952753636838,-1.960753893951227,-1.3300778743943253,-0.2460909916482085,-1.2342674168386407,-0.4794520096285654,-1.2834865209726092,-1.2048825208157343,-0.9757174322280346,-0.4963960704995355,0.5018147960411795,-0.9792307094968467,-0.7089355256050536,-0.7066764726406451,0.22933639887005938,-0.8840355399522324
2.7533624531334167,-0.12602045546638388,-0.29924713324392915,0.431959835789694,-0.0280837301939505,-0.35555423776076395,0.6315904326951837,-0.0034122000580373486,0.6610180261338897,0.3245734662927695,0.3092205925208426,0.46934948620582206,0.3711449327691382,9.292993240677056e-06,0.4806961846618293,1.499875622911667,-0.870622204883335,-1.2116735646736787,0.2597760097394869,-0.7712584446765646,-1.8525022521722316,-1.5865089310893408,-1.2021322025876102,-0.4898271409185888,-0.8939331112581266,-0.12293154317157928,-0.15056278714306945,-1.0189463417539975
-0.6765559549891773,-0.8908396045203633,-1.7532404714881837,-1.9234372295959026,2.0382663644044454,0.6855583117380847,-2.908678065417266,0.36893258122017974,0.10989009171602437,-1.338019424787754,-2.7628899156981945,-1.9938097901298608,-2.902790933683767,-2.1890113834066516,-1.6846548997431634,-1.258299039693991,-0.31156250312891676,-0.2313813452955099,-1.6117528965419348,0.2866670366161599,-1.6384661211992597,-0.8382457371117183,-0.7306789175011573,-2.08459780963745,-1.586383724440018,-2.0714542203274453,-0.34806419172111935,-1.7139303734871332
2.7533624531334167,-1.0342806209209177,-1.5870556428025238,-1.5721837606782814,2.153621746469242,-1.4119963282101557,-2.8345630824190566,-0.10512175298481415,-3.6377037141178383,-2.988593175222735,-2.580572892693491,-3.9513531170623843,-2.9301780346063833,-2.4320879044493133,-4.434371336715409,-2.2580466482158967,0.6415224279144632,-0.9376314151383369,-1.2464523300982993,-1.602866743170517,-1.027522731252837,-0.7674240668659484,-1.4574680491911591,-0.516212272436132,-1.1115220213511177,-0.7457402464708176,-1.2126330954865794,-0.606645042155066
1.467143050087444,-1.1162903500875263,-0.9028950968013839,-0.0706628561398403,0.5000422207537635,0.35433781121775354,0.4382189348420201,1.8609660065015392,1.1849075185675113,0.9111711908560287,0.30700417022123494,-0.5282776381449302,-0.24170613741125663,-0.24073048940323147,0.049815678744140265,-0.7414767104909942,-0.6990967471328232,-0.5093532762860778,0.6313996833634883,0.4881280041834129,0.0921747876319345,2.3680742708355265,0.15819158718480447,-0.3842286908332648,-0.8230021089081805,0.14240127882558018,2.3285681875347075,-0.360942278918651
0.14009128504001184,0.17011019502177324,0.1528206531272443,0.10635523175441815,-0.08593060105746289,-0.07628116778331868,-1.382028874242882,-1.7415072483519884,-0.39060775059933467,-0.6724634739189855,0.44377972372202185,0.13083224831006338,0.40134985737515905,0.24295858166609546,0.35967100315794864,0.29117522127673323,-0.6197992284983109,-1.4057315152569985,-1.2731287853474436,0.8126724839552802,3.0577318413249444,0.7195323843997209,-1.4737429323428444,-1.1147961488213174,-0.4850469518084361,-1.7099168222825374,-0.33395465203933145,1.057052445813337
-0.6765559549891773,1.9297243723022655,0.350901935352247,-0.6534253802261731,-0.9771908065748963,-2.8289389894264825,-0.9817226721489541,-2.6776044864502015,-0.5536717520356147,-2.0372851409882657,-1.2988910544063084,1.0062543363681495,-1.199579130771942,0.11509168627266514,-0.5515159097843093,0.04347310729819953,-1.6980429441529066,0.2459858952698237,-2.0732441624054876,-1.286786902991725,-1.0549117745852155,-1.9392451530988037,-1.1655817516900124,-2.072479066005737,-0.2817536496058933,-0.9201526693254201,-1.2204864846556842,-0.11714893187168322
1.1392832022521955,-0.630094304709643,0.027178234778645848,0.015428230987565917,-0.21217369292063828,0.4911421484849327,-0.6084584197919345,1.0779020477153622,1.1542273622494705,0.2879166810421388,1.5047653881733922,1.6978119695052258,1.6862957696819387,1.4446007109977792,1.547995241532953,0.49631138889623777,2.028355067795695,2.801896420213935,1.360323839343042,0.9991839821676533,1.025046759477213,-0.09150307800716512,-0.5997156572477063,-0.6792962974361877,0.44195972573553366,-0.44055756426187653,0.48442652385815077,1.5140836108576268
-0.22917529306014311,-1.0953203071755249,-1.7400534597181179,-2.219881093920123,1.4614942916292448,0.7764846471105891,-1.7237321314928227,0.495066060364009,-0.6039754925107509,-1.0264902727903416,-1.7445251819025411,-1.2432002634997656,-1.8822203554604517,-0.8568218153333403,-1.5315197789580248,-1.2097630678976221,-1.1376986718684003,-1.8665094968032125,-1.44895627703814,-1.1003654792682114,-0.12752502452859105,-0.3094166531585134,-1.2445765429221123,-0.0008897864007512976,-0.721442217631893,-0.9409328205605504,-0.8206426257425079,-0.9886822021440905
0.5870981953717789,-1.3999902752974478,-0.6198917782169611,-1.331126546710616,-0.1404884762527149,1.0073599057191542,0.8987136269943881,1.0106144216504611,1.292977557560149,1.2895305546984497,0.6253632007986957,0.5016331024119313,0.6267605766610705,0.9369223873894031,0.3332841528515494,0.2710387080175021,1.1584468896783124,-0.07156237109949419,-0.61921247759815,-0.94352598082497,-0.7125974557109108,-0.7064328173298808,0.26135658813790896,2.289259426839461,0.8715057878890276,-0.46786321859423197,-0.33637872803417507,0.8452519473644267
2.7533624531334167,0.5350838844900088,-0.17425036685180542,0.6529328236129016,0.4238989341279135,-1.5165561738821178,-0.14717204941835285,-0.32844969267597235,0.25731484459312903,-0.45165202238170965,1.0126911864074843,0.488941990980296,0.8747659984580208,1.0062059846558267,1.0235617255465457,0.019731276128428437,0.1299991897719619,0.9081201281741075,1.991159108654439,0.1700009126144321,0.3423718493808695,0.10240654350053353,0.6289652141570146,-0.7615452799673073,-0.4607869360503303,1.7459495952230175,-0.8831221115378991,-1.0923339785886705
1.1392832022521955,0.16629513903429904,0.9053134323101686,0.2749397271769812,-0.8247158107980278,0.7007048331889582,0.01935288845437878,0.39343613068747274,-0.014819926118694645,0.5226122179264573,0.13529589442112416,0.45359793767228757,-0.22721852952818597,0.1686005020939093,0.24870918612184226,0.5199241559929023,-1.2674105189225409,-1.6492914611017453,-1.7587769049929072,0.009405033647217021,2.2359260999852637,-0.652049810992731,-1.455577190424127,-1.281968495367771,0.7884197111670583,0.14342734695469309,-0.629280757599763,0.2631520665251356
1.467143050087444,-1.195414331776432,-0.5191496890997811,-0.5467408893900841,-0.01529513247584625,2.1560794537962384,0.6498518599350863,-0.7733543461154497,0.4110263819003102,0.5329620310470589,0.7433545328229395,0.7652576455589735,1.5644795778711855,1.073744584889314,0.8398897128662671,0.07406955733802231,1.788870010692821,0.4833837811800596,0.5444439095069907,-0.24373476210771305,-1.1111921004440983,-0.8850735739976014,-0.5367268106958979,0.802386197515015,0.1850865468147698,0.5022862753986086,1.485908602219145,0.8028495818171915
1.467143050087444,-0.7111393677755086,0.012940042129993345,0.6809047073368613,-0.19039692956032986,1.0704152748766373,-0.09777530912745659,1.1531885958261627,1.0514736973566225,0.6593474220077402,0.23376665915384448,-0.06151641094192034,0.0326584764582991,-0.37537306395715314,-0.39610425077462774,-0.8242746288844711,-0.3474853446070778,-0.24710132452284575,0.885361990473869,-0.2952149234659008,-0.8933061997049085,0.0681163787553391,-0.7372898458575754,-0.2647063471670894,0.0008561408278261416,1.1015807119619518,0.8819508546952327,-0.5985292301272068
2.263374109115903,0.13854864209976572,0.42239078214636183,0.4416193737209829,-0.21665998191314279,-0.3082935825544178,-0.34217408942246114,0.06726503857382124,0.9799213721976285,0.9783731241813036,0.3425535278851538,1.5476804268433562,0.2606134933780638,0.6677631754199865,0.7568999833559847,0.44333668931978654,0.6372878224525902,0.4765140921484941,0.1540013117010688,0.7343902850317908,0.5745406447320824,1.7642273751003816,1.099227083828614,0.39119816921275796,0.7872346803121765,0.4056297701192827,1.0674264229976858,0.653031579624908
-0.05293442623961494,-0.09613319938604124,0.10427242813703598,0.38061483078692443,-0.20818819772844738,-0.27952130618513726,0.1288659575322668,-0.006400926869436266,-0.010933297880103634,-0.1448735786111541,0.32829103824858863,0.07567700834057743,1.1388243245379275,0.31877629399573826,0.6171673350574449,0.27936056340472676,-0.5717225343772206,0.22638128754576267,-0.38649049928363527,-0.18580924525610407,0.7943138900802952,-0.14603887041932714,-0.39242923850371264,-0.43431462133537946,0.7300227946673195,1.3287627050744615,0.41814192148160295,0.09113069078421958
1.1392832022521955,0.843876726991449,-0.11397113261740452,1.2282898532621989,0.5173872519217518,-2.089623009756155,0.47926820707142176,-1.8070985529987225,0.7784264892297793,-1.2283732357162436,0.8012174978443709,0.8742580357764462,-0.21827973854510538,0.8321490541428332,-0.45797508652787394,0.10308529442171127,-0.18632534796338757,-0.7581587235572107,-0.33641046066745606,-0.44732101514010525,0.23164981949170324,-0.7207443335357245,0.45121385451307044,2.2381281163869593,0.3405442815557233,0.13237247892945517,-0.6764185045395021,0.24708572794549122
-1.0313751006570318,-1.5262202121260922,-1.609209392005312,-1.3767671908432837,0.9532098157751999,0.7400637666762944,1.2376285436972945,1.466365227451948,0.48707729408931566,0.8991717759965853,0.003967062486949172,0.6621871694420881,-1.1834914749958725,-1.85336836148038,-2.1226962575298027,-1.0379317930470395,-0.3112299149347599,-1.8090832038743352,-2.0982467784822414,-1.8584881596781544,-1.2570521898553344,-0.7916006695296067,0.6336089580854288,-0.5062055275107481,0.1280425341821949,1.556460091919429,1.198836665577706,1.0799056716779443
-0.6765559549891773,-0.675761624917635,-0.5640870812694562,0.551234375743741,0.7740353401193137,-0.49626596079483454,-0.017129352833470213,0.15488325442542678,0.10886909618431558,-0.2911675354310785,-0.41477499080996255,-0.6538597932451995,-0.3143671158885357,0.32220395505141297,-0.7180834414074895,-0.9614066961307712,0.4356544453187258,-0.1035465701106661,1.4372178230654025,-0.1542454526054748,-1.496545806071546,-1.3379855758796073,0.3104188168532413,1.776309968886385,-0.10298926520476659,-0.5642810804451627,-1.1002203323542703,0.037477623275644925
0.35241956744760095,0.7930752988223532,0.9987958515584324,0.26778865544979324,-1.0994115841245742,-0.5207789594118195,2.2892541352333295,0.6530161090980109,0.5252358048476743,2.8624905383111976,0.9262465107790663,1.603089100626164,0.8613231470851022,-0.07274006442213149,0.43787286220560695,0.3945816449537573,-0.2643323119316499,-0.27057900096559623,-0.4248197191018192,-0.560275262426229,-0.31480478235922615,-0.5844833224667322,-0.3178130846521866,0.6929069869375888,1.372384450421395,2.0192421757746004,1.3125854121217027,0.04975449716366235
0.8478522263986423,-0.32566777910933264,0.024324023693800295,0.47953522180860725,-0.04509685176475836,-0.4318660633293368,0.18340023560317012,-0.022959694504234324,0.46820214852369946,0.5471025641376974,-0.23831038320982248,0.4330980487132234,0.8029122043247601,-0.23281361149814409,0.7315537399967433,0.9022099416273949,-0.9256742388284677,-1.0924016368817777,-1.1364840487959238,-0.30479985498851886,0.6723217505731901,1.1548136435752858,0.006719481063845515,-0.2543115856017417,1.4005092844518057,1.9098559313247045,0.9106540313977068,-0.23765141502566875
1.467143050087444,-1.304335723468553,-0.8996194553932815,-1.2066574877397527,0.46695526833453477,2.8889755140467255,0.4101664420824223,0.7558626424738741,0.9469105058830264,0.34435866771196455,0.11781889003307386,0.4491940842001844,0.29420790940754865,0.8671644288536053,-0.003611652210475167,0.20784051934882228,-0.07005999906118208,-0.3810241460298125,-0.14384714449084698,0.33200574862438703,1.4888401627925558,-0.16679277800959214,-0.8284509161674809,-0.18271007671746176,0.03638654018322903,0.13322224112548864,0.840041343741978,1.029964369929611
0.14009128504001184,-0.8424716512106304,-1.238323564769677,-1.8438270572493354,0.7894856646799131,0.5335954040801972,-1.545876243274579,-0.8524968535608222,-1.6363048108657923,-1.1316059184564775,-0.8155451884326798,0.19664001648722276,-0.8161196429104427,-0.7034508495191507,-1.242991258218979,-1.3205636616971552,-0.24524709926056715,-0.8178631151325387,0.03293628679195482,-0.9312132859108833,-1.0980358328751123,-1.1540147527472768,-0.33106450191814446,0.45357089725208666,-0.8939494407238666,-0.5082199495588869,-0.7887170210053034,-0.4287249671986074
1.467143050087444,1.3133521416784666,1.8859448236139922,1.8566950143483785,-1.358047636119989,0.19943366967662568,-0.3920208610831547,0.7260525248383788,0.4723657191572846,0.6766384825082649,0.9271284140357628,0.3970879541397541,0.39317066475567836,-0.04165857610628013,0.7267582414476011,0.11199219542640343,2.635162624574401,2.6637014461076456,1.5481686433979924,1.195188432285002,0.7616547590699584,0.7785719296597315,0.3932696962173398,0.08078203530246456,0.7207577305076458,1.9710157058250288,2.538455198472523,2.0650642949009645
-0.5393592186642734,-0.32400942817624473,-0.103670424596802,0.33646717631583173,-0.05207904717752185,-0.17759924169680963,-0.7322641081849545,-1.2561358741092545,-0.35592327647583133,-1.1267618916059865,-0.7212664902479601,-0.8766208040729184,-0.443150151609988,-0.8382342115904415,-0.1425945834662898,0.1011515436554772,0.32814547377801345,-0.6885652909933848,0.030223358041304806,-0.9892706376742746,-0.5197163930202104,-0.06455963507753107,-1.1568401174331617,-0.22952738474914416,-0.903470358615441,-0.6378882792220166,-0.09844034206410067,-0.6501531970524985
-0.22917529306014311,0.6924374757681921,1.356006919716826,0.8398247933750311,-0.8447748412106582,0.8735047263115063,-0.9341663605048371,0.016471654288977948,0.2444120380956131,0.34026112722900415,0.586107074022861,0.0711747875784134,0.8106580821665512,1.631324608266505,1.3619398672066347,0.8996175700729038,1.522791740878383,0.6548716142700144,0.38759843292303026,0.3815731606844649,0.8052351222533083,-0.07906562688552828,0.3463904126867933,0.7503586985819233,0.5882990562848162,1.2286705233301378,0.11237507577527565,0.7763474577037784
1.1392832022521955,0.3233148993633048,0.4876430488679051,0.428418400097829,-0.3956585589201576,0.5262884863687121,-0.02984531223248171,-0.8784737074104311,0.15575306981670942,-0.6984483584038663,-0.4194919652471289,-0.36091047442948,-0.4514102890880189,-0.5430815005317975,-0.07867148580571617,0.06081151529653094,0.07108089918003238,-0.06715840599760707,-0.7703852852725093,-0.3069832849841148,-0.29831002708346643,0.2909510551729823,-0.11216367929047864,-0.7032590911969876,-0.27466345662624797,0.283845407886328,0.3345827801941607,-0.20787420347674873
-0.6765559549891773,-1.7424905654672271,-1.8032203765637007,-1.1768316839651385,1.2772231895758366,1.1184455860874292,0.9121125700718665,0.4574933277426163,1.487563369670041,2.045585994998019,1.1281233728520923,1.184711721830884,-0.5601598201171512,-0.2232923173916308,0.22069830864319,-0.032377742755137696,-0.5667577201075383,0.19968285522809384,-0.821408783851654,-1.3729601453343112,-1.1569572405679696,0.19129307131145426,0.11653599748201925,-0.9868007841848154,-1.0604549747090142,-0.7525894114787506,0.4618382166970768,-0.2782957038974869
-0.5393592186642734,0.004427763565808108,0.45541400908365726,-0.1624074860242847,-0.7229274686766265,-0.3860937669037242,0.6305869458270656,-0.08369290185862631,0.6728655773138216,0.5414436055729893,0.35317714261172256,0.10784903007707884,-0.032955266888714134,0.3204876356813613,-0.1371444893580465,-0.1168486121519324,-0.663028916524281,-0.644791204539715,-0.2830664641899816,0.5335711172489473,-0.3442061882085629,-0.0878540359902173,-0.5405667109059485,-0.24465112232078864,0.23029261245670557,-0.05840716399470257,1.0019612502545783,-0.26721449333728214
-1.0313751006570318,-0.8573119228019667,-1.226448651200811,-1.4618404764164545,1.7835374393109078,-0.6110824665013124,-1.2794482290124038,0.2370477047506779,-1.9525909518954423,-0.9210727912861184,-1.3049119606497677,-1.3241352234901396,-0.7411629861925441,-0.7595489052105429,-0.6218344057551985,0.060997836536247366,0.7524923930975593,-0.5881517833742376,0.7675290468876189,0.3146939195786141,-1.0396067486354483,0.6865247768101645,-0.8357989814914345,0.2089261458394158,-1.3463752972508496,-1.2573464654142652,0.7747870233024987,-0.6315272948147966
0.35241956744760095,-1.4457610910885363,-1.7097451020084329,-1.3836708148957497,1.809205741915897,0.4158263835956273,-0.17512552039542567,1.731631681689939,0.16091798314687983,0.06499297980506978,-1.0812719930095074,-0.03015442389975446,-0.40596531579367207,0.25866861876605957,-0.9951240336401138,-1.1168692253044272,-1.0086018209764451,-1.46673525691647,-1.3709062517844393,-0.12373992089121447,1.1242590446407121,0.331701963757481,1.1598937065048687,1.6530029591840152,-0.8702424139294006,-1.6509763330533027,-1.6136821956369374,-0.2703259186362127
0.35241956744760095,-0.9348515976576574,-0.6423160882074039,-0.6903100302635261,0.22953374902954807,0.07661471783478431,1.1253699608383025,-1.263936794577481,1.6399926289821503,1.54069429248171,1.0574990977567906,-0.11805536272110059,-1.3446309402943344,0.5416423380469002,0.7046713661691074,0.2537068541292123,1.1944086640905394,0.6834142578875508,0.497785357327934,0.4417652473517588,-0.2508779117170447,-1.0576058331205591,-1.028568509766769,-1.0753162540167411,-1.6269014783784903,-1.076535045837112,0.38783196011113347,1.7754454020362194
0.35241956744760095,0.5560022525544118,0.758989881880577,0.2302878773096103,-0.6308812779260866,0.5175511317079138,0.4153968011576333,-0.46953360824707385,0.1365002831886897,0.4292970510014173,0.18765497861176697,0.0025015352505053205,0.7523115602704847,0.22128305674764265,0.2304535286258788,0.22366400535486855,0.02558307935263485,-0.6755855998196697,0.5128617476990913,-0.25217844528417577,-0.5002921980223233,-0.35844572728725516,-0.18854314359649169,1.3625305835216324,-0.29802619113370643,-0.4907486162248404,-0.5851299194972214,0.19297067277365837
-1.229768601460563,-0.018630267127708686,0.35536721824548767,0.7304390817926975,-0.3532777346507952,-0.23089761465996042,0.2717455850238038,-0.5619480166743321,0.1253701910603955,-0.14561106000077664,0.11983749848559853,0.2411646487145309,0.12684080051441643,-0.25954226118363455,1.0627571602650285,1.1283693878286805,-0.7188992630650527,1.0996239108884178,0.061778064665096506,0.9675143405618416,0.23487822722035648,0.4299894044142417,-0.22685870360657104,-0.762842332337376,-0.2004536654286903,-0.48953004145765033,1.3649441400791307,-0.5337293543851107
-0.22917529306014311,0.4034095266217372,0.23095468633949487,1.592311622195452,0.04909882316250583,-1.6796489525220757,1.3193168639149047,0.020434023735728807,0.9009735832531025,0.8202617808036268,0.9555552138668959,0.17339702476109933,-0.11393304566459643,-0.11019176591530955,0.3573150724131304,1.2058537489035013,0.5409993225095965,0.6541113843037784,0.41696606671203795,1.7653167384430535,3.3617831416026642,1.579586876176092,0.2256263252856657,-0.678868253816522,0.47727959707235185,-0.16121655615631544,-0.0820273116056615,1.76037343268674
1.838717544300725,-1.5476475278288868,0.04818488257861744,0.17616193687343765,-1.2113806820399942,0.6197861988795662,1.3858663843126124,2.547658587048012,0.6431332722637185,3.1360154272163223,0.28558827508909934,2.0670139601917774,2.5366125653525735,1.855569240105191,3.2995424200435033,1.6799450104590012,2.209355071345159,2.0990348394011447,1.3483633627754994,1.7189367592472011,1.6017210027535942,2.2169033629021038,1.63798638566556,1.1670165361919658,1.603945431326618,1.4858996822497894,1.9730739528690722,1.9987778091202713
-0.8035899701048288,-1.0505889371750574,-1.4579275495230017,-0.6283334110055054,2.070362963086336,-0.004375350277892296,-0.10333894439620007,-1.2230440736496175,-1.7044732766723985,1.4545920502394885,-1.4584904426984802,-2.4270108485671256,-0.41210869269589184,-1.285609197356304,-2.1550928920231645,-2.9265095570858835,0.20151985482686174,-0.7509029844887035,-1.717050587498548,-0.5559574785524867,-1.3707567798619036,-1.0705568508808923,-1.3060414569377055,1.0406117056023048,2.56723663958071,-0.5002440607373141,-1.217359211264315,-1.5498765693627226
-1.9314041530828092,0.36933798462262235,-0.7036408926075686,-0.5559768323309996,2.5879030135293024,-3.566329012003663,-0.7448941288296893,2.143107104733187,-5.181961330133427,-0.9280090038939707,-0.05989344378246715,-4.226485634902608,-1.8348157272987424,-0.2022091196963644,-4.535598763731813,-1.5329435432121725,-1.172045017909007,-0.20128286416976882,-0.2532298102818184,-0.40735255635048884,1.1862664611051095,-0.3709978246085304,-0.25992335531141086,0.0009377905388681889,-0.5321529584198305,-0.9753858033106372,-1.2236004699989438,-0.15945352810829463
0.35241956744760095,-1.1787210162825266,-0.3694138757124114,-0.2587327211195814,-0.39405574463139,0.9450694718993904,-0.448332818869143,1.9552515343337575,1.2722239783450708,1.7677178011016024,0.08923781520827659,-0.46741521645487233,-1.320642614895058,-1.0116207392971517,0.542997017917866,-0.12123167804732143,-1.833630203545709,-1.6873374060004491,-1.550448893413958,-0.6784776060733991,-2.0516022123764035,-2.01755111304725,-0.7008506771480535,2.249063873401519,3.982914101592069,0.5711080676706449,-1.390617564851152,-2.1625487291637437
-0.22917529306014311,0.8009643830121975,0.25165361673594805,0.953718481231028,-0.1008173511846296,-0.12215262443611165,0.9918580915970194,1.1278142710281764,-0.8182492056922053,-0.006639407660697526,0.825575658458383,0.1391818111346048,1.0784653249371319,-0.5816457747781517,-0.14436123319874755,-0.7561721976403786,-0.3070962467093529,-0.845609220219271,-0.9824290885997793,-0.2392784372688726,1.189347234620874,1.0888313570806536,1.3235374876776156,0.05779786035151015,-0.015638985053090165,-0.05232894123109835,-0.07099769709784033,0.2302805485301649
-1.5585349742207013,-1.100202111607126,-0.9414749592311721,0.352493371309699,0.15450256111878774,0.6041589562003891,1.8984802027192706,1.6285351735702378,-0.20821630787549128,-0.7761672918457021,0.6970068059163289,-2.715375275150812,-0.32973802921708345,-0.8897403275606826,0.6527452743619994,-0.4082068843070316,-1.8302402985570083,-2.2614216785317725,-1.61980140159108,-1.1977825630724817,0.6257963815072053,0.11205570539657868,-0.6545082539275143,0.20207930446371666,0.02955540578390033,2.4632994847938665,0.2817389621126312,-1.047895945312005
0.14009128504001184,-0.11712998188119772,-0.1781928046916337,0.42895038491976967,0.3534768551982498,-0.6014098578445555,0.4649489256608073,0.5203636842783647,-0.5372529682536448,-0.696916410020335,0.8785221320328914,-1.61248610156454,0.28125023033043317,-0.43750524439592026,-0.3195654354288781,0.39509663270875656,0.11963827084078121,1.523134533498695,-0.2860180747619505,-0.6203608142919791,-1.1655961106327932,0.15366653600287053,0.9104276629616062,-0.5428677160243868,-1.057232194402773,-1.0929362169493138,0.8933959116267185,0.2903108314651472
-0.05293442623961494,-0.9023308421842172,-1.3028215881286944,-2.3859770518103742,1.165687052276659,0.22196128325156295,-0.43827606246772,0.6248384704101341,-0.23297998365509517,-0.36456121141036496,-0.9566607134266532,0.94554015582026,0.26194516548364366,1.0184950263190569,0.308262684716515,1.5346331832376106,-0.9175637876823336,-0.7896314993683181,0.3573766933156971,0.4571711855630404,0.11275004086648063,0.5685647884356173,-0.3991650562869456,-1.4560697423113902,-1.344423086729839,-1.016929975513748,-0.7775326083738117,-1.1844950201908093
0.14009128504001184,-0.1424725008321875,-0.036683980665577265,1.0881030951367716,0.06814828401901435,-0.8417878560389455,1.8264121866005205,-0.7830294477296533,-0.04268218767097851,1.6734499601159851,0.6050071668034899,1.2925075089750997,0.30761522851442885,0.4246523479695563,0.06951361405510706,-0.06123018447544396,0.049418686763934315,-0.3009514255560562,-0.4783329393504284,0.1938693566745525,1.6452384032608085,0.3815365822639192,1.105510891037652,2.6977566618532105,1.4618149824189037,1.0996998101117623,0.501457906762253,0.942638445019743
1.467143050087444,-0.6755969475650415,-0.7256503322983568,1.0401588736889693,0.8175122723175051,-0.2788519830814317,-0.8763288968231304,-0.4727356453412317,0.6743752991787331,-0.6394477306259034,0.127828547016193,0.06688849937839701,-0.7671334953070464,-0.9480655267217271,-1.1938946729359246,-1.2194564236667789,-0.5581236930962474,-1.0645924573014693,-1.305241794922865,-0.5806763721013285,-0.8239137918357909,0.8677022505750215,-0.40134823607929576,-0.8546221917309346,-1.3530593138466873,-1.5172193680759358,0.8076443951373368,-0.9532810046954419
-0.22917529306014311,-0.6061558764805551,-0.28691023760746176,-0.1589810830545836,0.1922609731478952,0.6336207121709846,0.2879944580888814,-0.11647975111457527,1.1370872764568474,1.025181938670583,0.7400281081794743,0.13765465128744253,0.41651573263557806,0.05478796950607725,0.39707435111883255,-0.01628644158979598,0.5226531867035265,0.3423329988221987,0.3879812366328715,1.6904855660022016,0.9287672645995391,1.6077662776413537,0.48278577648776844,0.26122232308894605,0.40717430102508967,-0.16399490662550828,0.15079395395264011,0.2269977871261258
1.467143050087444,-0.21896263016220513,0.2132255923653314,0.17931742062164294,-0.38189264197116357,0.18899379532127353,0.42516101856722605,0.5026144883571646,-0.19569142885117793,-0.7932721158768345,0.002726137918320781,-0.13819662775201133,-0.692966994985458,0.10651482597333362,-0.8546277610131913,-0.8361080649544561,-0.8198034065375804,-0.2937775359226321,-0.621562783982082,-0.09242768144508967,0.5890432804798849,-0.6476238483857435,-1.110901688438624,-1.3661400353710487,-0.13573404083909327,0.3351142997965485,-0.5428558272699638,-0.43155053716972075
2.263374109115903,0.036817799238252895,-0.5919252354870704,-0.48015820050725777,0.7571525636129864,-1.7022849241311881,0.5595130538405779,0.3592408445960443,0.653564353565373,-0.16314625684950973,0.10817248475876454,0.4883614234254363,-0.44055832619878893,1.5028369146728622,-0.034766737831647465,0.27133987033492707,-0.9823163947380777,-0.9503833243770723,-0.08347426432102921,0.7815308678429589,-0.41522899433320853,0.2854258333856679,0.3551178140847328,1.020800727019897,0.4015114864853292,-0.11512900189347798,0.5719844512095457,-0.9252633455851184
1.838717544300725,-0.966373980762173,-1.5322673929851285,-1.904083942846752,1.553278717239984,0.07592187142398756,-1.5184315408837004,0.16861759519556718,-1.262506960193153,-1.2495529688046343,-1.1627793430977071,-0.13700972721211385,-1.1091005663396716,-1.3036221282931073,-2.0460890461924617,-0.39669004442650513,-0.8041227347544861,-1.4155547663678179,-0.16958434719484972,-1.627459669604228,-1.2043718352783934,-0.9606716405567631,-1.9808383460398244,-1.504554890671675,-1.373584002469689,1.0677249717234834,-0.052185715747018455,-1.4172857410668667
-1.4041144051970003,-1.1853526456556251,-1.600894594740605,-1.4304421897227935,2.3614619237077363,0.38576263022059065,-1.520846599693003,0.41002069607551067,-0.8840037170458893,-0.13034856176975085,-0.6177559045500816,-0.3637975850686361,-0.8968010260879964,-0.6393826081949667,-1.4518299898856928,-0.7315466571700419,1.7659747778352586,-0.24347233004374996,-1.2746555788324847,-1.558319955094798,-0.45175516447348324,-0.861821240234585,-1.4082854667952585,-1.0450814033382934,-1.5414233638433317,-1.3541415219402422,-1.308516290451164,-0.2228189620401786
1.467143050087444,0.7075579540775172,0.9633679870642791,1.0793970998646805,-0.7429394942402313,-0.19664119738532285,-0.29193395884608925,-0.07082768191008336,0.44770305372743036,-0.7685319347569571,-0.061323207888038286,0.4185941292283218,0.25718766052389336,-0.4381010163834172,0.5960697093119283,1.0265326446762246,1.399889480286402,0.12835436980531248,-0.37060072234123165,0.2795499327138604,-0.7483251446402007,-0.9204112636367251,1.4442508216422985,0.09167234424359774,-0.800359091787924,-0.6795781168944072,0.3570067432199911,3.2303203340750803
-0.390729420978961,1.001925353140747,0.4549183821075688,1.379202886833878,-0.25083323278727443,-0.9775591765501991,-1.0080685427781715,0.4349914645244522,0.09604711649906278,-0.6903562397792281,0.6124383602096681,-0.1689535843832727,0.426465931187789,0.30107189337440243,0.13736646322885354,-0.05155787489542387,0.7253342202538869,0.4990958470022972,1.0941468991036662,0.8363193234353645,1.032618335397797,0.15446226219482728,1.516037373658863,1.9865032241021803,0.7819094431389325,0.8540418990796768,0.6627480819833952,1.4956894034390646
-0.390729420978961,0.3350609273753167,0.9370866956047313,1.7201439213179284,-0.6710659894234936,0.40303079164010325,-1.0066356721630374,1.5665238129797716,0.569635206917484,0.5744908475022868,0.34626892896295375,0.4404308150882747,0.5679135793198644,-0.09509305391370428,-0.016195121064774845,-0.030724703945377595,0.5233011316636152,0.9726707821303833,0.48959643862292523,2.7539086393213914,1.771537692400104,1.1865430744305345,1.4112628084085155,1.3143826568957164,1.1520854594628547,0.6837574158583923,1.6490911787745515,0.25802733130894057
-0.05293442623961494,-1.1375629088328774,-0.5056675198633528,0.1749251413592028,0.22997530973251845,0.4929461924865911,0.8677625304217172,1.0353455560374138,1.1238028696888234,0.40225926041395904,0.5576137615934135,1.0612310939002123,0.57380568929884,0.963758341483165,0.7644025463117243,1.2972618074247135,-0.5015495256252004,1.866398961382282,3.666598240813022,2.023528749069784,-0.2622251541034195,-0.7154312600848951,-0.7457949956894493,-1.0844799817369826,-1.2302778320286836,-1.3927910507874182,-1.441567225132288,-1.164674340083203
-0.8035899701048288,0.007215285705637339,1.0509207469990114,1.3615699094625169,-0.7264717794196416,0.5148597896897394,-0.13636658417285388,-0.47810602360915244,-0.49190050560889303,0.5420985016714772,0.10030509586408075,0.707813793957231,0.6066671015101491,0.2562547346231364,1.515859850121432,1.0236972328828007,1.7935969735745727,0.6266368176272741,0.6681583240263923,0.41645164880202246,0.6446451869935834,0.3348141020634743,-0.5773130591198709,-0.015810270088456615,-0.14481505513257442,1.0684416768249954,-0.13727374624801844,0.004094384398275944
-1.3196656565121636,-1.1787729910773,-1.4009431768588416,-0.20408642092001222,1.7126783684743478,-0.7486820712632082,0.8605705851774644,1.705081756244133,-0.2656841882423775,0.8006891294262646,0.24170985284807797,0.9061545498547796,0.15443748928193496,0.43478770576205505,-0.1498032460668183,-0.10390057374932955,0.021330881972405798,-0.1145657539625334,1.1840130650998877,0.06549027229962012,-0.36084411027894914,-0.6796444262104293,-0.06470413305049906,1.0808639206089141,-0.19349303989216038,-0.09114667565885548,-0.46878435233295296,0.4931975727351886
-1.3196656565121636,0.6449099834114342,0.7684902924925461,0.8353474297555338,-0.5176646299296025,-0.20832128830028,-0.3398802191378579,-0.5817683702428949,0.11597254731251483,0.4936920613241885,0.42885282947056474,0.5218789606563681,0.9595597126333136,0.8084690208721141,0.20930922805394472,-0.4051935889698097,-0.7220639338203811,0.5167804454188357,1.0335358362976947,0.6548735626569309,0.7191976723659488,0.3278026335286746,1.3090024542239713,0.7947498815174104,0.6388933114796016,0.7642987276876434,-0.29456872470555884,-0.07590629481884607
1.1392832022521955,0.2009800070229707,0.46634805975041577,0.4857899461646338,-0.5622814498731241,-0.5378098511299177,1.4673022206864896,0.02904228169947696,0.42747773395967165,2.0475836222251913,0.5171408821987423,0.3695841249604918,0.6109409105447188,0.41874016787877205,0.6984376485511943,-0.11445390179294804,-0.15012593845730823,1.2637760950348556,1.0455711906400769,1.3699194523601013,1.0664024879727325,1.1050887621756162,0.7354177709109074,-0.1905586322475101,0.2216089993668448,0.059007515911235445,-0.022514573471025177,-0.7603887219804198
0.5870981953717789,0.5479692209143889,-0.18203281882540417,0.47860167425010497,0.21967536211149633,-0.8965752396844254,1.2359199994158445,-0.3547524263701425,-0.8693537709787377,-0.2993102272139819,0.06522158314655585,-1.2285338743816232,-0.04486407833132888,0.8077686486163297,-0.22792997223855438,-0.3996700694866535,0.4144475319371173,-0.5414275484670422,-0.5889331177602746,1.306462279779388,-0.8017200767288868,-0.5719099272348521,-1.1348194604202686,-0.2103511939635618,0.4742643688540232,-1.063867362410467,0.4426904448431568,-0.6362915010863063
-0.05293442623961494,0.49221317261619524,0.5564031419193123,0.5261699745190489,-0.541849686326623,0.9015369819730125,0.2346339322679452,0.473318257650099,1.1021842456221227,-0.7202483829259883,0.4688458889372475,0.1565766399539075,0.5203985640623842,1.1526384717482119,0.47819518432707175,0.6962801885254627,0.6434335302909043,0.3363754461017914,0.2223038195384551,0.9085178365135933,0.9156268424047018,1.1796747248340185,1.208766059498031,1.5470289684004515,1.5763974700111394,0.8128425905794663,1.2021716601809078,0.9347983055537644
1.467143050087444,-0.407841130750355,-0.20902991355258838,0.8301312659868565,-0.03464573074420983,-0.17876775657402608,1.4160360334681494,1.1007996443319545,0.4004387855208182,0.4665303427027938,0.5329530664697147,0.6841562306285708,0.36887579371004436,0.0009821633298054007,1.153100773016997,0.41220026518169733,-0.23897269644575836,-0.16647668283469969,0.22447969636309653,0.9897226554004745,2.014926129503573,0.5487231413495891,-0.6649815266176496,-0.6239252461207544,0.36122921259953983,1.2320712626226191,0.48081851332395675,-0.08713950898651146
0.14009128504001184,-1.041085132066647,-1.0486147223418727,-1.4704966057231341,0.4313998222714943,0.7063319053924196,0.6145126164800895,1.379909304240217,-0.13895654110985467,-0.27508896577374986,-0.12669233970771857,-0.2838237384327485,-1.29392148488601,0.21548331376395236,-0.4880402907840062,-2.1026254426099515,-2.0205376309574,-1.2568128686715732,-0.8200872980940035,-1.1567154546162972,-0.7654290044746682,-1.2525940200940255,-0.6172286427195726,-0.43128571517380904,0.939009281163663,1.3152759703534296,-0.8639438688150379,-1.7507359071771373
0.35241956744760095,-0.5964669245976562,-1.1691880460012314,-1.2437936819010282,1.4653756182709359,-0.3042227568150883,-1.3679708565660476,0.19291942943161858,-0.6300287952495768,-0.3661187720050533,-0.13707048137613265,0.6066623938818284,-0.7071681046317191,-0.5537000381903052,-0.3821176179119649,0.8224105381880837,1.61930965674026,-1.0747627345005604,-1.2810551326553519,-1.5206324688944655,-0.4663611790720131,-0.9053137639001589,-1.3447611675788287,-0.29062348234682334,-1.6576292597702489,-1.8277108804368039,-1.8117218425315287,-0.7151068473178706
-0.05293442623961494,1.5721013467258758,0.8747984769685809,0.3942980782673879,-0.7232910910936192,-1.8109631768658327,-1.8762392618489998,-2.1268529373084073,-1.270279306894856,-2.182519528773419,-1.3513195122151198,-1.5297737305352028,-1.2914032366761203,-1.2548219608078535,-1.7109591854537056,-1.0766919541414703,-0.8129789678820554,-0.4193101308831583,-0.6264383968065688,-0.5440565200709773,-0.011814842935866992,-0.2394796014478976,0.9994383985381857,-0.3410411392280231,-0.427026528691697,-0.6298121573430038,-0.15118778361278776,1.4620862758479898
0.8478522263986423,1.6466696205323021,1.4325286194558517,0.6634623587826525,-1.1745860172299079,-0.4043870248494325,-0.6798135038784541,-0.8878191930467616,0.35065738758284676,1.5297623244471685,0.3430390576262696,0.9752926822121579,0.9487056913427351,1.3638205228739289,1.7067535460172463,1.2014853672898478,0.9992299348366023,0.6667523507063349,0.34330002820688393,1.0728554646157298,1.6930720976469695,1.606356235120109,0.6056187115948323,-0.07664979400363321,0.21997956286490375,0.046782816109495556,0.273251717775068,0.8063718595852193
-0.5393592186642734,-0.6538330623505425,-1.2692393915454467,-1.361501828252408,0.7214178594921976,-1.0522684481619906,-0.06703750931864687,-0.19747940006061646,-1.8933953994694095,-1.2683900299629776,-2.324891251089765,-1.391714293095471,-2.0187225310999706,-0.58814936922958,-1.1533822377512593,-1.2955561761395844,-2.097170550745249,-1.0391289040911156,-0.38187888409957926,-1.5056088519273523,-0.12443531617630202,-0.44758707478037607,-1.8324952792085996,-1.3951771956438814,-1.196535280254084,-0.8369161941252454,-1.3638615454053262,-1.8079249770513066
-0.22917529306014311,1.556973881134522,1.4967846904186866,0.7866197790052268,-1.201649683906609,-0.12035203851015838,0.04648095055920844,-0.6758452500910836,-0.25232721845602746,-0.11371755738287156,-0.3145918274445243,0.4847049958359133,0.3706634230081484,0.9817368764483286,0.6013232706801988,0.7705269749238698,0.8510432569998971,0.1355571200926236,0.138091995225041,0.03612964677877824,-0.7463289067110326,-0.119849237580991,1.1240513794393345,1.3691171381369347,-0.656833236618573,-0.7414377618506162,0.33212410945337634,-0.27038044808568523
-1.4835955804297878,-0.08348621891474668,-0.2051707812073041,-0.5141349251859701,0.39467637692962954,0.008295511172350114,-1.5235186066969102,-0.6106434744336687,-0.17688556100354547,0.13225422950846766,-1.5549500938725669,-0.73095272832401,1.149255024944261,-1.725178347194627,-0.275673380288673,-0.44062614574898246,-0.4897998545162931,-1.0569274710575467,0.08790356211576224,-0.91102570306978,0.19923576825510275,-1.0498903251437113,0.010629450733148436,-0.9337355542417991,-1.6729099770191338,-1.0368027463933325,-1.515498488251312,-0.6309855421517012
2.263374109115903,0.020721554480958235,-0.8361150748404467,-0.541723624837352,1.0267241633892075,-0.6526389452809993,0.09768860517723317,0.0017831653167460393,0.6594975217447786,-0.669320911969391,0.08984070789630806,-0.40095351541725394,-0.14892616670426903,-1.0536153442915213,-0.8593047598816719,-0.48396001853793025,-0.8608780124669648,0.16094510804253123,-1.2141084117277092,-0.18718596751983554,-1.5054465087285895,-0.5544544769061192,0.3180936123119674,-1.2614934699347304,-0.3187629338935862,-1.535001825383779,0.1573755089078291,-0.6062732974102177
0.35241956744760095,-0.9676638740627375,-0.2726078368999655,-0.25327912936949937,-0.17798646690557246,1.3247897876555006,-0.06692565252736632,0.9232749995734132,1.1683432027194633,-0.3789719564597888,0.26406194948123274,0.3241325753048706,-0.7274370407527704,-0.7302993425550026,0.10713273112859889,0.6196883011916151,-0.7307957257549922,-0.8698282741043476,-0.7946021838986238,-0.7040618853206208,-1.239440300800345,-0.9920424810589928,-0.8854371717775182,-0.6763330384917898,-0.5244977201420269,-1.2080811780851268,-0.9212242912353125,-0.8778101805569674
0.8478522263986423,-0.1069006009917101,-0.5470560494585698,0.2782005007411419,0.785783864848681,-1.663323950342008,0.7885966924562552,1.5094561075840796,-0.40739876059483654,0.11183195733829156,-0.6655443138987148,-1.0911599148220843,-0.7364675455824222,-1.6182211711657875,-1.3526180392734528,0.051081102858282795,0.4705653189032843,-0.2507815233878705,-0.35731761902137393,-0.06470767662699771,0.7612168822768378,-0.6436353992402221,-0.5729289475627931,-0.16663044437268545,-0.07533394146734199,0.25341449668429356,-0.16285721000028908,1.1007921479535914
-1.133878409405523,-1.1431145257943172,-0.8621851907852252,-0.21710139360646283,0.606921142336707,-0.1327996611295343,0.7958702361136596,1.2756415115833812,0.9910368910705588,1.1812640434660944,0.30840792838992837,0.3213798761031211,0.9380993880075582,1.218911620588424,-0.009189314208212198,0.29435901957635696,1.9260100452726086,1.7852558364954065,0.5777763571297829,0.5398545367958152,1.1548904563838127,1.3207308622938134,0.7218486950026693,0.9343461639424744,1.6387353580860278,1.104388998516466,1.3083882217532135,1.4061058560176103
0.8478522263986423,-0.19475868521603906,0.03978873012133664,0.8094031223139067,0.05863631934449767,-0.3494418360590991,-0.22687032323011522,0.8231089058113774,-0.15148414103675906,0.5199854320550408,-0.06263142755613786,0.5858442900626366,0.8388797583669934,0.44027884953499125,0.009544174784007486,1.6576792379076029,0.2923232090461885,0.3114470563067959,-0.10192307835874789,0.5229357739205462,1.557820311720151,0.9880422426973972,0.4866646215535194,-0.597938230815048,-0.4866351831164535,-0.8534382365842967,-0.2718021744163909,1.8958775650747142
-0.6765559549891773,1.8704023910797047,1.1181649983002402,1.1863936958439643,-0.9040346794484045,-1.6641258642357508,0.38095148195978273,-0.13814689651005999,0.17906859362935215,0.6842055445420269,0.470246040264672,0.7763100465147696,0.6344331754148513,0.5361533920335941,0.773578575503427,0.3805393200376393,0.31426710845005434,0.18480798111579125,-0.003007541056373016,1.3254336284054378,0.06376075102198746,1.9818640774138685,-0.1195028295269829,-0.3704818368064184,0.8679920531301357,0.22919620365949253,2.198647733704841,-0.32982005680818055
-0.6765559549891773,-0.4071357537891973,-0.2312879245670505,-0.9255060004281672,-0.39974749703053075,1.402217938508037,-0.041485487081206016,-2.6337207907366245,-0.4885772768955116,-0.11075091187235457,-0.9179146795923045,1.2191055584925397,-0.13580979198111137,1.1517381309242043,1.3534669512253126,1.450183667554177,-1.2920722255162926,-1.1089146634317857,-0.4649310299611606,-0.6455838049167969,-0.5784914229615653,0.32253192932553737,0.12249049387307612,2.330822506865906,2.306366862073,-0.5045228078028025,-0.5395809343556272,-1.1697562043790413
-0.8035899701048288,1.7985521699822977,1.3452305538190958,0.7271503416591254,-1.1810362166526958,-0.5331337310125605,2.058820030479021,-0.5802499355282293,-0.127812996097852,0.8807849136364106,0.8739282389143745,0.7287091613460289,-0.01677455717581615,0.4450156071477548,0.24809406024605135,-1.01394115555912,-0.17324344952917528,0.6953486037642904,1.9526277188441903,1.5465542295254548,1.045792333033012,1.0271907478446585,0.33382381490149626,-0.08448951240829262,0.49580301047120806,1.322192685257417,0.5634139656510645,-0.34595723202042844
0.35241956744760095,0.0644275543431517,0.5727565907142418,0.3588470747356141,-0.485629575618363,0.19468300798372226,-0.5561689041460476,-0.0976770914860431,-0.16598296328817297,-1.1402212651229313,-0.7866980876677854,-0.8704687583281042,-0.11284685282550329,-0.19965172667226685,0.2087170015428298,-0.6982475881411278,0.12395795197339042,-1.2888426861356634,-0.5194944644860054,-1.188912664484691,-0.33720658143238114,0.5134257062719988,-0.33247472798811806,0.6414880614713878,-0.48393670074993445,0.30306437466249886,-1.021891947200368,0.2737451684138101
-0.9215501269979339,0.03662793462608922,1.2007674136354098,0.1528972054261944,-1.2949153400799902,0.994051709302119,0.05515710645361775,0.46212667256293527,0.6575591945429254,0.5056597020126267,-0.0441851365400391,0.6725374764213976,0.32182575002340813,0.661300930196959,0.3350324196507548,-0.5518180641246067,0.5933936069205409,0.7203783937599054,-0.02948753128677382,0.512383494207083,-0.0304455825683141,-0.2774235662538988,-0.15554019368110514,-0.31162702728735164,-0.5993865576742654,-0.6807470329788881,-0.6020659186536848,-0.6398055883686892
1.1392832022521955,0.3613762194399791,1.2088522389183158,0.04219376577919166,-0.8687149563875405,0.7906198593793565,-0.45132988642088206,-0.17745429199953813,0.7556839554921914,-0.8755647139186725,-0.5477768138850122,-0.8756491458880917,-0.15808151002674622,-0.6173585075759367,-0.2166263866387985,-0.1787792628469356,-0.38494711845122254,0.4389745275936645,1.0014653287735154,-0.4384912766670599,-0.7547809130463516,0.5814388467246515,0.27963861720607736,-1.1395578484218747,-0.7120141640384766,0.6128641169199813,-0.7677817775763315,-1.1427146150354608
1.1392832022521955,-0.7273442242595467,-1.2645396798884077,-0.41986710402326854,2.058822990460137,-0.9169722665033087,-0.9465052682698256,0.006185598215419001,-0.429553082365785,1.550490681452379,1.0694247821814313,0.7032358421408036,-0.5919487200506062,0.8532017656739519,0.08387309872369891,0.26978151054588523,0.40923462835980606,1.9992704637472483,0.11320148187404556,-0.9986131606105465,-1.1692948537403793,-0.8554968936525582,0.145156243485715,1.0171844861969916,0.9341952173128172,0.6540070047040928,0.48693193187159733,0.4213404498936955
1.838717544300725,0.3726854755873619,0.5920028590874448,0.24394765324329937,-0.5716383442338159,0.004906117421535391,-0.8864092770812486,1.2469858636371436,0.5913684795422778,0.484054918937805,1.4129557501226504,0.8303149030113676,0.7868956556683815,0.9735672217381384,1.5411234684643293,0.1962914470854812,0.05960303762932439,-0.03575180797619209,-0.5160734059218822,0.3115933605868924,1.491162522254876,0.33417576894137735,0.08896225762086148,-0.6492303175403766,0.5330552527912219,-0.4526380777891403,-0.0303763631303148,1.5173772191210328
-1.6293110683565644,0.49690700897122375,1.096234929851394,0.9003914591039338,-0.7635738973302744,0.2104375662951978,-0.7364152104369781,-0.3444772972501344,0.19680230792225586,0.15151986499369188,-0.09586958246785078,-0.09260560002777524,-0.3158678821159361,0.2402834293740443,0.3120060209003086,1.0587701593013032,1.6842278729618356,1.4588958383845707,1.4288669544302424,0.8911214197498563,0.43733045432450546,0.37388632745998784,0.7639372920669276,2.076344114219288,1.3570309373299108,0.6469271557445677,1.8228683771824132,1.5891669733733949
0.8478522263986423,-0.9668204756434409,-1.0061381870949422,-0.11525469856215549,1.4654801630752303,0.13733278561216986,-1.5172667607388872,-0.2339027524066008,-0.12193882854305219,0.41080708853256503,0.25193204448128936,0.5051437001104907,0.5878982573126083,0.3089295730048143,-0.7052678784291259,-0.787724221548056,-0.5925293037142653,-1.2431762097099113,-0.6089759013438898,0.7188189816421465,2.674734140403605,1.2580462778156571,0.4213709902884485,1.1494640743696,-0.6937138691341259,-0.2031180595613888,-0.5003843998914661,1.4575387116111915
0.35241956744760095,0.3958400430877606,0.8500930128101454,0.3191295640033619,-0.7160410567298028,0.8963920546909943,-0.10970665886080051,-0.6451493856159564,-0.5498852235289093,-0.4589548590762138,0.3954124346896017,-0.8974364269811174,0.16765147481663084,-1.552742229961177,-0.2196787994455189,-0.7505427168415055,-0.9511717778381878,-0.20399436915190503,-0.6657550048822903,-0.8683767280825128,-0.5246933063747017,-0.6201781674932666,-0.6352317233935968,-1.500723365592453,-0.3270415914942736,1.4310060586910374,0.4217645946895732,-0.22505341506985108
2.7533624531334167,-0.5790102858004602,-1.1600352657461885,-1.1964709471544703,1.5894936824540222,-2.3845487615612475,-2.208950218957468,1.199025511462636,-4.098492864072637,-3.032689387277835,-1.8013577518462225,-4.464462132922925,-3.114205219396826,-1.8089352078306244,-4.892582034986245,-2.8251889741245337,-1.8462220516968768,-0.6773092480653953,0.566429735691583,-1.2815128968792302,-1.4771147005360346,-1.358035821650353,0.05546123584612472,-0.8672966346003227,-0.9015131882099768,0.2812642833910158,-1.0722811420500202,-1.2827259495372816
0.35241956744760095,1.760736682696056,1.0921583047971017,0.36892577906354534,-0.8048828014147327,-1.223848498523075,0.8311157282003545,-1.5786548172316377,-0.20336336329627014,-1.0674445115383535,0.9123283827843264,-0.7677282395387817,-0.7969782138729319,-0.11529020655685161,-0.5955825046071205,-0.1116152417748994,-0.06761356884133847,1.1245513696945781,-0.6954492483939273,-0.11946206851676341,0.401922674424846,0.5870195790236482,2.272519298934754,-0.3136274851337337,-0.4975051132735431,-0.1919632402301024,0.08155008798841089,0.7202210848949728
0.14009128504001184,-0.967683946696959,-0.9308700456639111,-0.45044975446651625,0.9708867565403693,1.3235372374174326,-1.35531347937125,0.18500760290258278,-0.4589251247499095,-1.3956502814546912,-0.9892945573669882,-1.4873888808438063,-1.4055194458972207,-2.67154380596345,-0.8189444181685914,-1.9401033104501337,-1.4331379255163395,-0.7362567457178131,-0.22076316367265963,-1.0347353930027836,-0.7667246255741608,-1.2260373381580332,-0.7465872654346334,-1.573248836779973,-0.4250986597574677,1.4997360000095235,-0.6023256465365673,-0.7551160415055066
0.35241956744760095,0.20100795615108497,0.5888551173925018,0.6102931053072264,-0.5445431259889291,-0.5094739929063699,-0.9503862152892499,0.919302154566354,0.22741204087911682,0.4820666223205656,0.3450991264135158,0.49549706052417086,0.24604029574733075,0.7990162775753794,0.7279637056942798,1.2651884722951638,1.657747709955114,1.0906975123553806,0.8454288174064769,1.3019251012749973,0.7976398131732061,1.0475796454989204,1.1956178695604356,1.503987266494902,1.4263830939993447,1.1540796600085557,1.8185449503568796,1.1901946192329536
1.467143050087444,0.17848773018357791,0.03953736932679,0.6386676589161802,0.31115636591234225,0.5180021801739373,-0.7259881609327127,0.17418328286712131,0.0817291037003242,-0.47114122429064154,-0.3089356547714404,0.06110928048958414,-0.022627642704396374,0.3207516768657593,0.10123959624487523,0.1397744528443152,-0.7095372622847601,-0.6224541445847293,-0.7293723746919457,1.0800286555093999,0.8256695122057698,-0.28611832497153167,-0.5743652932749431,-0.8083891736367136,0.023849478402349498,-1.073737747586857,-0.39475976740478946,0.6821791568134095
-0.8035899701048288,-0.542948923252205,-0.42375939640419735,-1.0700261818053487,-0.2084581867011827,-0.1465165811141741,1.038420217104001,0.48915074075128023,0.6026981326067383,1.1755573422368724,0.8854870036560333,0.62517066092299,0.19266042658390478,0.8611058635034475,-0.22688557390582018,-0.614074229211588,0.5523383953601633,-0.5532031607474026,-1.0121198378152572,-0.47567634230474504,0.1117502466200483,0.4834325838025774,-0.06895897583955922,-0.3077507224887233,0.21789015430931022,0.32420868957082943,0.9220202764576442,1.032694753175664
0.8478522263986423,2.3207676542162647,1.4408810585851752,0.8780900575080339,-1.1259468829728887,-0.4541906957281613,1.066728851994851,-0.7183473587744011,-1.1638135642977476,-0.2816025455867372,-0.8392817252372233,-1.0606067482210633,-1.2404503220738055,-0.9324617778245625,0.8593937935753595,-0.5821908287313965,-0.7160624941321881,-0.3505833713423781,0.2235904336466805,0.6756478489580404,-0.7205331262198763,-0.45238786550910587,0.4299620064889149,0.4884411543738923,0.5490468359412063,0.672629503784971,0.6384608138665752,0.7455251844594865
-1.9831915390358796,-0.7973241492861978,-0.8565611004198285,-0.22258997124702015,0.8511759680529687,-0.5813369834742174,0.469652801357546,0.12143503314218365,-0.2303472450470814,-1.0841947723920486,-0.40461129969681653,-0.7310070501772791,-1.4741527930432883,0.48658784097810603,-1.278332711736352,-2.959554957069844,-0.8578327360427711,-1.193255036725495,-0.6573298289696243,-0.6822486941915777,0.6417498113357067,-0.6101475313189786,0.053871065774209796,1.984465858261528,-0.06533038866545707,-1.4627848584092387,-0.9635282433867706,0.7738831545589406
-0.05293442623961494,1.113519039923988,0.6192289254497164,0.9560069570415399,-0.521370031047152,-1.0927765268067213,1.2359012739441335,-0.19696770715511833,0.39047379567539375,0.8595537181638416,-0.655570028413192,-0.005369829104305534,0.7226324223482558,-0.09317361401608533,0.8978987429653019,-0.7371237819696381,0.21791220622507101,-0.13220675106862967,0.2352622385641795,0.03335638891197256,2.5809603087438275,1.4383912449542866,0.6761823325803846,1.7387902079022581,0.7065884852118971,0.30903750415716374,-0.48735187941940944,0.20394481671520984
-0.05293442623961494,-0.9989389484215786,-0.8873345771640692,-0.6185636010903137,0.36512002886519207,0.38689866241485643,0.27005954851133107,0.6411397011154981,1.0818290301331446,0.1448451875036032,0.43524907951101993,0.24315014440554603,-0.9782819207410932,-2.2995032320944704,-0.6428818371809143,0.4685672644822044,1.8673521006527367,-0.030348271195053247,-0.8291377390826548,-1.3313661544619058,-0.25038007379443394,-0.9260823987690336,-1.3527953818263085,-0.9599635483028514,-0.43251651033472155,-0.13050734501756597,-0.8324148435826291,0.38210485076461154
-1.4835955804297878,-1.0595361734224964,-0.8062812794801908,-0.2607591348960595,0.6782545617068894,-0.2578670833926776,-0.3108048939896993,1.5914579844068635,0.2912834180766954,0.858450025989752,2.466561523899925,0.963321679545163,1.9234373040577084,1.2497320646648278,-0.1684947014323504,1.601789996710627,1.9038341344209215,0.3686719918671284,-0.6728049256637553,-0.7758907272098009,-0.5539245315096071,-0.17079338660053006,0.012130939145696993,0.5360249902060928,0.18160287658625926,-0.03042199574448069,0.5295178350208808,1.4201074543331935
-0.390729420978961,0.3468232769036882,-0.38486146343651445,-0.8807964681274493,0.15099668201334096,-1.0190387009691242,-0.2563670955015189,-0.38481913498748016,0.7105537004539643,1.1479818204582002,-0.7018692035683494,-0.5438630252042596,1.0860721826105995,2.7546468690401666,2.2458517184693565,3.2736466366336416,-0.8946125346585325,-1.6404558339801274,0.1637001942198221,0.1197922342060041,-0.4403792328854549,1.2407443688069923,-1.4449233481118786,-1.7409851998585848,-1.8274218541641587,-0.8541629011626115,-0.7268025827269513,-1.7744965503053896
-1.3196656565121636,0.16483479709037763,0.40861120578404136,-0.006687169671630515,-0.701080560858938,0.3392786558203663,1.1687963138921624,-0.10617697011211208,0.6526908006282492,0.21863700248735823,0.06819099163730344,1.043797127783331,0.38538161726905173,-0.2510622504328921,-0.0894151215186576,-0.8119576109709475,-1.4037725437032496,-1.1980384573600753,-0.8577714993660785,-0.5144380925232231,-0.03817037697461422,-0.5830636883332657,-0.18573121553138683,0.0520396191528886,1.144269139399175,2.0999317592735003,-0.3392625399463825,-1.077594203530836
-0.5393592186642734,1.5125068183061758,1.0604691044998966,0.5705448158485434,-0.847125889920083,-0.42753301579303926,0.9089413308312658,-0.3619262968829178,-0.8107192299172808,-0.778398835585237,0.48391380456902816,0.7424796872416707,0.5063115182425788,1.539949289657637,1.0268983865356356,0.7410892420472227,-0.48309596376031977,-0.3363361388697173,-0.04836386176273753,0.06233012087956694,2.065447743812053,0.18683712547570788,1.2268835504609905,0.29905264590816005,-0.7480680982744551,-1.2662908042054388,-0.5548013243121611,0.7908849794178995
-0.390729420978961,-0.2869698461440238,-0.9621223142710176,-1.284476404636959,0.9827360635360869,0.06840303076936628,-0.21055498094095068,-0.6704486370637162,-0.9164862144031604,-1.0838953161726024,-1.4280123894446937,0.31175114227780004,-0.9379437844091628,-0.9647219955921728,-0.6478818741845929,1.3368632202564197,-0.1247226315676321,-1.5506064118373049,-1.8435099499313639,-1.430313513909816,-0.07850578902105831,-1.6208864021631137,-1.0392965662719085,-0.9235854102481338,-0.9594731007363796,0.4091310946584433,-1.2119562450819954,-0.5966129516389764
-2.0797043946756926,-0.2064484152454155,0.062110503359169116,-0.8073814555512266,-0.09500208003984985,0.3699465608723581,-0.32344967179425926,-1.0922264454659483,-0.07158816387041399,-1.0777942244644858,-1.360135793801457,-1.1222321427081068,-0.7872546098195247,-0.6264805879465088,-0.8041719564484735,-0.8128400132935576,0.11826328938602969,-1.1152064411439824,-0.43478851817082353,-0.20618863646307756,-0.8393328067546584,-1.0016038834794252,-1.553694218615251,-0.2693803696205489,-0.7619176217877214,-0.14643658254941092,1.1246284917549678,-0.8417648862687437
0.35241956744760095,2.6894268277106783,2.5468288289083194,0.8548978442831365,-1.8355980895332025,1.1079992002092434,-0.3008549719848263,0.17513575857632235,0.26833003544791917,-0.2021262763031872,0.3953991933028416,0.2290119937702044,-0.06678615774347592,0.4445696996315852,-0.13482036999977678,0.2983520678736104,0.13135636301427947,0.4200862381957858,0.3344046911803985,0.8194801187380724,0.9824178167769236,0.6317494961904574,0.40840986078225006,0.3586641807021036,0.9992441019242309,1.337763253268191,0.38876326900021185,-0.00891461560295731
-0.05293442623961494,-0.63015635868574,-0.10359791650868384,0.2504862504574853,0.07329557030242284,0.2031328553080791,-0.3927110373269151,0.9959246288531266,-0.5657980457866509,-0.5268142309346294,-0.40304201318970007,0.3999673395722947,-0.06649507140103969,0.23595852778224138,-0.17735462573976962,0.2823439327908202,0.7112355954563531,-0.07222453690843676,0.6763469574827351,1.2627071870207227,-0.5382620422954417,-0.19093199604293376,-0.6108198678811981,0.4108563917705908,0.3387735264998069,-0.1273106641702032,0.8985800832237807,-0.050816549856115514
-0.390729420978961,0.8367667733455542,1.5202805575149347,0.5756992560920942,-1.4477870148572143,0.4197274901264605,0.8492821019696178,0.6586140147374488,0.1546092377475933,1.2557924468562665,0.007395212280778101,0.6321346841672447,0.8364308285970019,0.09062443823789454,0.6073883849283802,-0.454752078813725,1.5993915676722765,0.39085970569648915,-0.13695781870836923,0.29001731988875407,-0.32496627421399804,0.12475137480317167,0.06626929353074518,0.5173894235619334,0.6266063041811077,0.07594190153139245,1.1335288111053248,0.7868908263733124
0.14009128504001184,1.5114222336609386,1.0926321523404785,0.9292252578827959,-0.730155035313865,-0.3272765448950947,-0.4443443553995633,-1.0401312592552359,-0.027814240866509375,-1.0243973355744627,0.36800431687203006,0.4493006445038795,-0.10672846065689424,0.015150754519939061,0.2743655376320054,-0.2957487925964785,-0.9052302667584939,0.23115795851128895,0.06567855492468616,-0.6375920944928078,-0.7868836410727941,-0.04729299601302464,2.4165190759251165,2.434333835866793,-0.027524623240400593,-0.9409722657553264,-0.012267120967462897,0.7636905010089504
0.8478522263986423,2.5368795475264116,1.2998747535024129,1.9085586907131848,-0.9630716141882547,-1.402016239300832,0.017140492573180576,-0.7358865938945717,-0.25292160510254097,-0.6230233021856383,0.7184797380468353,-0.19526363907141694,0.10779720942238583,-0.5976277071251416,-0.10533062556954167,0.42521153825303,1.7734116892220577,0.05949921138769619,-0.7188382840789935,0.07891632447447948,-0.7981520056054743,1.633879857302459,0.15925506327450528,-0.3574363089322648,0.7701011028431864,-0.6013914014418975,1.9783051672111676,1.1422677342242693
-0.6765559549891773,-0.5401807349838255,-0.425873373524162,-0.4649208487717309,0.25757567557162525,0.04508745849070419,0.4653339759234746,-0.7942444117496941,0.6142725826659222,0.3100989725123971,0.3143073391022382,-0.12032639963612296,-0.37177115259055904,0.35216270855937243,0.3460191451101363,1.1548165672650381,-0.38504445078638666,-0.38135387124223247,0.31119250966828427,0.729585550241119,0.433999086565587,0.5833471999344422,-0.12479682742156122,0.22654633420257494,-0.21906734872460495,0.2016116154497917,-0.3306107987373905,-0.4606702224341343
0.5870981953717789,0.7922438122609792,0.5618775926297276,0.7467065244300629,-0.5284754764528444,-0.8488560803558768,0.1499798569595699,1.2337067196820144,0.25746681079356987,0.05981408550489984,0.7874636950925258,0.35777094964506556,0.37596908734496925,1.2991593342689824,0.33169051718439396,-0.10151182167220134,0.4828937929653003,-0.21849948553187967,-0.32872764440818936,0.22510592440541746,1.5389548232186998,1.0540431082204293,0.7080919330428629,1.394490084620467,0.06948804596865486,0.5686217525184907,0.7304619895807697,0.8060525044332341
1.1392832022521955,-0.6543960716042064,-0.5353724522748279,-0.55764541573401,0.08774895668428266,0.15287878786492234,0.4949261116898836,-1.3656336239696345,-0.9405696813826981,-1.1535640999480337,-0.5284127223716558,-0.9326987230880011,-1.261751922661776,-2.237533472292943,-1.7492382075366175,-1.2032629667980028,-1.4301795993115587,-0.5156220896070095,1.8585594834361965,-0.40830207253592504,-1.7439949169652622,-1.5640157696575265,-1.746315787719932,-1.096107707947942,-1.741691518058638,-0.9046470450103314,-0.34941674700889797,-1.7883557300953616
0.8478522263986423,1.096847442631439,1.3179228321684144,1.3334622007688264,-0.9395811222956512,-0.2442447753102929,-0.15417146953127162,-1.079958350438774,-0.6911980491383005,0.2170215795867794,0.13738305731091907,0.5809562128686544,0.5992695619600282,-0.2970262573422233,0.6791838295003814,-0.045801559574074294,-0.2581972746011912,-0.18215484514686042,1.1480993309858283,-0.31712238036712587,-0.6359191074763588,-0.6584826107649293,0.6570645531650857,2.2437255070511957,0.14950540402610896,-0.25316724969885435,-0.4710524846827372,0.7131724710101739
0.5870981953717789,1.747132761535754,2.1949005914644424,0.795507966623413,-1.7034047320388797,0.5311772612824103,-0.49628664375544396,0.22893224771628393,0.4267988561274364,0.4040412065221396,0.24843447216296963,0.46469111197206703,0.876210258019434,0.4736327455235345,0.3407864741253399,-0.12431391647169639,0.29055442817316557,-0.021542047804142848,0.19513937513386276,0.20857214995461237,1.438808568424728,-0.13732409770768672,0.6125828807408066,0.9063988662932029,0.9349693408171813,2.2040731311372843,0.6454398647436705,0.9589972798615114
-0.05293442623961494,0.1457610506832266,0.7198976240192364,0.32084564407413774,-0.3178795089232615,0.6709308013678512,0.04245968651169777,-0.30192625735949524,-1.2246758001304223,-0.0472125141629354,0.6425496160462786,-1.0398554168239098,0.20222106203398765,1.6364901529168152,1.032405547794107,1.0400176203753735,0.23383462268950236,1.850744772032625,0.07702895590771129,1.4390443830701756,1.2694864359405422,1.4785559323256146,1.3176559542391064,0.3480481939558079,1.5085912711729936,0.5158939519043374,1.2709403638730712,0.06438418028832608
1.838717544300725,-0.3274262090881036,0.6113959104612358,0.3295787201968944,-0.653347795117298,1.4649055077825603,0.42817228523493145,0.8054691862393223,0.4135333187767617,0.36881016351782114,-0.1566031407558425,-0.22305771566442137,0.5153011389626858,0.39939320029127184,0.8470249947850043,0.601112867388789,-0.2987245123168228,-0.012996423704648841,0.2982273159867411,-0.11607017723154846,-0.006092289552024948,-0.03785288594873135,0.31434176814111114,0.17894326462688162,-0.27508603878171056,0.23402006922921698,0.06990204466683325,-0.2656047308613779
-1.133878409405523,0.10452306250872244,1.309012638633926,1.6877032433033408,-0.9622418133200313,1.2129837185585353,-0.5255709253263386,-0.12344767121249921,0.3196250302204361,1.0234251914713746,0.22399500478815024,0.7816530289678008,0.3728834159605602,1.2736659426175856,2.1338121963069074,0.675256731195226,3.0300262097102433,1.0364850239181203,0.364407145875704,0.9363631988056057,0.29035281231357757,1.9065291382325327,0.0702485506340855,1.0570838845420765,-0.5043732560414885,-1.3735818748720936,-0.837413287978524,0.15736995214317773
0.8478522263986423,0.37672668900428147,0.7446888629085752,0.8515352130631622,-0.799195725312751,0.2674080897063912,0.13758167253578746,-0.12329783023655255,0.2988893095610638,0.7462720103548905,0.24443124515191178,0.3563211236663784,0.7245840281565515,-1.1194558996296238,-0.03386168877922007,-0.459215158668361,-0.8642594819866181,-0.7129160022162204,-0.261535609627742,-0.1744136031329916,-0.27528676824797166,-0.20424885450883215,-0.8583599397252809,-0.5955708466111421,0.5038358104148172,1.5792928020398718,0.6665978738987143,-0.7204107401840241
0.8478522263986423,0.8297864785992421,2.332432089579824,-0.0545490857049417,-2.2223373246500997,1.254188207942235,-0.33500738016160714,1.3702577613968356,1.1783697708866847,1.1596281750572424,1.7328741343331704,0.9172419979921438,1.4334528207983268,0.5827745428513778,1.3857734836670303,1.2380579163704504,0.84672372006334,0.3826971835026256,0.24558403285742247,1.0933528976020968,1.651258039959097,1.7198015951179886,1.7146318949496717,1.2824345920767968,1.5313846109451577,1.613474246886634,1.4848179131208414,1.0907237536632926
0.5870981953717789,-0.7252050463593925,-0.23101806575430897,-0.7138759060844793,-0.2896954121974528,1.0227584583213642,0.2702626144711114,0.822511034562536,0.20215027144841186,-0.3957808686508184,-0.38288029868484963,-0.35317350873046305,-0.5401623942319174,0.12531965655365107,-0.7766340052288183,-1.535920185505848,0.14336666848734847,-0.11399839384996242,-1.1422074206559159,-0.7993568842761074,-0.8965687413012224,-0.8296738567648444,0.2931452875021683,0.1629657419242009,0.6471293903799015,0.32171772552071953,0.45378955431523094,0.6465631620340235
-1.133878409405523,-0.2466920550777602,0.4934244276232846,-0.40404905293475984,-1.6401174731861408,1.2275382459225546,1.082461596495284,1.8872467145433702,1.87800724750693,2.1794495629740847,1.7693840488466093,1.8413526736639927,1.3507272321435326,1.6564042837242137,1.219768648041811,1.4182785097350792,0.4813586096966711,0.8427506695373894,0.7376734952553299,1.1868655342733805,1.4953325779891402,1.9263973699445638,2.1010685600419676,1.71019304735991,1.5529730803246244,0.6820619064236507,0.8905496728160632,0.6171899406554182
-0.05293442623961494,-0.6950690402911641,0.0182200991719672,0.007342172408913287,0.1250875769799511,1.0313970536369976,-0.5380109630395415,0.47916865576460793,-0.1865170591688562,-0.4183773515319218,-0.037796797097214264,0.359878144181661,-0.012429002207343913,-0.7373572168078083,-0.8000309930379451,-0.4962501665223099,-1.0614672659876097,-0.5211700072399871,0.8488747639167131,-0.13401207046842847,0.45146655236456384,0.7863099439392753,-0.6860455321851936,-0.5656667569115267,-0.3339479635254703,1.93114415075612,0.5762939026741359,-1.228388275489862
-0.6765559549891773,-0.3420226412453011,0.5186680682146619,-1.3402505569449794,-1.591236165861899,1.7435876701758106,0.4122096266646158,0.3132498977595012,-0.08917794831294464,-0.7959842173386679,-0.7432259180194475,-0.3476610548768452,-0.1905539695583962,0.6975992419246462,1.2443149241495757,2.1414751375272583,1.4209950959414135,0.2990019854716186,-0.06285698992398611,-0.14739902940066096,-0.5519394621260951,-0.584913056904112,-0.5697784025796497,-0.3055127761802157,0.14538633444611124,1.0748328549464385,-0.2799508026314305,-0.009641133816092154
1.1392832022521955,-0.4195255735036336,-0.7933471751028395,-1.0698435023139434,0.7115167408932127,-1.2741945215568133,-0.33900799658633723,-0.3647686742720762,-0.7981586000861677,-1.470527236354156,-0.44535397815434946,0.10442573079212593,-0.7743013740501478,-1.1734936590107419,-0.9786529858664496,-0.23657344363433214,-1.4504545015104513,-1.2691830724879305,-0.2865464979158112,-1.057511817244501,-0.1809016681237656,-0.20779412585496118,-0.13463196753636322,1.0881396224814157,-0.24715807401115736,0.8655692641880542,-0.32351650840858354,-1.3861973877213596
0.8478522263986423,-0.43090086864577015,-0.9230561375894735,-0.7450232022284341,1.5282032831138455,-2.1607542782486084,-0.8755691511116223,-0.6326542092153691,-1.8760709999037462,-1.0969376302120246,-3.915343069569565,-0.2471515154288634,-1.697867091504646,-0.8550548234802816,-1.737316490141829,-1.9474596743132526,-1.064326529504601,0.9004895109346795,-0.019067397515909454,-1.0275588490824554,-1.0561805213717235,-1.4500599395256843,-0.44863675340478365,-1.6607931882193996,-0.6995640146944103,-0.21384081313418124,-1.0531456654590068,-1.2125858771548228
-1.3196656565121636,-0.7233815070699937,-1.7331392667833807,-2.0621854033337406,1.3327077241160934,1.2245157079213544,-2.6853148723946934,-1.0085663728693812,-1.1134187923620547,-1.4792951290997756,-1.5000723096308215,-0.21381827141204515,-1.162139890744809,-0.7958250292113063,-1.1504842446048835,-0.8517841123149623,-1.6514529113289154,-1.953666669916304,-0.999049672624607,-1.7292825542320145,-0.806363958012602,-0.10695176669519282,-1.7039403438068599,-1.319718170135119,-1.6667314108020943,0.8314583980648016,-0.8242258930147042,-1.9907626269676761
-1.6962614276742725,-0.6891285654255592,-0.12603384079811306,-0.7811059446559396,-0.47081014804511845,1.589739942663391,0.6700266335526691,0.8143919807692378,-0.13532651167567752,1.0417228682297641,-0.34539995558073705,-0.48822568837322017,0.38947594790189394,-1.6163210391721288,-0.03597121118233483,-2.4854844533995193,-0.13753740681533896,-1.5701118692504308,-1.9970860489293742,-1.9739034142235536,-1.599300614310269,-1.1024521335506374,-0.7618857901055542,-1.656914358527803,-1.6579258608605854,-0.9381653175199207,1.091141770469134,2.2672811134757946
0.14009128504001184,-0.7097353452686476,-1.2771775088856439,-0.4541447516460049,1.7151455183546085,-0.21138794954912826,-1.7969938716312026,-2.823269715228125,-1.713299109683809,-3.096380756892914,-2.6243727836074955,-1.1832596772688773,-0.441488695216618,-0.4208832748400439,-1.1319294150661945,-3.2162344719816116,-0.8388160885944594,1.316520491661616,-1.3903831733267744,-1.992327876581162,-0.19708461156549545,0.3067800852716678,3.4935621300658473,-0.8353628280005175,0.19830502041368506,-1.372811496130547,-1.683407256952547,-0.45913483842246305
1.1392832022521955,0.31828249771471795,0.6651019949327364,0.8881534831875934,-0.5884170059401859,-0.11439743071366436,0.3052664735668862,0.4950056348144194,0.33073907492013604,0.2617487663108764,0.08428311569706438,0.07710421597772456,-0.06296020999598838,0.40718854691148565,-0.1282026348698869,0.07664270862846186,-0.18349701449957054,1.2142961331758582,1.0078092591065029,-0.34762760726078107,-0.7670552843289851,-0.4895481880440615,0.7310611866413925,0.32443450377863836,-0.011586377924772955,0.24439457808241516,-0.24660055112704682,-0.22364937398113144
-1.9314041530828092,-0.911223462377697,-0.2664520715302157,-0.5480737853882821,-0.28955093074041277,2.454902153449572,-0.01287253227261447,-0.3716856390866051,0.3799752393590202,0.1060700870305077,0.18733739318139545,-0.8567861699266958,0.733566834858401,-0.651597105158518,1.5387271919391354,-0.9618631774019974,-0.06758112472961737,-0.6824651418164063,-1.567915311045795,-1.0265338135920616,-0.3052093961623867,-1.0327600078119763,-1.896247147762556,-1.8543492924445755,-1.2033972422429409,-1.2218827699858887,-0.411960916578709,1.1148836940349485
1.838717544300725,1.0681855541241254,1.1134616087265266,0.8540442328414797,-1.03640869251457,-0.30246393380341996,0.9250114438468634,0.3667057378636512,-0.044141063195210266,-0.9479916635630941,0.6721287710963726,0.4333712607937804,-0.9804321693774655,-0.10873044522334084,0.32851853223336297,0.012393306058006434,0.056882130224318386,0.1243835472589407,0.0400816232522141,1.2788517055585902,-0.236673406334844,0.5089825996022194,-0.06474448555158634,-0.8026340514235233,-0.09439813488349033,0.06561064151675265,2.1653504816567115,1.083241634344594
0.5870981953717789,-0.7970134850846233,-0.7092793796377599,-0.09584527938746455,0.9084076639626771,-0.6027033579931943,0.8018865689617483,-0.762727218386908,-0.06045973123998502,-0.28744865489536775,-0.721059726543898,0.20134969560242438,-0.6300777090758511,0.8733073392579053,-0.3620814441817149,0.4014256157975244,0.4377786694601627,-0.1508121750254534,-0.9579068312766565,-0.9589610294040556,-1.1186769107256178,-0.16081901618298122,1.0178599409046867,-0.5583497656128399,-0.29965288062271894,-0.041059167332179076,0.3424431952277837,-0.28108297781409936
-0.390729420978961,1.4757194836315424,0.6869896682514587,-1.3191177505198568,-0.6478996401747444,-0.13261147137583082,-0.6708666967124597,-1.670361109253694,-0.4998679191243712,-0.8383090663263838,-0.0665551573403132,-0.6095322662647765,-0.6958965259806714,0.241511298388692,0.1668011343849405,0.9582718192360824,-0.8070070162865158,-0.9900296390832585,-0.40925954699303807,-0.9047593534768075,-1.3197175034622737,-0.3201548029021115,-0.7543946141672795,-0.7843639259057299,-1.3367979892883313,-0.8716957267378002,-0.6860465354441049,-1.1495893102295873
-0.05293442623961494,-0.27506351756773406,-0.5554285460916302,-0.9449767556260333,-0.33648337778614584,-0.25646482058128717,3.101227481523871,0.9450393923377688,1.9397586793606652,2.0736811503419283,1.0684400533821194,0.690818403311225,0.5487165734459413,1.3154145742163654,-0.5140023095392766,0.17343553554664168,0.3573567100114137,-0.34582330301107705,-1.2625137554254993,-1.3059280366949142,-0.6678880921685724,-1.2191691396105284,-0.7067718592649567,0.4077636949307945,0.30491125074508457,1.203507095263363,1.6729545276094295,1.133854408339478
-0.390729420978961,-1.03532228060367,-1.1105190237292588,0.00991562822601735,0.9850524431458868,-0.03546599852835372,-0.25775228436915065,0.9670451725840786,0.4474021539114799,0.09647696383168115,-0.10920853734086992,0.5985173176854105,-0.26823456272522195,-0.006147999302055468,0.4671390659380588,-0.16310579100181224,-0.1668651534588319,-0.49237196235203023,0.2590072645844779,0.7035928875879778,-0.5862679416949341,-0.06620448328696703,-0.36215469636048303,-0.12746489874264838,-0.35820889495455255,-0.8823834727002289,-0.6899556653673629,-0.8113719125332899
-1.6962614276742725,-0.4030718526664475,0.04464228333090508,0.3372199265352644,-0.4082949082278952,0.30643448594190154,-0.2657450225509799,-1.4927759939860763,-0.6024261591899452,-1.0564735929039595,-0.36792562172982596,-0.7584000908954202,-0.05099691337946947,0.4596629172341153,1.3669145880261466,1.3691694857660113,0.17906910629988232,1.4351051945284317,-0.5538050297846879,-0.10842908670877902,2.3170569285523532,0.2641890976305229,0.8446362726472707,-0.24633203268357937,0.01658599469048004,-0.5898492443854796,-0.594033675411745,-0.001545539743788395
1.467143050087444,-0.9714737894841429,-0.10246753744669804,0.994138256214179,-0.4182367428624853,0.7996014523448318,0.39165990957869945,1.341444935086487,1.26582876215601,0.7010948252215629,1.690700500901119,1.9341373388184147,0.5831642749117175,0.30836048071690203,-0.3722283701833858,-0.38430193075625424,0.6200112608629348,1.1047045497085937,0.29625446490016194,0.5171449444718053,-0.3282001266086584,-0.26936872667298317,0.3058216816276329,0.7404245814601533,1.9759917056191905,0.5145364032634098,0.6860149960151821,0.5490265792633794
1.467143050087444,-0.4266753155291005,-0.9720633028562226,-0.5413831766942786,1.1268189603068544,-0.6640293895732445,-1.413470001529061,-0.7403475730363068,-1.0383821366271335,-0.8778026826285369,-1.4632088024072254,-1.0274251708185722,-1.095296642978464,-0.6626717123879113,-0.8609056309021781,-0.3891759975171061,0.4916724486168427,-1.1029798423554344,-1.462027654535621,-1.3292909357811833,-0.10384959243020359,-0.9727958160287954,-0.7164846906361533,0.3037490953521014,-0.7651577235365934,-1.2638499919029729,-1.3738919597897612,0.499357555821614
0.14009128504001184,0.0026215411574196396,0.47556415545708147,0.47233809270661675,-0.5275243606112061,0.26129836679576557,-0.9924394084208817,0.14295374029769434,-0.29901233033155844,0.04580928335665462,-0.09296677216148179,0.13045957483341256,0.3197660994381173,0.693208543612131,0.9234853088126662,0.948099013980158,0.11205593773544498,-0.8468108164757325,-0.4267934259343965,-0.4293135092679397,1.006547459666454,-0.12659735216444776,-0.17235271916801276,0.5541392407138798,-0.47402532549297505,-0.4844828879103543,-0.32637191139034927,0.5366364405513563
0.35241956744760095,-0.10978750401682817,-0.09558233486454569,-0.9661588301564141,0.009303373090650486,1.077792702864147,-1.7677837788911102,-0.5936159502027909,-0.8119645356477336,-1.0957017314359911,-1.017647141854046,-0.1380819766875823,-0.6997361826811408,0.531390643674108,0.2892380556790452,0.5040358400362098,-0.5771690355589261,-1.256648083647766,-1.3537995327204932,-1.1732784918452086,-0.2641219919762499,1.136671297867297,-0.8264492444275018,-1.2391416321491908,-1.2221934492867552,-1.0032112889598634,-0.8945185983625004,0.1809406940655269
1.467143050087444,-0.9051204642383822,-1.7762218636493088,-1.6725164302407909,2.161162947519364,0.7797196151144766,-2.4763611158683916,-0.41341476112031506,-1.5364095257475325,-1.8457720551253975,-1.8719432686811088,-1.1616179148345502,-1.7721149057774401,-0.5688054158108515,-0.7021275084980598,0.06751900304526734,-0.5177115959282135,-1.826620473307724,-1.0328733897625062,-1.8399548382618869,-1.069780808433941,-0.6397115990715714,-0.8527627506548979,0.10141070789877499,-1.7654467701911778,-1.2866950286467833,-1.8158157068707506,-0.16584063114800324
-0.05293442623961494,0.8161403167978988,0.9931831168146207,-0.6902407227716354,-1.261461405834891,-0.5605687099363519,-0.8349985565034435,-1.9364481640356652,-1.457116611790143,-1.2334524690828867,-1.3607395423501287,-3.942251969857625,0.22651702616171712,-1.037981970421287,-0.40487124837262317,0.24723581406883896,-0.6931182346169137,-0.8320592208016735,-0.8189624199794293,1.0332142307458774,0.3257211532863895,-0.5369886797201066,-0.042353774207016755,-1.0031188703919696,-1.4623459420428278,-1.689335305778244,-1.0326099798904413,-0.4068630114614895
0.5870981953717789,0.6962334144718366,0.6972307828709194,0.776628827262076,-0.8106208061553107,-0.2728364299788757,0.22886692101505546,0.3443963012468589,-0.44518942722488875,0.07430576138428771,0.6636903519826295,1.1511743554618994,0.7375754650157842,1.4831155356524564,1.2670058381444458,0.6211888771788121,0.3476133827713561,0.2256851406443403,0.5049895976377328,0.9111636793673941,0.5821353953849018,0.22514496735012654,-0.12772058509239254,-0.08932505375015805,0.2891879591910925,0.5476741705191055,0.05496230745055057,0.08887358478974594
-0.6765559549891773,0.917889117694563,0.826643743937909,0.958171365798677,-0.7511658534499097,-0.5813977152263085,1.22417472630702,0.5257265417234168,-0.8320616697352202,0.5739519765989871,-0.3398419256699089,0.2143436362837318,0.19355605830449218,-0.49163012186645005,0.7340751624561986,-0.946406048849039,-0.04604645372159702,0.4262397640659752,0.531696931054977,1.0928390462667519,1.9200286723474034,1.9328471627305428,0.2994236987372241,0.17113414198407195,0.7425910655673006,1.3892814951596746,0.8121191835223741,0.03774975400589513
-1.133878409405523,1.548479471186203,0.5732512984779986,1.8005657663235193,-0.37861278389505254,-1.8627022836367713,-0.8907880612277191,-0.9710486706592216,-1.4737967555348688,-0.8237145771449861,0.8202920639297698,-0.6990591540165595,-0.7207097166817569,-1.5597735106335058,-0.07588909366712498,-0.9263133770121098,1.7836387942168939,0.4026504465454192,0.4562427399745123,-0.6167130261086347,-0.13995589505722766,-0.461892775599282,-0.5304545774600398,0.9989752551566663,-0.7357584281193033,-0.2134507283329849,-0.12074211614179436,1.6519793650538621
0.14009128504001184,0.6595273774147176,0.8053416794016319,0.6579089686728411,-0.6814540879334842,-0.13472006207287635,0.6253537345276874,-0.05970477693419437,-0.9854957002496563,0.051767785810969455,-0.7884923872731265,-0.5636718404931638,0.5597477166235999,-0.6457138438641203,0.4846219000864524,-0.10949182544300384,0.9936093890200182,0.07079458859396724,-0.06405717368639822,-0.2058089061940545,0.884717264071359,0.47686557698376664,-0.15095611827658514,0.27847424838653917,-0.17164528301463264,-0.16217859628176506,-0.46417477426450265,0.6784006865574669
1.1392832022521955,-0.6634620862352367,-1.5099965023381081,-0.8504607117847071,2.32069616885073,-0.7026799982579692,-2.0102161676393986,-0.5793524812383645,-1.5068510889001512,-1.0918428667026747,-1.7796891332936529,-0.750293480961923,-1.964792202828312,0.3461650810898668,-0.5597253471257619,-0.870873101963116,-1.0614700057125994,-1.3595634685963536,-0.2817168814387252,0.002369469256829242,-1.0658477352778124,0.5994811979871063,-0.7485918306679076,-0.8103721800169921,-1.677260940273825,-1.3795500032795636,-0.12736743001403458,-1.650561028782824
1.467143050087444,-0.7396024259497328,-0.5502199815565642,-0.12888746007408547,0.24209336943850424,0.5647849240726502,0.08485055818286064,0.6473026575787773,-0.05081018919433377,0.9822238105410818,-1.4385283491293215,0.6750854908800294,-0.7462149419162452,-1.2703328733068502,-1.04934631543525,-1.6430425973738212,1.2473033088022527,-0.6512103725575106,-1.5866345408189308,-1.1023295146331593,0.5956744648562431,-0.47464448418909727,-1.2777367581082093,-0.11086187093787883,-0.7640495327377882,-1.3010632225953647,-1.7129523155076813,-0.8034643306900198
-0.6765559549891773,2.1441361518218955,1.6939587360355386,-0.3093538724770137,-2.9471911732732297,-2.53873768837428,-1.519064871059697,-2.3840479048896075,0.8262816060671523,-0.1301484608907005,-0.17154209041574411,2.035419347801495,6.229742320717835,5.586451884968866,2.9983017308849376,-1.2667838252595813,-2.2155840603335397,-2.1943798924088616,-1.6216745582688743,-1.2926990510413663,-1.4562271468435857,-0.9738538388290154,-0.7873158424477127,-0.2917718630780005,0.1804233397572344,-2.150244376822181,-2.401633359522406,-2.331311929715187
0.5870981953717789,-0.09725815179260155,1.6395288173809788,0.6525981326416787,-1.800580955148829,-0.5420092588391279,-0.43742771179238715,0.21349068734849674,1.3587893679213385,1.5023488672222243,1.8912054183681013,0.7095273097151373,1.9135261015641503,2.8585952156820205,1.678193083786371,2.7985178652246345,0.8461528478930957,1.1845670994528337,0.7017022835350613,1.4214476229636201,1.4757073491694477,2.3108427822417497,2.7225208503521303,2.4124608366065146,3.2086539333347837,2.5509871389109793,2.27335512574881,1.2390468077550147
-0.22917529306014311,-1.0495824877757551,-0.34002858583988693,-1.0382067358478668,-0.3693211964429557,1.4875618606829357,0.6891023087876362,1.7026288565904788,-0.32411242929004286,1.0371264720095907,-0.11768923597023298,0.5592268196987947,0.052930336928852455,-1.1783962475774117,0.0689696861710049,-1.903954606632397,-1.427038216218644,-0.7298229146258652,-0.6285683485959759,-0.658757922861395,-0.6824456632003197,-0.8136150055953425,-1.3040137437580712,-1.3921805932599922,-0.23780411346088864,1.3941083191190065,0.564033234513839,-1.3515757621721394
-0.05293442623961494,-1.103496744688723,-1.1339000623279394,-0.2598518267554141,0.051618648573978625,0.3878893655120456,0.8839465463894116,2.09085977562083,1.7235297297892123,-0.0009165701122310026,1.2348183836866666,1.5398840266460565,-0.03927109523633332,-0.6400202340688358,-0.08101722965638038,-2.366382050948168,-0.4453576939862828,-0.9265853101926554,1.2255071188679143,-1.234451110194526,-1.783649117530108,-0.9578149261290155,1.0357620621234715,3.39774981958171,0.9666014999096518,-1.0301763058601885,-2.010529446965158,-1.7242896407000583
-0.5393592186642734,-0.1521292775611442,0.740802801081325,0.2538330494548713,-0.5865929812955967,0.9862433518805864,-0.7257349330305011,-0.05789053577535481,-0.2249296415775195,0.3025098301225127,-0.008393215744141754,-0.4627744302312284,0.05316099144686778,0.5572310677716709,0.7816406019610586,0.49709123188986853,0.7638367291040272,-0.44649073783498944,-0.04236936104566369,-0.9047137827963185,-0.8740234264163893,-0.24870008624964288,0.09444339414935803,-0.04637038639045281,-0.6487509141363408,-0.6942294005533548,-0.19601951962882042,2.109312913973576
-1.0313751006570318,0.5049562198567569,0.2317527269778986,0.5068853309727295,-0.41408814165043284,-0.0011271419278054589,0.820380638485955,0.09109389002208038,-0.8514701206325274,-0.1769079546525779,0.2993020969224723,-0.3053283541645871,0.22902363375708373,0.23538032409272788,-0.09358486773881002,0.5737141887805556,0.30711808448126354,1.6692398094069478,1.0578789574585372,0.44994708962828894,0.2942301823482476,0.2173693418667485,2.4650950413618435,0.6853818404921423,0.5317739238720222,1.2501150443458537,0.5773643542279044,0.03374711532302788
-1.3196656565121636,-0.6914007172262875,-0.03490265449248375,0.5018166947327173,-0.14734688416712868,0.40377111207274924,0.18402443866182935,0.19903123998328082,0.3990452285064654,2.001946419235725,0.8018048627750752,1.3309133532134072,1.4708331053716612,0.7318252023893546,1.3318294684260235,0.7284987915639305,0.7394399827560002,1.0680380199338493,0.7042524066095625,0.4882174690310614,0.5269072861336236,1.2135124977901264,1.4876576786112612,0.46324606432150167,0.537000497497593,0.8497790005299468,0.9599025160484116,1.2427765040378842
-0.05293442623961494,-1.137468701171909,-0.9488024919282001,-0.5843018964050091,0.6791583770715204,0.9772519429255689,0.6373866482433579,0.3346799268242301,0.4191743479411291,-0.35211251202728305,-0.08954049303448045,-0.01986404990161636,-0.5039346866509624,-0.04001277106166389,0.09515870469695492,-0.47662001111951885,-1.0517646741322688,-0.6614326299665595,-0.610547764118167,0.894777438089543,-0.24896634532463024,-0.3312062282953142,-0.09490852753195492,0.09946980782181897,-0.2805947153738301,-1.3380221022192984,-1.0008298563696119,-1.111855890440642
0.8478522263986423,-0.6675238001061352,-0.4456460529878084,-0.2671634350053517,0.4162701196942457,0.514458870208477,-0.4082393517603566,-0.15893072287817306,0.45481067465991015,0.24451773482163608,0.40679204334613106,0.36695805830676054,-0.38601391292341886,0.06054212103411833,0.8115548456297424,-0.168655892110152,0.9936047026483251,2.275220519735257,1.53994421123406,2.092106984024295,1.0882654047179918,-0.3947523963343897,-0.7846399867699949,-0.4131950055798726,1.0298058416456597,-0.44028278621755235,-0.20433195740245583,1.1987680654226924
-1.0313751006570318,-0.9508454862205248,-0.020886569792703803,-0.09524121920255135,-0.2788904782338368,2.1463690048744524,-0.34613055837746165,0.3031268378075808,-0.3650001569764623,1.6572274736281396,0.5089405757416491,2.097627711636209,1.5074681066980848,1.410907953544014,0.7086927423302033,1.397598101443715,1.2069320912149881,-0.1498662903690241,-0.8362034198529191,-0.6182589238082944,0.42284261689969665,-0.3075021069392565,-0.41658153984729657,0.7037998207716906,1.443228387722698,2.325997805563085,1.14484595148173,0.7247423805471809
-0.9215501269979339,-1.1262423481136286,-0.6327990701114606,-2.2689209051710453,-1.243946791706723,1.3906911568648606,-0.42112849077025866,0.45679254422963006,-0.4662742573767704,-0.34670398953802656,-1.3418210730188993,-0.9008331405119999,-1.4359744165815478,-1.0552929445107233,-1.6431635469288446,-1.3610224136271485,-1.892300476928035,-1.63109404300189,-1.159927994849205,-1.6457534020247484,-1.8714178316009495,-1.6730380671894367,0.7695412847566802,-0.48522567200718586,-1.3673574398323198,-0.7698954976218246,-1.243262504588333,-1.817635867711437
-0.5393592186642734,1.3904422735221882,1.703167280624759,1.5743368459599294,-1.4999285881849884,0.44666676157837243,0.6988775010597882,0.3567432552130063,1.13303953371994,0.32422030583789935,0.9966784617619614,1.0842981467298067,1.0237970242923182,1.0530124603487496,0.42798897679527326,0.6191685583432894,1.8508063967531243,1.8801491233994192,1.0817446436645757,1.3900088829663058,0.7949431678245937,0.9852136989102722,1.9967846374114289,1.574544657875279,2.196066357188591,1.949046634156639,2.0330616241714963,2.3506080891107426
-0.05293442623961494,0.9160863989312521,0.733980613132087,0.4608206489903156,-0.741641794903431,-0.872340273351381,1.881334863197245,-0.9524708444297876,2.0667549124319273,-0.5666732188925712,2.085917015162401,-0.9047776100480223,2.46312692741362,-0.21734966836052055,1.68999033497738,-0.16172885128515369,1.7140934708796423,0.5346535690744754,0.38741052536426873,0.48408928357380104,0.4659610211133554,0.4309700901206343,-0.2681255485750445,-0.3171263184336186,1.3170065774357185,0.9070280657196135,0.8295026233332952,1.633136820781449
0.14009128504001184,-1.1364536481122305,-1.0862628587998138,-0.044547328193087044,0.8343300106679475,-0.030401007869569032,-0.09107407044983051,1.4431028295635029,0.9883120292714133,-0.3744331595350245,-0.06527321259386393,0.5885482478631495,0.361336252858612,0.7550425245835976,-0.11057411182155957,0.2637699501179301,-0.7406719296570554,-0.35754639200465915,0.32191258241150195,-0.0038902504879785747,-0.5008222851205155,-0.3387392690664134,0.37479513254127084,0.08101217187035897,-0.6484292084000767,-0.8144637779451525,-0.7233381442068175,-0.6319821988147946
1.467143050087444,-0.10389606971952407,0.254658248888024,-0.30452050527896257,-0.5399780924523162,1.3508956741021605,-0.2620585228139592,-0.5530826264165268,0.009480547584210878,1.0463311500188315,0.520984943583907,0.6679085643157976,0.8924324480684742,0.32474474431153405,1.2114987448977215,1.2483537889770973,0.4646100219517618,0.39961736250316987,0.9461798585627273,1.2681703343187918,0.836035877069917,1.9866553520548806,0.4047789959121338,-0.09949146102500088,0.42833858582488576,0.32320297797973513,1.10387385886496,0.276377413408444
0.8478522263986423,-0.5955352077974807,-0.7334071299107382,-0.5593919423866867,0.727683291426676,-0.6586885171564724,1.1666776073743925,-1.8609077746652045,-0.21888644110819389,-1.0219250370500503,-1.5428457791057617,-0.7370379262352718,-1.94060399956015,-1.0600014206084978,-1.6819160390551389,-0.665085655696222,0.2682772195948823,-0.8871442009421989,-0.5852596141266959,-1.2414355409283786,-0.2771858398299336,-0.7770358441316765,-1.017474543663592,-0.48292482615914745,-0.4003146512832976,0.2803416884603422,-1.026672360691932,0.2727696151641797
-0.390729420978961,4.453831137263401,3.3095037171293717,1.0327648935956344,-2.626979360309876,0.18503733335323208,0.6664604852745596,-0.6312012265208619,-0.037277312634280545,1.108088766380773,1.1077254016855227,0.5701982491391889,0.27553772651602737,-0.3256822871070685,1.0160823338476748,1.055953948551667,1.8057346762596669,1.552484266853833,0.6445208367531949,-0.03116529342751838,-0.472643486003446,-0.8189408426876336,-0.5932619159594771,0.19880377566840035,1.0501885249614538,1.4811025830622344,1.7233884741613368,1.743828651684389
1.1392832022521955,-1.2491325560103,-1.8002310885768016,-2.6878219183341203,1.1305849920358402,1.4126534968252393,-2.1449001770039455,-0.995896070277751,-1.077310502765663,-0.9067049044208414,-1.929180416175935,-2.01313967839712,-2.654456735505894,-1.590205247505115,-2.249425586185782,-2.251087375008084,-2.2245843813661654,-2.30876879151907,-2.3296664254870314,-1.0650366187063576,2.2770602724563345,0.42046266774192115,-1.8910763188393196,-2.124883709686718,-1.6710386507676773,0.047357518509813346,-1.6918583028142244,-1.8623705293871278
0.35241956744760095,-0.15943098728076022,0.586474981604943,0.7874547903532135,-0.7830181559181666,0.26876637538600834,0.21656726233481222,0.2463605677837479,1.0028857900660155,0.38610959025651337,0.4032738447863855,0.7040368657983028,0.7647215910218991,0.8547485854161067,0.06510217078074622,0.5920707864229691,1.226740663381405,1.0053304911238,0.9918139401576603,0.9483930964031468,0.45981064262748245,1.418317586586777,1.584221370118091,1.863871697530358,1.0423113127778643,0.5659805445389923,1.1809153652907074,0.7567983918093092
0.35241956744760095,1.2067643185921646,0.8172302073618245,0.9202818235578152,-0.6596786683367267,-0.9502655553689366,0.5219391547548985,-0.5568094081550562,0.3413206482490008,-0.23593844038232498,0.7757546656756308,0.5192496960431808,-0.008012368510923504,0.03467405959249257,-0.22467889686968476,0.2429437753439985,-0.19134171232169356,0.8063604882818542,1.3964539345703015,0.2566538663845722,0.5810817129056799,0.0608523562735096,0.5121346353841576,-0.13710315781779317,0.22444513760343465,0.6657747741870604,-0.2018437322098404,0.3071749676194838
-0.05293442623961494,-0.5739724554580282,-0.5280234164831319,0.14935687688276214,0.7695544261810148,-0.5328410871411334,0.399797243124867,0.7115173027549497,0.010721161231867187,0.567805121067121,0.03990384380946983,-0.051174846585583994,0.696504821721176,1.10210882589324,0.8253730714892574,0.8002357678208907,0.3443614013064841,1.3573071125259555,0.6250859180769359,0.7347700915059651,0.08992928172440905,0.5268467130312442,0.024405763323326283,-0.016130485926068545,0.40295198954253825,0.5475070919440896,1.9692830407531368,0.5662057908564817
-0.05293442623961494,0.9190997399415017,0.49261432459497156,1.056407937662351,-0.3539107547845607,-0.8444721170570303,0.1492184991213582,-0.8763401190203898,-0.540978935618082,-0.9338849085328422,0.3195354616347939,-0.10256831738860701,0.19327486648440065,-0.4439843810207442,0.9393820296445697,-0.47544167439130586,0.26432559888524554,0.009907608450893775,-0.13928929868034184,-0.11410210299358081,1.5076392682507656,1.0030710151337852,1.4194474843073361,1.457960992577841,-0.0031805946702392596,-0.4154663349891112,-0.09988064429025985,1.7601100089592476
-0.5393592186642734,1.598282692486059,0.843167680561103,0.6821161491519857,-0.6536191009783138,-1.8669635845319492,0.1185196383729279,-1.0245321158879612,0.5676772521520486,-1.3116999659220163,-0.15037505510458185,-0.3013557650809901,0.3033152848806675,-0.3774594371332578,-0.3617221839643977,-0.9584794499157088,1.4347312118639812,-0.30130101186362424,-0.34707983046028285,-0.9164421366100902,-0.22590071581905372,2.910198462196991,0.15203040152945796,-0.41515343138448996,-0.4147640155918136,0.4347735000903563,0.8217220893245163,-0.1765338635683882
0.35241956744760095,-0.24455005694998092,0.04641520366860506,-0.6120660790829832,-0.1717121661316551,0.594045677051285,-0.0951896439095018,-0.3734600191648895,0.29220018534908854,0.050421501535925825,0.06342588971102948,-0.34130373643473677,-0.02991036604687894,-0.44960630527072765,-0.1536029001867978,-0.5710809010611071,-0.469983423665037,-0.9234685923200557,-0.3615212573008095,-0.1311810490969224,-1.251534509480867,-1.1444125670937715,-1.0592364887955994,0.12164178411415429,-0.8603813242702112,-0.048611231623452295,2.695283186043904,0.09890220726236454
-0.05293442623961494,0.7162601856838927,-0.6317069290069683,-0.7794592827918978,2.683078560838204,-4.342280587513118,-2.619838842366964,0.8971837508068581,-6.644926632098799,-2.0959444938802525,-1.2187661148771225,-5.865918144033563,-0.6320690917157249,0.6129313616952787,-5.186021230828295,0.09547683757529075,-1.1972459456395679,-0.025257701827303386,-1.1976109125022827,-0.04539134728092584,-0.12179297788094147,-0.7758476170836458,0.5159170567409151,-0.8717614622452122,0.03916865383222999,-0.1772242614506258,-0.4571542555131332,0.5759351285563522
-2.734506999862734,-1.08325448065754,-1.968505683606557,-2.8386333599656095,1.0437222348082398,2.5356259291268692,-1.2107124539880454,-1.4359468436247018,-1.7792616226683846,-1.7828449188231843,-2.0583876184896814,-0.9273759483643862,-1.1678393343575548,-0.025763744624880614,-0.6714357286837986,-0.22350212645810213,-1.9563002363957913,-1.8764390047730746,-2.4946646940324455,-2.1423715520400655,-2.2417096365568767,-1.3167164401115208,-1.8636607044766085,-2.092630786320357,-0.17416948267203647,-1.5080411756300183,0.9304046529744948,-1.7564226868001425
-0.390729420978961,-0.15386398918050942,-0.2142729751345697,1.106875748961846,0.24187514223776643,-0.7505504811810249,0.4106955916704427,0.7817827754355646,0.3094703353398716,0.7817657757814308,0.5397187670953301,-0.24625358158513225,0.9913570449143623,0.6817957449241746,0.22542501846757343,1.2021933649364533,0.12180597009192506,0.06271655363688604,0.9276444002426952,0.18115467958725762,0.4059661067727371,-0.047565337380545046,1.1652975007396145,1.5071188763910315,1.333587929000216,2.2390207988925726,1.3626924268692526,0.8763966748633804
0.8478522263986423,-0.41964435729811406,-0.7529828649096915,-0.7559430072207322,1.3508614321892782,-0.7438271652599913,-1.6046690284388896,0.45806871924830683,-2.2648728172388655,-0.8006956869065733,-0.8985902755594866,-1.6388523953478331,1.1910458247934554,-1.6893503870306563,-0.5190676761948176,-0.6390000286469394,-0.3661763973697591,-1.5847590390101562,-1.4494814198323411,-1.1447774604312468,0.8320069638313787,-1.048582165180644,-0.6245142242288578,-1.7833479283403662,-1.5771150739023547,-1.0941533125216996,-0.6097073863658651,2.704835525021397
1.467143050087444,1.284804375207468,0.8124036410848022,1.2953507195531337,-0.5351293904300156,-1.1827405954792216,0.04360497852485927,-1.5196022404346934,-0.23446836791547684,0.02016349953777123,0.633111673970731,0.1562719135294869,0.032264029976419924,-0.11441132661449822,0.16509967835824887,-0.08618154686198394,0.9136756053056367,-0.003492424181854724,0.7576552356244101,-0.4231563616568076,0.13371821749788243,0.3263225042661495,-0.05778430473420789,1.3960299722848288,-0.18060062146664593,0.3693064511961789,-0.05635564270645502,-0.21867000143809026
-0.6765559549891773,-0.6635109216128774,-0.44415042577570213,-0.9086301797270007,-0.15358183954426322,0.4213263724535658,0.9560389924282087,0.8057627267253868,-0.2436039963253026,0.8297759219549129,-0.3757440435361141,-0.5946678899684842,-0.6299205749756597,-0.9376630274569507,0.1870478584082105,-1.233464920918166,-0.9337353028267591,-0.5520526137120643,-0.8084899430783443,0.13388736760944525,-0.7117045304857231,-1.1106488836777462,-0.3173670174696252,0.9127093164362786,1.1800073197602337,-0.23860056189513193,-0.1416453613399731,-0.526895685407367
0.14009128504001184,-1.0429169015079431,-0.8210789461806927,-0.8432312539484799,0.49358570564228416,1.0547317213872243,0.006438327446458674,1.3797603984215856,-0.2425502994194191,0.2642319860324177,-0.04539578809516987,-0.1788546304636284,0.3388905644093412,-1.0452547290717797,-0.7321929846463846,-1.0846439539875494,-0.6408146495227373,0.548125753341942,-0.912921761709158,-1.3321399415684005,-0.8771386130134555,-0.980994529793052,-0.3306930399410818,-1.29287231991244,-0.40847846848240144,-0.1659905517297873,-0.5705866090495487,-0.39150474405523944
0.35241956744760095,-0.736931423651189,-0.17428156829174943,1.1021545359000335,0.11253161160785492,0.28409372459842863,-0.3854524368439559,0.9801041049753014,0.643668018073252,0.8321889304022503,1.8619758212565758,0.11563517942112617,0.94515482125354,1.141687566005208,0.11389682733634346,1.0103956761634965,0.388379048659127,1.093437722826598,-0.08701790849938774,-0.2050611812493109,-0.045286625249489794,0.24055899029004205,1.1657995609275607,0.4953612919072269,1.100191790847092,0.9794947348646557,0.7480710971052803,0.9479916283760831
0.5870981953717789,-0.6493372794156886,-0.6032800179445149,-0.4612936090763272,0.43015227219043056,-0.08170565219956125,1.313119786861393,0.06895875234178293,0.026234231513518,0.9718080694598292,-1.572848585172694,1.3654786679888176,-0.560394988922262,-1.4577328744667934,-1.5939960733090985,-1.0158430967883487,-0.9797873401803839,0.3761157130979165,0.4373547143032407,-0.8065596427684895,-0.8298451970233981,-0.7486821321072813,0.18334871272697362,-0.5343289735753292,-0.6738763152727607,-0.9069078181737837,-1.1127520308751526,-0.4437867537821501
0.35241956744760095,-0.9591743263983065,-1.3779280854255866,-1.241630867437634,1.5892432049280523,-1.5398033594354703,-1.2014782108312865,-0.20770029185472955,-1.586416682785937,-0.3042889530038349,-1.646244503817982,-0.2077114725756011,-2.3874328209174953,-0.9432432011634913,0.007164095480938975,-1.5825773764911704,-2.386103000801218,-2.2178851804288118,-1.3173488893047585,0.1213927709991601,-1.3080623582328486,-1.7412735215770403,-0.46859888544457645,-1.0703267684653743,-0.5055813312826015,-0.9114948716991559,-0.05035517256774803,-1.6964754893321505
-1.133878409405523,0.8879556014851628,0.7088776387316447,1.2824230565920907,-0.5637938826254284,-0.6955593970197403,1.0847632173890391,-0.9996518059254587,0.5895942488805902,-0.0011643385099435008,0.13665051396249647,0.7207775189065082,-0.030362973013759894,-0.2921029485182261,0.9677310050648723,0.1178564901911951,-0.05300823911674257,1.351572686796353,0.18064432154411855,1.3409192772049991,1.3494179721144213,0.6061527307217929,0.0349864080754631,-0.05286069802673261,1.5187315641739738,0.21213756567579098,-0.20379990090141367,0.005874523733222714
-1.0313751006570318,1.51237723500315,0.3593504837861757,-0.2897975347052956,-0.7594971874682185,-0.8761006965206461,-0.4776771831621835,-0.5257811761814941,0.6350500013680983,0.7998046627505099,0.5774697039900416,1.9690091566623877,-0.31155626947590886,0.8414593392115083,0.3361085991597939,0.1673055590718644,-0.5647871368596086,-1.2924999981918257,-0.20759009502573159,-0.6875441901567444,0.15178215343829357,-0.6485766655495362,-1.4555963500418914,-0.71850595443161,-1.2949992879602328,0.22607932889370375,-0.5419755322667327,-0.82038720221889
-1.5585349742207013,2.6199773837928046,2.5027165983342314,1.2561553400217704,-2.049689884816868,0.04610901713944774,0.19044374118094518,-0.5965928167017033,-0.2824638260443874,-0.1505834985876952,-0.8072190949146564,-0.8742887988661093,0.7311110200907953,-0.625892049964064,0.15257988877020187,-0.7702826199520314,-0.6526320927761287,-0.885064914961477,-1.248703726507278,-0.32946685282931265,-1.205863534157557,-0.5404303314444281,0.007836056665635775,0.5399353810597916,0.5085091661590043,-0.4733724444231911,0.25771294924054544,-0.8503205495121724
-0.8035899701048288,-0.07334933581594297,-0.6580838778525474,0.4265930444767401,1.0540211074184218,-1.404508039485794,-0.389657235316184,-1.3061214713037133,-0.956084663877625,-0.8490092595053387,-0.7340885297475338,-0.3094738529025427,-0.438868918134692,-2.10006929129231,-1.5041683306774556,-0.867933170373779,-1.312515981292188,-1.1875893490048814,-1.9628042580898795,-0.2870091527718564,-1.164668702522893,-1.4569761716588088,0.12985466891645606,-1.6463204274642,-0.5735876042290212,-1.6946935128614888,1.0892354701420188,2.3235051818070653
-0.9215501269979339,0.6828090011331407,0.8681973631239028,0.7416360060377151,-0.705610387790506,-0.26835381973169137,-0.7587078845089791,0.33892005597735353,-0.26526718254279763,1.1740164765455936,1.2587481249174173,-0.7799713627366229,1.6318922930175273,0.780809750884327,0.11782070748866567,0.798886180462004,1.1489115652434017,1.0491763413001731,0.05924177615089898,0.05601995332458576,0.16008045266402351,2.1005432856561064,0.8050750246724264,0.20009466432916465,0.6910143717210919,0.6388716721549645,0.7924624946994658,0.4807548230658262
0.8478522263986423,-0.12084921639854794,0.09189357606561496,-0.43512327728215233,-0.026160697050898827,0.5810889455117118,-0.18241301514930316,0.6302555489956664,-0.17017352392764565,-0.42416683844121666,-0.10022068014935831,0.15391555935080078,0.9000751219254077,0.45348833222198054,1.090204163546218,0.11702429119828774,-1.3010832531057859,-1.5141746464138035,-1.3078712171265283,-1.535449265080899,-0.8491622437863989,2.783776859253879,0.6003403542045513,2.7343965718994823,-0.6853722591538329,-1.9785829041139715,-1.51610958572818,-1.7012934871715428
-0.9215501269979339,-0.8239769960506576,-1.1224998943656033,-1.0902285406875816,0.9498864197600253,0.1910382299095709,0.6358883004821083,-0.845716972018407,-0.5412752659182103,-0.9318396889328598,-0.40340505826929823,-2.3313182387451175,-0.7601596599296976,0.7496410463032808,-1.6832413624434428,-1.1875510736450405,-2.1115587933134163,-1.8354337566973005,-0.0405557500269075,-1.5293020241394384,-1.9981842102605971,-1.9112945153612795,-1.8877895059624852,-0.7152198804950738,-1.225983106233107,0.3155792783972344,2.9739854852103615,-1.0769845657614958
0.35241956744760095,2.9420348484839596,1.2822175421561286,-2.5979904409414827,-3.0830074463032666,-2.5483867686286223,-2.1579797329794923,-2.2606972381099144,-1.4124649997402223,1.0156095219112213,0.0328718238058236,-0.33988274066128105,1.1312126402681943,2.0551151357474424,5.918020725022731,6.199179749561372,-1.6925030039294438,-1.7697603302059324,-1.9058690878750655,-1.3588948081450358,3.066536145472296,-0.9262024827330816,-2.511432413124792,-2.5268393851630893,-2.032131211008849,-1.9104190717783704,-1.840105953343181,-0.6952802641575468
2.263374109115903,0.010499711648434744,0.3073130400193344,-0.907724864453534,-0.526358242601353,0.2749810769328827,-0.7970521941443593,-2.041968617899842,-0.793207113344377,-2.6562185639343814,-1.1150350350251992,-1.0985107480064524,-1.9276505508527029,-1.6149264263410326,-0.3111786186419178,-0.48796277306852964,-0.4496150824243869,-0.3645482038684012,-0.47554441970327493,-0.3689656592713494,-0.04696693294341685,-0.1445223383450595,-0.801508818072373,-0.9533654831460764,-0.8533263846231449,-0.5371571557601682,-0.6248752350747006,-0.46168997479098267
0.5870981953717789,-0.8165875561114434,-0.6783446044288004,0.007935825398558397,0.1919059508176311,0.39121825979754477,0.3375426142801696,-1.1051928242586702,-0.7674639631750804,-0.6112737472834493,-0.26996852768059876,-1.3164973152882602,-1.9311858906586192,-1.7548651537840958,-2.0780587344176396,-1.5172509664245821,1.3999186799869514,-0.22318941937093878,0.6611449150741817,-0.36253165834547463,-1.6436751308931625,-2.0941252658704075,-1.9982689842565644,-1.5747905067217243,-1.8775687735647613,-1.73240114680769,-0.7947808002927638,-0.5250197690420881
-0.6765559549891773,-0.03979634189577868,-0.17697870635315557,0.2938350973343425,0.08340134409027655,-0.6168377834841741,-0.05759050884042385,-0.8734394678426559,0.4111151692480179,-0.489631487342901,-0.5261397888166418,-0.9346135364617039,-0.17098037702836405,-0.12396784343608609,0.9790366298560736,1.2030218351981348,2.026956654482478,-1.0721641894970793,-0.5817407865822836,0.5802902093681694,-1.311595667257907,-0.06293563163166566,-1.411356401611528,-0.6647066489888724,-1.3119279840483244,-2.0061600963496518,-1.3314963659272006,-0.9605903859340106
-0.5393592186642734,-0.46370968022336584,-0.07827131691106388,0.5949584352244599,-0.04913674250550728,0.10718639059693431,-0.5037211520637151,-1.3574840876446237,-0.4147508162966173,-2.001937409000402,-1.5637557994667088,-1.3594531196115456,-2.038295869523905,-1.3860662753694903,-0.3801440431157236,-3.1531422254083843,1.5191511510531155,-0.9262486801463754,-1.2424139221086739,-1.2680685554680546,-0.5123049461229678,-0.9297829484988627,-0.22146820380047788,2.231196765358383,-0.4219303618743034,-1.607992340803017,-1.6762213249126376,0.11838648715326568
0.14009128504001184,-1.4551535740509631,-1.8169456918098144,-1.811155549858002,1.336964767046739,2.2288476696744794,1.0305307170360751,0.7154299020503644,0.3016104648675159,-0.39748956007779696,-1.6233021812342687,-0.3099145245578737,-1.6428309758326427,-0.9775143000973419,-1.2748526427207227,-0.1201587068066394,-0.6123566934654808,-1.5731090326401271,-1.00138093866008,-1.4486936629719323,-1.2963525569331196,-1.8915033488548552,-0.8186870185497536,-0.18503416643311923,-1.1131416906959803,-1.0026901897617324,-0.9099508334078661,0.8849575770660955
-1.0313751006570318,-0.8513919391085012,-0.666148135198893,-0.6373189169709309,0.37829401796982043,0.03766849500515596,0.0019823472328350275,0.24876483925701784,0.16912491611691632,0.35098831029306604,0.1128036689480276,-0.3260969023938237,-0.5947428082370811,-0.7574916919643265,-1.139708326225593,-3.0913310094341977,-0.546314180625721,-1.409805289652048,-1.3365753625183003,-1.458673946819594,-0.8335106439042477,-0.6943368124984709,-0.8607213430641,0.23685591776102558,0.057680850261628745,1.043431310201521,-0.24964565245079431,-0.4557919396688708
0.35241956744760095,-0.432773460229364,-1.1143590338669387,-1.2613310237907676,0.9920343698059403,-1.9841259244109608,-2.6337816921922883,0.5719257409005101,-3.6326004633479347,-2.820148237704138,-1.8334413996607934,-4.133512440963311,-3.646023161098868,-2.0380557829840384,-4.0302986034497215,-2.5288224969857667,-1.2750698527196958,-1.4152724440035833,-0.5353778946455893,-1.0552207093700912,0.2931333613614297,-0.9064976860513649,-0.7721723151743788,0.31390347225456655,-0.8456455075580107,-0.6553390447045012,-1.5941662532086638,-0.5508910043963804
1.1392832022521955,1.2537729809594258,0.5591157864090971,1.6057757650010727,-0.2352125190083657,-1.7476585490120746,2.219904350751469,-2.0715999766178013,0.23973933014746898,0.7247914433731039,2.2451737290808667,0.5427293776702068,0.6860937967925611,1.9654503320807626,0.4404226067684709,1.5927099211268299,1.4378842748371155,2.1133088378028133,1.8416058002815867,2.425888899828766,1.9023976571579788,2.3020192542419142,2.2000763931553493,2.0275379331442536,1.804609384321336,1.1432466712039333,1.1335360660741203,0.8566542102042728
-1.3196656565121636,-1.3630230128199368,-1.775396603127336,-1.6479217920961184,0.8790579867324357,1.1272665265217716,0.1226833896190875,1.5213883552485792,-1.601414921232436,-0.016845311465367406,2.458098162561814,2.15701197818156,0.5903592393773924,1.5360454760551465,-0.48277321033170867,0.8272428066407026,0.8790793675067495,-0.2608738302720244,-0.6389587451934046,-0.10976054311262708,0.9940767313905078,3.0091023338691985,1.302106086664127,-0.529027960788623,-0.599032650842009,0.4539938756234835,1.546653157687183,2.0114565333219927
-0.5393592186642734,2.8995853741463713,2.5506356558990535,1.7594131808642095,-1.7230857886397892,0.828801810761856,-0.0910627235580321,0.42747963355314633,0.4844445891766899,0.26047438033440967,0.7115214687772023,0.469018011828668,0.6399632764780275,0.0633558906420231,0.5126581994851241,0.704995425057032,1.1987190445777887,0.16273330484748874,0.019170899289970497,0.32091645120957785,0.6276896594061078,0.3600485764783412,0.35142329236212666,0.6780268272758169,0.7852655298781085,1.4022800955953518,0.7111263522190904,1.145577133153694
0.5870981953717789,-1.1335948078438676,-1.2384696972706308,-1.1097803391507255,0.49629392670365546,0.6380012848322221,-0.1076825097746841,1.4543473769255302,1.4747844779623522,2.097960148844965,0.7660421146004239,0.27979070735518463,-0.6965170133223708,-0.15097531234486652,0.5541056417103181,1.2757462402197783,-0.3247497367791846,-0.6996441357130998,-1.2794900445368933,-1.1773163741981556,-1.2170557431695461,-1.1453872863642147,-0.28059971097994413,0.702102795650838,0.8831441186068808,-0.14866220722680387,-0.6310712838985186,-0.9723290489905624
-0.22917529306014311,0.8523623868328059,1.076013458568147,0.490170711083373,-0.8722427119636028,0.23262124183350885,-0.17985599618277381,0.16812768965713096,1.29667124600634,0.8729684550448136,1.072387404919961,0.9482731329938698,0.8501857762019839,0.9408482647073021,0.7718198106445582,0.489186417792036,0.848671736629117,0.6756611380339084,0.8332404271547589,1.0805425830498963,0.841985500947625,1.149031562944118,1.3398928412239108,1.7319249496602023,2.016420410555239,0.9600269111721563,1.3265131193750452,1.4678545913866472
-0.5393592186642734,0.5954897291811454,0.9976578799841358,-1.1995631020123219,-0.7203611490462771,0.5381402447038303,-1.0509666763171095,-0.3155534506818812,-0.24248348146476853,-1.1113949406409507,-1.025795619836092,-0.7795379382555986,-0.8471631744217588,-0.4887923766989444,-1.1651029059746516,0.7348961653494626,-0.8250030440780991,-0.5771462540252843,-0.8738416960897595,-1.5106007465696634,-1.823675300468705,-1.6188611370185142,-1.6735522516024308,-1.481220349690606,-0.8358415710289115,-0.6633266966466589,0.3833296792127654,-0.18920174091074252
-0.05293442623961494,-0.6758034838127535,-0.7903681886767833,0.10585734710420654,0.4933062028236053,-0.3855958489609173,0.16399370236472574,0.8011917856720546,0.5404069006352511,0.5792462648691902,0.31087635274171643,1.2378255593361316,0.411342984242392,-0.2245411133494647,0.08950206315297343,-0.11925422040063387,-1.2031244581933498,-0.7936010030138402,-0.48348502944448585,-0.5273487692597109,-0.15938155592673217,-0.41564368300050614,0.015076593522544849,-0.7097806669491382,-1.2855056875861115,-0.8419101670974414,-0.06044209934069608,-0.15237193091644002
2.263374109115903,-0.1707294223205823,-0.1637724587351518,0.5050022929182938,0.18642823307694784,-0.5624842515902145,0.020967867382146777,0.669226791397963,0.8571514674203333,1.5695754734355087,0.33970681313045153,-0.5638891279062399,-0.698256958688544,1.5731864770313413,0.9032334943633435,1.4071903970644883,0.7028531184579415,1.1552885867435787,2.0043504332159943,0.7163612131018019,0.675496409675874,0.39784436220417746,0.553300599099913,0.24053000833752544,0.052510971930660205,-0.19462128285522814,-0.4138453756313447,-0.1987342118025037
0.8478522263986423,0.9105315097187239,0.6810686497393375,0.8277139180987714,-0.5441834273615066,-1.0777710259078965,0.21166242884398226,0.6642282856299009,0.6504976520537057,0.6344253754021842,0.5525362827600919,0.7913914673735002,0.48138460441595055,0.4894852804663479,0.3190539952149382,0.07466811480111808,-0.4945272499862008,-0.24310963231008764,1.229888181817634,-0.49464990088018324,-0.8981252177451899,-0.31074105089030424,1.7814305337407585,2.9204814064394595,0.6702883880951814,0.3373466160694838,-0.24150252273842046,0.5558278552393393
-1.0313751006570318,-0.49485546105115097,0.32280042635933687,-0.5494811924760047,-0.3034552822104658,1.964025871842816,-0.19353073693631465,1.8760385843652474,0.8610887735226634,1.327166102144543,-0.09435407335272451,0.41988849756640423,0.09654549079538441,0.15973252476269942,0.23887628049764392,0.6876592658295947,-0.10280028947355473,0.469936656028737,0.433308461975299,2.013643112020061,1.2327845008130076,1.0768255285090387,1.7989615839950883,1.284062702471929,2.0689216268636335,0.7676470612213502,0.7125773459782113,0.540506334336252
-0.9215501269979339,-1.3141282534379037,-1.4415357354010132,-1.282398619173201,1.1813719979533217,0.796827311330901,-0.004921461365585784,0.20353423826091357,0.35495540281504795,-0.2149425140474515,-1.7055719075274882,-1.3358145497591107,-1.5169862796445888,-2.118850318551242,-2.2104501424614553,-1.3052299272394088,-0.5514831765051696,-0.6414081462778831,0.20084819931188627,-1.2211894325310622,-0.34301457419049103,1.0088984859928731,-1.5518733511049496,-2.2193370148688607,-1.9030073341750018,-1.0216429719110123,-0.4990203893897998,-1.1869504687565717
2.263374109115903,-0.8446178375436957,-1.030361853606631,-1.144939166211094,0.7744838883927514,0.5597352343685564,-0.6884159359786103,-0.060933753484151545,-0.40209699344579913,0.3083896548699869,-1.0992030803734407,-0.598561999951123,-1.67522723192678,-0.351445352132511,-0.9994081180798668,-0.8099702356680092,-1.891937823857016,-0.7362358760514269,1.4348604567769856,0.59628300344976,0.08293456118695189,-0.5362294318643989,-0.2104005919470418,-1.4606213074558925,-1.2786894328401441,-0.4375640966054582,-1.2777226135822595,-2.0033960083457156
0.5870981953717789,1.7455256866692381,1.705945568205507,0.9147696636556398,-1.3980536270650679,-0.22609244799917166,0.332077938789078,0.33466814743881906,0.19431735728655553,0.3130720555175521,1.3931249700288406,0.6161274911126843,1.1401130967202282,1.4873981699861698,0.7774628273686599,0.7007936850547325,0.5132461967549807,0.9342708287271446,0.5014467378932055,0.07626347074675768,0.1580871464780901,0.6295780156028408,1.7180540372899396,1.0518187400878294,0.6290969292360554,0.25917279074312405,0.8182038876672029,0.9774306687924824
-0.8035899701048288,-0.402834652260774,0.027800488587917793,1.2735754348924808,-0.026286849573098278,-0.4473635626047562,0.6210353431277287,-0.06291178205158857,0.6156802075048169,0.5831675632810486,0.9300230569863093,-0.2758668011820232,-0.8758181086164049,-0.09248281820508393,1.1186172753137598,0.6290756030861456,0.9798674331573407,0.7211603467989596,0.35801600688848556,0.20619546369527128,0.10610217347504845,-0.3443755118770932,-0.48246700779498025,-0.9362678733657737,-0.5690768563890036,-0.37277860432673315,1.297117054968545,3.1708370427624795
1.1392832022521955,-0.6508067469443324,-0.99271588517793,0.12913580719201595,1.4048164950553992,-1.2568208569825268,0.6970549298164953,-0.5979892313705457,-0.6638377562067522,-0.5624098315146753,-1.926935982780236,-1.2341437241227495,-1.3486629936394774,-1.250636916647056,-1.1202822332604465,-0.7998672960719128,-0.6944910531308837,-0.9734405041959836,1.1640535028145929,-0.8752319148797281,-0.10563404681237193,-1.0003830298449363,-1.237690889107711,0.1771820032584561,-1.1481725915339296,-0.15806664603990145,-1.5746040317162835,-1.044494311183879
0.5870981953717789,1.0715184876516437,1.598066764525162,0.9683508870628955,-1.294385762864407,0.44042461647294984,0.4529875655688269,0.23324831344177108,0.933072146934238,0.859007758501855,0.8943137389687602,0.6586472507243759,1.1626807702921789,1.0378246839658969,0.9213622839411585,0.993830557048754,1.5813723964143318,1.4008230823251024,1.2259207294336891,1.4522113377305497,1.1620961926307563,1.8381062018120022,1.7340667855896008,2.0404178577443175,2.4595506805566782,2.034056170861999,1.9525927941186125,1.5916897167401298
-0.390729420978961,-0.3333933479403039,-0.42421950839692335,-1.2528493810770904,0.047522857269493776,-0.42319880682286454,-1.0849960668254313,-2.08739954937501,-0.8169846598951336,-1.0728114282743269,-2.213183464486259,-0.4784073648891839,-0.052184085710376894,0.0025947436226470893,-0.8424527760408818,-1.5321061163074434,-1.003031239091912,-1.4258606576072175,-0.7639925774176273,-1.0824630602997147,-0.38918192156479464,-0.7203816648593983,-1.0381477712312657,-1.266349433205015,-1.404777173635042,-1.8068844515356595,-1.584447038801514,-0.9766916263128442
-1.8198620910300418,-0.00021849805107780404,0.8863925708847584,2.5139629815023583,-0.7738214381727947,0.05474751804174672,-0.068508884960048,-0.037566995636102364,0.4850746929346153,0.1558302974321108,-0.12955004615835553,0.42236533889380234,-0.043316904380833764,0.2665988795804932,0.28942625039177455,0.5395856788666256,-0.12847872243062816,0.7412518616837612,0.27029384117847394,0.35254105557095994,0.6391478194115277,0.8561959410840443,2.0874725824663383,0.4774552708077575,0.41534880105224775,0.40337265972391684,0.03206990254480165,-0.037678273000381735
-1.8198620910300418,-1.8313252600487515,-2.2609313702763,-2.118584873076583,0.3790465255585715,2.6272250344391015,0.4089410397730668,1.7926194046962856,1.613975577426638,2.4814728899611445,0.4908159171540913,0.6632268513688201,0.33872840497068485,1.6795922496370028,0.6808031740848708,0.8976723063685026,0.3850106288821883,-0.596911767653006,-1.1244499067603733,-0.4180543505708403,-0.43354129080764214,0.8403932690378448,1.1177014128971186,1.6228302654295192,0.4277350823457319,-0.5504179258654109,0.003919630832645918,0.3475810683141743
0.14009128504001184,1.07510296333218,1.6846961732128694,1.1427424867301206,-1.335999002517973,0.008223989324884468,-0.1943475891360541,1.253522793107481,0.4931328607660828,0.835792224093575,0.8898967644711276,0.7467946829434381,0.13453633979633062,0.3635688399060059,0.4881041895549888,0.40944702001709415,1.028959195387154,1.1410671116286883,1.5251447973176386,1.469466622554044,1.0339191219496553,1.6456176494033774,0.9358822708955111,0.9802576294910406,1.0656726737788587,1.335252143993606,1.485279634608612,0.7762819338186208
-0.5393592186642734,-0.5432563636614515,-0.3073116150679801,0.2897459553127919,0.472342416411858,-0.6125306621492627,0.5800020061507433,0.10284584115461247,1.741418442867488,0.5529689252533897,1.2049428563234945,0.5634073272734806,1.2415581421360682,0.451233923442811,0.8894832868673749,0.5529252840206464,2.748988104177134,2.0197033412049077,0.7167812411442133,0.8162984774653474,0.5441205279121082,0.5754801897991788,0.996691534970958,1.8703856243420456,1.2407075302943968,0.021315589605096753,0.8547626682134667,1.4960557616483088
1.1392832022521955,0.7291556428271125,1.0311914033481584,0.31926131466686014,-1.1967131266233217,0.2666007695252786,0.10811999502262358,0.44711505976265237,0.28579587140523444,0.3687391005906301,0.6561592674131735,0.127214400100732,0.3533728232880798,0.8625184063327798,1.037927753753909,1.1421192187664608,1.3521948336053375,1.1783620588671038,0.9188637331799627,1.1833383026394224,0.6711214111288242,0.9695941737903725,0.6767778447815075,0.5945851298634605,0.18462085181751683,-0.09657658847117506,0.2940547680357745,0.39680861720087296
-0.22917529306014311,1.5325533304454786,0.8494339624560187,0.8451975632895221,-0.8352440638464229,-1.4777818912222838,-0.4822337972850356,0.6177242611356815,1.0484244332083095,-1.38544710293958,-0.6025028907150134,0.9024343337106642,0.11670926390132867,-0.05190711163019968,0.8007641997566793,-0.3805225349141988,0.4162290741607508,0.42674032572962983,0.30297749071033164,0.7484605755559018,0.8010848906875833,0.4040053492803954,0.3676930923499151,0.3293828484269353,0.4723086482609374,0.6613507138415311,2.2377866102591,1.444077537771842
-1.3196656565121636,0.05763412349318741,-1.3092708599275038,-2.69496357929963,0.47787388469459435,0.4230138984114222,-3.3859796124887764,-1.443477647499227,-0.6458032263363682,-0.4094471437464018,-1.234538367135945,-0.4309190090371915,-0.7077014435190797,0.7213787651557982,0.18039151458695404,0.6308369769142327,-1.8245464290479336,-2.0443049809650025,-1.0351093114313517,-2.084831366536102,-1.3614057056012863,-0.7401357790433309,-2.1282544783838646,-1.624268086541622,-1.894226247909737,0.8575654115408993,-0.9040723994811102,-2.117551307853991
1.467143050087444,1.0349330789512639,1.0471516648191708,0.43713763686517615,-0.892663617900609,-0.09735249313877466,-0.4426036925937878,-0.4747979909292792,0.050552909149857723,-0.2187530725223653,-0.41612613188916203,-0.3076055262536257,-0.5313639493115464,1.2847250484075818,0.5161321207161735,-0.9204986705285714,-0.33684922751047425,0.3016512693666111,0.01593881796710631,0.5539221601396301,0.11757380553866563,0.337928355055627,-0.06892206424941728,-0.20225349090679984,-0.21852137990511522,-0.6569083999538068,1.022374975979285,-0.3118316104757476
0.35241956744760095,-0.5246095511566103,-0.5251536979080929,-1.910280209765529,0.12636442110643462,-0.2711927387834787,-1.455989341097039,-1.4143784292611359,-1.8962473771202544,-1.0701925953388933,-2.658402658517602,-1.6717618522194775,-1.735733300754966,-2.8735539137552,-2.8625923276769063,-0.5825102118591424,0.2981622839797228,-1.0178954538176999,-0.6059615360653896,-1.2066430884266603,-1.4334364729713749,0.39748327954247076,-1.5659894536509884,-1.4818462261004846,-0.8638762114681787,-1.396623574087002,-0.20751261209054217,-1.0844284628138516
-0.05293442623961494,0.5812092502598061,-0.14136574126045176,-0.1352616457460065,-0.09464410142977302,-2.2553837144087003,-0.6276908433463899,-1.8185108891636275,-1.6711115571289519,-1.612103148344142,-1.9285240933308019,-2.425418131829277,-0.3214483842008234,-0.7870486309392903,-1.4237874822819538,-1.3499331861812425,-1.9678775932224446,-2.2273077106702974,-1.480309812040199,-1.1694428579638627,2.0011155247659733,2.068194931476724,-0.21400134884638541,0.8141027405492082,-1.2349819390564845,-0.43357463778094396,-1.8822978735028164,-1.4245175709503668
-0.5393592186642734,-0.33918820223269375,-0.7305599528545158,0.883938391960332,1.0178682240804553,-0.6365274970718872,-0.44450811026972514,-1.2755979365395809,0.012945663365060365,-0.406143043264042,0.04069615068373094,-0.21214536283715893,-0.6144871643234068,-1.6798874472315628,-0.7554908979615079,-0.33387852903001586,0.4863018666565654,-0.24529691299567785,-0.14553353460454382,0.8497337162220718,-0.3906965857659629,0.2549046435724578,-0.8722052269394106,-0.23135882328977384,-0.8650455996105523,-0.4718643701014839,0.9719669182107645,-0.304542594769052
1.1392832022521955,-0.9082580022578015,-0.9117208337282452,0.09493743139706512,0.4337323270439108,-1.9462625805668836,0.25575037389505034,1.1667713961517743,3.209285160227897,2.579186669224405,0.885947823477812,-0.122413304640982,0.3711988912762144,1.0645651664167939,0.682862530867916,0.662611267799456,-0.5508084831774174,1.1904931537176546,2.564525115279923,1.8602493056988663,2.0286979235450184,2.3672531684096585,3.212778713755327,1.635166149856497,-0.4583069938234367,-1.1793264059096846,-1.1105046706465516,-1.1100280101668472
-0.05293442623961494,-0.6508115959236672,-0.608119759356996,-0.49760508837004097,0.6855412539403866,0.1740009915173183,-0.6878856703028723,0.3277292801609433,0.5401040633344836,0.21218907510023194,0.2918880329556762,-0.9863152869774319,-0.479370491533702,-0.005065430446023638,-0.057038377449705704,0.15931969312052618,0.7987802630943853,0.7392833633744124,1.9207894750463435,0.447404276139072,-0.23797670580947478,-0.18084026054354185,-0.7990294071286305,-0.6140611576480728,-0.7878909342479945,0.4938610635458277,-0.423907559142295,-0.6414889176390782
-1.229768601460563,-0.6224264160538098,-1.049030166331345,-1.855916675275686,1.058056429363096,-0.044724496062940544,-1.2927394882265693,0.10087484425083304,-0.49229477113341247,0.12790687866451503,-1.6593207094744975,-0.7607239158702075,-1.0304019914956841,-1.049938402866519,-1.0884628863127217,0.2720672420076968,1.0507778605197753,-0.4796083381704539,-0.8246606899568085,-0.9023471556169516,0.573419950978925,-0.7340381570273874,-1.098162419485884,-0.6232531047603118,-1.1627179486831047,-0.47702943660602143,-1.3110459071499605,0.04934261166033887
0.8478522263986423,0.12705794526670589,-0.035008616098915965,-0.3775505623451156,0.14580131587006545,-0.5298054736424134,-0.259147145997004,0.4128687896137576,-0.10254722533980712,-1.5974713742959397,0.5630843005389807,-1.0914422606429581,-0.7158528406224186,-0.6867734364816972,-1.2685833374358066,0.30620604437302634,0.4103502011168388,-0.30267856500991325,-0.4310474106033902,-0.6059548400763071,-0.46805893761852757,-0.565238092402143,-0.712206856305776,0.12074277369436427,-0.461506424519788,-0.1704003836300582,-0.4411617841405618,0.36607127412754564
-0.8035899701048288,-0.8215807686962617,-0.9498339837677039,-0.6506444447927701,0.9898977857593095,0.3171516470155764,0.2600284621274192,1.1198007821087148,0.21301071623324075,-0.5264834889922146,0.0970954106119218,-0.5054689272678708,0.13703190300377155,-0.6648750008647134,-1.084798640546767,-0.4732595978135246,1.3676032632420758,-0.3740262908686191,-1.4346519834938176,-0.8346737044240528,1.5207663579942257,-0.07779319001365294,-0.9000429003105868,0.4027075225004443,-0.09206874422624828,0.5126080967416415,0.0018116423730127737,-0.04243731410076347
-1.133878409405523,-0.7735091215024689,-0.3598889524533585,-0.16968532624702345,-0.20979684395102802,0.41341771959690204,0.6996586384525558,0.1446759224123823,-0.3423641849038174,0.7089631469752146,-0.5710409645225555,-0.43274415939896904,-0.674515485296516,-1.221617016428095,-1.1483092581143222,-1.4824405695927605,0.4655322278029349,-0.3132431935630587,-0.639811282144066,-0.37014287644892746,-1.5877408903427912,-0.37322927165366565,-1.0846191504097369,-1.0878235341193239,-1.3274338037454967,-1.1899683672710342,0.07165789985155553,-0.2127164776204395
-1.133878409405523,-0.032313665634516056,0.132610161360519,-0.3157787655471551,-0.5811196979746331,0.34321431688232457,0.1310987530167527,-0.6321424353827957,0.3092822308356675,0.7396543660614607,-0.3235684789749412,1.1951224602742536,0.8318482593601407,1.2733216039771105,0.052565942288624753,-0.04097381364958686,0.82435415391369,1.2806979032658616,1.428154545886779,0.2604972731913527,-0.3057681724622325,0.6524220638880937,1.6786754704052889,0.060628933722867644,0.27652964731179647,0.09159727671093508,0.2748669793013401,0.16159247953975087
0.8478522263986423,-0.8755295732370644,-0.2908342807070225,-0.7579074206849756,0.21884760376387077,1.262379538818348,-0.6573516185074484,0.14615562902554738,0.12708090591546867,0.07811031445321144,0.3010910535121033,-0.9943175989526523,-0.46588911256588594,-0.04690918921123734,-0.7617802930584416,0.22062018823833274,-0.18299550063038442,0.9203998709086573,0.22988979387559721,-0.12336316262309258,-1.3391287848292461,-1.6896026757637463,-0.9536909248859119,0.25944880856346886,-0.20672089911858024,-0.9147521995334871,-0.613837907389528,-1.0205614169773471
-1.229768601460563,-0.27315598957399717,1.4221094488664567,0.09104702251919489,-1.2904376511742148,1.8304879512116683,0.24609280486738794,0.3462449004451303,0.9415480533399769,0.3629206574797727,1.005626973817191,0.6466366378401386,0.8339840849912015,0.6976623999558967,0.9041308141249368,1.4648977406988997,1.4998043667435326,0.952178554134488,0.23009631390981872,0.3699371675140919,0.16115242363675697,-0.03996666581400048,-0.1571154270714161,0.9623761889672328,0.2089260406771094,-0.32918532469285267,-0.021409374435130385,1.0043399559670454
-0.6765559549891773,0.7964291941959544,1.6462980505591875,1.0760139310412784,-1.539505811056106,0.29086030580466554,0.7179293664234407,2.1810794372688305,1.025778520996168,0.4479875652244307,0.8394846165176937,0.8688279721972217,0.04282016510217615,0.10842737634233157,0.2267150865015542,0.34991636525368935,0.7188213171689133,2.745183916424905,0.7103123718954951,0.21458808942035043,1.1448929327399513,0.9094853525787939,1.654097669142295,0.20002723483460214,-0.16309787598246422,0.051141157943014215,-0.1558017910306083,0.1197576187230886
-0.22917529306014311,0.8616109455567668,0.48674363953216093,1.3646059318948274,-0.45283932619127043,-1.0378794438582664,2.3347167283235835,-1.3256304714377387,1.0045132773124215,-0.06168727095378917,0.670192936594324,1.5938046650976685,-0.48450550730078745,0.3300761543633935,0.6773645686286317,0.2380009384783699,-0.04009519425953306,0.7129857993326434,1.3259870311670823,1.8770190112981553,0.8678693035392323,0.9100358507007729,0.6672386230080121,0.5560332817478085,1.1218156661709673,0.6084779521365757,1.9216117863185962,0.41501828043387284
-0.390729420978961,1.0097216694519933,0.822454344199901,-1.2474862433539642,-1.2634929075718069,-0.22074924147496267,-0.7421974128838057,-0.5471003621286946,0.12821542963361546,-0.7017835692688736,-1.552706271805896,-1.2547494729531419,-1.282312853661031,-0.38502878999088286,0.36091278011747757,-1.7428299798717726,-1.7150474077922588,-0.6579870402879721,0.2593365841694345,-1.086534625329545,-1.5019862140707565,-1.0768757596985092,0.3254532516091009,-1.6217016071010188,-0.9592392231079049,-0.10098430723601184,-1.3451505990409947,-1.9253496527915848
-1.3196656565121636,-0.74232424463899,-0.5697958725705112,-0.4323400168370406,-0.20550996946954228,0.5686560581163318,0.7671675602535253,1.852329109345017,1.5319466821920216,0.30785749699611514,-0.09076641558874635,-0.055787308755852874,0.632498292343029,-1.3807995752152031,-1.5671748148043378,0.17824129348905401,-1.2546720233863924,-0.5690061531458652,-0.45235976468743444,-1.038374341388575,-1.1624732456605882,-1.295905813617482,-0.7055146755295332,-0.48880344534310527,1.324509738025578,2.0380823982430725,0.519065792397282,-0.555510143147371
-0.390729420978961,2.911549336994318,0.3150443238567254,-1.9734020633623952,0.634010609273594,-4.776704813537991,-2.2883751132832235,3.4171337793165364,-4.21812699179261,-0.7491894300750589,3.5003986286126985,-1.7214683930186647,-0.25810767384042066,2.209591974248224,-2.7113337161752074,1.4844443648341221,0.8833745353105023,1.063815830402009,0.2654263579409697,-0.12674682375196475,0.4434307837651576,-0.5728372171157219,-0.5163767941495297,-1.0953585573519695,-0.726572493193146,-0.3244700742844584,0.06272665142370089,0.787007116511836
1.838717544300725,1.6942374734470063,0.45632373321172,0.026648183919984803,-0.9050214050241536,-2.331928089011961,0.3160755970999047,-0.8326181425790398,-0.9513452137894537,-1.3545421189535636,-1.1416011082387405,-1.1211573369101318,-2.4089548975837087,-2.2905110193384033,-1.0035206234408902,1.2090898647618735,1.6006958209634758,-1.335723094419941,-1.3374464406322553,-1.7397985602934498,-1.2854668546959742,-1.867713288163772,-1.419079213418447,2.259758280352945,-1.08488919687032,-1.771864162359275,-1.0511313806489762,0.5095935230209148
0.35241956744760095,-0.8655388476474549,-1.1591114755226803,-2.1206154940171054,0.12179293750477559,0.39333008377664175,-0.2139632028069809,0.8358932256602688,-0.34925586894150223,0.079037564167261,-0.16708557515654024,1.1814150116364666,0.4046966192258001,0.5082125194529541,-0.20669550919448917,0.04703685177759588,-0.029566863711870582,-0.5027483759956861,-0.6498073937728447,-0.5377667754965499,-0.6776252490918313,0.1448492765370082,-0.2759063084503852,-0.8186503386594213,-0.9050414210926567,-1.1786299164704954,-0.4130854367420279,0.46099892896178774
0.8478522263986423,-0.3631172456888552,-0.12141371143859844,-0.7407604593326269,-0.3446647477921252,0.5472900582534443,0.21375379121266408,1.1013737769720289,0.8158590328509993,0.29519443154644837,0.015378386893483765,0.9176656189763547,1.1649106577669355,0.272472133834569,-0.04671777577839677,-0.4848923358862824,-0.01572159137786706,0.231266806622589,-1.4677216457830096,-1.3819912940222931,-0.44028332299963513,-1.0279537037943312,-0.6919274566363102,-1.2480859912274316,-0.3414620358611282,-0.3180645972799085,-0.2422096912757606,0.8734791648462009
0.14009128504001184,1.670056053481154,0.5444177512461746,0.7321785226954045,-0.348529841770116,-2.1259522867765925,0.7236749239901981,-0.34554361937054884,-0.4172357079653884,-0.030254475028997068,-0.04772112477451772,-0.6462686657451944,0.05604915567290982,-0.6728993037448231,1.3397013516102112,1.2851521761603066,1.732364841032701,-0.4848247461957439,-0.1946604148031118,-0.46421341103301805,1.6029575701679308,-0.36775933380451703,-0.7001162772687697,0.35242517017771624,-0.934605308367898,-1.075409942093972,-0.5899996072890175,1.0499252475392444
-0.05293442623961494,-0.6936074672032685,-1.209339829814248,-0.8100568797389878,1.8193473941905718,-1.1734562429279058,-1.074768797022666,-0.7728101025418691,-0.5217158630516449,-0.1814093665160688,-0.9341301820766229,0.1865128253363049,-0.5581234649567781,0.1961872253453179,-0.9790318223216428,-0.759163774079222,-0.8373269759644746,-0.7431575452929504,-0.6316601588873091,-0.23077638094649927,0.2963529040569686,1.4061422810243922,1.9987174127299778,2.159074088860847,1.1538168406667997,-0.3473136318334648,-1.0813726107361186,-0.7366395602897022
-0.5393592186642734,-0.3115194725591912,-1.0799561188538118,-0.9907429503909755,1.892004151906114,-1.8565878587922235,-1.1422361135537076,2.350638654798767,-1.2031367477227775,-0.18008145164449907,-0.4255237274714784,-2.6581173576666,-3.1174814845502454,-2.3158787804353973,-1.601038987407919,2.408183709340108,-1.0207587738344943,-0.6909614235076418,-0.8011929969520789,-0.8435378114203431,-0.43702406216360784,-1.2973638141998394,-1.7425439549845836,-0.9282759930290022,-0.21830772334402923,-1.2043407170526366,0.24343478881032932,0.955888215783668
-0.9215501269979339,-0.1630599245379756,0.48284495556991075,0.954522658495162,-0.5326607624098487,0.9188734431976219,0.44278931404672656,0.4300948369523498,0.3251514108267105,-0.47729357799399813,0.24054425624235692,-0.17724534875593587,-0.43822729314052317,-0.4209025655201825,-0.2597889248156856,-1.23797860772805,1.3513608757380462,0.1828745500525633,-0.27849157477167974,0.455748359182761,-0.2304125290503882,0.2784454054227067,-0.27894119190424954,0.12063717375904773,-0.6420746807437998,-0.9618878689718035,-0.16871479543776907,0.07446556129460226
-0.22917529306014311,1.98120944677084,0.9542473938370915,1.6803328454716235,-0.6860228840080408,-1.6434356315613063,0.19972729681337228,-0.27176581540673617,-0.5609077608206952,0.040439172921979544,-0.06019523247073891,-0.4159460529424237,-0.00014899144180503316,-0.6877511294882966,0.4069122565383525,-0.2634561542540996,-0.11956582025458548,2.5578513516037145,0.1970061137166712,0.28783907184344804,-0.5399387202120305,0.49067183424654004,2.3535782457215015,-0.052423817281678484,0.3580777783235184,-0.5546730058140336,1.6675973822826615,-0.288072561171729
-0.6765559549891773,-0.8380415848105623,-1.0872565646781336,-0.34104167848584094,1.1148016828672194,0.379978127528365,-0.8963768704749879,-0.18622542919026042,-0.6946738126617974,-0.10227933174471421,0.9644296328438556,1.1342350760949171,0.9342261438754281,1.318229583939422,-0.1541853023266824,0.11186318901408887,-0.4496853779997834,-1.6149458089104232,-1.4547324912135182,-0.3048190586866513,-1.4331366673239248,-1.1236829783943387,-1.1399092715312444,0.6687075958533584,-0.09495371824822896,-1.417422743541042,-0.3822699949667368,-1.4725900399966818
0.8478522263986423,0.1231416852272801,0.3195639374417063,0.4008365647667305,-0.3342798743146581,-0.37679098127280997,-0.4262892803777216,-0.42363371246299936,0.7347143888392361,-0.6194868131565691,-0.652175746247549,-1.7358305797585003,-0.366379205747553,-1.0250015817847657,-0.4870323713204622,-0.1581609167881942,-0.510777063586914,-0.5553861744008317,0.5547997197036606,-0.587216069572083,-0.6124080624093438,-1.0657921608658825,-0.6021567489559204,0.659353015929345,-0.20105419297717178,-0.28777125119465563,-0.4656668540574345,-0.443934182523755
-0.05293442623961494,0.516412022844103,0.4972155783364908,0.29311356870071376,-0.6431398952995425,-0.165160970493425,1.2328415814704472,1.0606803164874548,-0.31344382077365285,1.185385793437645,0.1836669736935218,0.5294876424230273,-0.7073199294760184,0.6545363448999296,0.14004996364541505,-1.0250926566605532,-1.0110985035204436,0.18989536960502165,-0.594218704230044,-0.5241915898405592,0.5437188790889589,-0.5879075280302392,-0.3977738334296933,-0.508001543288265,1.0369999632810905,2.2616158517144895,0.4794449568107168,-0.8682061351510133
-0.6765559549891773,-1.259051375432571,-1.274165074088008,-1.3948061816879063,0.21034894430814885,1.1616712326765921,0.6867760099543414,1.5809996885412823,1.1084574845061734,0.7877038636126718,0.2991711135647988,0.2279754561201557,0.035894013656758345,1.063982742891,0.12144916922103403,0.29338180369118017,1.0655345240010448,-0.3246977698601266,-0.8041571584653538,-0.9114817146952737,-0.9654207311674162,-0.29305306060854985,-0.30437382492961707,-0.08540092450824957,0.1852205400009369,-0.26714831723584725,0.10432595518487446,0.21260363580486694
-1.4835955804297878,0.8880663102867,0.5318769124853538,0.684146050446027,-0.6101929630423636,-0.2001811841512702,0.2887563119660789,0.712016083295982,-0.2980539661025257,-0.9359176038241903,0.45831045230976786,0.08396653593104714,0.42411103486975066,-0.06163460932833793,0.2653107119377696,0.3510398089077709,-0.009120007720854873,0.9171912954709978,1.1118715380904467,2.3999997237711157,1.3264497881696924,1.5948228878560946,0.9774358063077558,0.5428147244437762,0.3933180625913323,0.48874234514515197,1.5255182116960997,-0.0019235564821483398
-0.05293442623961494,-0.7695348459668159,-0.8180496974912024,-0.3918647737174083,0.4415401307826181,0.4714423566484149,1.0203206845880637,-0.5580239437180132,-0.0229532262418325,-1.2805284646482618,-1.6086559603664348,-0.7951499110689985,-2.130160192331674,-1.59459818319205,-1.704445781400212,-1.4375180074380975,-0.7992667164061097,0.3277818760772912,0.7835348487249388,-0.22463752257168385,-1.2977389922694764,-1.3441562300925536,-0.9002195598066256,-0.8565950985393403,0.34245528688281013,1.0373507629889394,-0.4331069359432163,-1.164303775948898
0.8478522263986423,-0.13261379885599506,-0.22703138456188177,0.04486453994353525,0.37735311473117206,-0.8519780895488115,2.1192917091944103,-1.951271306669371,-0.3812394471106632,-0.5690801405259123,0.1167167371539436,0.7590073219953862,-0.3557665852496166,1.3574370818016501,-1.166219778681868,-1.541381431333477,-0.4018476167370144,0.9018309106812072,-0.14199887575916595,0.8763242082873117,-0.5371343682012494,-0.6610184215679977,-0.5417291913878514,-0.8384524801164404,0.19571229804490395,-0.32892209845557024,1.0440385419072433,-0.8790816243240331
-0.6765559549891773,0.8223542784178858,0.5204165871183106,1.8394043119150045,-0.3826619734795769,-0.8273204362157108,0.10641300086300408,-0.33594683718148294,-0.3894053054025762,-0.06698976264614762,0.9261088394818194,0.6714913397803359,0.5084185120588877,1.0114835013700487,0.5951804707905077,0.41762920174545554,1.1434811419215056,0.2342189722185903,0.32853020883956563,0.31968688109304355,0.9615221658888745,0.9830743917620797,0.3925647004861356,1.8317476328192437,0.09238386458422539,-0.416871710928705,-0.22860593747116578,0.5748818025871768
-0.8035899701048288,0.14204927039596466,1.1829911786203693,0.922886500960723,-1.0955536389686764,0.45067689303121977,-0.2457850958190884,0.0010694424636021633,0.34448868864045207,0.5046076099901103,0.47176543743242033,0.7533406196417092,0.4902172897780651,0.3261271799007928,0.8748440976370563,0.45956343568589997,0.38002072449944185,-0.09907634963668287,-0.11742812616281427,-0.20560269505458476,0.0753270365100384,-0.3330639800862919,0.478279199782042,0.535361611709481,-0.3733552374876971,-0.4535327793320796,-0.04113891841836531,1.1851261105938866
0.8478522263986423,-0.44282117178611397,-0.040026545569559376,0.431898056907146,0.31049227796526996,0.37075649240641384,-1.346495710546904,0.5424186502026888,0.37539325624340114,0.08235549900093822,0.3419782794957968,-0.9046534366822554,-0.05636861690990231,-0.7150573628057246,1.2796717848912031,-0.1625790788857414,0.17992166545789376,1.0815670721026578,0.3036426905995638,2.7894830328807956,0.3780738506551508,-0.9472991205301707,-0.638925932306117,-0.05476060572373469,3.473562201376597,-0.5390215047161211,-0.9241382685440909,-0.4282754497342137
-0.5393592186642734,-0.9314915681632024,-0.18285858103065247,-1.2274649032404878,-0.6843017916514842,2.112442509752137,1.1856363414184754,0.16631555260225028,0.45663426906519977,0.8438000541211043,0.8807968873484106,-0.8573429369686724,0.778639720168276,-1.1288519248819866,0.7892173159598024,-1.5352634290832041,0.8608816815363113,1.7063231894325932,-0.48078208439714754,-1.3395656001283909,-1.180891503711932,-1.40545682800393,-1.580106494627285,-1.678024097496111,-1.1224810005106316,-0.7591123083756072,-0.6432096103744938,-0.36573865682746765
0.8478522263986423,-0.11351913461354171,-0.6545524338182505,-0.5851756579481423,0.8824792087341483,-0.8757943777019562,0.2586275240219907,-0.7220332723398821,-0.591793815335024,-0.3177337231769119,-0.23331515258401236,0.6596611137937894,-0.10470900852056114,-0.4176978151630387,0.5562601003403289,0.6788897051437098,0.8638862225757881,-0.6382691622556446,-1.3062676917503195,-1.0189123839983325,-0.8953727994717087,-0.8396829684550109,-0.9382964457211266,0.045718846653266504,-0.6926441365163163,-0.4637983208347083,-0.4485445167550631,-0.33060494145505437
-0.5393592186642734,0.18291089569768854,1.2020791581216246,0.5068226663714352,-1.1905569157902958,0.7463732000153724,0.4449827364367205,0.29756164469037594,0.7934617926032153,0.022415771008095966,0.7106465346714321,0.8438050514544659,1.0046538207708864,0.7191625794814177,0.8028808200565364,0.6641487313174209,1.017075998734007,1.1965349609276357,0.30060272425328555,0.660561667561694,-0.27323678169283505,0.2133095220633493,-0.2701713265371425,0.48023213324185654,0.4405936972510463,-0.40134425088079373,0.07012771238042323,-0.12359373725170006
-0.390729420978961,-1.0603109621520692,-0.2843490600282784,0.6302249324699145,0.043579717504441506,0.987195315538132,-0.4398801905426752,0.9843939593202747,0.8255164680413186,1.5419248058050308,1.4338151524400273,1.2504076764615968,1.5348293711348078,1.6235462098866986,1.371684936547462,1.7561155896048377,-0.6007758038355508,0.10037311245532252,1.2153262374157008,3.4480964170570005,1.840456204916361,1.2354130939502923,0.5996612435079587,-0.167785360120957,-0.5193963645224352,-0.5682425050062471,0.5392339947043269,-0.23326279048327384
-0.05293442623961494,-0.06761466718467259,0.20686591227517523,0.4360788708189291,-0.006507187602791552,0.5822506791137101,-2.2948385632720685,-2.0974512316464775,-0.8330348093919455,0.030756629916796632,-0.16028027263645042,0.61171848665073,1.066340631200249,2.0010769974422504,1.0968277594633733,0.07672881541141313,-1.6815892373345311,-0.9245206872860858,-1.697175601442738,-0.5278002847812768,-1.7078791908778408,-0.7558988762485483,1.647633057703579,-0.432146852199076,1.5799235663282085,-1.1560128166022126,-0.7625155866478326,-1.5154907707695433
-1.133878409405523,-0.399171998937881,-0.03429280627140939,1.085396183647583,-0.2379687124285194,0.46899562759100694,0.22338085384270465,-0.5905021011410141,0.1629548693589966,-0.20328133066698614,-0.16470863008059575,-0.765482765848827,-0.733806912782694,-2.1024158647406064,-0.905752692264199,-2.27791732600303,-0.340265159886578,-0.07941254653919265,1.500824995235246,-0.11090133422787433,-0.21031905895407246,0.26143562520205427,0.22009881466192752,-0.7757522586068264,-1.3696560792059487,-0.6354473964817027,-1.2623423852079443,-0.6995013895790992
-0.390729420978961,3.0934492500380566,0.31554420675013195,-1.2775622626743819,1.4073486830915447,-5.680896822436973,-2.2792725498757123,3.378613300723901,-5.6984195574316345,-1.9949241718944486,3.192930815930797,-4.0308612656455995,-0.2760270200601515,2.8016601511584693,-3.53622154867834,2.189451914961309,-0.1718740917204553,0.9262647126575725,0.4449993785534229,0.6187538450346874,0.5249204018614424,0.10191608736057897,0.8028793324766383,-0.763570541174024,-1.5538385650784774,-0.6938553051436122,-0.8825285787223259,1.3555895231464896
0.14009128504001184,-1.3891367260121177,-1.4664572368106377,-2.182854064594317,0.7348090007867227,0.8843401925385297,-0.10690050431369183,0.5129011738635318,-0.620527582829603,-1.0759942308275632,-0.5880262280665591,-0.43050414345756643,-0.9096966124237408,-0.12470702096182812,-0.7238913607464774,0.402225159561808,-1.5242984533567057,-1.6051377639505764,-1.7761332166396482,-1.7904087255416028,-0.9076826308867996,2.2531835983722464,1.0788264702508439,-0.9830377282619658,-0.09487802278087273,-1.291554394891806,-1.8462697748319281,-1.8085790352923417
-0.8035899701048288,0.07230451906843546,0.5542166545825301,0.9118148505608722,-0.9109562711250028,0.627034445447452,1.9534831136219364,0.8233554636342565,-0.5005979044365441,0.008184638321227592,1.0894751516623236,-0.934296808103114,0.2612905654630428,0.5636477335957244,0.2731807976124609,-0.2750563908603463,0.8895828963334516,1.5924810988564224,0.4832711920775641,0.40327753085742435,-0.23421793176898809,0.3512452135215254,-0.03667212641342781,-0.31672775665243463,-0.6356960404184862,-0.8827053736647412,-0.3537129104253786,0.7955876463648348
0.5870981953717789,-0.21492571716525538,0.39710069786024704,0.43489112198026564,-0.5904071197597206,0.7133887026986243,-0.1409159437255401,0.22386747166541274,0.40125354000566493,0.03217018601080771,0.6579250301794585,0.6563995402522279,0.3855613653923352,0.21024777150285345,0.2122593187654706,-0.09091505583182624,0.3049674003642668,0.03370632087693675,0.48861204547638115,0.2694798791979445,0.04485763848235795,-0.17950868798371047,0.06866432395380348,0.6072373685270402,-0.02054011395257812,-0.10425001717423281,0.011942557167290134,0.38565413499881945
0.14009128504001184,0.14740851571170036,1.244475250442317,0.07505249197050447,-1.1875393603594064,0.8258870613175749,0.3353868908530903,0.17240330982874097,-0.3765862824876314,-0.8716359635431767,-0.6106329310135563,0.3826932330833746,-0.2686009752003202,0.28719431587321775,-0.19880104385318376,0.4012882101298193,-0.19684077296438796,-0.13706123718428706,-0.44911135287843906,-0.19119108165771515,-1.0800063100160033,-0.11281012707710843,0.7241426877679668,-0.6236108226846571,1.8806219790589733,-1.359128521565505,-0.8838729626241981,0.1966969748012152
-0.05293442623961494,-0.0455192084558574,-0.005730333602002472,1.0562917977917545,0.003970136807007643,-0.3183880914334432,-0.5428506914134952,0.4298666225998819,-0.38274672605993565,0.903823679952626,0.40269992909431085,1.2495449687420088,0.6609810732055744,0.01378435430854561,0.8924805357692162,-0.14038082712195638,-0.43247262316317975,0.28524685818069445,1.7357895272500918,-0.25393108755936467,0.02823395630768281,-0.8204872824661547,0.5552161698637352,0.348029034473873,0.18562618224334196,2.3418993610207397,0.44071243487710454,0.6814702739702662
1.1392832022521955,-1.447969640690729,-1.8623734061400798,-0.8814978466596021,2.735978500563812,0.8364855201024466,-1.8216317994262403,-0.8108161187246498,-0.8085768013257115,2.1595375404056587,2.237822742043244,1.0889002941387607,-0.7858035078481113,1.567067473291356,-0.3748365715676851,-0.48706883858748856,-0.5339120223810842,0.38402190303252476,1.6548699717280793,2.068363668822641,1.1678268432101993,0.17834235564914414,-0.6086043904474738,-0.7894444561270674,-0.02253116418415742,0.17183866418419208,-0.3198373991801927,-0.33075318186640784
-2.1247437273076057,-1.3531332190225733,-1.1396732234131373,-0.8529727208637934,0.5894385097810612,1.496275124957186,0.3640403348438915,0.723702312651438,0.12458803686355907,0.6605515716613858,0.26152091146742434,0.6942308126622991,0.055160707063235545,0.8806224340617741,0.8333820487590644,-0.24629908944709536,-0.7022679788085222,0.006773977614457002,-1.6116415069378418,-1.4288996035322408,0.11845277008178345,0.6118126882272593,2.499517288839697,0.32419850054767096,0.19500250042660972,-0.3590262484815938,-0.48163832420454544,-0.8289087753328784
-0.8035899701048288,1.2091330071997715,0.9288709674489716,0.03473236034630146,-1.1614246595026616,0.16206302856259094,0.8300584831071588,-0.9680598269531584,0.6612398260262183,0.5911851246963866,1.8560508203111277,0.40168805137805763,1.9587558512526606,0.6277045575930777,0.5466881054852913,0.7085394168710625,0.3852339885668835,0.08313717307488426,-0.154096485622913,1.1698089924845259,-0.3589454575174495,0.052368159877742425,0.752704907500719,-0.02936315292609948,0.3341377132656389,0.027313865411431427,1.6179340661530328,1.0639113503414457
-0.05293442623961494,0.09412424491209478,-0.2893942685707462,-0.48507128239246733,0.030734789218264842,-0.6787105132298706,0.05032339255236583,-1.0315815385426528,-0.8505173498379234,-0.7715702067885537,-0.34154133967405886,0.03884180699527265,-0.2752419386878559,-0.8731931438379867,-1.0952195734582146,-0.9943340836934551,-1.3386010471161693,-1.7153150635269436,-0.790815507856789,-1.5955404561278466,-0.9690419226861046,-1.5490329161205985,-0.698711994590429,2.2688976502821987,-0.3513984394581005,-0.9988735149779068,-1.8907718297922698,-0.7944341357963095
-2.3915151590504737,-1.186454098331595,-2.054229225864097,-1.7742268353130253,2.13280362402646,2.627203491713961,-1.5482112103891492,-0.6408640901628941,-0.5532713769475589,-0.7304813692956489,-1.6754376657194012,-0.909245614433433,-1.7896090459012077,-1.2590326684627642,-1.3722840015730675,-0.3351988074082501,-1.4059744895167658,-0.6585451680945954,0.7792577589139948,-1.3788404396307008,-2.209621469521833,-2.0457340641642783,-0.5209787779314703,-1.4693240194247663,-1.626816702507288,-0.11181722560278598,-0.8625974993427585,1.2333658573965678
0.8478522263986423,-0.5073910123825511,-0.3538781495724444,0.43586231258548136,0.4067283234688894,-0.4374543960931549,0.11301062939748714,-0.20843447127414078,-0.22193712888665504,-0.5832225021656117,0.5946007572807922,0.12271263947661926,-0.39217923664277626,-0.9245310691907687,0.021097153497538018,-0.8256649266846459,-1.2209594189947433,-0.758676896426329,-0.965203064281257,-1.2608161874221637,-1.3044334883390218,-0.4928154536847434,0.9534863623049095,0.2679409147541728,1.5306574155783177,0.7776752976146926,-0.07714777232992208,-1.0147984879742937
-1.133878409405523,-1.1793659920914819,-0.8677329721043836,-1.9187626274831093,0.5569151317952646,0.42321475154094723,0.05738308140205021,0.6680622507837738,0.4131256045804571,-0.17400833924187167,-0.6649297937325589,-0.8245973403697124,-0.056510362685529024,-0.8739242089437776,-0.7886611261636522,-1.1078529994378092,-1.5781258302313956,-2.2990390427202527,-2.2982911687990524,-2.2022326340120895,-1.4455089727912784,0.21400276150108374,-0.6250175356571479,-0.7378491594608824,0.7726616241159748,-0.7139682690842442,-0.5064338219775204,-0.2692776102618465
-1.4835955804297878,-0.17007261780992028,0.34615011502985304,-0.39322711986391784,-0.6153340411381649,0.934596710232511,0.9188933610018283,0.4116007522621015,1.7402768431178353,0.6380881595595218,-0.169546688013146,0.3939067590467732,-0.41314602760449176,-1.168013727945636,-0.475798918801307,-2.4163122606988416,-0.5111004953317633,-1.1796301702890772,-1.2000376655287164,-0.46679265058456537,-0.8182535030939803,-0.8776210423495682,-0.750429277112764,-0.10022449686291157,2.125768007177203,-0.06603995005957088,-0.27416255942201834,1.1403684270126002
-0.22917529306014311,0.09542313742086063,0.15735830915581375,0.6462211126697697,-0.005563059331620076,-0.5260734868703334,-0.30416386204396534,-0.3408542667197642,0.05874050939095791,0.29444271001790867,0.2441292486117703,-0.2563835974724201,1.0336075070785085,1.027303891494699,0.35561110893621706,0.982161281254034,0.8970922662364277,0.006917117147848767,0.2523583321153149,-0.2913636675285343,1.203736509630269,0.30270961651296635,-0.2897436190073233,-0.45025360228951644,-0.49797973606281326,0.6420555333140252,-0.7299617016129284,-0.5642518263395422
-2.167824828085957,0.4113008372342599,-0.7523061328752272,-0.6200914659275206,2.613751380450172,-4.103067170307005,-2.6997729207115646,0.7042867383299479,-6.473798706816375,-2.2761259610200586,-1.2956930333120156,-5.43406235031549,-0.6759255611996708,0.30492332933555194,-5.007287006944684,-0.17292886433305324,-0.4161028384471235,-0.8059186835434191,0.7335906597859668,-1.257203453608426,-0.91136622665434,-0.9223918182739559,-0.2006117477249604,2.6822872367295982,-0.6197098749884432,-0.8996179235520758,-1.7144862450153504,-0.3486702012609664
0.35241956744760095,-0.6389467266606821,-0.47929752238843726,0.1274528308593794,0.3303638533624889,0.3735276361716295,0.49727485628728246,1.1896649464145999,-0.7381313106996733,0.45376519161344886,1.445363769119811,-1.1226844839756813,-0.6792163345336297,0.7896270143953581,-0.20494024872388214,-0.21747907231224411,0.48120907839064886,-0.323344500005952,-0.7526371132707796,-0.274010078059838,-0.5628593680343116,0.9672848609798705,0.03740051991376416,0.0396180368881082,-0.763790092627898,-1.0417102216884124,-0.4005904712736796,-0.6517086514434073
0.8478522263986423,0.21399593901244757,-0.2800150202333089,-0.6590884444597336,-0.0076563741918977,-0.4383104477918152,1.2850018169556798,0.5212449801288528,-0.6335909478515316,-0.6174963748825532,-1.3744092262276346,-0.24831336400819448,0.1498731049562984,0.5808714914199659,1.1031153117354455,0.5139262996132159,-1.4263113960180591,-1.8762390749207434,-1.260036727321674,-0.8725671731484006,-2.0520013482767805,-1.4796800464614996,-1.643764989370586,0.568546057205675,0.28816988567751683,-0.9656003661787116,0.3897113788696586,-1.3043480937577747
-0.05293442623961494,0.13550913119713737,0.0027633281328111664,0.2872982715576492,-0.019797546630966608,0.2869482293435348,-0.3976181029931807,0.062295666552882545,-0.022894781591130776,0.9551228723894892,0.5799070239208532,0.7967229847200884,1.4067816176688863,0.14422991414569067,-0.019752256034290976,-0.1577148144595559,-1.324210857901299,-1.2170709724449866,-0.03995187860087627,-1.5277614608003707,-1.6996942523905185,-0.8473229519261681,0.4094264935615797,-0.30569070687291483,-0.8055958904060612,0.6081671099141708,-0.6637090210990815,-0.7792252156237975
-0.6765559549891773,-0.7388085397723888,-1.0217012749134697,-0.7331148244005258,0.9295738211652571,-1.0608211348363257,1.3036335372984245,-0.7850821450119405,1.8907559818422477,3.660891041832618,2.168707716053816,1.2178036234398373,-3.1368216557869317,-2.0806404761047927,-0.2207933459639755,3.5754537939175024,4.0300186211863025,0.7749909746490364,-1.9627735582021957,-1.8359525437146058,-0.9808629208185197,-1.6722631555512486,-1.7798958722438922,-0.7048140539576009,-1.1378337505429683,-1.8296146041496846,-1.1362753889618413,-0.29997584561092394
-0.5393592186642734,0.48253679136123995,1.8038559875985796,-0.36264956230346085,-1.3091048113003667,0.543623374037746,-0.97577045233977,-0.5145821008439126,0.12811737605417367,-1.0131768074689866,-0.988340333886205,-0.6838537642978628,-0.8242263372148382,-1.174992820438661,-0.3921743965466266,-0.26385977979918385,-1.81839072842321,-1.1787729623191883,1.6097274448969194,-0.571645071003044,-0.2508188580318893,-1.6373200059298527,-1.977890658397418,-2.141348789221555,-1.7294268683931433,-0.31146590925880363,-1.470493396665111,-0.5521666540885071
-0.5393592186642734,-0.9665808453483428,-1.2117972557948236,-1.2167346420598781,1.6163103653899877,1.0373618033738317,-1.0878146223471832,0.3131997769241719,0.3596852244460627,-0.9470907900430284,0.9359630966258619,-1.5360149919355033,-0.8871063106328265,1.373299256917386,-0.19431406741717244,1.3901696808106663,-0.5442044481875193,-0.5264165948200139,-0.6156773195676064,-0.799720230437597,-0.8632538072506544,-0.8165920305606552,-0.08923876652163225,-0.4751942722445834,-0.23271443264624225,-0.30863578697146743,-0.9419697599542097,-0.2362507681922612
-0.5393592186642734,0.34969758770184434,0.21068331414297173,2.541216414465332,0.08678692948260708,-0.8343153778015563,-0.17730784391311435,-0.8207029165760541,-0.7788595496902532,-1.257962541080226,0.14081647676097475,-0.4178103789466175,-0.3793240801486929,-1.4733826109675026,0.15596447831082003,0.3414464369522109,-0.09526518057527955,0.08548528208173224,-0.21003710070745485,-0.12255051088942538,-0.0668502947745815,-0.7454106370942809,-0.33964167627230807,-0.6596729778105623,0.6446869906630276,1.007334378521293,-0.06797115322059105,1.3247583953231226
-1.8198620910300418,-0.4652503470970803,1.4637439860985357,0.6941279346435136,-1.219892617879603,1.0590591865477896,-0.7986339384600839,0.5765585462069933,0.44502073235579165,-0.19432085162749696,1.210553511882423,0.8735756893913242,1.3582865336479115,0.8963377933225977,0.954310678324285,1.6989396862714539,1.2416563030101093,0.3537864889656254,-0.17672119750729406,1.1894843242984618,0.45544429970331596,0.7122152681903912,0.8106885580698006,0.9542583610282831,2.568047237312288,2.2702420227470856,2.606177659296268,1.1505430762518034
-0.5393592186642734,-0.8009012419066296,-0.7707124507679477,-0.13074691586690343,0.7109467163947343,0.06459274162391478,0.33127125538854574,0.1561335237880965,-0.253560309608285,-0.19226185528801687,-0.0077716163878343006,-0.25202817353020796,0.08899534562803893,-0.2733561449927186,0.3204102236824814,0.3092519949388719,1.5240019783436165,0.18887981595076772,0.07980499592572526,-0.1670041762702322,0.481843740087173,-0.016630650898678826,-0.7038046991947,-0.39317201024969506,-0.792288596722466,-0.6575051494004911,-0.5713506718158651,0.9505647690553893
-0.9215501269979339,0.19175002345370648,0.6046783873517928,-0.02884021337754073,-0.5035090215507199,0.7576663835868105,0.21213980436286767,-1.4510737325478626,0.7407931210953387,-0.38060826990716967,-0.3050136061420939,-1.4325542292798954,0.9234830775154754,-0.21216114713225964,0.71426683438345,-0.30330548927180784,-0.842087176036234,-1.3706455717769912,-0.9917565060431667,-0.06893096611310422,0.9986875956611284,-0.06985820782326772,-0.624845568312398,-0.9839783994157308,-0.7852366330060719,-0.7527134525287519,-0.2750802747906161,1.0278299736434897
-0.5393592186642734,-0.856108761398323,-0.9589367114022452,-1.2395037031537748,0.13990472015515884,-0.025570372087823173,-0.42509686466091645,-0.17142305783922604,0.1736281362627949,0.9475921308507667,-0.9676318075730933,-0.5025755664201857,-0.37752939550251813,-1.1891838714920993,-1.517553885427618,-0.7606415625213593,-1.6036821291323446,-0.8601311719806797,0.18342164518112986,-1.5402360916610105,-1.8387096287931375,-2.017853505615584,-1.5614432282668678,-2.077935471102323,-1.0606295626417874,0.4688116743546644,-0.4919180804112713,-0.7905420317755666
-0.6765559549891773,0.9286495320182062,0.9311967888888972,0.798650053875582,-0.6860892659274771,-0.14880546381455867,-0.2819363550937138,1.1111761139324667,-0.004912942883926322,-0.20119126151778433,0.5564664192724872,0.09251155517445682,1.1887648321817679,0.08785632898092513,0.4243502284749469,0.2532463173822713,0.3367673162229023,-0.5928558372106284,-0.32299664214638013,-0.7317898916796012,-0.011015384477136972,1.3245444722086617,0.15638229364768308,0.7214648631158138,0.41925703739000214,1.2776625822476047,0.3501305601636082,-0.3575924440781163
-0.6765559549891773,-1.2135882523321402,-1.2486366659200303,-0.9584258412129683,1.2420939853112813,0.04896280366883056,-0.5922845106185742,0.5220605452103675,-0.25113617914814906,-0.11716493595600778,-1.3167319218321973,-0.7703309592990585,0.49326977121521187,-1.4819969330787106,-1.2320504674350459,-0.8731808790677945,-1.2061811261056592,-0.5334101829490466,-1.209573528434821,-1.3376027078407127,-0.4824211289047072,-1.409119766529925,-1.750372074306937,-1.9702762256548327,-0.3349710732294148,1.071896301071055,-0.7776398291758014,-1.1848942141307912
-0.5393592186642734,-0.9886606565578939,-1.7015918409187176,-1.7900167648313423,1.6121871613090553,0.12147480723377747,-0.4034318659204748,0.6671388728541071,-0.4531767083835897,0.11593340290068413,-1.003476657236289,0.6654379297394459,-0.37503322187260824,-0.3167538197145667,-1.0993994023471805,-0.21908204233414982,-0.4948409484975336,-1.4378170368863867,-1.5642808151672989,-1.4717022843097187,0.4881141804388463,-0.9057675151303481,-1.622194075058764,0.5745754273521448,-1.0789194799417423,-0.16282451134622372,-1.4327312077158876,-1.4999724568465056
0.35241956744760095,0.3912506839366597,0.8365846512726098,0.8426840042026302,-0.760041949211932,-0.39983690157493906,-0.12237010013219835,1.388549438479753,0.46233586568972074,0.4368826114390323,1.0669498777419397,1.3964272976816372,1.7642523973087871,0.6581939224435517,0.6634778259365509,1.3830750585034017,0.13352478324568381,0.3307646867224471,0.32514744490885983,1.0936925439615262,1.5494425064100337,-0.07803282927020892,0.05697875577557834,-0.8772738234256672,0.2727734886619866,-0.3508508796750102,0.12522270909518304,1.8628231262336776
1.467143050087444,3.4429007357006394,2.6841072100849743,1.6828340487820057,-1.969886481905149,0.5697172340239364,0.8313572371815284,-0.23327745587111529,0.33042322277570546,-0.33249072778714844,0.23201124007472393,0.9895899767051591,0.864840032258238,-0.7728910802187718,0.21920595281782376,-0.08705578057237204,0.24543836739368946,0.7272805898182951,0.5674569161380344,1.0701385223557485,0.24307405503969343,0.9633330412196087,1.259312572071185,2.156964689309043,2.3217074794649033,1.4462861410174248,2.147495239769799,1.206671957858014
-0.390729420978961,-0.884256688490459,-0.3807033170205874,-0.11789148326961331,0.03649297728738342,0.55361335386783,0.4937986770802082,0.4221191140013818,0.3096168260397423,0.5925773268441762,0.8409383569477674,0.27174878516272155,-0.6120567317738101,-1.2867909237530126,-0.6659685959981448,-0.2821630642731709,-0.9302873589270901,-1.0505525250094172,-0.580184041987307,-1.0464129941857767,-1.1057665605712923,-1.0377323902176354,0.4539021443917049,1.6546186678989807,1.3567963729482044,1.324647937318685,0.03739634789835089,-0.9948548030056983
0.35241956744760095,1.1154894534559796,0.8043614918765613,0.343711137796528,-0.46555724194657433,-0.4618222904067169,-0.928741864171589,0.45157701902118885,0.6779497059509638,1.6959562679749214,0.3319063892175635,0.814325565869517,0.18896437531821167,1.0678395871321171,0.8176048245458624,1.0858365964251404,1.1848034045703626,1.2451575596519375,1.7363379178105762,1.6588964732413345,1.8993878737105396,0.9229961579753061,0.3064406545852021,0.46149312024755973,0.04028409369292926,0.5760335750547653,0.33185437735036494,0.9835645308706352
-0.8035899701048288,-0.8921453299004537,-0.5062932751264494,0.2566156456109234,0.21181622660512792,0.5524019408683777,0.6516804456510813,0.13246759652629783,0.18776545754271662,-0.16915572071565754,0.6992225068476828,-0.9049816684921258,-0.15141784450171605,-0.34923877390579217,-1.3453950721225625,-1.5512393125629158,-0.6446848715609661,1.3303514945425987,1.8275607264625393,0.39669386301435894,0.20339388760619775,-0.6298001405672632,-1.2413371598745597,-0.6177048009858387,0.03878216437440767,0.5901183271037411,-0.8644737870094875,-1.3045136743864842
1.467143050087444,-0.3796410595072652,-0.4778259393522374,-0.9789507124336633,1.0353282814084384,0.4815922396974529,-3.159694439815929,-2.0686697870575674,-0.2658948939281661,-1.0370982369605135,-2.7170150517952263,-1.4156578961310273,-0.688570689776839,-1.5591095323126614,-0.8580487538973905,0.11139963468569176,-0.18487278903260895,-0.5404331748087865,0.009612073866248797,1.9057376846242837,0.012200671377742054,-1.3065401926902611,-0.6480977586336673,-0.5782309213674517,2.928891574413026,-0.6628618068510839,-0.8883869278407318,1.4256364010841804
1.1392832022521955,1.6119218670053763,0.9333683500338411,0.17643540253632897,-0.3537483206464746,-0.34989886028974854,-1.3056699534844693,-0.5413993823709611,1.3413358307806884,-0.37514819736357435,0.740560942560825,0.05110682509538458,0.6506219909703014,-0.8743782288798982,0.48278927118189396,-0.2847928576817705,0.7289686817469408,1.2398721808704494,1.5130048993391492,1.6756661788406233,0.9950124461062395,1.2410323437471913,1.3436141082088662,1.7671330968703975,1.6719248445910722,1.1423489408335388,1.4095110315500776,0.987511607069805
-1.3196656565121636,-1.226856407016826,-1.0317020519841915,0.006932306059106229,0.7491265326735417,0.9640068385939878,-0.0715990218264832,0.06989175160151803,0.8358307948231222,0.5836790560456736,0.5194861482044233,0.2506124460328221,0.6464809133330387,1.3517679298329701,0.3675986393467662,0.20944708356010555,0.7093301888239699,2.0628414847018237,0.010902752767965648,-0.6302094156381614,-0.6530914444563787,-0.8233969395723915,0.36940189564692577,-0.8506469705371994,-0.1879671181633244,0.32210759900837255,-0.006040601274703198,0.2125594366976489
0.14009128504001184,-0.7267679041101024,-0.36764284349321236,0.6359057664358205,0.2358014384867931,0.32687440338989887,-0.1761165442840271,-0.18903874206990423,-0.5537904806840173,-0.26948750630998186,0.505116089111981,-0.5863445038864121,-0.6235900255094301,-0.5168904579884216,-0.837036728877216,-2.1891395029564906,-1.153197872919933,-0.48185683137194946,-0.07682426216936868,0.20279839045976683,0.7124642957968392,-0.24090671250742765,-0.7016034546198863,-0.6042873712297828,0.5740330550892614,-0.27184299979267995,-0.9504656338862352,0.30418979386053674
0.14009128504001184,-0.19798680951313147,-0.18656176060395477,-0.5874589301610205,-0.10271420781370157,-0.457462192700765,1.5330373690793864,0.4476786718829317,0.2562206711022612,-0.9188671352925307,0.14128356881858714,0.2437540244713224,0.43680626067698264,1.0205798493512217,-0.3497786094583385,-0.4656687467289755,-0.39729520317632394,-0.04197065822964216,0.37703588875563937,0.42378708046285096,0.7934158692061519,0.04836060303228128,-0.12059469313198329,-1.103810636562972,-0.3598483275313157,0.24042934987754883,0.28508052437179493,0.044679568954765915
0.14009128504001184,-0.9686483140636247,-1.4883628361934311,0.47492405930101084,2.4150861519875177,0.1701773001742369,-0.6892131326335406,0.7924592147286821,-1.1817326116491824,-0.5065397173014006,-0.5837307001937537,-1.2095457664335205,-0.0635849404836401,0.5959604340699868,0.2915045489975795,0.7294696067167729,-0.2786514845908635,-1.542397340201688,-0.8156248679622927,-0.40359007941440894,0.5432329077461074,-1.1374692971876101,-0.8129385076002933,-0.21385841881948778,-1.234750274299535,-0.7927672303099569,-0.48276925928764153,2.1726640330026217
-0.8035899701048288,-0.9221487189301396,-0.5730689651054922,0.48680088339858557,0.5087223957900004,0.11067556650403779,-0.10719781768075948,-0.2860881183549371,0.8543068185164053,-0.49064465381418193,-0.11741805041313426,-0.026293699489054016,0.4006500860918598,-0.11783116805518813,-0.046873574536363274,0.7569688180693442,-0.2896527781893975,1.2135992104504068,-0.7747893107398464,-0.9261881658225969,-1.185877491509769,0.4883971871841503,2.7319145372331386,-0.07311895397229856,0.673912308594862,-0.2993381319356566,2.970474309417566,0.37759240969147884
-1.6293110683565644,-1.6536263126308182,-1.6450110541168181,-1.2735069993948736,0.4892214303802419,0.8367637771800408,1.3539446014497547,2.699339934606953,0.5118848496881045,1.4040692396948657,0.41664605595856186,-0.05715524805568033,-1.3387189277036984,-0.5795576447722488,-0.23836395597525295,0.27006502866091076,-0.621218622337108,-1.0355862588264722,-1.0662634576158405,0.4426607340849099,3.597755454980397,0.5153027923364332,-0.5552242095082413,0.5429576779427101,-0.26757875767245876,-0.32893618602513314,-0.5321435985549272,-0.2647433278936612
1.1392832022521955,1.932568239285832,0.4717819368091302,0.12934040822238954,-0.4716137186488198,-1.8028805337212535,0.7433811887857653,-2.403538201877331,-0.04172065607546207,-3.0549356904895237,-1.0517218883148536,0.2826847584099466,0.19146784562600552,-1.307956244629441,-0.580215611028102,-0.19916043084727977,-1.493468255948409,-1.2841493386708756,0.4567854968738421,-1.4341144744473118,-1.104555960025605,-1.4042907296360667,1.346556869092419,2.5174708381071356,-0.5980102278912965,-0.9294896991181592,-1.2293796254053386,2.2092909993479393
-0.22917529306014311,-0.012104145713240904,0.8547093709466327,-0.01202428940658684,-0.8253661923568766,0.3985702486365843,0.06026339377752451,0.7559650601836696,0.6509820232579933,0.5567676357323356,0.38573200284155906,0.5217564591255207,0.05874624347031538,0.28339040043573127,0.21841066815411056,0.45534108963851067,1.7113287999728253,2.754015742008779,0.7993791998172739,1.180516883116983,0.7723479435013608,0.49285509665704447,0.6683062438313516,0.17314232303247437,0.984401075401914,-0.3657532038235686,0.29523625879616217,1.1441087487903594
0.14009128504001184,1.3225610986045944,1.8780900262995213,1.3812612529141255,-1.349334538876744,1.289527643574489,0.39361200900213955,0.2814954172199115,0.15310722370271526,-0.8014898157441489,0.05741787028349377,-0.0765494150523724,-0.6137414977879692,-0.4434913491288073,-0.4988606182214415,-0.932252438604062,-0.7698221709604196,0.0007811249007200841,-0.08753392333627541,0.5520542194704956,1.067625024901589,-0.15041702601421247,-0.21642195149396995,0.2695702875957897,0.809006131275031,-0.7579423357234092,-0.9568681056643112,-0.4548349072471399
1.467143050087444,-0.45772775282476935,-0.25065477838672684,0.6943713965838773,0.313817555249417,-0.8781717953828259,1.450704446199829,0.3867484970190515,-0.4660415064833015,1.5305781579116073,0.22400209620488232,1.2098108593291794,0.14019339453716628,0.1268323559053105,1.1935680589925486,-0.2397032714324989,0.6013681532875751,-0.44841509175707545,-0.6270929711829905,0.18997374933911837,1.5379792507556582,0.7646576723538203,1.1843628844655174,0.0752379644367913,-0.7258925311874891,-0.40232946505817424,0.48186063231537624,1.559833745176946
-0.8035899701048288,0.47613218601691687,1.6392052981351948,0.4244372050484723,-1.6813730029823397,0.7740350706669018,1.1027390501829117,0.5295943164109886,0.9478440366110116,1.5157084219993535,1.2470146423393773,1.3659401353277412,1.4446641521712813,1.2391264276486627,1.3096728225898528,0.48575900264555794,-0.29943684081417205,1.0191356590646088,2.1482362784673996,3.4736312391610165,2.1523599700379097,0.9512211762420042,-0.4162587980411202,-0.9732060178285235,-1.0357724531013603,-1.4138333012542659,-1.0937458454648863,-0.9407470528616029
0.8478522263986423,-0.551676204012796,-0.19343775112439213,0.3033460559459552,-0.05205257503556045,0.13649783079790337,-0.1796053724852371,0.6112304028532209,0.4893350535705876,0.6451593842144516,0.2390085121363831,0.001318060182766944,-0.6477771640872393,-1.2066347030125406,0.3941562228450733,-1.221921038126119,0.7855377302581389,-0.4395917226551192,-0.10345450713461224,-0.6722252782282692,-0.11646467415875181,3.6117365326164697,0.8275455025889128,-1.4939925207701745,-1.8880707566012949,-1.4224007271217842,-1.4680539706836577,-1.5729832575533622
-0.390729420978961,0.23046633718256074,0.6482821361303603,0.2141929283980686,-0.5196079807775508,0.34435469134066643,0.9460475271582811,0.03236373568520097,1.159083878539833,-0.4947861546204487,0.30809297167437993,0.5862847342052646,0.49811699408201876,0.41427611503264744,-0.05129049190687093,-0.18639563844214532,-0.20688676771779288,-0.33864545667510426,-0.2295016139328169,-0.3552914069186435,0.2863399538594196,-0.4744074882902403,-0.3697665387894119,0.3736610052713174,0.4427542992250302,0.4516316719591783,-0.2988288423823391,-0.3586820738215009
-0.05293442623961494,0.923136566497847,0.9157025466206932,0.6903357298316288,-0.5737393454216072,-0.2941585763464995,-0.48609329061832734,-0.6496169198507944,-0.07688668783834446,-0.0516128047585129,-0.47095493400381755,-0.23306784002614128,0.05675021878050375,-0.2741332149258758,-0.3817031786846468,-0.039189711859258715,-0.644168505498414,0.1158503363439142,1.472679010170771,-0.6614174064372814,-1.0383648063585145,-1.3490055075539369,-0.6311463454685989,-0.7127826161651954,-0.47950767654453247,1.0917252596092983,-0.07082701441091209,0.21835143823533318
-1.4041144051970003,0.19669680313960053,-0.25552578249778707,-1.0096037775172346,-0.28576812884230607,0.04848816535679431,1.8592737773267036,0.5390180045777927,-1.1166110260421793,0.6626754689682088,1.3055202975686035,0.20096358865100053,-0.6966758651229981,0.9227091692776273,0.803404801627278,0.25718995038064796,-0.6225675764044565,-0.8095640479095317,0.14202136691206782,0.33673344000707506,1.0667300753775015,1.1776303519894789,1.0192773616066373,0.12544174803127414,-0.9132572789255677,-1.6504901005898396,-1.294210866611895,-0.5968909116337844
-0.8035899701048288,1.7582076035506722,0.8415261379943972,-0.9048612250322039,-1.1620430594889883,-2.0634610747585214,-1.13237287436159,-2.386533265292371,-0.4798176342621479,-1.3778433446815197,-0.31882101266848506,-1.0750419179684676,0.6091411579724649,-0.327274904990731,-0.6622370871247347,0.26505684289750664,-0.4601535787937223,-0.11081495511084945,-0.7095058034717838,0.13535881287626647,0.08941608705152138,-0.2114017049182849,0.3203505370820796,-0.4720095653345639,0.7408313748690116,0.5450822690330775,0.39414729589557024,-0.24489246842903925
-0.8035899701048288,1.9046240238800476,1.4061145877810544,1.679590613162302,-1.317766173646885,-0.6436103329763048,1.4711486309915327,-0.650799012648436,1.1398301652886398,-0.24458117771176177,0.8500183047441513,0.19956418102111453,-0.035409221997170386,-0.8434998783154357,0.005913738812217516,-1.433542103616378,0.8933218999642746,2.0553865916050147,1.8031027214014446,1.7983562438489777,0.27136398118603894,1.033246076137415,0.17831692788694098,0.15495477636705204,1.08563277493919,0.5306920280381304,1.9094458145931053,0.5431540010561093
-0.5393592186642734,-0.7910136837472265,-0.3417723629528366,-0.2285980229322281,0.14955294245378112,0.3785627892194547,-0.26067823233131143,1.4339417947156738,0.13702601548189977,0.39789254748983005,0.528824810445722,-0.18409003008396171,0.1566600942746788,0.19199868474874515,0.16070096114901963,0.2620444701329594,0.264730213007424,1.630584609898094,0.2514019646502107,0.21735403159262992,-0.3566295199688819,0.18559807043534743,-0.18148716469029183,-0.27130092203064365,0.80820675051291,-0.5612995872228732,-0.2681647621665517,-0.5968076048023169
1.467143050087444,-0.03210437115892172,0.41735529132187077,0.05305179188894173,-0.8323321282306687,0.8462845377237656,1.0243503812983312,-0.4177740302145691,0.5419509917960493,1.1257431570747791,-0.12974276152133976,0.6844685748940614,0.9508817764650003,-0.43235433999392986,-0.19274713760539114,-0.228267483405478,-0.6412188310567593,-0.4081873745233891,0.09601475055927208,0.18501622322005223,0.12472963234720932,-0.09809304427570595,-0.13352798254053225,-0.3221913279893574,-0.46287748919464416,0.4218532969792967,0.16686531356485262,-0.015569126930742588
1.467143050087444,-0.5963876562049403,-0.7054210472635024,-0.5301937810586038,1.2452961738541248,0.3562171760796241,-1.4304490005777117,0.18375474387350207,-1.72403007993977,-1.6892471283495027,-1.8019117382119638,-0.5771160518208152,-0.17544593778917125,0.3375449028793311,-0.26790217274140177,-0.38202888466871676,-0.4398699527336783,-0.3110173544232166,0.19195528689906222,-0.4581518246816402,-0.7317704980383615,0.331485434999666,-0.6726504568872639,-0.06870766891064639,-0.9731870286392708,-0.8398439432696527,-0.10976343915172751,-1.2835773173153795
-0.390729420978961,0.5826952242311072,0.6618299481910225,-0.6685779243917506,-0.5206168784518967,0.6369342080912095,-0.2647631753836144,1.5504469301110537,-0.49350553909103767,0.07424591397547867,0.42816202766821676,0.6918206351132328,0.28182059205032606,0.8889286392292315,0.3267577734984143,1.065284867801602,1.2452298416711536,1.2898034395672462,1.7368499391661385,1.0706345416856846,0.4714426829280823,0.9149339169928324,0.5936861798537507,0.26738343323910885,0.2656060740966911,0.48506239022393416,0.22305405410161952,0.6872988006466364
-0.05293442623961494,0.20991679830493765,0.5100356431278856,0.22507874393348123,-0.5147161439452521,0.31020483749753563,0.38143753816091797,-0.05702345611443544,0.1932471075212559,-0.3054463368890399,0.9811181817305251,0.6664444689448776,1.2636763034410967,0.1867758364441304,-0.23496164812674236,0.04753529088524662,-0.05810946285170661,0.6934154054482712,-0.2788093417856614,0.12220107903920185,1.3379896181652207,0.9210159054360981,1.2367229917144742,-0.029416175678431508,0.3334723256896851,0.763256670167076,0.5720906028582393,0.4782001294262605
0.5870981953717789,-0.09391124370102873,-0.11367249083444622,-0.17913151667532004,0.12172238991833,-0.09329651127370703,0.8185664379005458,-1.0470178386505427,-0.26445733916077,-0.3606631205424059,-1.105245664344255,-0.09752119092089795,-1.4070714805140727,0.5856016919238644,-0.5766214379222604,-0.8627875212818779,0.2520266850139087,1.2005200586361449,0.043460179765095475,-0.02297072489071792,-0.7435194590512959,-0.373212052066368,0.1961014325134097,-0.3593166115779845,0.24226409479802397,0.29809498449918975,-0.4550234329938172,-0.7612544784495155
-0.5393592186642734,-1.2509352747736109,-1.5141203915093495,-0.6755869489750155,1.7382230448326141,-0.5871716151512042,1.4942617535459195,1.0103747426289862,0.26393063921669874,1.6349414683580805,-0.9837205204168744,0.8318708853947937,0.01692618593022801,1.0047530691887756,0.24145767029071633,0.5290740587959991,0.6529155021865396,0.23001734202352456,0.5598459112304464,0.18277426766824312,-0.02259018598125029,-0.7073001407532319,0.08055173283998691,0.20678384841746808,-1.0710624888255411,-0.9562664356512763,-0.35245260779344284,1.8061740381067883
-0.8035899701048288,1.8015636885365125,1.3006232458034253,-0.3026328172011094,-0.8151779114869704,0.011815884692017596,-0.9299399223318567,-1.4308478983642412,-0.49239979376150317,-1.2973858083407803,-1.2076574594726608,-1.7075199470765512,-1.2754288639535813,-2.2298750722778915,0.18079036532855602,0.5813296418030909,1.8101405866314295,-0.3387772691776693,-1.0696842309312977,0.42769701436673313,-1.1497414526299359,-0.35024399254277105,-0.9246486980762729,0.2594702701536987,2.1989878054377856,-1.0089414783174164,-1.2938004644823413,-0.2945672473472034
-0.5393592186642734,0.1969966439792182,-0.1169474999293894,0.6242198811569595,0.09185603560259853,-0.8578394342049722,1.4996456366872115,1.6416480573450227,-0.43412294356552644,0.21556104481108102,0.21837517929379233,-0.0807283249254916,0.02311992978406754,-0.41346118565669177,0.13467089381995956,0.10734175643779227,0.46949653776515615,1.6785119151274062,1.2041758670597442,3.06567351521704,0.9628868225612026,0.7313205513459357,0.5838715287995784,0.1803737650164745,0.7994710967892421,0.29104415593296423,1.153639737342931,-0.5044328726918255
0.5870981953717789,0.7491043330180174,0.3325375330558461,0.4464751053173756,-0.07876431003816581,-1.0891344200304875,-0.5870587399039815,-0.6871218805425358,-0.11343879623941598,-1.1567482175536767,0.32291348244827545,0.34069845264328763,0.7938307221210196,-0.004626171324973219,-0.5023949901500061,-0.3170269703201121,-0.3256206809338385,-0.9012468198158123,-0.3728745820826617,-0.8290951063217354,0.6617201482161661,-0.08018150145710719,-0.24272795027930338,1.0672272707339734,-0.2887119096590683,0.9687698681564283,-0.7941114339612534,-0.7804703170181142
1.838717544300725,2.1584321308518755,1.2937247247822545,0.5731263538492066,-0.9561782146709638,-0.8048905254557662,1.8124183687694133,-1.1200152745162868,1.6641210540332927,-0.8193107045971391,2.365726957665376,-1.8296917123205267,2.5003693700759544,-1.2559920611250146,2.140350901439446,-1.1913219933506491,-0.5035534181611641,0.18666181263362097,0.2333409461739889,0.14736173385024087,0.9798588237535201,0.5589079230399919,1.3720427580349184,0.0340036403271155,0.6477447212758295,1.347259402159143,1.2188764167530224,0.7781561530562431
1.467143050087444,-0.5070692300366871,0.4284663850775072,0.16005425575491924,-0.5426857760082668,0.8654804171200461,-0.02651217826791543,1.1387951759625297,1.3528883788375916,0.6472577068830435,1.243220367590304,0.41248450054286273,-0.5840212628181247,0.7464875316481089,0.1458732297881699,0.3215222499499581,0.7350040075073764,0.013266926497431742,-0.695682225241925,-0.4581679801737198,-0.9022025047471002,-0.7022526114644105,-0.8958855760658206,0.42987433117631463,2.2369953237012385,0.21829066387162163,-0.06765750946434329,0.15425225485073588
-0.6765559549891773,-0.19895804171507142,0.26705151799504584,-0.1029952439662197,-0.3921495891585429,0.5836771821740845,-0.5487023393183241,-0.8259128847919884,-0.3491915612932669,-0.6864185470473674,0.1332049412913517,-0.19636708846308057,-0.04296726006899742,-1.1221208554193163,-1.2208481314668356,-0.9287526207229017,0.4647612836104091,-0.937997991992145,-1.2103501179281464,-0.7168787535158349,0.39786102338685403,-0.37170209062409576,-1.0914936212635655,-1.0401069928831777,-0.511490766538587,0.30454666873190583,-0.29212937509219855,-0.8626354980902136
1.838717544300725,-0.5777129756398904,-0.8941204123146205,-0.5209958133089319,0.5425701871319981,-0.3587630547696117,-0.49291965513010205,-1.5395616447024902,-0.7469684653614935,-0.7102556503688594,-0.8752463587102882,-0.7295555702579299,-1.3039814885032657,-1.1401033863110799,-1.4671903882623296,-0.5336135910281088,-0.5383055318923663,-0.8913023849916282,1.4963275508297775,-0.9022185213215249,-1.9150377453966034,-1.3173988040204354,-0.746811237456172,1.1861388873480798,-1.4427176189994972,-1.5658354297617687,-2.0249697368559327,-1.9050986696561782
0.8478522263986423,-0.8438308030621132,-0.6853512698072858,0.1356616721992249,0.5312454854267237,1.2871775383225363,-0.5484176749453922,-1.183210058705189,1.0438841481354941,0.49951302182108137,0.28620317427925307,1.7521800922116495,0.9086101056690279,0.625387331469848,0.32144578551895214,1.148425618044968,0.6449223545287849,0.2485186503956266,-0.4104335591903399,-0.2155264346799679,0.6726845887001855,0.8050963626317941,1.8268952118601292,0.7198036320658633,0.5673837576846,1.383879616610785,-0.2661505537246136,-0.15223468494077136
-0.6765559549891773,0.8758256798839668,1.237837707228229,0.5667379966773463,-1.4697529532502807,0.12563313764934625,1.7140815540788525,0.5812401775156005,0.7444242624773239,0.8873662374348009,0.9988638407734959,-0.05806068470596893,0.3217024872723047,-0.3028152698850866,-0.37454623602122283,-0.22870370651839372,1.4195365528744728,-0.7024149136510686,-1.39353260384865,-0.7019520695011993,1.005606230481305,1.1201010702697636,0.6947167993879128,0.8826097703163026,0.16845819080683352,0.135846684897207,0.018201838771769074,0.7232309038990132
-0.8035899701048288,-0.985901155335076,-1.655808651177189,-2.425695116116843,1.155228271803868,0.6390894172454586,-0.0743161373756547,0.5250428877747116,-1.5487779233893963,-0.6661838231426698,-1.3451392814002199,-0.916930942417813,-1.1140344833929334,-1.0162935620843128,-1.7592435381263674,-1.8052504782163952,-0.4954807463806788,-1.6306820028599696,-1.542148014607524,-0.6086611898202546,-1.808713525808989,-0.9105007114264849,-1.1709053101377125,0.21977754172421562,-1.3109095290051753,-2.4005828124036888,-1.4261613370788642,-0.8174434974052792
-0.6765559549891773,-0.17106290296130686,-0.306757139155806,0.5429216838809028,0.4559380197298076,-0.7467226573812774,0.5583505244726626,0.540227234921366,-0.41890229028586573,0.7558513530569267,0.18322669452710502,0.5836977665042745,-0.013114393072945655,-0.08987018838526782,-0.4345533565292095,0.44661601233174686,0.10398622197402811,0.10455022661106479,0.7260935404082998,0.14442730208839502,0.4234055814041635,0.12004627362315186,0.08032846464114164,0.8317757288800258,1.1299193543093082,1.6522567623904842,-0.4692087298234497,-0.32457489931656025
0.14009128504001184,-0.17893249142185222,-0.188524717553909,-0.41597658443055496,0.31423062816509867,-0.6551132490265867,-0.3722112341639371,0.3451672665179622,-0.2368332450355961,0.0674721316311667,-1.0862023860785415,-0.7192551243491153,-1.0102767885722514,-0.8000832746137014,-0.4903942276527444,-0.8784353148542281,-0.9519234718577592,-1.6611213810641512,-1.858414192732559,-1.139585603471874,0.5402746392155058,-0.6679805726005817,0.050662885532730496,-0.3100384240410155,-1.3329720107265948,-0.48249351177453104,-1.5526873819294975,-1.0789713119415347
0.35241956744760095,2.9677061226560753,2.0736253859398053,1.1191100712883584,-1.5055552486777022,0.12258978375581922,-0.693423449539485,-0.7142678698658341,0.021728989644352045,-1.0572100222516567,-0.24866918242777084,-0.485570819633805,0.15717406999349107,-0.39449801648484323,0.17412678615394878,0.154858381530183,0.06977318518358297,1.2375897065764745,0.6582673265310534,-0.15751191021161806,0.4469478983990153,-0.2562600892692737,1.2860215484497401,-0.5380769544019277,0.25240950029528747,0.46525977544077307,-0.1887672237164544,1.6056927908188925
1.1392832022521955,0.7052172145980242,1.5198866615653572,1.122648960538828,-0.9674888337342202,0.6786801504553039,-0.8420535949876365,0.5070228559080294,0.17226086165117907,0.9238157954747683,0.594812105952569,1.0762434301431971,1.1116346881860644,0.9962446563562932,1.124621183608335,0.9202378323919711,0.380127429577992,1.4133871645663625,0.5623367738945754,2.2272533144518216,0.39923698821165854,0.8494993342134687,0.6606316047776685,-0.05463636613738821,0.8018134594519787,0.2699078709392842,2.159409807734499,0.5325903406428606
-1.0313751006570318,-0.8695493449245026,-0.660286402031519,-0.6642880563593411,0.05401726651312101,0.7507877727167225,1.3465785465215134,1.102135930183817,1.2182153254899595,1.1767432690214552,0.02206006645740476,0.945074802871126,0.3916957563079779,0.5326333079514692,-0.0370926864201693,0.0064420011578530815,0.5473792047365128,1.1067912060175935,2.3176072379141854,1.5058877315497554,0.1985544171666839,0.3930837505124749,-0.24453176963992054,-0.11977251526883835,0.4714328852782281,0.6393798812269458,0.4559016666518636,0.14940968555440942
1.838717544300725,0.24643227661731387,0.6152491372889517,0.4018155054109755,-0.7870024148478904,0.2850704567700442,0.08542875362559414,0.2585121278224277,0.6938932685112914,0.2638608531946573,-0.271097590040911,0.6390933774790729,0.16819019393924056,1.0498165113644191,1.3560482654927757,1.1233109987355734,0.2924771383318001,-0.36558765290275513,0.21708819030403487,0.45598543340851483,-0.9641132434881644,-0.5885546219949966,-0.43312903698888516,1.3195356663975524,-0.1258011473141958,-0.0004030050764649145,0.6168433742665388,0.05385970138748618
2.263374109115903,1.044157587169696,0.14430357904842514,-0.9618057439484935,-0.22031313750381623,-1.1150606214166732,0.17978913379197922,-1.0162616385447985,-0.9639422346397412,-0.12098079221347399,-0.18746538985095956,0.25804380337615357,-1.120129977621023,-0.5916599974336726,0.11323239079037797,0.23583412279024576,-0.8686421046959666,0.670874614103211,-1.7557709545500555,-1.5946967888975925,-1.3658757763932319,-1.784588222793966,-1.3617879679746105,-1.7526528787876876,0.13535782961012763,-0.8813297224969251,-1.6064250885347386,-0.824387036951717
-0.390729420978961,-1.069664317855934,-1.9366074831502442,-1.9732327803670264,2.777532775872745,1.6956835056703183,-2.289823485116662,-0.19562543269968063,-0.42659904980815855,-0.4877843897812047,-1.4523733621722374,-1.2048835454456572,-1.7571994456879831,-0.18847932258409916,-0.3009520735431446,0.06121875425125677,-0.03657032176607166,-1.4836944598656845,-0.7155362455207802,0.43742864080564076,-0.2650715975706412,-1.2220357477485215,-1.472131491185085,0.8525797330145094,-0.6768485069552136,-1.0666802978629368,-1.9179884252044777,-1.3731473615037437
-0.05293442623961494,-0.4654250291477896,-0.09522154610467068,-0.36323590811344963,-0.5066218498173994,0.3674690126050365,0.692211047116036,-0.8704208879323527,0.6143622966368032,-0.28341825723099584,0.1497720802329361,0.8849547372370368,0.6172873167992683,0.3161794411964642,-0.18744001347515435,-0.3973118776293672,-1.0186137133635293,-1.3018652027957915,-1.4830488410437928,-1.5130941791208254,-0.5622834898989304,-1.2165925455743873,-0.5683448721582732,-1.509807930491986,-1.6597759740677624,-0.44922029253748785,-0.806042497433952,0.2946450003462289
-0.5393592186642734,1.5536339603249751,0.7083616226671855,0.9974922516763779,-0.467035650605759,-1.3859585542405481,-0.3345092330101948,-2.5552756588751766,-0.07906913812715852,-0.7715143107991189,0.49394208263435924,-0.4514840484316635,-0.6588828923730744,-0.6691172970083512,0.16340884123219526,-0.9489471599593048,0.5170646524105075,1.1764154387953791,0.9627421092353475,0.4770076912720166,0.5479911968193848,0.21545887397079883,0.11242489092745236,-0.04579537914772749,0.5263964171472262,0.24703120760180525,1.1383374044230528,1.045464310601067
0.14009128504001184,-0.6581971530276206,-0.027897277576540792,0.07518036761448807,-0.1257346512160465,0.2475557566430759,0.279340747958576,0.1148052263650439,-0.09650571806373476,0.20367753867075553,0.43596885830932486,0.2769267953427776,0.13598578085079369,0.7365190502954846,-0.4013649870757618,-0.5175087395766109,-0.4294569790276915,-0.03306187090206856,1.1400241551864077,-0.718538044480658,-1.3483759916152636,-1.209132461475785,-1.3535307983383718,-0.6001204066935816,0.3276736103158908,0.6536467855503697,-0.758626465164832,-0.9626656041166444
0.35241956744760095,-0.08267416708215165,-0.8285521605300971,0.7382896498997021,2.102365229566923,-2.8739497973503987,0.5026428041761581,-2.7068204195147323,0.15450962575645064,-3.870240253374669,-2.2139541058597456,0.027151424631459527,-2.359748884324538,0.4145376587629204,-0.7726085506848315,-0.15892538357058358,-0.4258210755741165,1.101748504992446,0.9377790000988422,0.18034888631720894,2.3931335713896953,-0.2597895759937133,-0.6461974373615352,-0.7282364463616512,-0.35486532238538276,1.7042570104745622,-0.004634741058300094,0.49338403541288456
-0.22917529306014311,0.06396639372928178,0.009344867736922436,0.3286759513648228,0.12457479680876002,-0.33215252530334016,0.1868868316289445,-0.3275489563436074,0.05941332205333083,-0.81419814404522,0.3446706703505126,-0.6060084395972447,0.08046745982010364,-0.12749907133075522,-0.6444015634870146,0.5683097734296744,-0.6276602204743206,1.0755594011499627,0.7114447377875536,-0.37084274455864247,0.04253416216547274,0.2118141368506752,-0.46047035895618377,-0.38099630800308126,0.42557356470077157,1.4794064396868623,-0.11592481686151188,-0.9004745825227919
1.467143050087444,2.3729416891218706,1.4538729591001864,0.7876423412977229,-1.0775541949511855,-1.4615326819691008,1.1388010844449803,-0.394318194585905,0.34351893537023337,-1.0251382736732682,0.06395684119897216,0.9701015964424796,1.3184313408599793,0.8444105376915795,0.5624129300309071,0.587570528811578,1.2824731584963738,0.6932382072399963,-0.052890758092976116,-0.13284308344719317,-0.1747652503199629,2.562523137313857,1.2209022306050639,0.2871748810317924,0.25366480889758364,0.6101422576047356,0.6253720864783756,0.8218463433418336
0.35241956744760095,-0.7076181988140613,-1.0066485369287976,-0.16924324187782297,1.419049638591194,-0.6911644562974746,-0.350652635785933,-0.4060585645144417,-0.5050745220734985,1.0776968532222697,0.1023641253919783,-0.2000502123676224,0.03041391045254632,0.29929630683438896,-0.007289784114917382,1.07469587789184,-0.28229120923981893,0.25335630112984964,0.3436215747656907,1.0796273591825534,0.860314201223491,0.6281305884512802,0.8750522831518703,0.009212458888076425,0.11815023540390365,-0.41851164490152104,0.18044997534630142,0.27452429758428465
0.14009128504001184,0.3857590258466589,-0.25563745002764066,-1.7597948233474874,-0.04297048032111759,-0.7862490246749645,-0.29436585197847,-0.6305436670580061,-1.4537796732657187,-0.46131882233093924,-0.40488838213372536,0.9557129901095364,0.4289089128876764,0.36033341392267726,-0.6482984734443309,0.09508643557187417,1.0375338136249814,-0.9253861189906846,-1.6187250157497342,-1.5155737423344475,-0.8291347379128634,0.232007879182233,-1.5243986938385157,-0.21845053077459683,-0.14742891423972004,-1.5925565908329602,-0.9630042819035426,-0.9319768874400729
-0.05293442623961494,2.2356612336885324,2.097013438773547,1.3194618659772206,-1.4782935112535334,0.4068334760162522,1.1980688145371459,-0.1940423822113022,0.522456609235178,0.2929568009929172,0.5661382191546457,-0.25791374821691526,0.7389495827767596,0.9685588272356722,-0.9325996898965373,0.1238670511654196,2.6688468223437876,1.4235547263813515,2.1280396745406165,0.7215997076137818,1.363193744950257,0.6541470435980675,0.5778080962960902,1.8992132184985189,0.703808050293019,0.0424871639605316,0.06367804512112923,1.535963718481849
-1.6293110683565644,1.7303353355396298,1.4280009866365337,0.8848656952016734,-1.1305769546653865,-0.07240074226862009,0.3706696478685878,0.21744321066774752,-0.20488324432070107,-1.1619083579540976,2.0040112741728264,0.9911745515558236,1.0938696908365624,1.1442888969980858,0.5010693234495934,0.6377460794667915,0.10675968884002268,0.2769743241394868,0.6278302241808518,1.0498077500353165,1.2840003798408215,-0.009594787948540918,0.49995255939701155,-0.5560186953107409,0.7295638908964723,-0.36371212630744965,-0.27734573425715997,0.4217303465256481
0.35241956744760095,-0.3758793506357963,0.30215621712689755,1.3620129902653069,-0.5090697570036047,0.18581946915201553,0.9552853851991486,1.1343414892494725,0.7814258842036683,0.3440080246431299,0.858510398546608,0.6212219862364439,1.2015209582771758,1.402337001015475,0.39012045150288494,-0.08036639831237226,-0.04806390068645774,-0.7541054309165324,-0.477130188350022,0.3811741505121577,1.8290769925680461,1.1281494147431903,0.05453649102954161,0.6972327226845544,0.9229336852016227,0.9286398061860406,0.9738189971921437,1.2460293812375436
-0.05293442623961494,-0.7003258198698306,-1.4882726280965168,-0.803137755608463,2.584111181540131,-1.1812453430264431,-1.0914987658990216,-0.4253234041553165,-1.4152939802886724,-1.1490170870768053,-2.39957780758029,-1.0487944292736768,-1.2363907429340766,-1.0512382846790773,-1.7807851034021127,-0.42992118904226073,-0.2866828442024236,-0.39361755441937724,-1.3493207007904842,0.015859838579401514,-1.4075885493326874,-0.48994703295861336,-1.570190414902744,-0.9031875425737385,-0.5981547512936887,-1.5757445557544567,-0.9778714694318694,-1.4855662042671773
-0.6765559549891773,-0.4571311253801508,-0.46159549935946576,0.5428336655804986,0.36861677037848956,-0.33504541356480494,-0.14539325361554972,-0.6694841212040835,0.7503564619143209,-0.1378258245106049,0.007504126660518211,-0.2714814427032567,0.5956330765706024,0.7346064189745254,-0.04815673197711233,-0.7575878085283089,-0.2696362032178336,-1.1047311875190036,-0.3302480197982441,-0.3238220324504989,0.5975192293849532,0.3079037388673329,-0.9863103696359271,0.15009398609550487,-0.24600753342970802,-0.6917787973900424,-0.08570214422086767,-0.8470462737464138
-0.05293442623961494,-0.1870193627433275,0.05088744551547391,2.477607105556491,0.0499408254037755,-0.6964994466136434,-0.5680839465977359,-0.34796287404222376,0.7235584355005564,-0.17117430111117474,1.2744662501040451,0.09117838186072154,0.5592926395751006,0.10869408721907022,0.5890545886372527,-0.04627237916228298,0.7711601581978268,-0.6936554724491206,-0.6063986796461136,-0.17460983139763872,0.1376716034464231,-0.4910807313135355,-0.5894714397430062,-0.40148737393262585,-0.685332732690032,-0.013227130963106133,-0.49259470171157727,0.08850936643711191
2.263374109115903,0.826142508426134,0.6283941424195388,2.3309326347588475,-0.30806560057875904,-0.3712290617632943,-0.5387119281312415,-0.9505088034556793,-0.3401496229101209,0.08564783915749036,0.3858637442472281,-0.43169140188261473,0.747771933544517,0.08090155652393219,0.5266271140398946,0.36474468364793455,0.2958909798651484,-0.01599963852177331,-0.19798156502195044,0.6961868899570277,0.751853452812589,-0.08262071641739695,0.30554554852426297,0.10474727969467511,1.3037454488305005,0.40771318078193847,0.9367897891955543,2.066215316392605
-0.8035899701048288,-0.10943698436799784,-0.14723468362221354,-0.019809314326372198,0.060399605876566426,-0.8491019296817381,0.21113371329007483,-0.49593153915753946,-0.054985864896102535,-1.201308705729851,-0.4419030013345916,-0.6761630680362185,-0.4293251047921823,-1.6451509606393666,-0.7217541672707044,-1.002998963133209,-1.4525366925027026,-0.8843096502690277,-0.5639839858084059,-0.856572397732876,-0.5253053426766442,-0.6416369452951426,-1.4276783626811482,-1.1557847414359426,0.2725181690714883,1.9143026726572303,-0.05854076293959902,-1.4172203647580268
-0.05293442623961494,1.9115017999605637,1.6317737342313192,0.6795440219130009,-1.4204018930637612,-0.8020668549068173,-0.3502292665116184,-0.376653412348211,-1.050370568224813,0.26074858754764924,-0.2894198497330498,-0.2891763837848553,0.07199285111741889,-1.0098310119996439,-0.3304333893154053,-0.8661914300454207,-0.06891883150490236,2.104861898519836,0.20588590469085705,-0.16041822227262714,-0.3746430578470207,0.5454379764010584,0.17927162426925342,-0.5271397121562094,1.152818377773295,0.06143107094098719,0.36483172345865444,-0.5936631224081718
0.35241956744760095,1.3588318312250036,0.5117203068328026,-1.3655198913445752,-0.6992394972925181,-1.6612271500720959,-1.2363091817390746,-2.988920694532818,-0.03759001425992149,-2.160683647155677,-1.039663667756807,-1.3708290103989624,-0.9294816254856693,-1.8658533930090544,-0.16565199907387684,-1.6143288682991757,0.4191968452069435,-1.4586307663599924,-0.8743890882799125,-1.0896086649286074,-1.5341981844343957,-0.20707173395803039,-1.222028097091704,-0.37321837521458456,-0.24278513465304022,-1.498759721299205,-1.170966740540116,-0.9619250661533066
-0.390729420978961,1.8122262809117584,1.2507711661586889,0.6650923580627812,-0.9988913516665727,-0.704007592110743,0.5833004173863089,-0.7251438933105426,-0.8405453008086868,1.198440381299529,0.06007448616345432,-0.42970814297379306,0.5651366113542615,-0.6790396305758901,0.5755863484502589,-1.1744394900156223,0.1499249212307061,0.37243590214490624,0.9394290210076176,0.30901724544654874,-0.05752455915192111,0.33991918102563196,1.3927956739719878,0.854445628917999,-0.03057892008704276,-0.15018514393439988,0.48930048826313144,1.2611659152261143
-0.8035899701048288,0.5247218675733868,0.6703459305419011,-0.11018096943935266,-0.8745139411180778,-0.45411831217169,0.04886658805617052,-0.029398756164790048,0.22492397342001508,-0.6682689326656525,-0.9440637897285808,0.20773275621217602,0.6705496583436243,0.2976426649509664,1.4810821197503035,0.46347147275525297,0.5603514420731069,1.5398724714347753,1.505698682631237,1.1439298755068503,0.03997824049212442,-0.3629203276759074,-0.5998577512292483,-0.7918095382226787,-0.6561968452901951,-0.7839486935149799,-0.4736012697727727,-0.1451423146777083
-0.05293442623961494,1.6777993882384903,1.740685378593409,2.2302592513376402,-1.1006986408540478,0.048674774061800534,-1.0551179025788797,-0.16626615080902524,0.02957024341476912,-1.0910985470405377,0.9242001479886417,0.5817507690302114,0.28786750800658845,0.6657832661296615,0.9176722084168948,-0.316861253203459,0.32413069519755905,0.1394711523200564,-0.6672008590583395,0.048449886002845596,1.215090313537217,0.3628315034640292,0.678797737708993,-0.2132615044171851,0.8801370551214218,0.36986171275049995,0.24525937527837827,1.6304671651902216
-0.05293442623961494,0.07468464677156417,-0.09700641353149583,0.38919943830484793,0.026986118914361923,-0.46960011335696367,-0.18862782559655436,-1.7099873214524353,-0.41550347018115086,-0.8715124989086597,-0.378479227300568,-0.6196253944182917,-0.9421091937699532,-0.9056220689377025,0.06894758133573654,0.17516109241266853,-1.6843063956421829,-0.9635980126492393,-0.6071522353096555,-1.6140712627741207,-0.9567759278127129,-1.7419283643560814,-1.1872633225697382,-1.9585281957200953,-1.1414312691961719,2.7057754364887825,0.07709652993311206,-0.8497779113911693
-0.05293442623961494,0.38000814715306114,-0.3219450012166695,-0.6170071718235416,-0.010268919288413367,-1.550602671349867,1.83324152734621,1.5791739737215384,0.44437108527275426,0.7994351330242546,0.4347540374902188,0.8976523234501333,-0.45090921741628176,1.0345549481300358,1.259717994495348,0.8401891478939896,-0.1683936316110386,0.48598907585259504,1.5882118511383134,0.5983660712610687,1.1145752175229602,0.3522578460938255,-0.20383627229343013,-0.5644763441385848,-0.10289823224856098,-0.06566000830845996,-0.5163573974004287,-0.34245878782774486
-0.8035899701048288,0.8731146144569705,0.6554933350689297,0.7656492805403462,-0.3581518338042162,-0.8736006913673261,-0.4699950273902899,-0.9591386329809553,-0.021886885141555318,0.6879264540157364,-0.03240979015011856,-0.07895519572672703,0.584503343066281,-0.49440239928823515,1.017469829917381,0.3848482918151093,0.203641050851205,1.1306569496397614,1.0166302175433157,0.42850844681797945,0.43818338219556274,-0.3288013769851132,-0.3608964177897584,-0.5119481737822131,-0.5693448427613375,0.33372272967512645,0.07655966224223744,0.35579841284876473
1.1392832022521955,0.9631876670842827,1.2157514622902537,0.7298977969239218,-0.7077499281169495,0.6483882689874342,-0.8339635711597323,0.2313250814962387,1.2080443725846248,1.1699594772496824,0.4284994079325352,0.2035389557604549,0.007164267219993801,0.7643540256540742,0.608305311138093,0.06738090544805649,0.3626112141497549,0.7818163641285333,1.2690571023965072,1.082707571398873,0.5526583226387464,0.6208329575644185,0.34019599095981456,0.04730277142145568,0.18230748540235586,0.12429994938068088,0.8626098715670721,0.36163446591734877
1.1392832022521955,-0.17989673634176342,-0.27228075033080634,-0.1732575406653192,-0.15606538333985015,0.07287807225169829,0.5932703669652304,0.5109230014257385,0.9572134604713383,1.7386285913813877,1.1940305108967058,0.2841295279827154,1.6330671433320858,1.0166917955454517,-0.1634567203626652,0.3051026090138225,0.29236877499865055,-0.5549928316180157,-1.07663338762148,-0.5560712528434063,-0.7199541767344393,1.5219024671216883,-0.13146163731528365,0.4491718653474857,1.0870664104640781,-0.02003952741447977,0.05970446052772922,-0.5499599454066038
0.14009128504001184,-0.410742559994013,-0.5825099128435449,0.2839428368024875,0.8048499883732261,0.02766802967509806,-0.7929916190072303,0.6294111199239457,-1.4931174383699592,-0.06781725624192494,-0.16014196555701396,-0.3431334242689637,0.43338888856214863,-0.18841438877684663,0.4405361972845415,0.6397235236592942,0.19566722546443086,-0.9339446217690638,-0.1858545745455997,0.597342255053096,-1.1361905863822457,-0.7801453390799706,-0.971024357368444,0.20164331485735712,0.2587678432472981,-0.4965932670850913,1.458462444320626,-0.37803840504476255
-0.6765559549891773,-0.27085717378667296,-0.07125345431313826,0.49058943462064214,0.07725698525177341,-0.010102927723895146,0.08825388166390685,0.7884650589251159,-0.5590596226946957,0.04374824555486712,-0.6817065573980592,0.07903492967741949,0.29048018715282964,0.3313186808501823,0.17430325929214746,0.23130338760614813,-0.29090223698080075,-0.052239465080444504,-1.2180603180593543,-0.3671172271209524,1.3899615379305272,-0.7811794206118865,-1.000506004146318,-1.2647897919662552,0.059580714925173174,1.1367582888525065,-0.39992362508922447,-0.4141979971912177
0.35241956744760095,-0.9628566240272403,-1.0153662538980492,-0.4761415767080526,1.18974283862004,-0.590458547954691,1.8276979196515148,-1.3247292135753326,-0.31010352955810994,-0.8101607452923215,-1.9156960872599085,0.9358884023107653,1.7438093488253863,3.2048949604791814,-0.4666534925864074,-0.1848626686219158,2.7325324507120548,1.0177770360246328,-0.17042661519353355,-0.7472530599595238,0.05257475451351982,-0.5756367594926614,-0.9851701768726479,0.9965179402061581,-1.049502176328589,-1.1943308649375737,-1.0751328793633415,0.5254770883308114
-0.5393592186642734,-1.5057726011848291,-1.6822077761568774,-0.6562639980929231,1.9367006839035015,0.27777728893703973,0.2842129048812216,0.3223468203798636,0.08470853415674931,-0.17974313249536053,0.2850104468912416,0.6034272591057932,0.4882634552179644,0.6536239060636636,0.09547736989938653,1.45203425223786,-1.4006978512844281,-0.5360960857382182,1.8450918242294037,2.7287601773345638,0.6234729051903197,0.740963218134491,1.1416478070016274,0.7511817394279937,0.26295558815050235,-0.6876743839978949,0.11955428742303696,-1.1938004449174462
-0.9215501269979339,-0.5075862889067858,-0.6736960146289611,-0.019274561633349663,0.991596034135493,-0.41661579960730977,-0.11071640822111307,-1.3746634670364346,-0.7425450611662345,-1.1118079923397102,-0.6657489501777573,-1.1771045000289926,0.005176376764477012,-1.0490088332173368,-0.9765575278422594,-1.3167978353615204,-0.5824482693202013,-0.9701700955831948,-0.22731518290753155,-0.8264457580309743,0.11724140169858269,-0.9831351208578413,-0.17006201090861778,-0.15611381959084372,-0.6526089411822401,0.6610492398528852,-0.2987074934832209,0.16508110990729197
-1.877027397832085,-0.7364771935050247,-0.4876983391392615,-0.6259375417970156,-0.031044041297553015,1.318892326152322,-0.8613397147622966,-1.678648671201651,-1.6207904433116986,-2.146574637749871,-1.8777484491369463,-0.8819899760500314,-0.5874223522684978,-0.41965618089736595,-0.32114327113861196,-0.026451366537459223,-1.4286054831088641,0.5767750727634962,-1.7402818806712879,-1.215516340041109,1.5504730839604302,-1.0450956518999424,-0.39325005216923964,-1.5392762533699156,0.09467838343846215,1.0480298450960872,-1.3282607262124528,-1.6929241390294918
-0.05293442623961494,-0.2298488155623544,0.16916711255934622,-0.5117310845087647,-0.07040341322172698,0.20130048730606237,-0.497778419000133,3.7645859946762847,-0.862054600188618,1.7828836116699713,-0.6706062038418064,0.0520784704985987,0.8357454519272716,0.18330223945637544,1.6661724278436751,0.35003727993483813,0.4114159541378725,0.2688201032627359,-0.04991112183956811,0.15736365996087734,-0.5246057030947134,0.24240843438539397,0.061380541102512336,0.35053387682142917,1.728455623641553,1.3631197514758253,2.36285715563315,1.0129672675128256
0.8478522263986423,-0.16659700117551104,-0.6216498940319426,-1.1403411787698474,0.40994126212014304,-1.0943883722345198,0.09200759468349302,-0.5742018235767595,0.019156405727987276,0.22470373625959816,-0.057396445911880985,-0.19369911857081806,-1.3846684080706537,-2.82101230163323,0.24282299204159394,2.2971691940016803,1.5222735723651801,-1.4590161181553079,-1.6143773982061091,-1.5854884632327932,-2.072971130386621,-1.4804639908305683,-2.214651998502438,-1.771117866633379,-0.8258342029312928,-1.1532625003964498,-0.11554710027558482,-1.084846103793574
0.5870981953717789,-1.25303844666414,-1.3559325059111975,-1.4446511112791312,1.1310472466975012,0.9590031566576719,0.20624072273002908,-0.9210160997934749,-1.1328874400702462,-0.17706705094515948,-0.8352475405241557,0.08081658421174406,-0.7187783541860344,-1.157163753796929,-1.1912649769632784,-1.4505456946149302,-2.061265488640312,-1.0917635992001442,0.17735412080554647,-0.5140947121113792,-0.851145358674421,-0.9205919937788427,0.18550749333262015,-0.6643960871537854,-1.2954411755121078,0.20571715584750444,-0.24600892751378853,-1.9131340525907696
1.1392832022521955,-0.11931040265634636,0.5235104070164457,1.833785821477347,-0.45572143025618495,0.36800168364669583,0.15736221916946708,-0.38206649673298004,-0.051599419422676276,-0.5729985833954022,-0.1941524246571713,-0.04019553089025644,-0.816820109791439,-0.815313266583179,-0.2118068105254785,-0.6868103009335109,-0.2188038504431819,0.5487502916854669,0.46443907514483845,0.022574274462130697,-0.25542699996950546,-0.19504445642679932,-1.1728446544680666,-0.9981227755619505,-0.2479328842687536,0.28428191122923424,1.6112686590321852,-0.05234485020452647
-1.4835955804297878,0.8818985567243277,-0.7564698973573561,-3.3073661276535598,0.47329971356583256,0.6096609682012103,2.1062312507198144,2.9064895088769123,-3.52519498164758,0.6426177886903658,3.2926423707397596,-1.1726709420893606,-0.9582031383170395,2.8528302303702233,-1.6899524170159237,-0.9404175911784741,0.06450137751899072,0.3594853819546901,0.17372062329738147,0.6227105689014796,0.567989385260574,1.1163577736697137,1.3494941557994669,1.0001218536104541,0.9676120954435896,0.3840078866027702,0.09262880717976443,-0.0409383814396193
0.14009128504001184,-0.3842908775323912,-0.12486127526001906,0.029175471647442965,-0.20242065706501142,-0.17136444734386105,0.5817759655734355,0.38616582207658007,-0.9680001112646271,-0.7058112366339633,-1.0306925365275186,0.010162118033019687,-1.0818393118167484,-1.3344297750700977,-1.2856315065987682,-1.6185150418096197,-1.1569200056126607,-0.4391877510831028,1.1986834039949206,0.12835502603397897,0.2302611504462153,-0.6345939075169637,-0.9998402660808998,-0.9507312029031216,-0.8947830065357616,-0.09687693545425612,-1.0731961845353775,-1.1015396417243914
2.263374109115903,0.14842167160580902,-0.1821659349017705,0.006229266804304463,0.28703312263868397,-0.8049369453452423,-0.3431200977731084,-1.439596744641655,-0.7631788364288367,-2.8974643017101336,-1.8860768290255367,-0.6490692448674961,0.42592370568495097,1.461011447606137,1.5635177178666957,0.8943032170353156,-0.9524766079135955,0.30446859674633325,-0.015208482249397096,-1.6032416725150072,-1.2898056252730528,-1.2248265292828013,0.12452258639391368,0.6984138527627605,-1.2958195002370596,-2.392947067949212,-1.281295876634327,1.049213486957902
-1.229768601460563,0.9362796439931519,1.5217763584351018,1.019469037351793,-1.4369844727927197,-0.24752582601317613,0.850150976257985,0.7762827016383193,0.02032325174719236,0.1289609162131346,1.2124519330479198,0.5029121864977456,0.9724894542355733,-0.010518233992184238,1.1306429914722644,0.8479807930770861,1.859903365189666,0.7364135902903147,-0.4737397940174994,-0.3890691878305477,0.09880283085482706,0.5559321064667703,0.2477283129209056,0.08232637866029974,0.3556279769329212,0.6098687474416719,1.0130952599449639,1.3818929357478191
-0.390729420978961,0.12747380008485001,-0.2630706354160414,-0.2976504278240089,0.344047397605786,-1.348240164837458,1.0686780371892504,-0.8771588492497402,0.47503885853565936,-0.35433466253534224,-1.0318250357796301,-0.2940813787211873,0.1207528300981527,0.264219511975961,0.13051147195056967,-1.0819181361397479,-0.7749850385076542,-0.6823562937051063,-1.5098806855037687,-0.7240990391930203,0.33140077757286684,0.7988721615443132,0.963456010756669,-0.7838830080568484,-0.09857657046510424,0.9308839560174091,0.5519779965225966,0.31514770440711665
-0.6765559549891773,1.059175958185431,0.8681729221031234,0.33696749669259524,-0.8368796928411143,-0.5575733345016328,0.38631998789251726,0.030258615641886033,0.35138015365811404,0.15424997641134136,0.08321656662056143,0.8222155913786273,0.7038711303542836,0.0170053122817702,0.3714355064448563,-0.6048406221585465,0.37289217637004857,0.22281831569155391,-0.2185892122765142,0.04610901616462426,0.306599835286008,0.33928175419760326,0.9254266719752321,-0.043100649996651995,-0.2365419373262721,-0.0033613946846717336,0.23708394186284087,0.2298629075504426
0.14009128504001184,-0.3408138414544003,-0.5704337420688266,-0.16765990890413485,0.9651848990393224,-1.2830911050556046,2.6256299523780666,-2.2214489553530257,-0.565500461596892,0.42888924698797565,0.14046630749337752,0.7102509279271313,-1.3029332227737112,1.7782334890392075,-1.0980493065590953,-0.7770132488986861,0.1264236323661886,-0.6399540968823124,-0.2854399470280303,2.097245040146837,-0.050301092838748944,-1.122818298328687,-0.3118871321814726,-0.30024332455561176,1.315049712253913,-0.4941972532538354,-0.08111547658019273,0.36463461867256497
1.1392832022521955,-0.4860277563235237,-0.37024675541244156,-0.9937418833507887,-0.18185301214819885,0.7019884049512279,0.7993214273568278,0.6932035056047716,-0.563772614321727,0.3061042065060898,-1.57463060929114,0.22041119556969677,-0.14812803364783608,-3.0214498745172484,-1.364184635254302,-0.599238491795419,-1.1932405398024999,-0.3722816177917014,-1.0597085145821417,-1.6499065827716413,-1.7334342194067027,-1.41924246707665,-0.45820248583306306,-0.5987955805008627,-0.4437047887678298,-0.33242194379992634,-1.0774227766195128,-1.4250724579057574
-0.05293442623961494,-1.0976708129330444,-0.6785183085228429,-0.05184863996260019,0.5535301914094384,0.47618411651263426,-0.040500291650686665,0.4837502072567072,0.5468003478164353,0.1697886669585252,0.2420274260518689,-0.30997498158515896,0.0784140270264728,0.03374380099044846,0.4063382619092718,0.3389046339124395,0.9008601811756958,0.28021245847266013,-0.1963455212978113,-0.11045972537598016,0.3546911042563579,0.9348776732105543,0.3488490999623419,1.1605973671281427,0.9335309743255833,1.4462311994961294,0.4365053930246712,-0.0018837846644681267
1.467143050087444,0.47415478520289706,0.6664614585330656,-0.30851875041418375,-0.7565516577636808,-0.8705882316149307,-3.1320248891533096,0.11869806147028034,1.8024307663827157,3.597313643426112,-1.2280284832556485,3.3487483133650624,0.20838770596938236,-0.3256656833430919,-2.076498828487504,-0.34816533570487057,-0.23174833003974799,-0.9618776228644362,-0.4203219894476841,-0.6981470700906837,-1.3429072434314513,0.27956407440099634,-1.0677015207339509,0.06481981048070894,-1.3664593955225257,-0.4535360194730789,1.4731210705881015,-0.9310540927241003
-0.6765559549891773,-1.634215643156092,-2.0024881136555273,-2.2903066950130544,1.1804829639877548,2.439698047357758,0.2414360528742929,1.7107236322611739,0.9265033994963369,0.9726967693519024,-0.8648167553642443,-0.5263353954307297,-0.5108499356671684,1.4849692666708527,0.12189839554389881,0.022016430982318414,-0.14946645781305198,0.06763310567488136,0.23091775875588066,0.3372207719497608,0.9058235816518428,0.7541396765443107,0.0909098132159719,-0.4715434255357021,-0.35933913816269836,0.47010702637597174,-0.3369985314735978,-0.7044617247771282
0.8478522263986423,0.8965150219698768,0.6549156629019252,0.6749162521789132,-0.6127244791967333,-0.7654871202906187,0.6824790722405153,0.6396248361840451,-0.04640935248527105,0.2725182940624308,1.5967327491135197,0.8778542447157577,0.7649458148101838,0.6322088211729986,1.467267579540512,0.8346016326196469,1.9661041180477468,0.7790140877349779,0.7375499825829296,0.8751285494631144,1.592175316584923,1.3957338712726388,0.2972039983673396,0.6133213209185578,0.6024261807156651,0.7016124945873318,0.31074791665781676,0.928946683183639
0.8478522263986423,0.8057711830644592,0.7535980875107023,1.4510392275313146,-0.7246821551219667,-1.2653668747784705,-0.5262815631782602,0.20877286365341657,0.7621642525362659,0.6875098328890161,-0.09475858977096664,0.5527088236055229,0.15884624426974517,0.8162521385790258,0.3403232604596718,-0.1011445032059107,0.2657452090181206,0.3911765522300239,0.8520042983441315,0.4321617217722185,-0.24024775976518778,-0.1806822632776368,0.590504901279663,2.9924349893696855,0.25417804247967823,-0.46525497552751105,0.56821599131283,0.07619928787756208
1.838717544300725,1.1464081764313772,1.2527238885108527,0.14998263717695737,-0.9662881541258268,0.13866416349144658,0.4070044415679306,0.1868763349588201,0.16733468014586966,-0.2994953865928316,1.0453993068247978,0.20816372662359386,-0.328862399479256,0.11821942892364827,1.1606638168804957,0.9186876758116266,-0.5048114566176669,0.639902865450176,1.9380254117560105,0.803556823754485,-0.5622115923862705,-0.9524685463711767,0.039190732035642814,-1.0457526535600417,-0.4421854617007629,1.1455999292615664,0.11062800292120073,-1.0588329738095987
-0.05293442623961494,0.6812368626767645,1.913228965962336,0.890317847658793,-1.5319590199496111,0.5617982406592053,-0.5662913237082058,-0.1543678385647862,0.623309854237813,0.6753380209212216,1.472378276629011,0.5797896095294608,1.3952240489932242,1.0083100639204872,1.5519929630732818,1.173293948890805,0.48992983932727485,0.7639072422379377,1.0314642178604954,3.068224406452297,1.7893403541755781,1.8130683176854476,1.789886963401746,1.537051482528876,2.5627116988405634,1.2895260063279044,1.5101855606434655,1.0659445092734718
0.14009128504001184,0.2238141061325565,0.3767506154747037,1.8031994178009123,-0.24718168971286272,-0.5230562689856026,-0.6633754539451964,-1.1920347066765078,0.8235163098022572,-1.4391016168582114,0.5029664483954605,-0.7569698284528773,0.09251454472820804,-0.3854379590956812,-0.820034494389703,0.015860507151071478,-0.3457086329511894,-0.3304352213034432,1.5639036729390632,-0.42370801074720665,-1.2018945122450984,-0.1698940407867662,0.11202465042248201,0.92748016308484,-0.31936941330341245,-0.5746530535358393,-0.36456069250475404,-0.6133300279925027
1.838717544300725,-0.48510831061670506,0.2620312092503689,-0.2199443293521003,-0.5112069323061981,0.9341658931953148,0.21746856517187105,0.8606238205333862,0.46120614356438167,0.8765845611038713,0.5018518244041463,0.8100929348789178,0.5658630140922503,1.2073170950816507,0.5471360025574362,0.9009801522523155,0.36650003747870413,0.5602245739128765,-0.36581824320621076,-0.021483124131817074,-0.06831567776804318,0.41860876770073335,1.7909129804836543,1.2030833697960175,1.5685929010583193,0.9096162339997073,1.2888998482063627,2.4904297880440325
1.467143050087444,-0.8733006302700235,-0.12169963985382135,0.13883442746298136,-0.15112033347091838,1.4232451743348928,0.3811534938367186,-0.4418082188302864,0.06222452828454527,0.3437792931945415,0.7715796552075288,0.16500772390319005,0.597899021558638,-0.4082773837555362,-0.3837665232198521,-0.4948826447350366,1.6644626317090723,1.0141844276925074,-0.573397548348941,-0.6009768909766872,-0.4241902863504355,0.5922010887855649,0.20306552345686216,0.847004769340755,-0.4189674795134404,-1.6696804695997975,-0.5933362819902557,0.11351027045645287
0.14009128504001184,-0.43441718862788264,-0.2428030067442578,0.19600259036268805,0.277776473038922,0.3405337087611114,0.15999941043706375,0.37985333036186114,-0.39543647661834136,-0.08173152517277621,0.15866166016980565,0.1148187155756861,0.4612284686888032,0.08193507193618288,-0.04601393601165707,0.5253346795436991,0.7318030714449459,-0.2395556600146179,-0.30051705052085287,0.6030056694888316,0.5273015357952764,3.09514287173218,0.7894220861741268,0.5353755728823636,0.12069923448357692,-0.4202917501914875,0.5190150076157128,-0.3305130751971473
1.467143050087444,-0.24525684158618696,0.017954767609327214,0.31164512988307025,-0.12939006432948622,0.10975458315852428,0.23975832501483096,0.6188993222696654,0.7624278347098686,1.3575713662160505,1.5561725352538192,0.2809070022674448,0.9836161782151646,1.1736499322267129,0.6664622052746033,0.6317790004959309,1.1578978632099612,0.848990932534046,0.564901729899711,1.3046497402552617,1.8240940761202644,1.986744093349067,1.060451849397235,0.5666113208380233,1.0800816722585118,0.8667369123912739,1.3478733512392542,1.5302185724251058
1.838717544300725,-0.30119833020107667,-0.7801849128470683,-0.4462334010900416,0.8669125142500027,-0.9718266761231815,-1.0360550623526683,-1.1540076584460353,-1.0941709926514775,-0.6731830330229523,-0.7659235867259042,-1.0012091887986776,-0.9807528541117077,-1.626541138166665,-1.4803276148098057,-0.7353498669192572,-0.7648917474491622,-1.0345418445183314,-0.8387312222193017,-0.15168328300782286,0.03534859910412042,-0.4713485947607586,-0.4995040527210772,-0.21008756543305987,-0.4408073768817571,-0.8383033266622552,0.04779462738476951,-0.012044266577151184
-1.133878409405523,-0.4007507466934866,-0.7154251396994432,-0.6999076785974236,0.8067124446553835,-1.0573355219086322,-0.9340033496931538,-1.630963650921256,-2.2535386995354783,-1.7713529889496031,-2.1464537832336283,-2.9384937876811037,-0.6789499773991194,-1.7724708274602934,-1.6461087435809014,-0.6830205069286034,-0.2615202005236938,0.5183314728180591,-1.5104727904223252,-0.9120552346641015,-1.3455178211751029,0.945796250998247,-0.31148673527145937,-1.6565042119435887,-0.6534485351613946,-1.0658237736335132,-0.2229630991100359,-1.3944058776768744
-0.390729420978961,-0.00980351099145375,0.3286009766820283,0.7273409483333092,-0.5171789937821484,0.11039049443217745,0.7694514477535407,-1.2133501789701397,-0.08575522133035555,0.12041393448730608,0.3093394104308465,0.2132777264880802,0.1768211701650628,-0.783880653441161,0.9022530964317519,0.8928121627669299,-0.4225584236013899,-0.5153856184429022,-0.979361310508561,-0.8561831418199379,0.7871603667842934,-0.3399535520689073,-0.4157202172756398,-0.15275816257456698,0.23425700994765988,1.5554910784470455,-0.23436378617972928,-0.6086081761242372
0.5870981953717789,-1.2277339454012148,-0.9181897296733934,0.11984893542319357,0.6579868448147357,0.5016050941622698,1.0835512701371712,0.5174758465542271,-0.5175767805413791,1.4200447468164428,0.28025345118788725,0.8247521023859786,0.8005210233595006,0.6247571204511572,0.4180707574430473,0.8077302734878283,1.4279341704583535,2.654514836195207,-0.03418179727181836,-0.5625595880421713,-0.7991676452260561,0.5594704295583756,0.05110934372789916,-0.272277907086216,1.0405355215315792,-0.06278114303043601,1.0608512065941815,0.2917986959024472
0.35241956744760095,-0.11471970814044644,-0.2883895693237082,0.6323666557556644,0.03818343183496933,-0.24492567528716075,0.18623361028962035,-0.13608276153445772,0.0982663453040146,-0.7223864076529508,-0.34490953398473423,-0.08110614939199343,-0.39446734138601997,-0.6889760876771021,0.2630521034928242,-0.20711800456993412,0.5908663548134981,-1.1650752460064264,-1.1608855033089736,-1.4760563418354888,0.7923912947490455,-0.502265457459282,-0.8265288545943756,1.642639535996096,-0.6008335467342216,-1.0959647626539435,-1.9797716630997684,-1.4184538076232274
0.5870981953717789,-0.43447711085892743,0.17660643102087595,0.5818302012533383,-0.5432390034623534,0.030997058836789344,-0.07105685121508787,-0.2911732790368975,-0.34857304874885636,0.13607414364193135,-0.773044347251346,-0.7865752384845102,-0.4457304215818921,-1.688069795898237,-1.0180706169268738,-2.788249164238433,-0.9385383291259909,0.7837324943159096,1.008903900862476,-0.5495060266469601,-1.088611953657501,-0.8097482264284883,-0.391367482869485,-1.6791960934026964,-0.8069457420366378,0.27876514855055945,-1.460807402378236,-1.7642622359608497
1.1392832022521955,0.3944788082337525,-0.27838017592523595,0.223510689608165,0.48347415367115976,-1.4080154199322814,0.2891482447696733,0.13234641272691994,-0.17298124268618909,-0.30360020369910845,0.3656168324836321,-0.7128267401413184,-0.5779342719169855,-0.46742634662996624,-0.5420197879561633,-0.3850676084152789,0.8579360445841151,-0.39094484063870244,1.2657874395618907,0.3925784800225202,0.5327341956159379,-0.4450594206239226,-1.3198283268682842,0.17436422270596053,-0.636434681672527,-1.4786203431656428,-1.2313704652109454,-0.6662660221722891
1.838717544300725,-1.0096286111121457,-1.3194622710188515,-0.5566867359060844,1.7392131298172413,-0.3543310605601047,-0.0012290091607363965,0.1524615566552662,-1.4566966830156431,-1.2308554284444768,-0.7794735968327664,0.3503483016925147,-0.3857472292838673,-0.2962481884274162,-0.38468174255079945,-0.1617377310471455,-1.1578662922045342,-0.003051213056435412,-1.3484785754161335,-0.1271779924981286,-0.945007142631239,-0.9347437001306452,-0.688351333531235,-0.7996114574943729,1.4606528433384243,-1.1471649776625448,-0.604946370369818,-0.9689646778827121
0.14009128504001184,2.334806853331581,2.5402078492945415,0.46483051918408064,-2.2183485506748437,0.5538911238925079,-0.1152679379443616,-0.21799164415577485,1.183195624373854,0.571222879650337,0.9839283390093156,0.3932432911033638,0.4117952221166174,1.166979283930048,1.9478386917408426,1.7554357496450674,1.6164286917174284,1.6443205743354965,1.623187331077563,1.8739383418509274,0.9271007081774502,1.0270530666707842,0.8622065805673866,0.28650296245602336,0.5287531253219219,0.6351650917272729,1.3410882753173252,1.0448946660138843
-0.6765559549891773,2.502981994951279,1.2419744913214117,0.629330910110462,-0.8163219917745813,-1.1661763004548569,1.2211186301159802,-1.678477465477814,0.21647839286358783,-0.861333141628571,0.02416429765367894,-0.1961268964003436,0.7057327769257093,0.7145563887703142,0.45058812717509966,-0.47870783152239066,-0.044415307980298725,-0.12356205424060343,1.2610680003820676,0.7509319848183327,-0.36306972221452466,0.25957077410754165,0.41086166623590753,2.2784629845074975,1.4890694711865478,0.27436545970037357,0.42685529174131104,-0.18679941981943243
-0.05293442623961494,0.27276791495607616,-0.14406048305156954,-2.2375153112977286,-0.6245129137035753,0.2417435181605523,-0.29508231828847387,0.22237897996862427,-0.6267102779938398,0.4682589853534268,-2.2698563552876627,-1.4472590910517649,-0.7418799202843293,-1.8991894106708263,-0.3002867835577964,-0.046982837002687274,-1.417197556643422,-0.40782056492237234,-0.8525607906711475,-1.6571079695712996,-1.5632066668868767,-1.4427094414848392,-0.01873927160369878,-1.4885640751501328,-2.1185190065057893,-1.9689775061210597,-1.1578227226528846,-0.5828743343219315
-0.9215501269979339,1.7594443524696872,2.2789474130955,0.35193370777693966,-1.7568058686938672,0.8690949492081005,-0.23943003034862367,-0.22815651642995588,1.0645936706306,-1.0691887720018536,0.47337061628946553,-0.010574348348756911,0.37721625142828513,-0.44582686488366713,0.02452502525421322,-0.2071084713189644,-0.7622316907781399,-1.2567467684642835,-0.7466701390499799,-0.5858561886467927,-0.5241705486345962,0.9302334447821209,0.511082420457551,-0.3924383060577633,-0.6541083524055771,-0.36343474206275617,2.071318449256395,1.1045383727840674
1.467143050087444,-0.9556726031878099,-0.9385637235083422,-0.7080403481250954,0.6836339159556146,-0.47476778226360816,0.8448068382404242,0.8860761050806198,-0.12016469054368197,-0.8818921198838109,0.5774764041561954,1.2910623815171802,0.22625267064507015,0.47913658325295494,-1.532580611663297,1.0290654526324199,-1.4072599252231666,-0.9464325956730574,-1.6875451786038373,-0.7621527673505923,0.5670671426030396,-0.6063018234892124,-0.11082141121167742,-1.35688058450269,-0.6237677472248727,-0.6093203082189783,-0.584281164516228,-0.5834587365409067
0.5870981953717789,-0.8127030002986694,0.24525478132070733,0.6707745648927438,-0.10634236940231978,-0.8291857739535943,2.3004751571391178,-2.306634683157758,2.863873146895912,-2.851519376457523,2.8088924529579504,-2.1606578925603097,2.2256789751543344,-0.8883727561294236,1.4506712800967336,0.21684671223760515,0.2290883375367702,1.1310340001179642,-0.31429477502764414,0.004119291941419119,0.056344487689431004,1.3763188621192572,1.559959428839382,0.6588654888018116,0.9381595384978573,-0.2357393765169091,0.07633491094575884,-0.2259337078062619
2.7533624531334167,1.0231025629249568,0.8840166192159733,0.9744110854392862,-0.8099572825889297,0.10454171948781599,-0.5565054045929875,-2.408610081527038,0.4712279101387956,0.006265569819964277,-0.4266633095817152,-1.3191353762071933,-0.33622943210180334,-0.4211222898117262,0.07648690109490791,0.07863731075068339,-1.2632892515576142,-0.9977800435527983,-1.0955724014918085,1.450524689116403,0.9554134600389806,-0.4853290870581608,-0.37757099402876326,-1.2062691594576835,-0.7138749600737079,-1.3054917909631543,0.3808626079817964,0.5908071319950459
-0.5393592186642734,-0.3478150980467955,0.1353451852355332,-0.6161544461006309,-0.15827358998376714,1.2225536339811887,-0.2339853824315808,0.4861447494971415,-0.38485999129308335,-0.25449404275272963,-0.7247524962210582,-0.35053755677759807,-0.035583774431532544,-0.5513124548228927,0.16553165463199762,-0.7133934060772417,-0.39996362321836737,-0.6985414570203643,0.5521262978932585,0.8312593013877739,-0.97535075491347,-0.8170756139705923,-1.0912900601001354,-0.7443341242649941,-0.5977755108977607,-0.8228231304102271,0.4219595624299436,-0.8131885770069223
-1.0313751006570318,-0.9081761635820512,-0.8188246690587105,-0.24218317706154915,0.3717095765682542,-0.31754421605768823,0.6668222217048981,0.11600294708012397,0.583828631018633,-0.051059869056616865,-0.08395643028829723,-0.39538031055926237,-1.2274994428190762,-1.5998311246560943,-0.48828840751498725,-0.18281480714800705,-1.9558690902000275,-1.0610131155602438,-0.4957236234614291,-0.9192310165329165,-1.0557241466748601,-1.802375187940428,-0.872056720351107,0.049229339017739474,0.8737127838591331,3.0993796647512157,-0.0475772831999567,-1.6323031080938635
1.838717544300725,-0.5712823518771174,0.021204437507480366,-0.7171760941328464,-0.39587772675538124,1.0120435938895174,-0.033854857358954514,-1.0717405026702762,0.11832477181439344,0.1728174079912511,0.19192692141064793,-0.24371797807227086,-0.08353891848495976,-1.0018310636032095,-1.1980089304910788,-0.9898990077635423,-0.32888499116116454,-1.0232724574170393,-1.2214442942968908,0.022425903032512177,0.2204065841867491,-1.2626623429966537,-1.8609614271437054,-1.6051917775513984,-0.6234496278665984,0.5715089999004044,-0.23636661577587223,-1.0341499491790642
-0.22917529306014311,-0.040863798541883274,0.13746663244816062,0.520166794286945,0.00947459544236229,0.036211441737940143,-0.691121332606744,-0.7618922577830026,-0.7256609171179571,-1.37408254528481,-0.10205831075624845,-0.23514163109654054,0.17717254637320629,0.15920139377748865,0.7369536699954293,0.8975445877138796,-1.0435535020437463,1.5105781319153242,-1.0624549600510529,-0.7459277761729327,-1.302034205518497,-1.13703623967198,0.6819874621554015,-1.4383881396398577,-0.9928210746262017,-1.746430886897523,-0.4347791680665576,-0.6607485125859418
1.838717544300725,-0.6284453061509553,-1.5408540929964933,-1.827588400471222,1.966869250641929,-0.23006954977117794,-2.9075068553671004,-1.2136937593644581,-2.4674676861520335,-2.864044186064176,-3.0817274701861033,-1.7907672285904315,-1.7708098793224212,0.13201620947793072,-0.10370260309256782,-0.1499783890950797,-0.1603614068231663,-1.830396253693149,-0.7891917298252903,1.4517698812889581,-1.735154315044529,-1.271829960644415,-1.5479627558154747,0.5894439279493289,-1.6629179464103643,-2.3582317746538637,-1.602329696833665,-1.8673617080356029
-1.0313751006570318,1.862737342694616,1.9480739816709365,0.5485063620054236,-1.2463544128616593,0.8225898254716298,-0.7102194536058151,0.8017660082311014,0.5508036126410188,0.16276534026953637,0.5357896820688639,1.091470126809988,0.9542906310570125,0.7498124698320452,0.5129203337691522,0.3971066879232757,0.44470887591989966,-0.16712984908490283,-0.663307214766735,-0.1778493123802148,-0.19729890803526762,0.6480513096947663,0.3120928982307118,0.8904516423061405,1.234884549639736,0.2032947982611657,0.42849674752334005,-0.3361318959257487
0.14009128504001184,1.8868689753883583,1.2625839933854068,0.8819276554056619,-1.031165864642661,0.05494653722971418,0.22641047395288152,-0.30696386888874283,0.6489086617882318,0.4117645969762751,-0.3128989228718712,0.03533163108992683,1.1680121717437932,0.03652152113984411,0.4102002337198232,0.5143699609683196,2.7725555069315364,0.8762595179307913,-0.16724102940323624,-0.10412174294076733,0.7561846148179393,0.7676390777404631,0.6793925460874228,1.9261334045406437,1.0613109513901984,0.44219194378432547,-0.17482317369129916,0.5537455533934452
-0.05293442623961494,-1.0064969064553324,-0.3268081150583609,-0.5512123297654662,-0.011564038599195168,0.9419619993627241,0.18570644485754315,0.9738026283347264,0.9347903590131688,0.6009949772988372,0.23419971241114296,-0.20779309595324258,-0.30940680161246187,-0.03341704638875187,0.5684189228322932,-0.3600455154570289,-0.640099292908294,-0.7919350760758885,0.03137569133998662,1.1668842387768978,-0.18791230383878255,0.2452696047589773,-0.21704561660282803,0.8196486679538288,0.5525457673526515,-0.6531041926690444,0.26982263768180137,-0.7916844938407677
-0.6765559549891773,0.9575489304874149,0.4265456150429198,1.1792835886087885,-0.21398293616616293,-1.2587897121979104,0.8005253759800507,-1.614548492877603,0.00969982032243005,0.7008895518030466,1.8804289102514726,0.8885749883895245,-0.32090597415165756,-0.6883130738902645,0.889045177914168,0.04106140622579368,0.6348039733572279,0.6441153571816508,1.2783647663697704,0.40940793046044355,-0.21700510881096532,-0.18114553059554322,0.24583323121771308,0.0030475613984612673,0.06838809620863466,1.8999967457661169,2.1849705137951787,0.94572596295517
0.8478522263986423,-0.3071770657699776,0.31196983586081767,-0.1356637620567843,-0.4302514671513731,0.45814135362829594,-0.07286919165430043,0.16802086591767787,0.158438339534809,0.2688491600806155,0.041264319882936405,0.5421124322400983,-0.027692644433886287,-0.05635607640864442,0.49852210144207304,0.46308764408214204,-0.05978350691850299,0.74062848707628,-0.5287982062901102,-0.7327827685961384,-0.7051425910924314,-0.8295212972633494,-0.44056781723776345,-0.639991437123553,0.5219087136934402,0.5353041574373243,0.41228403057175234,0.3643916342651048
-0.6765559549891773,-0.23868590487216831,-0.41142577573510575,1.1640918513886913,0.3658217421917016,-0.4016816706935148,0.41912738635950986,-1.3348300815248144,0.2521964308985703,-0.06601443211125094,-0.8839498134111022,-0.13868828525974014,0.34305793280038066,0.34126547224432563,0.232855499781998,-1.3461341087887981,-0.9673468978839159,-1.213066091223732,-0.1915611167342948,-1.2262742974579828,-0.7665858563943863,-0.5061138841712534,0.6473973920664378,1.449527033186963,-0.18027136144482925,0.710585149393327,-0.6376751383367426,-0.262101859379157
-0.9215501269979339,-0.0020424595924338484,0.7145228118165088,0.9835131741346813,-0.8664991977924645,0.11217731174684545,1.8942337989771152,-0.18984672698202854,1.137766491242964,0.6725982657859236,-0.6046040408129832,1.7129129334495206,0.44613919435029514,0.6890184201463576,0.6814934781519494,-0.5213151206693949,-0.5943303845029577,0.26287279141951414,2.2059663297462495,2.099205036638765,0.19984815357409683,0.050993236251644786,0.8674234707757786,2.3024227335444247,2.040495384470261,0.9261706074309056,0.45513806209410296,-0.2990732688505066
-0.22917529306014311,0.1439890241231978,-0.09516027601012883,1.3790647368524385,0.16882170552186845,-0.8413022268158707,0.6169923773745926,-0.35024817372284184,0.7719939553983711,-0.04741074891999921,0.6049923726409971,0.32767889761046226,0.9743109264910229,0.23040580884725534,0.9842539691422247,1.3424162428448954,0.5677639843271015,-0.6811224231690292,0.18405068980193998,-0.8100992958421119,0.581449297664579,0.3820015866454564,0.06875926181488855,1.1732604479791735,-0.27799779617974196,0.7276420968686811,-0.8638311495103819,0.5969475612193466
-0.9215501269979339,-0.6789917363243,-0.7767490842107859,-1.1983967211384103,0.5092929577938996,0.6244084809168772,-0.8493541727697625,-1.8522516348485452,0.04696392912226309,-0.5722409879661129,-1.951430836565049,-0.5253390942969378,-1.392506658447448,-1.481428546967482,-1.0534319487845596,-1.103174979370284,0.42715855812534165,1.1810342295709584,0.002494549150929562,1.7885711975989953,0.02393183252103755,-0.3787714109302546,0.7734259168090212,-0.6994606867725834,-0.5307003227221884,-0.4977852163458075,-0.14844410715047487,0.7869787818587946
1.467143050087444,1.0491102741867633,0.982253260840471,1.184322663985646,-0.6001609618734786,-0.28855516367508327,-0.3774560403746069,-0.44013839023901746,-0.21147123182522112,-0.5205738313415736,0.11636087029979954,0.4807334573497401,0.3023739708460125,-0.6469536834347469,0.5789438696125793,-0.3301822800502475,2.790799624030749,1.0671991989934528,-0.12291559737598187,-0.254909256881697,-0.5081199524588886,-0.2509769990472034,-0.18087304028905535,1.4494106653257526,-0.03129932422747654,-0.7633685857676429,-0.11998813396369946,0.658912643470459
2.263374109115903,-0.3669685556265146,-0.39630962239368056,1.2145771002760022,0.49583650959077924,-0.354391005534408,-0.18566659686153406,-1.687750539365507,0.44221955050254425,0.5129355738706411,0.8791567526975085,0.4041579190576573,0.5894950657077604,-0.38220189583095515,0.32173526007347064,1.256304827809974,-0.35373025932923313,0.3568158490525347,-0.950568167532981,0.21705698391278777,-0.212311806712723,-0.1567577614139738,0.9131121209166871,-1.1586637135121376,-0.7832896875931741,-1.6347788681969804,0.13047866669927582,2.578950490823805
1.838717544300725,-1.6651175404971787,-2.1948159779602894,-2.474294503721214,2.4552517820424957,2.687057799243647,-0.7520487471402663,0.4776606246750727,0.19532847164569692,1.390051970849806,0.5219758834861494,0.5971115448124826,-0.37636831518318825,0.26931042580748454,-0.3916600520436048,0.43893563325724516,-0.10348067854536495,-0.6399172452409243,-0.8639874956723417,0.020594007399951646,-0.7561271416183472,-0.4042390294941882,-1.163878187961941,-0.7076353990648748,1.1542179045543244,-0.04115256791838074,0.5309029994841936,-0.28581693094043426
-0.9215501269979339,-0.6662965714488334,-0.8556022304355411,-0.5372942561024143,1.0549622794097797,-0.24393920580378176,-0.7072779424204771,-1.1504725389976105,-0.07708768925235321,-1.0869992155814427,-1.4063796559061044,-0.12781322917785162,-0.253682445963473,-0.19937931471059428,-1.5453749519455064,-1.0141326854903947,-2.2536953797139514,-1.2980185120940957,2.0368762689233586,0.22065828695382747,-1.798187283213778,-1.647002549657413,-1.0742764759304848,1.7174305787916575,-0.8412003064986976,-1.8627013744035628,-0.7852170713221178,-1.603553249082165
-0.05293442623961494,-1.5273110812836876,-1.113753192425866,0.44778320119068005,0.6518326765023084,0.8634732345867173,0.9214987437694654,1.2455642446802804,1.7216435462004818,2.010135814165526,1.4932236183787293,0.6734168002372795,-0.17015659771071456,0.3868380850327006,-0.6409771568452844,1.172872583042001,0.11388210863720194,1.7714042742776495,0.7820888519245571,0.34235852325169697,-0.4567395467928822,-0.32433432904703025,0.632177773739697,0.9431978445964712,1.7793254194942247,0.3341759267879646,-0.4249886258609332,-0.5058560987018752
0.35241956744760095,-1.0622304837793923,-1.2461239945931168,-0.1526972406947754,1.0603483524762616,0.5464229167345378,-0.5700201727736327,0.23805452748692058,-0.6352709746318704,0.3817155367666358,0.08955360333130388,-1.010342801299273,-0.8178349300480465,-1.048031898058886,-1.5899447285863157,-1.0009108736466403,-1.060267122246023,-1.8641208587490778,-1.7297169832024022,-1.3900962453011425,-1.0808011614496504,0.0367921368731207,-0.3622216377188758,-0.8070294445117876,-1.7092874483333287,-0.8962864951018438,-0.3003791910299139,-1.3917388784593694
-0.6765559549891773,0.9436931502252195,1.4933615703058287,0.37107143272623166,-1.1456101750196492,0.31327094800193256,-0.879426908308464,-0.7741680498742317,-0.6253283164049255,-0.8160532070672076,-0.24547861954762729,-0.4126294034324535,0.12571864527438237,-0.8584324148867036,0.433785204769974,-0.3188423242597883,-0.20693017072947342,-0.12149619001558741,-0.09930000293790393,0.44611442774784427,0.9039427287599822,-0.013622509837021327,0.13650125762267207,0.5030339218066384,0.7169351857120697,0.47687300428563584,-0.013950884672784417,-0.05846948876280906
-0.22917529306014311,-0.08753185520915562,-0.15029854906448775,0.6068053663143501,0.2455742545418958,-0.2722681890880892,-0.2664249059857868,-0.5082883482430842,0.028243100010409465,-0.43340071061388424,0.2680541603431948,0.15184743053475402,0.030703392661517736,0.8231538961132805,1.1270121733408927,0.6844234382751831,-0.6991493786918382,-0.05073258206848396,1.1584462271616844,2.9043097931451327,0.9078897625981804,0.14922999996508649,0.3537137660139569,-0.8086242114674285,-0.7211830827456612,-0.12973274000515045,1.7478598657493798,-0.12944344112969217
0.35241956744760095,0.8107874959097642,1.1206353438798224,0.3629699847843638,-0.9196614401632947,0.3453055797352355,-0.5309269062746835,0.6052596032343958,0.8435716363369288,0.1582878360587975,0.2095939268607953,1.2804742215102274,-0.06415367535667398,0.5583205261563237,0.3817610203017804,0.47947837774114394,1.060006047363723,1.2343718988328665,1.7665931741361702,0.20641196253016922,-0.5657809897744798,-0.1155304442475787,-0.15794844033029473,0.18742081555223936,-0.19211846514522943,0.3357449298480312,-0.01614784196027885,0.7197814550438801
1.838717544300725,0.20630484123401263,-0.3439688483611501,-0.05078278816638344,0.36443470945400874,-1.7903418809118374,-0.9077770864643688,-3.65764027083528,-2.268967733519147,-3.472902428929423,-2.205262963325568,-2.6543143166732652,-2.5193583186067707,-2.1006485284111163,-1.4163930719984306,-2.9493301609996605,-1.5052332839368638,-1.044419868805614,0.09888057259492564,-0.8671941765443423,1.5089735604395917,-0.49007512252026475,0.326646231074384,0.09635676331516142,-0.7522263127886809,-0.5024848999898348,-1.3536658704685367,-0.2310830144793913
-1.8198620910300418,-0.7859526176337648,-0.9142649421637753,-0.8691819274935956,0.7319056652576967,0.6939018653833191,0.29133955899397823,-0.5234927293368349,-0.251016644758778,-0.051721803816557256,-1.0835246915736738,-1.188613447402887,0.4747617619582183,-0.5634391619679916,0.00958974542601995,-2.178291009317831,-1.210948031293841,-1.5951611324291795,-1.2924876852542,-1.08967351551238,1.2718513754831748,-0.7064640844752366,-1.4828256077958992,-1.3108172540682426,-0.7566715138479937,-0.690813376247898,-1.1116980748293825,0.1599374849224029
-0.22917529306014311,-0.8386206328597048,-0.4402410067282779,0.36373668507404927,0.07660700682199048,1.1500050789681606,0.8578138485143083,0.2685927190435874,0.006738619070980147,0.39584482302812085,-0.08472291462438918,0.4610524182308542,0.15521163273534017,-0.36394683241076803,0.07640054058193836,0.28272234134946855,-1.0382870296330815,-0.5413046579408133,1.009410217244717,-0.15929335803400566,-0.26752658351262454,0.4089304533454919,0.20628527767152152,0.6279704528737412,-0.614599973106408,-0.9856819852770659,0.1302098510133758,-0.7548309978474383
0.14009128504001184,-0.5268695349801914,0.018001620371601544,1.0328626548022468,-0.17120556727279984,0.5784998096747247,-0.03832720685910711,-0.5651188833566371,0.286123137862392,0.2211004713741833,0.5522107133726066,0.6256693738808375,0.5930605007609807,0.5324886795218939,0.39038359783007476,1.3759518556634929,0.7692227400418786,-0.31958982203412184,0.2583506934673937,-0.1802589192649262,-0.7931908678217218,0.9342050519628734,0.23223482936391765,1.4236555688653303,-0.4199705207618253,-0.950465174505279,0.08951864024113457,-0.2987570865893566
-1.877027397832085,0.6765553837177795,0.9962161204800638,0.9275415065462566,-0.7774533622993568,-0.08204583618217172,-0.13472928349072832,0.7301828629259531,-0.14545118396542328,0.7308777563970318,1.2884576153164145,0.44823570994526424,0.8634523006566193,0.5567828402067382,1.184238380501714,-0.011759588899036819,0.03271112279584565,0.1607430058829185,0.22625109057927675,0.781530181996597,1.010675633354509,0.027755629767237777,0.32039745859497176,1.3949200590406372,1.5679682608408008,1.662240834253247,0.7357768269842457,0.004705202778159408
-1.5585349742207013,0.32813328023316,0.4287230701895524,0.494490804267997,-0.2732060896589575,-0.4682370021069151,-0.40928766815180906,-0.31293156630301316,-0.6285742908595695,-0.5143346591307639,0.12704518999891096,-0.26935667856207224,-0.4350936964943699,-0.9219027140218753,-0.34918256135140363,-0.7592424426199853,-0.5518396291459485,-0.409572375580359,0.17724501319078176,-0.3505477886593301,-0.37546708710619386,-0.23615546585443087,-0.31400344881795156,-0.037081750729844126,0.1069330370291345,0.7691586574354485,0.256837007218592,-0.6561190434926963
-0.6765559549891773,1.6820951404159785,1.3880671620458318,0.7305795789288146,-1.1416004920835345,-0.2495076068636439,0.8736627281422737,-0.5101507859712394,-0.27124961337964093,0.23039177501652425,-0.040862930066871125,-0.07679350550693224,0.3881262612355459,0.24564072682969695,0.5870717392962151,-0.1590750325464896,1.1996108971599957,0.7806745063223219,1.0037259244519743,0.49523695413452085,0.2854980549271975,-0.23965829242836187,-0.24123326548612406,-0.1377657194372683,-0.24403197329880738,-0.050591239525516134,0.15020500322262215,0.6019664842155907
0.35241956744760095,-1.0468407301454765,-1.2211989915371468,0.17895106520524293,1.6884906245502245,-0.8026961272745664,0.4005976640332044,-0.25674956278746686,0.8378057657595607,-0.6837185190190576,-0.23712501622331567,0.004870965018813565,-1.2413520012355965,-0.4713490719885211,-1.180759968943792,-0.7126995545449779,0.6689676950978566,-0.46963589609881484,-0.3635010256675408,-1.1130652201458477,-1.2188394297142007,-1.6846355800734858,-0.7173927001131379,1.727457374337671,-0.13367973300424935,0.3773431983182631,-0.5916259421887144,0.32851509349642616
-1.4041144051970003,-0.8908387081611527,-0.39837564554252697,-0.003951848753657058,0.19778464760203399,0.39116000077564367,0.5056074431792053,-0.2361867392702189,0.9322183057991669,-0.032114748163376616,0.4541123825107061,-0.36561717542896127,0.576182035578518,1.3972033204350371,0.4020715785698529,1.8167524666657335,1.952904050948842,0.16078187466678281,-0.02973127627191526,-0.5914675549641777,-0.12069106124516807,-0.6668989106300808,-0.7189515891764581,-0.3456124579469238,0.6395773176987362,1.1986104673968467,1.005585527192493,0.9697167808664867
1.1392832022521955,0.7594711856231268,-0.30917672942473523,-1.5555869413821697,-0.040061500985176135,0.07451162772604646,0.5467919480370897,-0.3095444444915967,-0.6870764461106244,0.3902909058399287,0.3198320784794835,0.09911913758997887,0.3419136461968811,1.0955358711124203,0.8576788335697626,0.9119497623848962,-1.5324770371374545,-0.6720103699457988,-0.19134924828758487,-1.5333845627110585,-1.115883866867313,-1.1155820688649516,-0.495535587565702,-0.8959918203990821,-1.8268956943601182,-1.3910697611003768,-1.5984249962597772,-0.3309456213849798
0.35241956744760095,0.17329639562669424,0.9037335054826112,0.12993649693858686,-0.5893564310389277,0.32554195774076733,-1.1092355079017755,-1.2102261241049725,0.1303279619920715,0.4765737987098915,0.7507032579431562,0.43001618208756587,0.8369100386268298,1.8692097489265287,1.411324099324468,0.28608642572589665,0.8931361033511499,0.796558184419824,-0.4162376564228248,0.16742868393680624,0.36446113858589113,-0.1917308187396235,1.8904577521095653,0.6556926637410545,-0.39847628918698036,-0.11820579752386033,0.6313243683506612,1.4718238778216641
-0.6765559549891773,-0.8238304899177433,-0.007329428244802985,0.18269555191967585,-0.9086612304803978,1.8213267106513278,0.6401983212241829,0.8939212656833675,0.7703799463072148,-1.0254030375577974,-0.39395947947152504,-1.2481804910074723,-1.209159313936901,-1.0471552055418696,0.46755794607119133,1.6896775755668236,0.33559536280950053,-0.7525752731836949,-0.10420114551800234,2.5001271961923544,-0.6362548618801387,-1.1666635969603416,-0.45346826158728826,0.1417308722308522,-0.3347682521082122,-0.38362673726863583,-0.27445092533962057,-0.1522041366429614
0.8478522263986423,-0.5570073346932237,-1.4122496608938073,-1.6000168079887729,2.05272956026023,-0.45826043496483154,-3.339977763016169,0.3519648710898777,-0.5237784529482077,-1.2228783205460276,-1.0657049394524336,-0.5958288438349378,-2.2615179971248747,-1.352912313501527,-1.3826036697478479,-0.8692293849814209,-0.6007124296706552,0.2511550556117339,-1.2542801953042533,0.2155714406929723,-1.3340881409611058,-1.1377226819042021,-0.5337808435089643,-1.0569936998390788,0.031223681996410162,-1.4291767776436861,-0.07172785243104843,-0.7870545082304093
-0.22917529306014311,0.46216535792411845,0.6514086498498535,0.7898964955068193,-0.6855936859297425,-0.31191144908166785,-0.6916549465456356,0.8272561486658013,-0.3685826590656901,0.34947174176053775,-1.301398163659028,-1.3930472874666309,-1.790113993045829,-1.5051035508823079,-0.8036925500922165,-3.058891624375785,0.04568256705415329,-1.1917225515205696,-1.7493356020195987,-0.2920572106106898,-1.4706369440556237,-1.622535555269374,-1.8772869933495662,-0.02821952493462712,3.6847413383310874,0.42975198591966457,-0.2547960693509342,-1.261008913744364
1.1392832022521955,0.6697235414316216,0.44674478329807177,1.3530960942882593,-0.23566052977638227,-1.0149576096529451,-0.5029787677167075,0.2942939442664743,-0.48777627855286665,0.20429236073890628,0.633154956065958,-0.08406662648709405,0.6882908066292254,0.18713662383418808,0.473660460600994,-0.16389288003499036,0.2867426055360349,-0.34447507601309235,0.044107551612699636,0.20233285319035835,0.6129494826528872,1.7820836339808146,0.5289046186993761,0.6703363003409538,-0.10754175238011077,0.6407521513780666,1.2410315640929523,-0.13426151275724318
-0.05293442623961494,-1.0306192851380667,-0.3322067979374082,-0.6642205203049427,-0.36432427730094213,1.1980415720044275,1.56030686430002,1.564551979829547,0.37140136361230963,1.6879005074182487,-0.47230949730291927,0.14831348083009518,1.1071260794390396,0.08537819998361167,-0.20564331661889695,-0.4284174340233895,-0.9663660042395399,-0.6147018005551161,-0.8115643532010484,-0.327684414339958,0.5274941234044297,0.2299612406025227,-0.04838795896746896,-0.9295767584769652,-0.19992028708512144,0.03959780344318336,-0.6110099969210934,-0.7672595064021214
-0.390729420978961,-0.8069354255648641,-0.34451772616343806,0.04013413754973064,0.03657736563840763,0.5037147826016574,0.20424112757370608,0.01916761391747675,0.452728215435355,0.5818120573575575,0.3843289660411195,0.04399209385774269,1.0258395262649942,1.0367426318245117,0.7713339846115286,-0.4743550759834112,0.1625867765651659,0.037809654167499936,0.07124660888601289,-0.003164777447420697,1.0681880592094666,0.300979123514077,-0.7235022721043031,0.0827057066979906,-0.6128045712400518,-0.08390721453618244,-0.3889922963165602,-0.6680911722842021
-1.0313751006570318,0.7580550412963208,0.7617880712095326,0.14537856041933064,-0.7166924057984081,-0.2738809711561111,-0.020813806409674965,-0.0765444963988924,-0.1572045986547826,-0.5253443405003811,-0.2462116397326922,0.23223551645125257,-0.2570915603399313,-0.955764747193857,-0.009278394549416289,0.09040432158810588,-0.12913265152687886,0.21845872772413785,1.015799074242608,-0.2846686639593919,-0.6665211319837028,-0.8585701368381209,-0.3034170170792247,0.3141927952840973,-0.18163304049218038,0.09127009290783678,-0.058713278460749196,0.28425732469210335
1.467143050087444,0.13026172561415802,-0.021837569920542258,0.7176739925075206,0.23146823103805766,-0.9479957014513325,-0.14789639034725502,-0.36805447988111156,1.145021024067666,0.3096142567196321,1.27600948910391,0.8797708602968277,1.3928478020846455,0.05293466908321952,0.6732590871492536,0.306596446376443,0.06707852146005806,0.06274176791783588,0.026302686438592324,0.08004743753550923,0.7096840259626283,-0.08162069643754767,-0.0926432350920437,0.6638359633943591,1.0004266909898432,1.6782358607349501,0.5171773622038323,0.2378576332094458
-1.229768601460563,0.03812090188532376,0.504180978338339,0.8761188904383506,-0.5411084663517037,0.504618378158062,0.48261268792778644,0.0034915358772421045,0.6272375571545277,-0.9939057790164643,0.877837688052441,-0.35500136879409777,0.05803410758305309,-0.31902116358372207,-0.14764829803086052,0.0028297831725186485,0.5700944809210605,-0.10000485583485766,-0.35161100552051233,-0.04375529888725519,1.1562667004222589,-0.12890764679352398,-0.022617882061885457,1.0634449810676314,1.4919703168387806,2.0619164528080454,0.6253470377440077,-0.06983839935480493
-0.8035899701048288,-1.0471048758351023,-1.3265324676669017,-1.8169184788801975,1.6364176369141108,-0.4541014526476672,0.44587752876209186,0.7135372425555173,-0.09074565994081805,0.586781928461206,-0.3565869002259207,0.5332313716215599,0.3151092857939925,0.3976001315723827,-0.09456569314534916,0.3500202507808884,-0.7782248354061242,-0.9172507506378438,-0.7227111052179761,-0.59234810548767,-0.5033752052472189,-0.3088931172850662,1.2793855952864466,0.6468521965822988,0.6867306339772283,1.010156823083217,0.4179404624533629,0.8841868597457422
-1.5585349742207013,-0.49286408567307377,0.6147272699046323,0.265961639106055,-0.8946341127722941,0.9131271928921234,0.8654397658661956,0.697576804756321,1.2555122451739786,0.6450573110990822,0.790509825376366,0.020486043764059242,0.12789481557187582,-0.4250537476478081,-7.473355837208497e-05,-0.4531317528933808,-0.7593779788091543,-0.8315733997945738,-0.04365326529156182,0.2897514401158015,0.09854302256150711,0.9491089823913547,2.955337889880915,2.9990829582933607,0.7871834790434308,-1.1218520100448597,-1.1434045795089596,-0.9002778632910003
-0.05293442623961494,-0.07602215213365209,0.04163255465668092,1.4818832314335992,0.1793807307555891,-0.4615693600807658,-1.2308790863657753,0.09347483651385699,0.9552789240006488,0.13171410366944278,0.416457766617745,0.1816016440995064,0.8102635363135724,0.7049073231883789,0.6900614355597502,0.5620128247550014,0.9507858291747736,0.3460631607547054,-0.21298764159692585,0.6435891038495933,2.0305257956484244,0.6949119242161191,0.7637158225260768,1.1830963913214152,0.7015773231834497,0.6820541582603913,0.22541107891117332,0.37557828810446536
-0.05293442623961494,-1.7450217768141352,-2.21924129196365,-1.908051962829759,1.6311175647149154,2.2405432338859286,-1.2212614174740268,1.0847759035760454,1.2704638155079253,1.3595500817371846,0.15095646909299706,1.3436357357548194,0.926464068544404,1.555687453258196,-0.0010022892423081783,-0.3187409758074441,2.7172368544860803,1.6610122731594346,0.10233921267080119,-1.6269016954862696,-1.8371988037795384,-1.6484713124818313,-0.2591715944723573,-0.09023995614333594,-0.8295846386375023,-0.9145679341236045,-0.8810436011620043,2.4123486339941356
-0.5393592186642734,0.28281671091708566,0.1588902415136424,0.9134246997395248,-0.32994784937784755,-0.6178932646192198,0.5104165411457905,-1.5499023265519059,0.2653287029892131,-1.2219220895817984,0.09477459776738582,-1.1086394090428116,-0.3734992160123957,-0.0095264002280904,0.5769592831825328,-0.8786361666135678,-1.799498925916802,-0.284249641019738,2.5247077531709476,-1.26789960864758,-1.8216875785555993,-1.085011637074031,0.9007030230096651,1.8399331872989868,-0.4273351861165521,-0.654771597402508,-1.4202206631566514,-0.7278501361586831
-0.6765559549891773,-1.291105159154527,-1.598133660659442,-1.2666367005102332,1.356978512627689,0.780031291515245,0.14510515783712277,1.385839999997261,-0.023064934877311746,1.153946522445289,0.05454702025874136,-0.2697074443548399,-1.3388046707667713,-0.9610426428321531,-1.1670528714654913,0.9913056870616122,0.6249726144273667,1.761407083419478,-0.8445843822223473,-1.3107227124056113,-1.3353154245218664,0.21617031481440438,-1.6662544704997935,-1.7770442359990586,-0.19840385964281188,-1.7517763447303132,-1.8790999214417594,-1.486809313381202
0.5870981953717789,-0.051570936640905,0.28789303575662034,1.1311198085552856,-0.23390519832453763,-0.8813780647302657,0.9311899194384107,-0.5184608816137312,-0.28676379560909987,0.4454444542590001,0.37835705170601447,0.7847304578175864,-0.2569999827737252,0.17076713827844803,0.919592869971408,0.3022432872119183,0.0844012978844099,-0.13879303158231954,-0.04244616424899803,0.3512872522163062,0.29255650597830374,-0.04476655024866202,0.1025954595967185,-0.2995920506929354,0.5312488628731525,0.6225158630167551,1.7045351013043335,2.2202175499269603
1.467143050087444,1.314182343098322,0.9631684816840788,1.3952807856595553,-0.861981464732859,-0.6030324933677286,1.0479852128559526,0.23731658046255724,-0.6013609755262501,-0.6455662311230215,0.39135468935577084,-0.8052593996865568,0.45754099172941737,0.03553485452221594,1.0164563668741298,-0.2844395892285017,-0.2582200575774222,-0.04467657727876789,-0.3535820738029289,0.02197438751094622,0.9796169549366597,0.6331948841803646,0.3765592250209727,0.2202854907801685,0.5149224493695803,1.0298364533840942,0.43170649845470177,0.07928835536432678
2.7533624531334167,-0.8332347883544236,-1.7049948955267509,-1.783617004030624,1.5524114522439494,0.6280068278618698,-2.4631492414934035,-0.5189849563617569,-1.7971949821359252,-2.960399829299132,-3.268107385915058,-2.1414480236347435,-2.1695869537216677,0.08363523536161843,0.6618357481437254,1.5528727333160022,0.9353318335855728,-1.5045900387743731,-1.21648859790941,-1.7962513363906654,-0.6869828150696108,-0.9238646971839343,-1.9063853226481198,-0.9284900148388349,-1.8759961849692524,-0.8544651499675834,-1.8164596426274298,-0.05002819716577069
1.1392832022521955,0.6302149733402381,0.309556589659631,-1.5323870888330864,-0.4155408575505159,0.1080537775155793,-0.40332627162138907,0.26973471697134505,-0.4816331796815994,-0.6822382334086429,-1.2657892136413988,-1.0177623995590734,-0.4141178627625918,-1.0094553604515863,-0.6272470391613334,-0.4693016264981654,-0.6366079459969443,-0.4027882599392171,-0.633423851389506,-0.2256993651501646,-0.4538699983968347,0.0851592387094842,0.620707340698082,-0.4465475049815665,-0.552836058121695,-0.9059869137514576,-0.5609562107340758,-0.5910533090138618
0.14009128504001184,0.23412068568338273,0.09293814373139606,-0.06837604105197749,0.304403416561438,-0.17184935722724415,-1.0192969432638725,-1.0710498080660162,-0.21113377251315574,-1.1054092604368992,1.4310821448846496,-0.9868114691759975,0.7180158256077214,0.31533440606346125,2.012043163079104,0.417145716003237,0.02981552187372648,-0.6337195749834721,0.8464701889740649,-0.7045851860947292,0.08068319179295748,1.840940636510571,-0.7612333464687889,-1.4316235058087403,-0.15753158842476594,2.2276170522071097,-0.6348356962863273,-1.020580749474995
-0.8035899701048288,-0.16504822205611583,-0.15980356122904546,0.8400869661239083,0.2884892248229162,-0.08996292254740777,0.1882117517598108,-0.6413688143480155,0.9619818633217553,1.0895459012322497,0.10877367795209644,0.4415917651202445,0.27650456472740526,0.8298488472221558,0.41389222759455785,0.22440104482045628,0.4643211972594155,0.8912302063107029,0.2378811778793655,1.8643038769799518,0.3793217960253747,0.35952141542862065,1.0374447457783058,-0.41579653647579884,-0.08098172374191161,-0.5548054289679251,0.7455556848717048,1.0062488556393794
1.838717544300725,0.10730961347212846,-0.37474510520893034,0.4754911407282698,0.8189062926256648,-1.262177802145534,1.2851948381259994,-0.8589857123484059,-1.8875459643294932,1.1724416699779159,-0.9269144210201327,-3.3450009596058314,0.7264005176611502,-1.9862372268908373,-1.16369642276682,0.31178660959988796,-0.20221596919833232,-0.7485897099807677,-0.4006247846229906,-0.3011604493718198,-0.23840627599676387,-0.36228743231822025,-0.11475163533404521,0.4780253767876623,-0.43473785181678626,-0.5374577844946404,-0.44510390507981623,0.18951148388154257
-0.8035899701048288,-0.26680021960731193,0.016599577214170866,0.7721793527115998,-0.3196383879108819,0.5524578395569156,-0.36543751178952216,-0.29987892823987256,1.1660700275981244,-0.055966054050859915,-1.1310750860783014,-0.5399020034800056,-1.031409444095051,-0.7801763261398903,0.5848867834252538,-0.30662584754751854,-1.4568707211424954,-1.0900521313916771,0.24148607920875884,-0.6544837283342074,-0.7981906068913976,0.8559917983451627,-0.008293447998605204,-1.4263666786489773,-1.6328088533747798,-1.2462522226320993,-0.5624687571758208,-1.2641441726186389
0.14009128504001184,-0.4685670705622736,0.16925393982186088,0.43135134701104993,-0.261780874440043,0.8899089307888722,-0.5196458636516228,0.485348157318846,0.4594371356878533,-0.6199948366877024,-0.56038730908752,-1.6498461159204865,0.040619435947213046,0.6880353498626696,0.20388925355860632,-0.9780462553281853,-0.4807343208191082,0.04753134991289414,0.8104930583439756,0.12207915079709154,0.09023320577306977,-0.16440152111041584,-0.30992463990475827,0.19529922422855858,-0.6419004743406,-1.1289043882437373,-1.0089839067192252,-0.7979407704746376
0.14009128504001184,-0.8260316673483149,-0.5428192676547421,-0.7835846285671997,0.006755328644599377,0.4736898061318731,1.0670636783102143,0.2740337520434212,0.5422241771552675,0.23651257998643108,-0.7901584545014229,0.2983366098544523,-0.06626890277837723,-1.5988176749959522,0.3133130973014564,-1.9401450184231255,-0.39276744714054157,-1.1485858820893098,-0.8632134734170107,-1.4850679820047332,-1.5312009656008194,-1.7802760756170544,-0.3584362446663015,1.6946556729108313,0.37459243851859103,-0.35693776629389534,-0.8597448456123261,0.058321597571730235
-1.6962614276742725,-1.1919626144544333,-1.6892939257174306,-1.91381002039885,1.5282747713347773,1.6708301319961174,0.6610830506400821,-0.9229187313023837,-1.2336458494030051,1.0374691997153684,-0.0677204482815199,0.33379025948258095,-0.046369243859266704,-1.9011153783968138,-0.6276872024111074,1.0954449794069248,2.693555104262366,0.18348333916829498,-1.1664174020018785,-1.5488866718233048,-0.6797104863691943,-0.0320365927164855,-1.2644550764664362,-2.0440121602359245,-2.222438925264061,-1.3679106419931617,-1.9229934830771904,-0.18029558391224632
-1.6293110683565644,-1.1467300068638873,-1.3855558483372126,-1.49090555850292,0.9062189418902546,0.5444400493814108,-0.17667570423068352,1.0050320719932837,-0.20635601919253413,0.3812759585821889,-0.9545792970297273,-1.350275793996084,-2.0723737685405,-1.4869093392236654,-1.6931337067219947,-1.1398926030039487,-1.5958340427029973,-1.4585179615461434,-0.8213763368158906,-0.9962729004135359,-0.9873654575096044,-1.524353546822558,-0.6959913288678995,-0.2200528724091424,-0.3081683917825536,0.3048919550618923,-0.9506977165196019,-1.3650937528938891
0.35241956744760095,2.7823055813161406,2.208301031665175,0.7479535499958163,-1.7686638832773975,0.06278632005471306,-0.7305354123197095,-0.3869128461115512,0.22764352819553113,-0.06444012651591852,0.3419097739648489,0.35779752261752357,1.0491826493105165,1.3034185614292062,1.3544560346019492,1.1043628359621263,-0.19582938185499343,-0.8307715856603712,-0.11867052672780197,-0.4328439415182527,1.0321150528091787,-0.048347167063454516,-0.278228297718375,0.07667440575101539,-0.9392125068840634,-0.5615487258905927,-1.0243222853788037,-0.10018650988960996
-0.05293442623961494,0.2997592130575946,-0.24056165260342965,-0.714417523097785,-0.2657953680496716,-1.440792994690856,-1.2684670605576744,-0.9224113545075707,-0.9733877679579936,0.6407203935051942,0.8570287815128289,0.36932920464563207,-0.024973922128513272,0.3208866944029084,-0.17854138984563767,-0.05696411232733716,0.8173576172699895,0.0486423299227423,0.635542848925721,-0.15572733797802676,-0.33371152467619425,-0.43764956032160457,-0.3618384453635897,-0.01932893122429706,-0.4069441091501437,0.24772699266251647,-0.18870559466573827,-0.1074524299025505
0.8478522263986423,1.4438263177636543,1.3665114705099894,1.9783489447136418,-1.0294203157894701,-0.18257471577615497,-0.004517747636080424,0.11074025937055226,-0.1553801197455546,-0.21536641179748822,0.5836463524168336,-0.07708070834056881,-0.146328993708325,0.25524996576905673,0.059972259939677204,-0.14754858253393716,0.15712124150458395,0.026199447570169884,-0.025111816749542566,0.14692317320439913,0.9658091423354739,-0.13923456560363637,-0.4607062177609883,-0.1687947974773262,0.02398385311808979,0.5369631096290504,0.17759823803297992,0.26069742962912196
0.14009128504001184,-1.3831515108958035,-1.6096009496692507,-2.3995730559943365,0.9432901532392066,1.8236747552947887,-0.2787835313004577,0.6282340805725644,0.08462427883874438,0.504849203903666,-0.2031640258681548,0.516262170499636,-0.705200854973174,-0.11875746517827526,-0.579286102251915,0.05278109677312099,0.37400515359814335,0.46644110328266764,0.047541517678961656,-0.19837227409227415,-0.28120623705240916,0.16545719525777292,-0.28531759089872855,-0.5852585896366077,0.1367185166805881,0.8449478798618978,0.2161245661166122,0.3077166464944203
-0.05293442623961494,1.0111204217986849,1.1753786137672122,0.5657572845956086,-0.8712096265453323,0.496824201469513,-0.5159718268941184,-0.3410114450838753,0.6289495355866555,0.005466957279897677,1.1918446428219482,0.002381426437524317,0.9542511665346047,0.8782694016803955,1.401402149007153,1.0522052859118298,-0.26276749637431523,0.5406269486050791,-0.5749293336856377,0.6568145078610292,-0.484150089575648,-0.45198154366849036,-0.4713858669053275,-0.6635789872323458,0.4280152013584988,-0.30305048826686887,1.6599834070838118,0.4384114880457603
0.35241956744760095,2.1184858394958654,1.3005184558434957,0.14440548766177927,-0.05312368896233339,1.3095883790875307,-1.6382712921775797,0.7044336659311821,0.9970586781207312,0.44651451866440667,1.5538613447281937,-0.7399544345832559,1.090157470473379,0.5784699309213635,0.754676569844875,1.4032647734535277,3.1322287665338604,2.598871960995267,1.3190355211754055,1.095831622559054,0.293707773625194,-0.29337902437511043,0.15401275724662952,0.9411344129489996,0.7245460902534483,0.08282917341499331,1.1014982766089083,1.7252598614817232
2.263374109115903,0.8732549174978033,1.1442766364678048,0.5223846340274471,-1.009888040688965,1.0439398276633975,0.6765208379586289,0.21377577545113646,1.027550729934568,-0.23499381945219958,0.6598153818017775,0.914762288470893,0.22224564462115173,1.269928752264793,0.8327134960674036,0.8184978248284869,-0.28820108443493136,0.3818775254157509,0.4758340462319345,1.09169048222607,0.6584761045235947,0.4068586651053869,0.13825713883761778,0.45672701346231914,1.9826860235135098,1.7793279077289994,1.1609313628229776,0.16584304643672895
1.838717544300725,3.2234610232652856,2.5690256361109944,0.8123040726374207,-2.212009561123565,0.2752462397801525,-0.2644013149435295,-0.8007227140498939,-0.1191254826546919,-0.6359958558259674,0.12202104351004679,-0.07993995506440092,0.4942783878760308,0.4636999054248487,0.44908710100981,0.09732219434715147,0.66429646399024,0.8257003072647411,1.7724140297277853,0.9432813310578108,0.11827302630013418,0.8506078073834896,1.0538513219761745,2.030019457362633,1.504595893480682,0.881244291527137,0.8942521506807852,0.6914666510174187
0.5870981953717789,-0.6387536555605043,-1.2867340021415274,-2.615166963156986,1.0023517863531304,1.003872944029539,-2.4461254315228795,-1.8909746109674832,-1.7451123576660013,-1.5997752208692206,-1.3303447765632022,-0.2910203614618951,-0.879075564240259,1.1650547802288926,0.9778239151509224,1.6927366727932802,-1.4261193268766685,-1.9912414879150215,-1.0471179950234573,-1.0812702972712676,-2.135035785647505,-1.612414365212763,-1.244608605955922,-0.8451802059532875,-2.146189667732063,-1.3451761222325722,0.03986868852770848,-1.972551377289259
1.1392832022521955,1.218231010264585,1.2167541993277269,0.5533564471448092,-1.1410900231856513,-0.37030242485739184,0.8415845689891669,-0.20222497275064205,0.16623039803856446,0.34786605024776773,0.1292725061818088,-0.9800939648926841,1.67203374555163,-1.2087050063631368,1.074902463672966,0.6025144378738297,0.5665145255356983,0.18953523209065617,1.0412829048189902,0.6794705279636625,-0.08081237291263899,1.2084308314247327,0.307683136246586,-0.5384469254833246,-0.6272547749136288,-0.5260086758351853,-0.18426295724767933,-0.14152949883863478
0.5870981953717789,0.1498143870272271,0.5549945339842337,0.901691140649149,-0.6846791204567008,0.26078778547713705,0.22467743774651144,0.24936099305348253,0.31960287550274447,0.5944048739600944,0.46725554092243676,0.5232361608453446,1.0170661938410763,-0.41869264587208266,0.10543965240246746,-0.042274641120600934,-0.6352521426171213,-0.8174707809209604,-1.0646490214781552,-0.7147087356268712,-0.4990829237414327,-0.34175458495611144,0.4212518096457022,-0.31011587884589253,0.8085545528719924,1.93270596915571,1.0946123948047668,0.5283301074970588
-1.133878409405523,1.1395121502502397,0.8856645318709448,2.0662470608341295,-0.815887149889368,-0.5447205325612581,1.2272845187182644,-1.640154538867989,1.0594065183442676,0.5068638391419635,2.0905516227942247,-0.0054290718784001275,1.643983555477334,-0.07663781523943544,0.9665913991493198,-0.5621251229249316,0.9857814900379641,0.4433473045695769,1.0916313624299236,0.7814279908886781,0.8033983851167884,0.5239468741107475,1.184795188004297,1.5625451040439755,0.26182107181113456,-0.15163968549176812,-0.06877958584869946,1.2377837758380705
1.467143050087444,-0.2946294083787683,-0.03583539720476764,0.6707429668764728,-0.08407002604427717,-0.2565277253386967,0.099805885582919,0.12083287275834903,0.311804330636775,0.6990092773477781,0.28293032651185646,0.9841400888448945,1.9023210163745983,1.3996351690238393,0.6617537273322541,0.7386040439344006,-1.3959806216361934,-1.327814887342857,-1.125436367959746,0.33776030442110055,3.2406712231000627,0.08918295779916302,-1.1766384151904399,-1.1827212650208025,-0.7834180341416549,0.006773202858870422,-0.9344122971438729,-1.0613011877268614
0.8478522263986423,-0.18299173509702563,-0.09310573588141986,-1.6129655731989443,-0.2359730891784243,-0.185442052492323,0.042588966672351916,0.5534440650284809,-0.2644716175814877,0.9191791461266442,-1.164528685566283,-0.2867102738993406,0.6552913253729743,-0.07686172491961633,0.20398107759413744,-0.3432428723191367,0.33982391203718565,-0.2557433835491723,-0.6605104942204325,-0.4478924013646961,-0.3197134977818064,0.1818772046134879,0.8246188514247862,1.150512276259187,-0.028142472231513182,-0.5159039439391164,-0.1469667663994114,-0.035314100387254764
-0.6765559549891773,-0.7607142525611673,-0.9355958025570954,-0.21671942739716102,0.7450702480174666,-0.4180973396472163,-0.4489059299122729,0.4520113276588643,0.240519462621018,-0.30375743386970355,-0.6316363502234971,0.21324368905390245,0.039004471032578945,1.2129092565679915,1.3695931792781173,1.8366895312449012,-1.446166759803381,-0.9834072051698064,0.15356202875534938,0.1041345141747642,-0.49980873960224426,-0.6040043680261039,-0.9636505634149212,-0.9488855804049356,-1.341114920105078,-0.5131988488316508,-0.38503604728017726,-1.5279219356979488
-1.3196656565121636,-0.7863718545554633,-1.456063464783081,-1.1375857077503981,2.9081455180521685,-1.3189415715937944,-1.1856135633640625,-0.001066187087117282,-1.2927721578064426,-1.0666414528687218,-1.2285019820414809,0.11839686409648711,-0.5633417537053184,0.40519314996082073,-0.6694421698113923,-0.2887492721557416,1.5663677878214854,0.20742619969896806,-1.2500358377777387,-0.9245377908604784,-1.1235665698171726,1.3195953513507552,-0.8092081691228459,0.7320508481927226,0.12267059778917061,-1.4891464342673375,-1.147683941945071,-0.7679233784682981
-0.05293442623961494,-0.43902864357346627,0.5999165241952853,1.2138148839374696,-0.799793431340387,0.9658139173099703,0.23288155054113208,1.3018086519628136,1.1014687240553023,1.218198354871753,1.2995857598903087,1.150002281592541,1.4203002040155623,0.5507194332403419,0.23626884947455745,0.5260706234542358,1.150419134968055,1.3489091277392224,1.3468472661154351,1.391341482447423,1.1470093721417411,1.107281238575815,0.37653889236538596,0.29296230702266374,0.23021142296349276,0.44878281320432317,0.5379693390911139,0.9056468175928379
0.8478522263986423,-1.0736946483327554,-1.0410844683571436,-1.6553941582984928,-0.017778138766012475,1.2811068733092301,0.7783417064751628,1.6932963462618948,0.6385532266329165,1.2457704950870938,0.7488545989605894,0.5529058956202154,0.6747014396678999,0.40375763055353747,0.346200753989753,0.788932855245338,-0.015430243254609228,0.361001962767016,0.3092024723495754,-0.0809740472018234,-0.6113245738739026,-0.06461439034415688,0.049451997690026735,0.4197769871503074,-0.1330837075047338,-1.0485591753828019,-0.758412787241778,-0.5491406016894951
0.5870981953717789,-0.39236295199856247,-0.699927284824032,-0.282797920883709,0.7802260588003384,-0.41615954342164363,-0.7273609488257013,-1.672975503382144,-0.19914158387970024,-1.4652577587393576,-1.1741079302335073,-0.7032150953319553,-1.0474125208694995,-1.9458926640011858,-1.123905695197493,-0.9187528939447621,0.159518284576585,-1.4995362434656083,-0.9530290790871745,1.6110744639670707,-1.08427276425996,-0.813104913083908,-1.5563229181725122,-1.1446254571321395,-0.8143909101313452,-1.335007010143601,0.3469441015004851,-0.872936767810195
-0.9215501269979339,2.145785150380584,2.0099646204660355,1.340448373808439,-1.7274410875613087,-0.2724752615086982,0.4321154851470639,0.9492647747793852,0.04601672649054661,1.1869479504536022,0.372524557069178,0.955227186580348,0.29668669309503054,-0.05322109975260919,1.0796049599870752,0.2610937782121737,0.822034472023638,1.2958145241456698,1.208864642007967,1.5961024378873998,0.40006367000042475,1.0189766270812408,0.474428820434112,1.6955026259785417,0.9899582825557659,0.25453903692465124,1.476553510877442,0.8114182317765976
-0.6765559549891773,1.3195681876036032,1.7357187986697271,0.8410543924244528,-1.2868147302634465,0.9493303981384793,-0.3409702648089845,0.866931096947694,1.124300887525301,0.5468714530704686,0.6301447719290009,0.6363646565824368,0.4839613396158835,0.7544554609602775,0.8247528400822921,1.0212600072997342,-0.0022093398261773,0.22310296552787565,0.7633274053488458,0.9204441713104922,1.498386058371458,1.5748939344414885,0.5235181072218789,-0.38136241748346844,0.10986249739937022,0.5805352579085863,0.9771571228871412,0.77559489227053
-1.9314041530828092,-1.3730819822186033,-1.7221991737480007,-0.7372877775584363,1.7358056142037528,0.4482765463976791,-1.530333655319323,-0.8287317546641391,-1.178276189278469,-1.6995353469202406,-1.9544867481133472,0.1281611852675677,-0.1044107532630832,1.3048070081321868,0.7039698843118836,1.5862435323703572,1.3061227530004715,0.6574005678580743,3.052774417511111,0.41450765539187123,-1.3760901792330484,-1.0529565445502447,-1.7061737296180046,-1.641302499736162,-1.3769002575214053,-0.6588818571360242,1.2425879458198412,0.47987475169389215
1.1392832022521955,-0.44606404140930017,-0.1441189263990716,1.6593007009820067,0.11232639203829412,0.02358080149217482,-0.24723352965739984,-0.5181652639993996,1.0658136963961122,-0.3762982420039196,-0.10565272981928324,0.1943965622920485,-0.058689585095366974,0.4633063583261984,-0.7161645320471072,0.13420190246756325,-0.6596294224981157,0.24334173181342397,-0.227013675067515,0.23715929318956522,-0.8770399807946321,0.4335484212204063,1.2331952759702,-0.9066670678685724,-0.12597871117764153,0.5811137639526864,1.4338648162755392,-0.25429145654123925
0.8478522263986423,0.15434836345946512,0.45047661713464804,0.3393074549052306,-0.639755358042782,0.038391303637527505,0.18451229300428815,0.21857744858816947,1.3153643522376146,0.5450877159861532,0.5448972619373418,0.35386360302448655,0.7340894274711348,0.7137493838352988,1.3012527745348932,0.7993257479008646,0.31031671340686007,0.6075299786003632,0.8588226685209295,1.070513985136298,-0.012813171310681982,0.3378179382283076,-0.3237899469643887,-0.5523795819280063,-0.3276401350889737,-0.2771142161338738,-0.3897907247245397,-0.30909355326116245
-0.6765559549891773,1.227160194832885,0.5726542493709087,-0.0977045137505959,-0.5475499313114078,-1.3465241275511988,-0.010951807315021456,-1.7162459517025648,-0.25787256114196877,-1.227685275442961,-1.263886500946121,-1.1429632791574567,-1.1149103118729602,-0.4371313669014828,-0.9234566049755194,-0.7033582371321909,-1.0154691579574682,-0.5337978622164493,0.9924700120895787,-0.9079892326103176,-1.1215779404597328,-0.10988883919699513,0.15761969214517085,0.07904891906447854,-1.0296569918757559,-0.388188714920186,0.4605435484234775,-0.4760027377729068
0.14009128504001184,-1.2434005507809687,-1.0776515592021958,-1.0028523863742727,-0.11646709025624769,1.3132708363245926,0.7251797202582622,0.1796712176030651,0.39892771584038167,0.9050907642571588,-0.5455290059530747,-0.6203683895548869,-1.4178504056451053,-0.8814703096423068,-0.3468954948569533,-0.24679925837851088,-0.377059233911497,-0.9408708683723598,-0.7260851690643672,0.1412340776326694,0.4173622115463562,-0.20647471274054585,0.23086511220007422,0.13524672430387674,-0.7980525929050838,-0.926432837398708,-0.8718026037506238,-0.24781558634629958
0.5870981953717789,0.2801738615321621,1.0718943217171828,0.17139411286260586,-1.1573095180030373,0.927738555584904,0.634795464591687,0.9548906452193028,0.8104077929602422,-0.3879773100971147,0.746252782614755,0.3180515186360699,0.9523045718689024,0.7202448176400758,0.4547828950295434,0.38822327408125457,0.6734827618810545,0.35172939155213934,0.4236563602377785,0.4019829577468148,0.07917187815548575,-0.060800553855792076,-0.22457518997915296,-0.4669957962537679,-0.44164269772968945,0.06966250827443049,0.4850046303190214,0.9241883061766876
-0.390729420978961,0.3975112886340501,0.5418800285795471,0.8509266689270965,-0.08081919326087512,-0.17918698175181633,-0.5833823469612949,-0.684233898948042,-0.16438322419388732,0.543995345787069,0.8732713047402124,1.265591337438986,1.3798290523688976,1.4521663262861273,0.24591143056385006,-0.22008956857573606,-0.18494719419549002,-0.40463192816226373,-0.8478417793643234,-0.16316015982224108,1.6551467879496538,0.29217122908692,-0.11840369308748416,1.659077331834565,0.32419970724445846,0.770172751130433,0.1648406426942303,-0.31613825637353643
-0.6765559549891773,1.836828500933537,0.09115577488535777,-0.4353940857888051,-0.08486902785190406,-1.2985694968704649,0.2860285315787144,-0.41241889411169447,-0.11771266872602609,-0.7897386326818374,-0.599901502299499,0.9824930502537769,0.2542189631195709,0.01288291115995859,-0.19730686030807754,0.5007107151350145,-1.1274422950749887,-1.8137258900300146,-1.729233344089112,-0.6077352972317273,-0.7622425485956349,-1.6912406134809117,-1.7295275050146854,-1.2727038461903604,-0.4767621897345746,1.5574736925494785,-0.11940437626397712,-0.6709490614689408
0.8478522263986423,-1.3906948899044362,-0.9464989166259271,-1.1105323143662553,0.2213728042295491,1.0937333078964946,0.9284936375266394,0.9165583670363273,0.822313384446218,0.7059332161331684,-0.40115982770054553,0.26392052040537506,-0.08099071698647989,0.9985638611521429,0.8975336521709629,0.8526518246566022,-0.7170296891516152,0.4903527756873655,-0.2623977737208828,-0.37698282221587875,-0.8250224095989575,-1.233630118813134,-0.3925681261818737,-1.2925690357100261,-0.9599781695856046,-0.2852837385990884,-0.5749912915255928,-0.9975347889391806
-0.6765559549891773,0.3136315656272169,0.8972490951185318,-0.010663825412412967,-0.8037784965282414,0.8871523611455342,-0.18240563656939046,0.20892096020129475,1.1443757573850848,0.8938083034454865,0.6943834707886867,-0.45020809839724246,0.3354961896061261,-0.09466795277396985,0.3025173761074624,0.11240016475116323,-0.5312824631750802,-1.1963601172376563,-1.3386159601630667,0.026282188509865585,1.2870126762110332,0.5637485151832207,0.6153005747675198,-0.3167319152996762,-0.21890321470214236,-0.4245438013126542,0.06049845958633896,1.4835654924045742
-0.05293442623961494,-1.238512610894297,-0.5106588716634298,1.6447865275312736,0.13937420230508976,0.6480465826339052,1.6684563842110285,-0.10980676524679121,0.5817856796366537,0.9987408437193889,1.0270741078626895,0.7991964823776476,0.5944132537355447,0.39672955351201766,1.4016318979100035,1.1851702845901528,0.7780169688670472,0.8081204450921478,0.7954788521820176,1.698282648469722,0.6243430745037335,0.736993952213415,0.9985959227742074,1.3276286909761665,1.2001238480456464,0.782842336378969,1.4782090183885068,0.4133491922781633
-0.5393592186642734,2.440879032283406,1.2281642886563704,0.814433340503302,-0.8815544558689696,-1.672168081988284,0.6546197866658565,-0.815784951231753,0.4542346519999244,0.27520638642461215,0.13838033058189814,1.8517167720032262,0.5056635476939076,0.6467474489453636,0.6656875542072934,0.7786978954995234,-0.11229185040665454,1.5470449645849467,0.7065209179385041,0.051195862425479424,-0.19079295097707558,-0.2774643494869721,2.3313455816728568,-0.4277807181646194,0.09657015967505077,0.9600010604820084,0.3456885336902897,0.022920547699399198
-0.05293442623961494,2.1438592393520683,1.2196493696900386,-0.18375917569456443,-1.1161012618085742,-0.6174555539099786,-2.7117909532576636,-0.186278013805439,0.8817570191673166,-0.04153314097515336,-0.4052252158698922,-0.1308170998475047,0.338866828912411,1.0187407585811448,0.6448763215714444,0.19267459701651024,-0.4979015097032494,0.22483491509071432,-0.3008915107072121,0.0412805053667412,1.2264421629486748,0.24852380466017446,2.093458203460947,0.2970890217944899,0.5254235167351372,-0.5658769203252471,-0.5514928294370869,0.17633454203051283
-0.22917529306014311,2.5419850032334628,2.105343635856506,1.0570561177123095,-1.4816667071459204,0.15916038050999737,0.23522366061709696,-0.7463316177197966,-0.21766610366034142,-0.5757316881228152,-0.09614230857410162,-0.9404419517771597,-0.044235547608911456,-0.8093970561181518,-0.3793345747426234,-1.1696734411387406,-0.4314918016168297,0.04814409573117493,0.2202426839897327,-0.07033839905281723,0.9235669105285197,-0.28360373655456256,0.4019575271394073,0.36249006190292626,0.8056057107994297,2.038419091155626,0.6474166528202421,-0.1728266726740026
-1.229768601460563,-0.21474929909911525,0.2044100543857135,-0.05996569869736983,-0.5698807283839339,0.22470346235450744,0.6576559172877211,2.505630729010001,1.558173487538608,1.2301010820685394,1.3813674010870727,0.9304373768869852,1.1765870458859622,1.7100690612496146,1.1407722293762868,0.8991002566659542,0.282274402469768,0.9719289391936397,0.01200153062959636,0.26853173470523173,0.9201182730402145,1.1638108024137037,1.6451807830347926,0.9507446011552632,1.700945510059752,0.6648844397906861,0.6354717667227855,0.464706783949604
0.35241956744760095,-0.6170121842339717,-0.9889297470758894,-0.826507998301348,1.0980890268264913,-0.7113616790238833,-0.6025256695129398,0.5559368887059709,-0.5454890782287353,0.8555895615678366,0.4877007066900163,0.6989990699077435,0.18734826053799658,0.9011770671212409,0.5363127447263681,0.7494828742612311,-1.087543535852413,-0.45893068823157396,-0.773386101239372,-1.5142520401899684,-0.9574244712982678,2.9727010326164343,-0.7758896720332592,-1.726050383690207,-0.13395687608634427,-0.7666635274127066,1.6280383284829978,-0.9247006370848778
-1.9314041530828092,-0.23300706703916385,-1.3190841279275203,-1.6903317771019963,2.133424711539889,-1.3520492558327357,-2.0005781921516723,0.2123038917885879,-0.9986373649297389,-0.7741497760164189,-0.6770900817852249,-0.6370478826471176,-2.205230941267771,-0.36017851861243033,-1.3627922451251266,-0.5813464633113445,1.0438193195358012,-1.2185970958928725,0.06222162634080681,-1.5719080194213617,-1.6374167665314794,0.5561308869657478,-0.8534884700542965,-0.5382330521966078,-1.9558880197970683,-0.8922947822661995,-0.4473664625588417,-1.6096141346711048
-1.4835955804297878,0.3494248137150246,-0.026284872988978393,0.3799690311060962,0.2245932679566908,-1.1344580657890484,0.5024349018362667,0.1356294173599587,-0.11250113782638563,-0.8589001819575792,-0.8520949615987847,0.24098445354102804,-0.384071364081057,0.1042822914475355,1.5553453938095498,-1.0600572000100688,0.7322973034135014,-0.3680643935336483,0.21840496945869517,-0.8930325237660623,-0.18292373331476292,-0.994046901440022,0.02008319715065851,1.4026685099906526,-0.2566651805321759,-0.4024618882120657,-0.6500337867598261,0.7669523803640034
-0.5393592186642734,-0.7812739465469977,-0.23851986551337293,0.15976839002958085,-0.43798267636765376,0.8574662985742174,1.2428567946068156,0.8853210554676675,0.8572241652202115,0.9728566922488538,0.5150644909264318,0.7429270948068072,0.279586843298557,0.09130145499165401,-0.08005000792255045,-0.3221913976099919,-0.32477929696986413,-0.63352173985602,-0.721975734156895,-0.3197356836213131,-0.02678551055006122,-0.04887810433845932,-0.13631957795005079,0.3735161952334361,-0.0211784892347377,-0.10844480232512639,0.0382776356867855,-0.0067205984843953315
-0.8035899701048288,-1.3769019951804982,-1.5582203945589508,-1.4135001615453484,1.3798456057335544,1.4321059407115382,0.2768687996780984,-0.07269967802502622,-0.27349586588586844,0.1670877647334727,-2.0449327556328347,-0.11218265911821478,0.41253962521950305,-0.6141738229709014,-1.1948259188011205,-1.3645442387106483,-0.12462746217324946,-0.9229299376965657,-0.6756251792250073,-0.972107027647817,-0.6234452380469468,-0.9586135222521883,-0.16679486596593757,0.7724843356621363,-0.7732137204782634,-1.0534805973717492,-1.4612656109337476,-0.4911379435746161
-0.05293442623961494,0.959421230484278,1.447129411504161,1.5335021449586335,-1.128322656931658,0.8260475639862721,0.16670939180181316,0.7692940192496212,0.33541915373443215,0.4819536154837582,0.37604635024361194,0.22761548756636366,0.6126415759348119,0.4091695275235112,0.5076649748913855,0.33763963301361777,-0.11123900293228292,0.11997267732319325,0.1551396678151143,0.17814617641832922,-0.03047294550517094,0.32360445283085004,0.7216162771088106,0.10047256163797808,1.181574338023972,1.4402615918938555,0.754718634092463,0.24772370036787256
0.35241956744760095,0.1717332521265852,0.3381175758702995,-1.6023413768381924,-0.3618106332018052,0.741147122224391,-0.8757287826577153,-0.23615961970808164,-0.48171998742525474,0.24196454178775478,-0.3776379538269745,0.17066103112693154,-0.0075114813855141046,-0.14757688011436615,-0.8589788366682068,0.2839088082493755,0.16558244954743914,0.2938196361212112,-0.14471893572646707,0.002698446895073806,-0.32926504743694673,-0.129624072254505,-0.5194898019223592,-0.27644435179151233,0.28131547797421264,0.035982792217650265,0.16527777365618884,-0.11273588344867178
-0.390729420978961,-1.6260870019209608,-1.7967155676356643,-0.3779862252534059,1.5941318167278282,0.3709443224902715,-1.5346716402592178,1.9046527796651147,1.5344909367108208,2.5649323778384407,1.2840022493557846,1.1334940109818146,1.2654028053170827,2.858914373095386,0.4512131015903158,0.837116456174769,3.292741322903644,4.4659599840122075,3.7532620626598154,2.661567504441337,-0.009807296854222448,-0.9970250592729201,-1.366190457124238,-1.4294926446667071,-1.124173160474434,-0.9310482773767497,0.5882015211424105,2.810377458945936
1.1392832022521955,0.08578767550378355,0.7512174333614551,0.2063222101895879,-0.9379153929974097,0.049461452191011834,-0.5479544365376001,0.28181782169618175,0.5480654832827991,0.38207031285731985,1.1685722025627772,0.4150910241110297,0.5926285203952,0.5066222198956725,1.3581046767770664,1.335482782451704,0.23313563232697207,0.7942136442035106,0.6861438229182767,1.7078493669611747,0.5982159372236493,1.3465114544093295,1.2152720400706136,0.6445586283669332,1.1263245826690325,0.8389583383486923,2.3832382721823224,0.5007660241998715
1.838717544300725,-1.301777883448512,-1.2046395889367858,-2.018451933091343,0.3839950692127363,0.44112807074639926,-0.3661873367213158,0.6295379056753168,0.23285679440766002,0.23388350717625803,-1.0776945688934685,-0.634754477910161,-2.329673795158065,-1.4035985755658744,-0.8958402883838729,-1.1527463467911139,0.2985941511557473,-0.8616129182940937,-1.283947268880449,-0.9425509359138418,0.28984513211010765,-0.30060792796179386,-1.1270817901342671,-1.4070572626285438,-1.382621522391806,-1.324195927509649,-0.39569015987675643,1.0357004400428023
0.5870981953717789,0.3389328751738013,0.5075303807032793,1.6948591421976953,-0.3952133700555986,-0.16161778416447423,0.14491505089584436,0.010586268702228941,0.623792456434224,-0.1314883740499419,0.5240308904690387,0.33438558864957213,0.6136913038391176,0.766375061985502,0.6294654116674486,0.8824791104815014,0.5983331868811063,-0.20588955209049256,-0.06499357374487903,-0.34641899356085953,0.5161546291966039,0.012530871238583118,0.3845166443923522,0.8562071130710981,0.4382788810235065,1.5578357430872452,0.29402269343688864,0.5374109210678166
1.838717544300725,1.4200580897892274,1.143255931038445,0.7240810604878947,-0.9617526833873433,-0.92483966972453,1.5114112473944508,-0.6655806666681825,0.4663742579564239,-0.2942052563930952,0.6397351794642879,1.0651224047097063,1.4203038949421185,1.4818610213858672,0.9935146172263515,1.414921402314502,1.6939649997716524,1.9791289082125618,-0.09215309760998142,-0.3413775655701908,-0.7459297010072453,0.34417294775964447,1.3856237207264226,0.6043108690537968,1.0761162064847518,0.8237420727124247,1.249269772080595,1.6421441413458817
-0.22917529306014311,0.34328770622803717,-0.49683623135152205,0.7778321204647354,0.7439737369595733,-1.5049936125824042,-1.47371819607992,-2.0327701767594104,-1.6456339687373103,-3.6287449061278347,-0.9150111112379401,-2.2706376610565795,-1.6379669024665198,-0.17512758835490877,-0.12240593863640972,-1.3565205472796564,-1.6809960868742386,-1.2005482480946135,1.5972824021579215,-0.5498770695287332,0.5264263406363174,-1.4419199083023495,-1.0204144892563713,-0.32952242898404327,-1.3256158153283968,-0.7563266323702416,-1.5747708959985824,0.2006897996589408
0.35241956744760095,-0.5511267647015162,-0.6227183848242163,0.24631750446361933,0.50211430414993,-0.02868369675260574,1.585073718827935,-0.30707576405825077,0.45774512177318927,0.3429974006065017,-1.0161931568923606,0.1039549584392775,-0.5858677907865418,0.25606901015533706,-1.2702591751758951,-0.5328242147835086,-0.24825445212305994,0.3283099794939839,1.0788775380099251,-0.2835372460777566,-0.14596094284275324,0.014686340630993321,-0.4943925013091277,-0.6156076545910869,-0.630496784310368,-0.2308202789769396,-0.39616944602582194,-0.6616594274083215
-0.22917529306014311,-1.3379828342826516,-1.1149716852141185,-0.20975446732152003,0.8228564199611847,1.0480599956097003,-0.4400456195444138,0.715228438592246,0.5800717637197088,0.30277319128447494,-0.40053719886615385,-0.4163617748900886,-1.1459237055493583,0.016068060808175792,0.21880945847522532,0.2373654012272388,-1.7382864761360415,-1.5339905886034246,-1.0012681228126568,-0.43186325742592685,2.9839740677794047,2.2921504670833213,-0.5451363188439933,-1.3490660407661546,-0.9912876309649202,0.2599566231136035,-1.4974706544751564,-1.991060915600278
-1.6293110683565644,0.12944305806942635,0.00458924368154193,0.8486316055834094,0.03892115802465513,-1.0134263152843668,0.9027156695312017,-1.5531772654531024,0.5887658477635531,0.974695987166271,1.3432326962813503,1.4668580089513434,0.3917930832020887,0.2203244821829664,0.08367603277292586,2.038218285945084,1.1576712591140936,-0.7607623889992847,-0.702958490839902,-0.7373968380982094,0.23103045383167442,-0.7451299880311345,-0.9415781363328035,-0.3277587169842075,0.046033057610356254,1.726478742703062,0.023617252953180023,0.6141512704812239
1.838717544300725,-0.10955030361115464,0.14653763799689767,-0.8924141087769152,-0.18813510675071418,0.7134866003347834,-0.50467019865315,-0.02921136502588412,0.04770455375323631,-0.4660426533914669,0.4531182392443537,-0.19787039782125448,-0.950676913192952,0.017484702907037616,-0.3932308789768151,-0.42491915376335315,0.602740395017337,0.1420443278777821,0.038044163342774176,-0.17302415460899015,0.5892829155876137,1.4433554707133307,0.9605024579251512,0.19830763420015202,0.12575160170594807,0.32436153970058684,0.5800929861759783,0.6776701837837481
0.8478522263986423,0.7563641190454615,1.2849731906142963,0.5485037048491851,-1.0372364508621954,-0.44080989096100104,-2.1186045923269057,0.2652596025671166,0.7833040651377196,2.0716926658600596,1.252133667093484,0.04229530923064311,0.5944455493429108,1.4888981237098802,1.822626143892209,2.0861686931768557,0.09926091734687553,1.363029590565508,0.36562765360557226,1.5399449567515462,0.8569570760061541,-0.025345650183836634,-0.08475909148329704,-0.030034774455637122,0.9981652889025747,0.2996643397484957,0.04409329504143618,-0.0772474683961304
0.35241956744760095,0.653895628099878,1.0847460883484519,0.9407801896450303,-0.8725937030032127,-0.12434894460305007,0.2664717605324691,-0.1070775535822236,0.03167436877388807,0.4180181721420142,0.9347472243208266,0.29585042005564693,0.5074566991859746,0.9284826114858069,0.6981277669770999,0.4332308666840821,0.659232226542638,0.08094469436829842,0.04167858790910374,0.6918848805496085,-0.10236208175566083,0.5351234436098794,-0.12455275735200053,0.5782698655955061,1.1119915848803943,-0.18947967215401304,0.26586127198321535,0.1620090136970885
0.5870981953717789,0.6801526352169255,1.8580140554199591,1.3403065148797497,-1.4865687565812093,0.6680981390727568,-0.5395939474527304,0.39959980650253274,0.8020506627976414,0.6488151046617197,0.7720479332434568,0.9502844091973659,0.8815423266770025,1.401732272640771,0.7083857156241324,0.980911445143549,0.5753585740968657,0.3904294336898817,0.6258197915825199,0.8480805978745057,0.8104098584727298,2.752851688859729,1.9388585438981618,0.941859205753985,1.6604242460492047,1.3296272592185359,1.3131050206236536,0.6036335800910085
0.14009128504001184,-0.22767577085154242,-0.16535958622541963,-0.43515582744607534,0.16306986001671187,0.12564756565534888,-0.2429028612925442,0.11570576487566903,-0.6250744250249473,-0.005984093250301209,-1.5475026391142268,-0.9559905277923914,0.9109087011612138,-0.6186680347285644,-0.8390154394148753,-2.1751961624002383,0.29581888183910127,-0.4734746733954125,-0.8172999907536805,-1.0174977877743954,-0.0820395168665789,-0.32463846623144643,-0.5980551831089748,0.03593926783346137,-1.0962873928746955,-0.08954942702181523,-1.2369920732423367,-0.45747371938792164
-0.22917529306014311,0.47740387134607226,0.4612611768147717,0.5900611855618387,-0.4821477498804856,-0.03345621588176454,0.5854558927938952,-1.187320075104955,0.34048500262351705,0.22943061072712384,0.722655726641383,-0.2577502841742193,0.006143101408883951,0.6935532577319161,0.3400712768175054,0.07274972102586122,-0.8806660366959584,-0.3863936241360687,-1.4166919430453784,-0.10521368655401934,1.4261204025255445,-0.4531173567095716,0.43180132979428754,-1.0379846718203019,0.15586199194208214,0.266734152830309,-0.4558022348020024,0.49480925370322604
0.35241956744760095,-0.2761842891186237,-0.16787954313137848,-0.13027305633768277,0.11635069512184788,-0.3164669299382397,0.0391775205529145,-0.13835540062373325,0.20350743744359018,0.5231661806216613,0.2421007733087235,-1.4090446258979277,-0.49115759325354125,-0.7785039791862619,-1.3735538891642995,-1.8489158428994417,-0.6252109063334353,-1.2038032178092206,-0.912987511526683,-0.747884953074262,-0.3840504634597897,-0.553801265456401,0.4368818348052065,1.3165124783759392,0.4780867610377696,0.30113691339490434,0.18921229755335675,0.8402459372960004
0.14009128504001184,1.3704693492341096,0.9860353596105617,0.4467763604059292,-0.9471673125494711,0.5774012805550073,0.23681129539577683,-0.9671876668702869,-0.04238190279586135,0.22149752577352413,0.4462278274968985,0.5096075185177966,0.8466236061991786,0.5993951930625232,0.050343297628215634,0.7670063818592957,0.7681584289813659,0.14195161690629002,-0.5041398853532809,-0.15828089639357953,0.7382368317523494,1.0731787522272616,1.5495975165398443,0.8107749316171391,0.4043405282718543,0.7677241906647074,0.447600836828301,0.9787925030542761
-0.22917529306014311,0.5512804042316967,0.4335037482425564,-0.47314496875994827,-0.48636192675384365,-0.16471124456339706,-0.260997619433244,-0.4742447554584382,-0.5423065405650204,-1.1172253820394797,-0.7429486680783848,-1.5219236475652609,-0.35979753131679293,-0.28302492668318485,-0.055242100531314293,0.3726836713752508,-1.3022000515292613,-0.7610330740030807,1.0519835806529163,-0.9772348722800815,-1.7133555476333813,-1.5762587451770098,-1.514957068811836,-0.9474297568241028,-1.244944057746702,0.11670977821374016,-0.1906956707904194,-1.7745460916753164
-0.05293442623961494,0.16979527750041482,-0.1741708767722181,-1.3971645185645254,-0.15206876178545398,0.5824985703152589,-0.6371477025994542,0.7768960389504485,-0.6623136464111117,-0.8949618621591423,-1.041243427552842,-0.8464233497487156,0.08202115535390601,-0.2471382332877208,-0.5718252294323928,0.4177610335365858,0.49385730719818566,0.2253903275132355,-0.25902142788516336,-0.01336940926056596,-0.06440019507132236,0.25028579137793655,0.4947750050569276,-0.16673344515347605,0.02692575135241712,-0.11240200061534181,0.5521211103281013,0.771735107463412
-0.390729420978961,-0.7646767112300333,-1.4482515800121487,-2.139421960155316,1.866121653391041,-0.226817070341672,-1.6191665267362951,-0.08933877027805108,-0.6569948041241421,-0.4129496918990721,-1.504696708067867,0.3998459730486404,-0.2723240766989084,0.630711480819732,0.2755940976099436,0.14511270820227792,0.8698290465688046,-0.1328859850062148,-1.2762506893730452,-0.15849328015030584,0.2816502117351052,-1.0235484349019028,-1.3701768306570337,-1.567077701319495,-1.251833718782585,-1.8419032615172402,-1.6113602237818805,-0.6532257359916563
0.35241956744760095,-1.0686091375261422,-0.0867923129274439,0.12640602201620615,-0.2358835945259049,1.8992834263147838,0.6007286231399432,0.8524020792733746,0.3380705595874668,0.6592308206943549,-0.35297974595656156,1.4266793550545849,0.21193372107056893,0.013182226730895856,-0.10784983512865062,1.1776821658169598,-0.7908794809379794,0.7091365484116506,1.2313745413042625,3.777834582711873,0.8799845928496798,-0.4948744782833867,0.12162385352995803,-0.5482830173486823,-0.07806218314058375,-0.30836093848929547,0.3355546405404018,-0.9920659057495888
-1.133878409405523,0.04574245368388874,-0.17356636792270375,0.23419799342958394,0.31010446780435386,-0.43034896842654663,0.1807422727030461,-0.5105703658812024,-0.26566674245517613,-0.7509944334354353,0.2265631980374102,-0.06167804721402395,-0.3873826362532738,-0.38682230652913224,0.20223417025589568,0.3494201172561404,-0.3217540637969114,-0.05261899819554071,0.5466201428924649,-0.23880329815039789,-0.3920229901694195,0.14087933089538046,0.1215167160755209,0.10051399958727952,-0.03402054575656779,1.2531047083584899,-0.279387893420984,-0.8097382426938821
-0.5393592186642734,-0.03955018952055344,-0.7047018829682722,-0.30311276604671,1.064770140818302,-2.112756599583203,-0.9104971162425813,-2.8404911766991146,-1.9360416304951094,-2.632485374801628,-1.8288696366531132,-1.182308277939917,-1.4365655326653834,-1.582502410030459,-2.408909691773426,-0.4753326186130768,-0.8899609142140006,-1.2001286824596094,1.7097893965881563,-0.1586472145559707,-1.8946679515200793,-1.1770411171892667,-1.3378340664280393,0.42520610112437024,-0.7498910465760087,0.346982020585565,0.11813620831182028,-1.5234644668032427
0.14009128504001184,-0.5027510897431744,0.21142639953840797,0.5684342587911757,-0.4127955486151277,0.5915609953320213,0.4261036166498465,-0.20846229220426435,0.9855756268018349,-0.5103176123793962,0.4949102321904145,-0.5435723713352388,-0.24795615369920573,-1.3124201424611717,-0.2854737494804755,-1.4243298310564336,0.22346094240771158,2.0888374083610306,-0.5596569061687362,1.106161002204909,1.5508620983663068,-0.5037730776418782,-0.14827776011817953,-0.8850351216251972,0.6040191429903923,-0.5582244116629901,-0.8224007719700074,-0.4257572074451751
-1.0313751006570318,0.6267919611119519,1.5550165904270408,0.7033782262281176,-1.413293518253527,0.06645083613562204,-0.972403308702245,-0.7713363485646905,1.1447362980380151,1.8367353834495928,1.306887107010807,0.2013720634243587,2.0009933951738605,2.790864948762299,2.0497958471922706,1.695361334391378,-0.6667529958637116,-0.49964414888995695,0.28899346010581867,0.1012054929786617,0.5065257373627966,0.29115995595572247,0.5377281309962236,0.6840772877047269,0.30407051217721026,-0.10503561049090708,-0.2859270640847884,-0.15620242182445015
-0.22917529306014311,-1.1957956084255978,-0.7292918590185625,-1.1710012188885452,-0.1371516426020269,1.196898571206899,1.3912869743388476,1.0706258943712503,0.5230337269952778,0.8938054353788091,-0.10780896066273238,-0.8031605310923662,-0.00833905809875498,-1.0931565881439695,-0.8802279063650699,-0.9466541824579455,-0.6791392925426181,0.2855734025145946,-0.18944428638352584,0.196187136351924,-1.0806334936579913,-1.140007600299366,-0.6909406972201885,0.32014641864152193,1.0104706096205904,-0.7136906030881595,-0.9174126833662859,-1.1591149926107243
2.263374109115903,0.9386902562929273,0.8627878431717128,-0.4692218990033114,-0.9010593181930272,-0.40949973170776266,0.4409018857060498,1.3824616542775707,0.7530856198754525,0.5322178241036997,0.8528384878190112,0.7122650416486099,0.15979408840523038,0.7600712259716738,1.7051959058553827,1.3037354037802056,1.2217563105466642,1.6328309307923081,0.391116618657944,0.5739359190305748,0.7080811302507785,1.9429866297175302,1.3258715201339142,0.5572231004282872,1.0777833381085418,0.5265046388612574,1.3817611577473459,0.7880959345854721
-0.6765559549891773,-0.06733195422087138,-0.29804805434075404,1.3329236837711327,0.40056985511309723,-1.036830519204785,1.4631385934500762,0.14946135618296308,0.46059347716981075,0.8369520126460378,0.35432051129396275,0.17651760433479952,0.5682882793446684,0.3967006863870958,0.6840544005049586,0.5475761961218643,-0.004264782450765057,0.8084654540379436,2.179267553788987,0.9037859538475833,0.6063632516727935,1.3987295507908573,1.8894079614611252,1.590051956393414,0.7318068269523893,0.6518540014477967,0.30695204061586295,-0.05240734877516675
-0.390729420978961,2.369713564824776,1.1380675574929116,0.6327846042890308,-0.9905004889229394,-1.6987542026103315,0.5660878645817178,0.18021972333594713,0.7905785624798849,1.0388664115866117,0.20530178575080857,0.5914590044854933,0.5728051216970876,1.0570066645667469,1.0388310400386205,0.9927111496501233,-0.7223902494862721,-1.1371524857882398,1.0791021713344406,-0.2717545579910945,0.7041786309883827,-0.6920072591204441,-1.4264844447856075,-0.262725345848874,-0.6602227453483761,-0.06134090035617401,-0.6313204729846248,-0.3443780916304931
-1.0313751006570318,-0.8021002264012554,-0.3994690081396413,0.2848956487437196,0.25059106138446935,0.4222946711166091,0.20812139253952475,0.4862682082465262,0.49225762305955295,0.33979372003077185,-0.1898088463227159,-0.2102726520951429,0.1522792625658528,-0.30623695427468256,0.28033544429736856,-0.01552593418180131,0.6248584111541076,0.11932292469871861,-0.4318681423277874,1.319273051562496,-0.5955577983646748,-0.456636194478709,-0.7525714005813336,0.08916497700307355,2.1989036400139,-0.05386645857319212,-0.6055667847539812,-0.9574371227489492
-0.8035899701048288,0.25813597401478006,0.3898161668884445,-0.0193789657305589,-0.5107480101781443,0.3040135519562486,-0.15865653003043342,-0.18923631203650887,0.060934373992499076,1.0381343156497018,-0.8449075784358034,0.03386005847567451,0.20504043306737202,-0.5978595914347015,0.4032938699222367,0.1629622406825342,-1.0524886104118119,-0.024250527072565396,0.2501013020451818,0.016017354627178168,0.5571780236554504,-0.3364852401940768,0.12074743787165444,-0.36535585851165364,-0.17264626400332111,0.7225921962453202,-0.4063334282041887,-0.36784648937636205
-0.05293442623961494,2.11669010801458,1.4794586514290244,-0.20691928161491183,-1.3742957262257476,0.39128037777716657,-0.2828555153342587,0.7735164343651416,0.7959571045707639,1.1324293844822901,0.6991047648767693,1.3277759786008374,1.2808190957484635,0.7067105281262516,0.5238217001851407,0.8000876814524521,2.179264455488058,1.8961893627860187,1.0788194185942166,1.267673476732191,1.2331928507635512,2.314124699636536,2.037447211496373,1.430027953147684,1.7120643501105077,0.940531123654075,1.2848508119374893,1.4923003132979618
2.263374109115903,0.09332580806445417,-0.09702536445138839,-0.1412739045952587,0.024758024569884872,-0.8665081518701931,-0.008825164173479947,0.0771512699356982,0.20787166411345587,1.2041294232535764,0.4348389633188756,1.163348777492371,0.500107780495295,-0.6271862995869747,-0.8112860458812999,-0.25742031863264725,-0.8199004504806403,0.5855420394585278,0.019540082376007805,-0.7829771966412699,-0.17598304061691591,-0.014844949486129792,1.61698197041939,-0.22463191433006346,0.4090745472182073,1.5685465222259092,-0.3873148711629233,-0.8165891781008228
-0.9215501269979339,0.9462365208835325,1.3642785433304705,0.8397864860392577,-1.207878565472491,-0.019220831814375325,0.7901807309522888,0.4421248265400695,-0.2401960868896412,0.9431344288244096,0.2775340640432673,0.5439599887686477,0.6080416877348797,-0.2750939596920676,0.6161845203063624,0.12235877938449628,1.6363555046465637,1.6800855965882835,0.1737724672424364,0.4122910761554516,-0.1969666438020053,0.9094645833397291,2.229683085765081,1.2355129465562822,0.7312455969499648,0.10423840506895411,1.7500409384736169,1.546751990050977
0.8478522263986423,0.32262185904252394,1.243357901704244,1.9855374181291852,-1.0988149531077793,0.5805806121296196,0.1265944090020211,0.14720269050203016,0.6149942536410754,0.627300972532793,0.5907486018992885,0.28072014787381183,0.4850395728298997,1.0816417242949021,1.2591215687603678,0.5320056487907374,0.8616317893993092,1.0578401233993175,1.0766162292098007,2.983859969581421,1.1523866080545855,1.2882452800875905,0.33430491681368363,-1.014192382596412,-0.6035467561422722,-0.6205589485891639,1.0452555438306832,0.6627253514321594
0.14009128504001184,-0.13034022152014138,-0.30061058003984636,0.789570883152745,0.3895179374087444,-0.7277323143156395,0.5286875171361685,1.314427610821087,-0.6369784041866015,0.9655008902531353,0.10259801987833081,0.7114955118843942,0.7656074843747267,-0.5965893345952132,0.3271259306324822,-0.49113911390570153,-0.19087307515238502,0.4154624821464195,-0.8761799507175512,0.992374747076683,2.0482293365812025,0.2609564222134471,1.484237100321424,0.07500849622291793,0.804766879879422,-0.14831037017697096,1.183139967827718,1.9387865601213796
-0.9215501269979339,1.7321434108591782,0.8222731807010162,-1.50622074277327,-1.151477584190221,-0.5498136823717217,-1.242637473505285,-0.9777895363594241,-0.9541377611994942,-1.241928169708068,0.2649544776364469,0.7143235970368688,-0.2230650276643005,-0.14623290531863384,0.06774398106109027,0.6763966946662601,-0.6818498178318735,-1.5314250161211855,-0.7094932525304773,-1.2831004787966618,0.10570883125773053,-1.1545257515527796,-1.7353356062855185,-1.323094249079815,-1.546209194505748,0.22112402629995753,-1.2547177184761324,0.14237103307107032
-0.5393592186642734,0.3182335867405209,0.7154419358290466,0.6982531697039721,-0.7140541948180621,0.34846962534140047,0.4273773827603099,1.3151666548569163,-0.009034225805415306,-0.3859716547881081,0.7657860900032353,0.9908156694390967,0.5718895589730972,0.23455065260854968,0.7385246932952234,0.650048380424131,0.6369754217057263,0.6733534494589832,-0.24483437154258814,0.848579436795041,-0.05043211383997451,0.09680896923676788,1.6011881891798923,0.06917265169630364,0.5122067218663452,0.31419228673592026,1.359366214596698,1.3076443386743837
-0.6765559549891773,-0.7107975201320395,0.07678533427446743,0.41492945716731466,-0.5871120502802082,1.3645155094543553,0.9496369892687199,0.3142609826550452,0.96240313991178,0.9609281399276635,1.0485565767260423,-0.07180049638669167,0.6356793457871712,1.0482941494488687,0.5983807929500691,1.3282603646087603,1.3030297476830341,1.4020325919866616,0.7899591478695861,1.2661935726935731,1.3861548787505407,1.2782785376451165,0.751049360120841,0.31796045542353607,0.6179361209322297,0.24577776609994736,0.7173824263636802,1.5306657286684122
-1.3196656565121636,2.635551696874946,1.445038147664755,1.1454634147184681,-1.1447719353163233,-1.7011704346620626,0.16556930819800203,-0.731397101446624,1.9595633122076916,-1.1671634326139666,1.0009232860051327,-0.3224677296757874,0.7849547535470984,1.5160103306775208,-1.3492696869200755,0.534397533770906,1.0143777301091796,-0.11220554210082988,-0.4016377026361399,0.5804188436635961,0.4286614291864108,2.799205684996909,1.7231525288808005,1.4404661577243962,1.403447825225888,0.6783234176508993,1.2721347608411053,0.20483079113986097
0.14009128504001184,1.4199807005109983,2.090669817070812,0.676399332862015,-1.5784548782175138,2.175944993486705,0.11297299243944549,-0.7488868541561707,-0.47829775155294757,-0.3809220288870763,-0.6528911601565894,-0.3007251458817927,-0.6561567314311036,-0.7120143441329577,-0.4667910096154376,0.23485965540282835,-0.3616484250398987,-0.04740701236721711,-0.1980309843533436,-0.6189336442180742,-1.1090418761916998,-0.8541844287926665,-0.8952144420264201,-1.3179970842695108,-0.6576217819408103,-0.909518244813787,-0.42643885593912834,-0.2886595459762678
1.1392832022521955,-0.7904480210605271,-0.776728734450083,0.008098133358801034,0.1192688120499379,0.08498902999564588,1.0700789752946787,-0.2060210640332543,0.7694201331764928,-0.5167898619738903,-0.7405844508728163,-0.12409684751749639,-0.6818761013852043,-0.9102208292921883,-0.4741521433155962,-0.761899778666971,-1.2452896188647287,-0.8666213278971492,-0.5729313807164461,-0.767085984026388,-0.31637836063872954,-0.5504642906969669,-0.26902745825535335,-0.3962638902123546,-0.6388568603220125,-0.04466220412358336,-0.8729655370645132,-0.7368632121995145
-0.05293442623961494,-0.7765927267762166,-1.6397407569959828,-1.0959872625457325,2.281429785364309,0.09856376312383083,-2.333232972845007,0.03307253997054353,-1.1574157282922604,0.02807191160336136,-0.4711143881770123,-0.4987310235309533,-0.8611623761895284,-0.19054531997930726,-1.5250082630447583,-1.5269862223693713,-1.2027865347452655,-1.6632450441793447,-1.6793056282606045,-1.9905202903918724,-1.7789604503783127,-1.6671252611913687,0.9126702766702863,0.45213193104489446,-1.5839408668876562,-1.0996054132560809,-1.5249911185277614,-0.6266938752501815
-1.6293110683565644,0.6719482917736457,0.7989577846881799,1.1225555172111032,-0.8744902908795744,-0.588884280532659,1.1964391404544261,-0.20446661677006112,0.6420585578594925,0.225566220268838,1.2284197250098388,0.9543086743404373,0.10352304549103199,1.0720036526782637,0.38675392768796096,-0.17949022041420512,-0.16818908951114186,-0.2826211863823979,-0.5142070238999066,-0.14002389485599492,0.422543230072709,1.4963268485146168,2.0590850671665883,2.577565370073582,1.880101877944558,0.6082368433835071,0.01967940862710979,-0.49950500428373934
-0.05293442623961494,0.41848012200109497,1.266365063093306,0.8003941005157693,-1.2692361529902347,-0.009414351043755593,0.32369115963796474,0.5720357118040043,0.33537661330692525,0.3220483277102292,0.8354447097649181,0.5185572534623183,0.2660962228184792,0.9080999066130759,0.6751015192778719,0.3256272562853122,0.8503468621663044,0.7544384651260703,1.0369944763735708,0.5696845860487829,0.4359785716762712,0.18093692451763949,-0.07754960102741842,0.7022492394429928,0.08870797975665232,-0.007347895119577772,-0.11539848796741399,0.625359839403796
1.838717544300725,0.4018224416455341,0.7709084782429927,0.3752206929076812,-0.901353736787126,0.0548208371144732,-0.40160941868692834,-0.3878587478446652,0.2306614556328884,-0.8315170961810731,-0.6755117891788587,0.9441024161343848,0.33917780367063627,-0.42148743482863676,0.6892065309802218,0.6101325509809098,-0.29339769385835646,0.6250822990199189,0.2649751658634426,-0.36667371314027497,-0.40269195281743075,-0.6680866090065714,0.30604260375083353,-0.1726745925691755,-0.10233768899936822,-0.11123871955868626,0.05537897176369598,-0.07230181704173491
0.5870981953717789,-1.467292402165899,-1.7825482503772812,-2.0069472215820183,2.040158114732022,0.6097118464981502,-0.9291931356388505,0.04736170777734,0.35991132050037716,3.218765413009485,1.1403406612233873,0.69059400932158,-0.07865617754798575,0.11872239896062094,-0.46929202505531686,0.25659162356072085,-1.6093053425758923,-1.3053263865373665,-1.3841124092766295,-1.0983344595752536,-1.0571021357985648,-1.376822844538917,-1.2386937582432591,-0.4556417981451828,2.791662254404801,3.782240436956048,0.09578998800424159,-1.4582798596003212
1.467143050087444,0.7819743975933188,1.1572867444728456,1.2590370259625543,-0.8608325468964632,0.42873871838860705,0.2714512478906503,-0.17086782616719323,0.005495697289237357,-0.42266016411250956,0.06557144674963879,0.4881009446429178,0.41993588714120067,-0.05702205269278869,0.19923939859403245,-0.010651559896724548,0.027529149271708502,1.9074249239596361,-0.06295176379328174,-0.6990636656507501,-0.13499336120526817,0.57687520294379,2.6381637904241937,0.4984274031092993,-0.3091219104923155,-0.04067302705046022,2.2880859198637795,0.6857411326109586
-0.05293442623961494,-0.4263381734812624,-0.38007839913224034,0.2867721546224021,0.44072796009218773,-0.4074547089094049,0.8622405004229013,-0.5030410816373141,0.25800248322627667,0.7186113232775049,0.022280450572224584,0.01336497284660053,0.2744281772097696,0.9223030832368867,-0.05346591342494071,-1.3540015394730502,-1.1684960646748455,-0.0008454677589499489,1.2009753770266454,-0.25613288299642817,-0.6577056592906955,-0.9523011085420605,-0.25184198494347465,1.4891542629223884,0.8591301131176825,1.6333651202931072,-0.36010644713662227,-1.3064847774768231
1.467143050087444,1.0959949365969137,0.0900362402549057,0.15722028791158715,-0.12382755510871357,-0.4220180406915249,0.19132154417105543,0.2736551572011709,0.07101863708803667,-0.42512219270384166,-0.7120987800562265,-0.9921732278178409,-0.6539905834187972,-0.43320399111110874,0.023743936383984532,0.6434106237933738,-0.8048897135555793,1.0658124135412157,-0.8133867356162854,-1.3792363253918036,-1.3776770201605182,-0.49849852168895115,0.8582378026019257,-0.15320150407515726,-0.6640042375618579,-0.6448057689423292,-1.065599468525452,-1.505099036766675
0.35241956744760095,-1.0440640901025993,-0.3241600463708536,-0.24893966108730192,-0.07957906075461435,0.9911815064668671,-0.09311930119284002,1.3044879675894836,0.7695973709180268,0.1040560892795198,0.25450423582239656,0.4123913481507157,-0.18235033548130206,-0.3242500574497018,-0.36857228118321245,-0.1594429084004376,0.45176128853378683,0.3296706196764361,-0.3085749687759779,0.3910927081872509,-0.4218842608861373,0.0431250932487958,0.0629565565180382,0.44800662724266826,2.354028223131389,0.9144648936918627,1.0762395299863103,0.27316202059353695
0.8478522263986423,-0.672602493826422,-0.5948181844525295,-0.5911955561215805,0.3289628454838615,-0.019250246063953782,0.8960988814908948,-0.5349701038946246,0.2247368797774546,0.9863877674327299,-1.0749839359805384,-0.629628156571192,-0.11781766068969364,-0.3780484918303493,-0.31307036899327145,0.11401251426192605,-1.2010078764426737,0.0770975381721848,1.170865240959905,-0.21539040848486335,-0.6912482920658226,-0.24541854647738545,-0.8352388168300239,-0.12228292723323642,-0.4224843428148338,0.2910541581073537,-1.2785350937192745,-1.8781341594234489
0.8478522263986423,0.44063628907610786,1.1188517873680732,1.4029565461005116,-1.1661594103758086,-0.24619579689582127,-0.3762010617407274,2.248194508825305,1.0615431429052324,1.062060053503399,2.355711065126165,-0.3759647854880261,2.0092164956234875,0.2906958326757091,1.1948267687936354,2.1732459649208993,1.3074021324726843,1.0894044464458739,1.4622250031208126,1.8293793609509972,0.9682086345662293,1.2387882841096054,1.1167029231027734,1.7407080868962688,1.0263117175068388,0.9205514281215081,2.210005960115057,1.7921230017247007
1.467143050087444,-0.22676043690582828,-0.1570372816722692,0.4907929285025832,0.24819728099411179,-0.13211687663253682,-0.7629437474226882,-0.3744697390904295,-0.4924883258666458,0.24477949287209308,-0.9637282149671209,-1.143136470007291,-0.8073151079612542,0.04726193455965646,-0.6885212830232593,0.08567250400150007,-0.14233264652775723,-1.0482439830280597,-0.7038197991870446,0.2769240556097058,1.872706567155692,0.5856256987466222,-1.0362953099022836,-0.43462050469231955,-0.42501312082711823,1.288052446551626,-0.5167007483446923,-0.27817410101151846
-0.05293442623961494,-0.7916682143329445,-1.2460971182463507,0.04551565393684052,2.278843578033399,-1.3189074778896592,-1.247796681988481,-0.04777107258233859,-0.0009226507837707198,-0.07957142008969134,-0.7250203683748218,-0.1698283068186424,-0.44710201247776366,-0.08398136379650871,-0.24753626930698844,-0.20884119734348255,-0.9266340077512119,-0.7347931536866831,-1.0826650419773072,-0.6966735672847766,-0.944162521366013,-0.8442999325368898,0.37523635116750004,-0.4074461213375445,0.958594643977032,0.06304142101772067,1.2266781810915404,-0.11261974088646645
0.8478522263986423,0.20053554385213546,-1.1286752874482329,-0.4142285077700723,2.5845747799653433,-2.694663370955315,-3.365362000066689,2.6396648487626737,-1.9338531992749033,-1.4847768937459254,0.07891826331396612,-1.4660386030833146,-1.6279061464680817,-0.47665550749912955,-3.0555156987913934,-2.274532060895617,-1.8407047502535927,-1.4215383091932043,-0.8156856259281617,-1.7071832889649192,-1.316063853357773,-1.7145079388583078,-0.43544774175097206,1.6019681887567674,-1.2231648235805508,-1.6751022116217709,-1.464441530800094,-0.7478925496839691
-0.6765559549891773,1.3136730598743767,1.7844977518574308,0.592344125630187,-1.6131923216563113,0.7435444716092167,0.6553906312496705,0.5603798750612882,0.6505415402967377,0.2054542658995282,0.6444814157767385,0.35104345525339553,0.8362550837094448,0.22858685272457305,0.4497644750926125,0.7769720407194037,2.1357362095362253,1.4950911326439642,-0.29759439268848836,-0.6336208154421139,-0.9677003011391918,-0.7588953110118237,-0.530829167537962,-0.08980166442868227,-0.3150450045070276,-0.23118451308798835,1.0873331409557183,1.7165144888816044
-0.05293442623961494,0.4894156031257557,0.9511025622917544,-0.9594922465834013,-0.8042195197257915,1.4139534035930068,0.0724242855515116,-0.3845764688577353,1.0389968848034685,-0.08029741668829621,0.33361803713823435,0.5467623700983165,0.3309355813822739,0.8185446120038262,0.09888720765112333,0.215004546029577,0.09072782757205122,0.48832042706041157,0.09025094470086717,0.3419188195285856,0.48219659632648837,1.2861595198139324,3.0511106410854256,2.3097467054295526,1.344786127202232,0.6746016930859277,0.9124658643942936,0.2725963605669383
-0.05293442623961494,-0.4252570670793924,-1.261866193084379,-0.5563368770013327,2.4508230061299887,-2.257776605386062,-1.6417270841823408,-1.0790556538728062,-2.7639098549690226,-1.6257403670436936,-3.1223780384762345,-0.6346546535162714,-1.338342169277546,-1.2580967259996074,0.0009084422051219333,-0.36170051473372233,1.4045567460025865,-0.8656579872000623,1.0471949686715751,-1.1666153420293173,0.610928255102814,-1.304078773525298,-1.9295725266740333,0.2369119109756728,-1.5917788578311034,-1.3059835175787469,-1.9172132890647366,-0.4755354373622038
0.14009128504001184,-1.174438964473155,-0.9014812494187148,-0.9549879238995662,0.12029531302680671,1.2228044662330393,0.9956491935551544,0.8704561904306736,0.709710052173801,2.000853422821209,1.578374782915477,-0.20009098571160555,0.30907814145082185,1.410525067990905,-0.4993488157585964,0.10376084826259784,-1.8307175874894424,-1.090771785761185,1.287070555657665,3.1770857512662207,1.6793825320229152,0.5768403106221612,-0.08933667607853356,1.1083870362395307,-1.2052422429538348,-2.3883213863080983,-2.0601710363724464,-2.14796376166341
-0.8035899701048288,-0.4490678019194495,-0.7470402865591723,-1.3128883798629403,0.4267262126399331,-0.7796754962584714,1.4475150395313758,-0.2506512131060034,-1.109308721580964,0.6563048416139735,-1.915076321890687,-2.3088921326576477,-0.3837568687467321,-0.1945718533103583,-1.0762730076902998,0.6308696628952789,-1.4458505378611368,-1.2795385388827973,-1.545357989158769,-0.9887759138319105,0.9200054707290899,-1.3383616123934408,-1.8895873428302088,-2.11957091901693,-0.8596384861908632,-0.4179310961598342,-0.7185154227919615,-0.3173321487855337
0.14009128504001184,-0.2828837628510703,1.2964290247745003,1.0884954242554041,-1.0619096696821468,1.661762443061299,-0.48753446988647264,0.5717899632518785,0.06453094390626875,0.7090790719759337,0.5432822529095163,0.35835673606013896,1.2022310357630897,1.2642851432234752,0.6736421228283123,0.04051174511444528,0.49421895089684004,-0.31770883667526933,-0.5474466230818987,-0.16716314021588402,0.11290835500115272,0.2009267506838326,0.7088741146627753,1.350140785203629,1.9446981921760418,1.6848058805519943,1.5098816156349766,1.1638050220619567
-1.4041144051970003,-0.8281024861801415,-0.6895152851045799,-0.9434296264060963,0.18342610405162776,1.071390879333424,0.698084024697251,0.405256609069026,0.3956786380404914,-0.4841914286445032,-0.5715201364417735,-0.21079516441552842,-0.11360386754051383,1.021652307824002,1.4199361334777334,0.4215108493922658,-0.2788049091902926,-1.262866158077187,-0.6283785156087187,-1.2233880273517703,0.09100900087569144,0.06375249729202935,-1.1909641004940634,-0.816282657409284,-1.0491451409538308,-1.0312042053733448,-1.3698489566002015,-1.020770680196162
0.14009128504001184,1.829360694772508,1.7654703307744315,1.8592986621032437,-1.3573276476091807,0.44274047815833173,0.15892629209632514,-0.34213150727826636,0.39565917895384967,0.012957282874657366,0.05658778327526354,0.29182839169476876,0.6656062300565448,-0.23310509023027506,0.11719786289562581,0.3994426419350541,-0.728452539908449,-0.43493344243645254,2.0208884377519993,-0.22017952121951442,-1.1157099865721332,0.07709601590843632,-0.1860673299687378,1.0045931420108802,-0.1857899578058562,0.21837483709975977,1.724524831379007,-0.3438371506371463
-0.6765559549891773,4.690560252383514,3.2006250169847927,0.607111492856008,-2.3203735833081782,-0.08310966090832825,-0.6663520598887741,-0.19439410027264126,1.341432957736957,-0.1823217123028435,1.1187971817229774,0.08713278420633087,1.1601212546842175,0.5655357744666533,0.6918819501566106,0.5318024329389196,1.34063031022732,1.0331569715799598,0.8761555897770547,1.9636436929571555,1.8335408508564703,1.9754108105006278,1.8489451948185793,1.4586807355968892,1.655774163608993,1.3440758931893213,1.7933183547012606,1.2305095177631677
0.14009128504001184,-0.07273279187313457,-0.9567669200786639,-1.0265573200383804,1.9329359959380665,-3.4239913939384414,-2.8033344520338734,0.7186231495649503,-5.063092424677758,-2.233963126488836,-1.0850596898582328,-5.221722827267282,-3.2756666470579536,-2.03225428317055,-5.025643959387558,-1.4947636418894605,0.6847764129752113,-1.1053451746557312,-1.4923054455058329,-2.0198673513957788,-1.166469700313314,-1.5329032229647588,-1.0985220728822023,2.8959912070945397,-0.5330519184006006,-1.4416268081205843,-1.9196535856424455,-1.080163433437717
1.1392832022521955,-0.30528913238897254,-0.6392798925434774,-0.9119646893767829,0.7412993787396958,-1.2870172760788183,-2.0593616393820766,-1.8935917026651112,-1.5632675299521583,-3.4939933646695964,-2.042226524288911,-1.7870237499115047,-3.6565773655861182,-2.559303050435202,-1.9539357190057325,0.11920094766160631,-1.2310305759592386,-0.6387791889724563,-1.1047170458524231,-1.3691425720738277,-1.7417317507949186,-1.2468738695575239,1.9454914471631168,1.3683347926245866,-1.911535512116672,-1.3042159502256911,1.3896988572906652,-0.9009954531369011
0.14009128504001184,0.40583314152980043,0.8493592811784261,0.8434365329923762,-0.6779737403355129,-0.33300072795692764,0.2581678198919718,0.6265420752650822,0.09290845006220899,0.6426177886903658,0.7843091150390072,0.7631308619230085,0.9393976004443196,0.4575514145023658,0.808722031084011,0.9841424484116835,1.0480640187213217,1.3156872566542301,0.7677770706027508,2.014092722412844,0.004730031188523473,0.1510272566270064,-0.3566425916334775,0.5541682769830139,2.439231941597381,0.4460908195365507,0.7819182757881167,0.15996257289644972
-0.5393592186642734,-0.9157483685921808,-0.9743586214224257,-0.643114728301579,1.0187607518312554,-0.25106658831722856,0.01652174594336438,-0.41253898629474495,-1.2021075557879073,0.08834414120398151,-2.9154822873439903,-1.1503562916631866,-0.7130372314949471,-1.6553624477231268,-1.3732271653793782,-0.9034893134508037,-1.2365230756815624,-0.7504426880921652,-1.283596912206371,-0.885507341278449,-1.2396497110313927,-1.1864605335390008,0.3485667888597738,-0.2803100371873625,-0.09252810583258327,-1.3418515966914262,-0.8643422811540554,0.33573954456403005
-1.6962614276742725,-0.5656467487520865,-0.8140958462871809,0.6975300910625375,0.8632808588761514,-0.117005771421794,0.4413212246636059,-0.4568723020486528,1.5510676356140047,-0.16570919379550847,0.2046717500539061,0.1126791631087999,-0.21414436480895907,0.19843848216514343,0.1573091211499289,0.524850694074615,-0.59371452316446,-0.4811253068947946,-0.02676019747848826,-0.42916529024862415,-0.5158732964600217,-0.632251514972969,-0.5875103551116792,-0.7987151204906672,-0.5809206789350728,0.43279736626992216,-0.5943636619398058,-0.2892382665070031
0.8478522263986423,1.340916224114173,1.4937882457584015,1.2316108114151643,-1.0793422067325986,0.3650374046673967,-0.17984520733483428,-0.5792424563834867,-0.31337085341066956,-0.03208054427649632,0.7675254433554834,0.04966927713369748,0.3363861145864228,1.9137989676233704,0.0506624899993987,-0.32070688207543646,0.5281143958825455,0.9265036664585734,1.053982460680273,1.1194050764784182,1.0140136324374105,1.8594947418235852,1.8327595407439108,1.5424369307069006,1.206847925246688,0.8008602674120557,0.5467389926350578,0.08238199771694754
-1.0313751006570318,-0.2043356295456261,0.05755970365930344,0.08073028127822018,0.03337101142855493,0.12356598391578788,0.18697810280231753,-0.8182223218788383,-0.24902566851298055,-0.6169315285631459,0.2266144274100091,0.056404803490683754,0.7322952680722007,0.37477644948542654,1.0103382487534893,0.697892791743711,-0.4646752785953167,-0.1244787679135342,-0.4161358939612106,0.769088928992235,0.3846550557896993,1.808148651384761,1.0353375788368409,0.5990085938206064,1.0541998505899326,0.23461216977794516,-0.08026374324358877,-0.7789290299537263
-1.4041144051970003,0.25259192750883047,0.4102027844293548,1.696143423308211,-0.47553001001811646,-0.31740874041576267,0.24781170396266491,0.831003521849057,0.9902832094766875,-0.6948077923700459,0.2812850200173722,-0.2023034444963851,0.6135166094460417,0.9682559463336735,1.0518377583335896,0.5528024050285116,-1.2083571166297986,0.8859501807150165,2.3787977833852403,1.671697719380528,1.6406322158186821,-0.21884902537542547,-0.614209477972527,-1.7590767263296578,-0.41559384241388936,-0.12430085493309194,-1.564855110121118,-1.329655071060488
-1.0313751006570318,0.01332983459848458,0.7087190987344963,1.380944697034231,-0.8855717713820561,-0.25159099444555577,1.9013384413598806,0.046633876637394586,0.7315498864635378,0.5626696911276355,0.6176350237504107,0.7050257408152126,1.4832550606550259,0.8057266956760087,0.8058877815517066,0.6900021967972239,-0.38541099715081206,-0.08735326064310121,-0.10526077300021751,0.5973953700435655,1.4420618261674656,2.898087352464444,2.366616482913886,1.0572475570156608,0.521052027189399,-0.1878190998917873,0.05263605898230898,0.011650587028571073
-2.032570209363226,-1.7054370088709487,-2.349853827254209,-3.602893605219986,-0.11155025942189385,3.1427857198237406,1.6611900331189173,2.617451265770677,1.3191636757255754,1.9061033959531712,0.5446090814332473,0.6803815264702235,-0.6235215588218139,-0.504230845804492,-1.3236036681319492,-0.9724300941723004,-1.1775844534462878,-0.8571704723203569,-0.45628656913646737,-0.49816905476810097,-0.8217494672945019,-0.45489391965693227,0.7637974659585093,-0.7940850608794772,-1.5466975523596593,-1.2589727344446053,-0.8819820886517853,0.053043235408577076
1.838717544300725,1.459315946577475,0.9998147443239737,0.4289008953848254,-0.8665878861868528,-0.10524651567514752,-0.7496517627515058,-1.1598075670574273,-0.7882866853265896,1.5184142988797955,0.6105340702854966,-1.2442224090541012,0.27035864676421034,0.4011442428855731,-1.2387512505246905,-0.7823101614686737,-0.1138955988980548,0.3500592751644299,0.9031961649484136,1.396079537730691,1.5150576256856325,2.1661604866902304,1.5857369349845067,1.400647853000525,2.3552153142459664,1.3371945380849368,0.22844312129108882,-0.15658907177740855
0.8478522263986423,0.5142967204557016,0.36850009958860563,0.10427157840396652,-0.3669893635523151,-0.3049963092428637,0.9210434419854449,-0.018471622776053673,0.35668633490299584,-0.30189827539879244,-0.11066044378385793,0.9865822843333583,-0.6032671024895597,-0.1990849596002641,0.31974180693691684,-0.945343072145664,-0.08958962396482135,0.437713037722147,0.0788431374237993,-0.36156217641039273,-0.09245837389530866,0.2789736238155072,1.083879447974199,0.14525918736921833,-0.4780641212507364,-0.6360714758133386,-0.09265744462116923,0.7937500260540573
-0.05293442623961494,-0.631262436587176,-1.1132582395773936,-0.1328224870337959,1.5184765850238249,-0.7070654976467822,0.86774715321316,-0.0529169645383955,-0.14369114748598305,-0.7198463526188269,-0.1435066878818989,-0.8746898858674229,0.02946216245243442,-0.4666107986794609,0.012441071298539374,0.2777185570265323,-0.7666444504623766,0.4901580438560304,-0.8421754572375417,0.18551109947271838,-0.5853221054847016,-0.6946641357061341,-0.14677916519892575,-0.556954168155454,0.7961356889529424,-0.4158726909331527,-0.35372329648596984,-0.5953597335471738
-2.032570209363226,-0.9492425058581,-1.5136824838285223,-1.333164585545638,2.0911466851822045,-0.56647006786286,-1.8336064471625506,-0.09344869675884444,-1.5658526401290582,-0.9792895351109688,-0.909672252565139,0.1754785614886942,-0.9315678507421643,-0.012512184141838762,-1.3522441875084592,-1.4252918052722177,-0.10036986501549405,-1.2362636176095299,-1.6571153500946199,-1.6606179788410589,-1.4810160131404544,-1.2082332667110325,-0.9487150548487425,-2.3443400397348966,-2.0533832857634775,-1.7298922915442352,-0.26402438965894537,3.5610477909078306
1.467143050087444,1.0681086940218136,1.2111223431555282,0.7224177913973615,-1.0169187459659321,0.2367959597064278,0.2193913362902803,-0.9962187624947335,0.0737202996124588,-0.5604389562107462,-0.8500641265656874,-0.37452749315858974,0.988023712358037,0.23506345744762872,0.12268176226649763,0.0693471000200097,0.20546030034246104,0.5821285688947502,-0.6131614263330311,0.15635394170589895,0.3637473987150698,1.0327880200104014,-0.17992037717230133,-0.4102539508412834,0.7527434912087142,-0.28707166249016247,-0.6107618006201911,-0.6246472868732249
-0.22917529306014311,0.03668804469064674,0.6603262169668223,0.23981345028053538,-0.9082123059531659,0.2247803530237341,0.9694284487600854,-0.3168149419323318,0.9788646848260488,0.6122556082405602,1.206984817544913,0.6051554864997262,1.4045319979329258,0.721520868573134,0.07692456293650889,0.3020556013334542,-0.6246739202354338,-0.5256643558412789,-0.842827749624635,-0.24798396134526796,0.22711224880194988,0.11672523453441806,-0.6054252233414661,-0.6694054005411088,0.7927261880734946,1.795593063357072,1.4806387456222014,0.4604416807853104
-0.22917529306014311,-0.07532507350564814,0.45771886833104,0.21212776442644393,-0.47789661950946577,0.5500723667701239,-0.26027755684059367,-0.40229058235226023,0.31589688823988793,-0.2586919154721594,-0.0026284808168383056,0.43758746996859593,-0.42524824927699617,0.30753373728238775,0.08213286331776413,0.23192049262405368,-0.4428751426553896,-0.48247539587044935,-0.6952390914392136,0.5455797536092706,0.47750985574881893,-0.5199214253506237,0.3142296257252989,-0.4746956058833665,-1.1983056537804273,-1.4303852797986383,-0.40764726486902664,0.8767777907044166
1.838717544300725,-1.1328258772019386,-1.1835996695730069,-1.017683746779507,0.6892124159626483,0.2759437482614633,0.7658226745534835,0.7299961911388281,0.24103567596708303,0.509336338055314,-0.5204031383449135,-0.936852683253454,-1.7132356838082248,-0.0884337216677993,-0.34312045302246397,1.0805739343656928,0.054468576704352345,-1.1476264205123692,-1.0453035282587033,-1.7838077972317636,-1.2398290359925799,-0.21117301671505373,0.21898779143916294,1.3806276796095476,-0.4100161852749048,-1.3394438901774328,-1.4505683503648579,0.3378043586162504
1.1392832022521955,2.6536068336361733,1.9683497580998761,1.0441780992869911,-1.6068235543047347,-0.23109760608047988,0.545589239511331,1.0846995623683051,0.2261159477749138,-0.04485408665262625,0.8770484622764844,0.2096813386061933,0.5452987044756092,1.0552534862185732,0.7148915369064734,0.5720365115143077,0.8886144035495559,1.0643087889901774,1.2459904690162458,1.1009790519152078,1.5545687990626724,1.332286866909535,0.08793889942468405,0.34585376492022274,0.5850325526894669,0.2089456041642316,0.28674275227500684,0.10005868907776834
-0.6765559549891773,0.2419039562885075,0.7061212989926345,1.1742064273258441,-0.644183462073513,0.14225564673688137,0.0802522147803344,-0.6841585018895139,0.14197519408960405,0.22535299516676977,-0.3153944229863372,0.5952737917807468,1.0983614064966571,0.21197247887400122,0.5528453458714405,0.6870810241856016,-0.98534090693077,-0.08195631836621074,0.9875993911167481,-0.049302195646623796,-0.3847130374308248,-0.44875347524626186,0.40526142726718656,1.653266364929843,-0.0828468692142796,-0.32967613561642384,-0.7099758663109772,-0.8192967608057564
-0.05293442623961494,-0.6551949544492822,-0.6355315158763186,0.004899802966247916,0.20367113821503485,-0.06034378479333977,0.7986158739045099,1.3536495473190027,0.900698628886008,0.586598973360676,1.3909038894020347,0.19633439534992478,0.554958782004637,1.1306999390746544,0.9224302160536849,0.5919767743454133,-0.8222990076111882,0.39130177022834056,0.4089569972909747,0.21318568602062435,0.9565643088654087,-0.2706354236824261,0.08112182922162643,-0.6285286458326627,-0.3407586479396662,0.39704064939463746,-0.315324961325511,-0.32223979923806395
1.838717544300725,-0.13325662880260264,0.4251200234089593,0.24152565533179662,-0.5622103916565292,0.747092015188487,0.4337094444228116,-0.007718869250887413,0.5444441978018403,-0.45735970050700525,1.762678747529022,0.1881352721049073,-0.37271168585228887,-2.1503480377387283,-0.11117789828240178,0.00305077776858422,0.40965229222469907,0.5990593766844952,1.790218966214059,-0.023086099489814854,-1.0702363454898802,-0.659383467068807,-0.24848936464480909,-0.06750366627261127,-0.03581724482347354,-0.06502247534789152,-0.6135189178667991,-0.5334677015734333
-0.22917529306014311,0.9038622282598939,1.0582786998869151,1.1779012030756462,-0.7172519489411862,0.4409981774802058,-0.5505166639134794,-0.8776766656372725,0.24385075716793164,-0.6931906160662582,-0.7573470928377554,-0.20729150713257502,0.6741852919807679,0.1286143324831199,0.4443726565443426,0.6816174661602071,1.0200680668149775,0.7413443399080447,0.7146321063820139,0.3166508678644895,1.2273272701919034,-0.179196998348725,-0.10633368131362897,1.0187040261944922,0.2743395149488338,-0.30284297836720764,0.53785402327131,1.695011586325993
0.5870981953717789,-1.178724155699662,-1.6371107880167537,-1.727769779926042,1.8274123942730047,0.7738024841666049,-0.3273558547970822,1.3695746469619658,0.6795657367654074,0.6530701884229909,0.18630620337590822,0.4400957106053448,-0.44773134384732627,-0.4884332083481126,-1.4981651021133617,0.44157002030895326,2.2336040167397893,-0.056714030168991264,-1.486032328154193,-1.631544799150993,-0.9781382843023572,-1.6667912540649519,-1.500282522059859,0.3121847627588106,-1.0872275916254939,-1.0103336823794689,-1.4027210674769084,-0.6816901824044915
-0.05293442623961494,-0.9732876749392874,-0.9364974861859053,-1.0521817169403622,0.6965824215363283,0.7111864367395472,0.18289359378412715,0.6321981584797948,0.3945721657329581,1.0239283430464492,-0.12741518737774715,-0.09274401210990478,-0.5354259559452798,-0.10695070774233341,0.26221559695166996,0.38761750901913944,0.33394330864064825,-0.24654412770505743,0.1149548341120984,0.7633998334205049,1.1824615470103819,0.2037336944623301,0.020620448473273878,0.08294408629881075,-0.38909882641499227,-0.9013328033949661,-0.5559484494308853,0.7970205386237084
-0.6765559549891773,1.0732024226204746,1.2172396760948696,0.9941535348625511,-1.083590004570011,-0.47960279402847816,0.3317036153694768,1.020944852737,-0.1838634209963583,1.2740118091127657,1.2973706702879833,-0.20392573788563706,-0.18501378374819893,0.620045573346,0.7507984959744656,-0.12104762479876296,0.3911048587299044,0.6262843607707982,0.39245300865839533,0.675854974559326,1.0312788079531947,0.1704017846453378,-0.511996123503397,0.3790558846671942,0.8670323536412852,1.2250433263569338,0.7085069266434132,-0.0804550396661876
-0.5393592186642734,-0.674261681175878,-0.5265635278170391,1.6155500810103856,0.3579021373255232,-0.20756459539652733,0.49950355945013636,0.15032746471897837,1.5659583857723869,1.0368416066097033,1.4590136459367897,0.7407069926177323,1.1779535404640122,0.8319864784912002,0.13305849759150631,-0.7203040520170039,-0.2963351837336092,-0.39224077709711747,-0.7042784790420556,0.32208833402656345,1.1504143824985773,0.4498804445269911,0.6469070622567146,0.3991102183748004,0.7622979073968301,0.9725528736489988,0.27833821458171365,0.26787893598821066
1.467143050087444,-0.4781907934135646,0.40141717362390295,0.41446367982165316,-0.6165640147919775,0.6891452691379597,0.4104801247360191,0.2629972412164097,0.7061889683532768,0.7553601496722891,0.5110084817670424,1.544884960366068,1.0570203318524558,0.6397083254058912,0.7926609967369721,1.0251144774931753,0.8794637220836086,0.6890766871472414,0.7262214744350238,0.7515269946398323,0.3587934506825834,0.052606288644184956,-0.1918131820324671,0.28428254187517754,0.476240310514497,0.22441868619363023,0.14731217987548978,0.4644204121046744
-0.05293442623961494,-0.35986117226365116,0.09285495134904205,0.4859579005818831,-0.33734473022255484,0.33732778035071287,1.3915324516319076,1.0324314619732762,-0.6649031791077029,-0.0036346206206656242,0.9221314105557697,-0.04955009912672544,0.9675632029528513,0.7031912880113826,0.6958515761703584,0.5279845196877045,-0.3835968666194051,-0.8001823958361464,-1.1472234471362666,-0.18470602328045682,0.22916174673321432,0.14493076747864825,1.180544098936268,-0.13500950171626191,0.7250534482801132,0.48131199745490216,0.7372091105606838,2.4902261327252986
-1.133878409405523,-1.0731788199726757,-0.4633258963061045,-0.47593210422457494,-0.2979703081466057,1.7105533061335643,1.6881351808477614,1.4937910536098864,0.7240730483156858,-0.6819018304787254,2.005743291576731,-0.9447974140642095,-0.40818799176577275,-0.5218922040957684,1.4575533246481933,0.06736147376110026,-0.6048561195216827,-1.3185176449238512,-1.5567832679166327,-0.9241449533054285,0.13892506328606438,-0.4898709797813831,-1.0779235287225486,-0.8487129025235691,1.0442099565467737,1.948348102019863,0.7443823654972237,0.7515181111540229
-1.133878409405523,0.30397372126711414,0.7221775288714075,1.291664136701734,-0.7346976279991703,0.3669060768444758,0.5167406661845209,0.8290371737561611,0.1467761129895611,0.6457020625075762,0.18308229861054345,0.9666498708512513,1.67338469565053,0.22531592844502493,0.7835383641508958,0.592915972548296,-0.42622049863841993,0.5183381449047108,-0.05848790741824062,0.9181391940985423,2.3052294387027756,0.8354392390870685,-0.0020119868652117272,-0.6795921554828125,0.44248013207360803,0.10423946163667117,-0.037858527001362476,0.5952705777306281
-1.0313751006570318,-1.150179474703925,-0.5129368085206584,-0.1887906117472357,0.05439335905587001,0.7456264354979888,0.1618350027037322,1.3142609909648526,0.05849465099150867,0.7414860587235368,-0.8792383372672193,-0.26321600845241333,-0.5743120533782863,-0.3428777926968176,-1.016685326204953,-0.9526303391595177,0.6495111054946033,-0.6247637727197274,-1.3408011788815215,-1.636180358505736,-1.2494449443920623,-0.7003915365951824,-0.8307015847358744,-0.15161772783008337,-0.860386970907897,-0.23263658932068282,-0.32424750379081047,-0.48048160523371214
-2.3915151590504737,-1.1448324036185031,-2.0122829217225733,-2.124340162774592,0.9831609615710203,2.753425877543567,-0.746466448404685,-0.8507848682576276,-1.3668448979971377,-1.674551605570352,-2.297873320138005,-1.0713303933208753,-1.2814262363187634,-0.44854679911175444,-1.0847761339152582,-0.707531302422552,-0.4403168883971467,-1.5897135288431807,-2.5902883333666855,-2.6138054800392467,-2.323858687470731,-0.8576309140853523,-0.3917447318331376,-2.0213829109747388,-1.7449345957381825,-1.9782593126411123,-0.0702671599241691,-1.510941583193248
0.8478522263986423,-0.3427392318352684,-1.6472299991895512,-1.83751254687794,1.312031234351622,1.2232965395408517,-2.980491427521721,-1.2465443072205995,-0.543564553752958,0.21478055494560824,0.38150225397223386,1.4558964341342129,-0.1752863397115861,-0.378332512647748,-0.7092730770047548,0.03963877994148448,-0.3956961410566167,-1.8835790684788243,-1.7598483702947634,-2.010235980453947,-1.3492309437852212,0.13558536514449104,-1.4819803167411472,-1.9980689850021394,-1.85601288681086,1.0830505568995583,-1.9206111346081358,-1.93587689136957
1.467143050087444,0.593532498657059,0.9894410526700711,0.74617276817063,-1.0389379242709025,-0.22905400697526182,0.9744168648200097,0.0883285579062179,1.5479687550066787,0.6718761141500695,1.3974321498329316,0.493226591112745,1.7229448249210182,1.8113585665584273,0.1832055232560223,1.0236849895745999,1.0384151398953863,0.9352648144733859,0.4909251269093933,0.2977531334146137,-0.11000723047075253,0.647929337618076,0.5502794010873091,1.2721067401751056,1.8753525978152703,1.927046288083819,2.5858179258130187,1.5532290408564597
-0.9215501269979339,0.6449309452575174,1.108198087849558,-0.07087077861551229,-1.0113048781022271,0.800444690805235,0.5204969214039086,-0.3578337877071177,1.0593621246704135,-0.10571510028374642,0.001882931789136243,-1.1373563691872133,-1.8378823904113875,-2.328518309643397,-0.45260427920405294,0.13221456560515318,-0.12316697245960541,1.5540958861097387,0.17627388410720923,0.6096987679291912,0.11567026653844137,0.8117935736984156,1.0641428520063745,-0.2955886101072032,0.18464702474624967,-0.4798344125816878,0.9323482972988839,-0.09403929215468473
1.1392832022521955,-0.3532791525929545,0.4118785181695089,0.9400911447464186,-0.6098228905603242,0.26986973756927884,1.0226869145597093,0.2631715041853155,0.8038415726764503,1.1861661831086487,0.2196152846815224,1.2768625979462,0.6782248407459944,1.3730032310963654,0.716994426650598,0.2662690265107146,0.3972771707398301,0.5203265818916105,0.8055275921896827,1.068525792738382,0.7006303142300991,0.19943083679961854,-0.019277383154050053,0.45769850316260746,1.4989304082339077,1.787275762287142,1.407324231218897,0.7636333889739144
0.5870981953717789,-0.660838928807796,-1.3759315758031454,-0.15216547730252164,2.199230962670699,-1.471288089621614,-0.7468141717336769,-0.6632715474517217,-1.7340765283859851,0.16928414522408597,-2.968173714447756,-0.4467760692709289,-1.0567935643508841,-1.1856617722228526,-0.65326993155753,-0.2124791128218541,0.34846651871357603,-1.5690092681400984,-1.8818193449672573,-1.9736159302902023,-0.814052105628469,-0.1311830491009711,-1.2275579537910868,-1.0984640271797224,-1.5183786723882329,0.48004700414600254,-0.32253853861493587,-1.2928846605341493
-0.8035899701048288,1.9424552433559323,1.4068640795468375,0.5189866847724675,-1.3156215270189462,-0.058827416723363,1.2222042114362353,0.35992611708625644,0.3579018960295816,0.7459151176560472,0.024355411334608137,-0.3033069421423517,0.3605644943115969,-0.7010309714863274,0.04166316052272197,-0.47956048087624903,-0.06332431307572131,-0.9639496936816865,-0.9439757856118629,-1.1468335516189883,-0.5210436350645912,-0.22083735903674226,-0.44833254559619945,1.1410943512262948,-0.3431121512659455,0.17403209876513356,0.762302138422371,-0.42239431210050415
1.1392832022521955,-0.44529081978286406,0.20937171609230593,-0.7759402114983747,-0.5886940899844723,0.6966703490903,0.35486603179806986,-0.07594383766190023,0.9118939215903227,0.013156907829979579,0.3766130522531487,0.540375567032415,0.5909617831376806,0.683557306106298,0.3823240486124214,1.234860817648103,-0.4323978575101686,0.25615260367838016,-0.12614618114334888,0.044669653266508416,1.1118696373378227,-0.07875136941734984,-1.0408746931555146,-1.1519161598393344,-0.5354167913081663,0.2751449249242881,-0.8422469300306198,-0.723580679493011
0.14009128504001184,-0.7160308863761804,-0.1103414514058385,0.5453410246361667,0.029054171019874734,0.06622330262200284,1.0117332576672253,-0.1688093830625568,0.16348691953748007,0.05728717348025684,0.8481028886316587,1.4772253026937103,0.9893122716022669,1.5249553157148916,1.2498631864445138,0.36716580264972576,-0.058392015015786475,0.15427340930322359,0.9862924530410657,3.1251664196209807,1.8131614659913646,1.5511632284594274,0.5350593135454397,-0.4838990635370778,-0.8245765288456418,-0.6565993891154448,-0.09187085326754019,-0.32249436838648154
0.35241956744760095,0.1554718391724013,-0.8766769941996401,-0.9135902047057597,1.888033599364614,-3.393930113293595,-2.9305569189654275,0.11726759448651301,-5.659018950428543,-2.121885342895975,-1.2726822418770964,-5.138652059822495,-2.2121284312488934,-1.5708499780356264,-5.685783702400721,-1.4989440493206894,-1.5416429312868978,-1.4077847335503384,1.4024679035088339,-1.6307170587973647,-2.085033194596677,-1.624974619180653,-0.3357236517432919,0.30999330418554105,-1.5236118846283808,-0.10745698194737656,-1.5976811710379961,-0.37759420032781416
-0.8035899701048288,-0.9566449303040475,-0.9148549496768974,-1.1467892112422338,0.5830550954067744,0.03418784739461538,1.6123330452493612,0.623117421274501,-0.44845798095911493,1.592456258122611,-0.2324671536352434,-0.6344582001316253,-0.6592378885284172,1.4838969115410017,0.5805165091604078,-0.8261977124041566,0.2861844226183753,-1.075599460716078,-1.7159692098055468,-1.8276423719632542,-1.3524273815519343,-0.3654689021204374,-1.088338853344262,-1.0623594687042635,-0.6605981704485707,-0.06552751471672112,1.7553469935464454,1.3685587513300423
0.8478522263986423,-0.6844892045498966,0.057454506732091126,0.9154618528558006,-0.13537303716547297,0.9098638259566597,0.469413586556681,-0.1734635351331363,1.3069204564505934,0.29808545528143143,0.2836734336258937,0.174808012531941,0.7513243509836913,0.46279345014418993,1.2196941797912488,-0.1850926583015574,0.5368566420309339,0.4142048713950482,0.8959711014859925,1.447743201093255,0.6521212020453987,0.4842027827116104,1.5347707876810537,2.0733870189841945,0.670474956056558,1.7308990698426574,1.768340260818914,0.756046859410286
0.14009128504001184,0.9263646907949394,1.2977141897950268,0.40257744496239983,-0.9356366387670471,0.29359974242503567,-0.08497477508137939,0.6853316390671609,-0.4542609164634199,0.27557016749320423,-0.06594239780175966,0.21057280495398228,0.5830561733512372,0.12364715458562865,0.9967690157220209,0.26662569695072064,-0.8059808450817819,0.22754797172090904,-0.4488266033975529,0.19404058964956655,-0.4022283185658909,0.22398136129095114,0.543947577530078,-0.6472582276091077,0.5763304735682555,-0.6891154014884828,-0.6674009601670267,-0.8767040960541341
1.467143050087444,-0.2378911771769725,0.08544015685228944,0.4136293327627261,-0.2507810947614827,-0.03569519813760246,0.6597742517762518,-0.014602894947372226,-0.22156368290007292,-0.3770404450578973,0.9928398045254101,-0.057724195974401614,-0.8429530338702824,0.26177500387831776,-0.2582717059598071,-0.2925680310985748,-0.3263875876369054,-0.543948588650004,-0.04633560112277768,-0.27586719759748546,-0.1852994923859997,0.40315063844949467,1.3431999476550716,1.8727221899994282,0.7353289553618955,0.29371635656550066,-0.017447397791803595,-0.06642946019894166
-1.0313751006570318,0.8893494400554666,1.8196875692581889,0.9770710095489888,-1.6391154018306353,1.5830698653726605,0.8777218771673188,-0.0806418971668021,1.5815976789779518,-0.20995065025784107,2.4561578042249534,0.34472145240671836,0.5426230666398434,0.8937730457266974,0.6918827809383107,0.22384069724229516,0.5738613143899376,-0.08218270381793787,0.28646080851211336,1.7127363271101197,-0.2256960522199097,0.12518216658363102,0.4647206030116833,0.40229299448431455,1.181340384089582,0.6025954057142003,0.6193940685588888,0.7925155501546309
2.7533624531334167,-0.5428860377139504,-0.6126694377121212,-0.01803898398239095,0.8644303142179676,-0.6272405593935544,1.1487259564810741,0.06414768267211288,1.1242017388457453,0.35116038176939274,0.13239257059837112,0.7803015523849169,0.887657510578682,1.0720653484070646,1.4776438919221098,0.09494489754739797,2.2544096325084166,1.5423062314144493,0.5265512590559063,0.46494517786971074,0.5559113011678424,0.8443287755048773,1.2874357628483102,1.327070763891756,1.8381633841807772,1.5643139119507392,2.3622499529290035,2.3575628444573424
-0.05293442623961494,-1.578281262573302,-0.7946323732635613,0.34751408194821054,-0.20167271827233563,1.0174180354918994,1.3372145705685257,1.0613171226514337,2.0653173829360725,1.0695786840356722,1.061926709379521,0.07004450958204111,0.021753378422532277,0.49173344905496913,0.4701181735885969,0.9266472580518741,-0.18279182370680022,-0.502485992309003,-0.2913794660647232,0.2487369132140272,0.359954979430795,0.7815206329354107,0.2741430132111055,-0.07172862908552287,-0.574145095241627,-0.845874127421047,-0.1212925009850571,0.18753654380693752
-1.133878409405523,0.32067913545043936,-0.6055540840666261,-0.8966343371729046,1.1721328172797272,-1.727387519036055,-0.5823136929714275,-1.3172672876338216,-2.0678167962255776,-0.0076258723059701005,-0.8590495384410846,-0.23733306412870178,-0.797037495831772,-1.6319774929632433,-0.9660124157243465,0.01283994655403814,-0.570262693545811,-0.22422087741779162,-0.5504607031117329,-0.31175647084214014,-1.0150346917311246,-0.6534896856937227,-1.0302253083869908,0.3453260622898718,-0.3899677981712958,0.2903956346681366,0.15389152015599367,0.17160789393191533
-2.1247437273076057,-0.9543048240694748,-1.8436125547524636,-2.9025147173873482,0.7490313942141071,1.9495065996168088,-1.7317697612028597,-1.510098344544327,-1.9198705398264722,-2.3098799747342076,-2.5106248697696563,-1.289478648001237,-1.4386340840620229,0.19524279153813612,0.1753819009360429,1.4659342510986755,-0.4214769532106773,-2.128149214792023,-1.9752998968110187,-2.0920398785174084,-0.9341675804483343,-1.6480365556648233,-2.385910241888584,-2.256661200614135,-1.9090587747381946,0.055097088351968845,-1.5561595336269822,-0.071086157122844
-0.5393592186642734,-0.5201214728656229,-0.13226750739842313,-0.21140843636521792,0.021980330932909783,1.005433573969917,0.08672880980230128,0.4491723159368504,0.683250832887627,0.5081915285759777,0.8613752086405576,0.7831190032357633,0.5896002571146101,0.9342074308457443,0.31481711428086606,0.31467589579344857,1.0816174306714574,1.930141439447316,1.787836711979529,1.5072502796553409,0.4757825703597264,0.7179569432110146,0.801038366918315,0.6850114981029558,1.6997897043701908,1.7133357446793651,1.8544152725484866,1.352753180104168
-0.8035899701048288,-0.5848726154222377,-0.5130700226686729,-0.03256587856861675,0.2887259959606619,-0.6110085093892655,1.492790191889899,-0.6315973555627697,0.3518481825991613,1.1516064806200552,0.0210505666058532,0.4693681315109221,0.38777296858476756,1.2029469120629865,0.8781692334181992,1.6444695924909938,-0.10285414669901227,0.8943367608885194,1.1608356126128652,3.019918342056853,1.379495423992991,1.561387736039824,1.2715414131661804,-0.3208676899815649,-0.6566750544574547,-0.4719590385689464,1.6175229003425535,-0.09554870273440166
0.8478522263986423,0.7964623675946677,0.6004979424029969,0.10987607448543364,-0.5394999813807496,-0.5424503789187824,0.5729340086480482,-0.7573793144669999,-2.013722220130749,-0.5729161734445883,0.5433351940033954,3.019754080307009,2.838299248858,1.309081926193845,-2.213433101918057,-1.9815387400979099,-1.7416334467502312,-1.7839433632401749,-1.4187687672707334,0.3539358384555538,-0.9004989525175267,-1.6303664646909175,-1.689740251752744,-0.6794503159072468,4.4656608763737715,-0.12561240765939705,-1.6146532159341598,-1.6147361397254185
-1.229768601460563,0.060571438179310384,0.5181022164931965,0.2337611126580172,-0.788226583443161,0.4666964381016031,0.5484942918312179,0.7240226939508247,0.6687804326960958,1.172623522939286,0.9795534239488527,-0.5823933240038094,0.6713771924692512,2.2346267988746105,1.3121195502219187,-0.32187656968482625,-0.8154015336552771,0.9860554534473531,3.713052697571519,0.9781989124179952,-0.12846855722628203,-0.8828394835947672,-1.35177249284526,-1.3429919651618358,-0.8252325307940911,-0.06026080639778734,-1.221423368415521,-1.5080697480464658
-0.5393592186642734,-0.9505841258557468,-0.3730495572194013,0.14029575267937947,-0.07624690340108504,-0.6848401116460388,0.9349536152425844,1.498739114834318,1.2071007332402026,2.0699775870356776,2.136011638818367,1.7445680028670885,1.2532517072594522,0.9200823642526735,0.6427168329358681,0.2219163451851823,-0.16576904716883215,-0.7323340242612533,-1.4562416705934305,-0.873593580331518,0.5296705937391197,2.9454882692995077,2.3392862657046383,1.0473418078090044,0.35044985756316754,0.2867333596467203,0.12295640957962117,-0.5606331074477512
-1.4835955804297878,-0.592223236116048,-0.5948187357010677,-0.007088953837878702,0.5625242696112688,-0.7337549858838939,1.008168039462214,-1.3527987696581398,0.01697836111117049,-0.8931443344901314,-1.0845999337489638,-0.5871618880079547,-1.3969887209150114,-0.16481138043611,-1.7373968493899004,-0.4620730773909894,1.0445968967467236,-0.5061227450283908,-0.9838069109689749,-1.2206441846733735,-0.4238871999426989,-0.4740680811616667,-0.35121502383219994,0.20623535255090836,0.43506563895659933,0.48169320708727387,-0.4617012117456639,0.6202873462041456
0.8478522263986423,1.807062679492814,2.006847103426447,0.9874733997927215,-1.4101101424004023,0.04678041696185675,-0.5960704041673592,-0.029660123642457018,-0.192367378812711,0.053356131156280934,-0.07288990768048859,0.04319503250012905,0.24938394870214187,-0.01178122237897724,0.40423783430000365,0.45388092617850856,1.0521127554720442,0.47830546983197103,0.483539896320985,0.9397036516136799,0.21286279002348427,0.615203285385734,0.07839897382849474,0.4279146429252126,0.4060854919286115,0.1851300747532339,1.0060703118442247,0.47746940528806464
2.7533624531334167,-0.8095725770734145,-1.4844976921916095,-1.195172151328001,2.0058816628171474,-0.5781217223806321,-2.0083257010599347,3.401885769537279,-1.1016169573999606,-2.612171321926041,1.925684253316831,0.6292506283334843,-4.096808087889528,0.5542154694228153,1.1177567818391587,-2.348596579607996,0.8038357045828093,-0.5561348445890324,-0.7776084946186008,-0.4668898883576486,0.20085653364000225,0.8873657353521254,-0.973466543911959,-1.3311243741188987,-0.7919801682153552,-0.3281193183040289,-0.5756865466404899,-0.20447050328017224
0.14009128504001184,-0.5320836996981383,0.22278901482028138,0.6589408752981094,-0.33259560107940844,0.2612753029669024,0.9633530872726953,-0.19878460991554697,1.109146218239435,-0.03208590468059182,0.8752915026482118,-0.01571618656534203,0.919636237704093,0.09461089173619318,1.0251740462493897,0.26784829794704457,0.3319488609460966,0.5513968601963567,0.5856660499841034,1.2236683548720486,0.5428510830914969,0.8866072427414746,0.7905424154969486,0.5921763819718113,2.1461012442602896,2.1604998558521835,2.094087596060711,1.0346144997073659
-0.390729420978961,-0.8562726239669645,-0.712722824669332,-0.16879230032116044,0.8588574580178497,0.28451927771756874,-0.7660018897745442,-0.03680707241483473,0.378367463914667,1.0994071285487184,0.5370587399993897,0.6817877722628151,0.31655395703567535,1.4057745313208994,0.6844698668805603,0.6843368048569969,0.08127209935789696,-0.4869800629313301,0.5364130185629745,-0.7503386827415868,-1.0632974676807023,-1.4110266847741075,-0.12851879822920914,0.7351035180528173,-0.10245184264772005,0.22282932659554536,0.6369057303972601,1.356988325275923
-1.0313751006570318,-1.1381884919643397,-1.2482130190182052,-0.8799697603927088,0.8533434586612803,1.5346553818078024,-1.2384085861398124,-0.23909676899679516,0.44978231189011364,0.624764173818914,-0.1459061420926774,0.6182946390810311,-0.11179764590967681,0.5876316191919775,0.1508896256387773,0.15011464737986524,0.3747662203611007,-0.5701688806184625,0.06988297763795334,1.6662591863463354,0.4241587602018319,0.4996363664984995,-0.18219036176350234,1.0187894269860636,0.5921875293906703,-1.2060226319827496,-0.9070948958494525,-0.7428359947266543
-0.390729420978961,0.0865423019628428,0.5727901657122053,-0.3912277205091988,-0.412963277181606,1.0961374760221472,-0.7933490150964437,0.5852497544229683,-0.8832376523968821,0.6327164084404157,-0.5562912456501748,-0.04240821974406166,0.10936336893125084,-0.9719398102519138,-0.8100063550660082,-0.5693313188650156,-0.9300023554301243,-0.5541964482520175,-1.2377155913301383,-0.17733264145427144,1.4807757747949066,-0.22957426042855014,-0.5873955538101361,-1.1413785190366106,0.24278511158341542,-0.7204081197585274,-0.890674610422218,-0.2915116058964483
2.7533624531334167,-0.41485108182667385,-0.5597286106693209,-0.06749796162995642,0.6758403561105514,-0.5532266120180724,1.237465222861245,0.0722464597370889,0.9777645304037889,0.8345149825747397,0.27169570064775606,1.1214142240105438,0.85999994991473,1.3447318781620714,1.4961263679272911,-0.03088921018539536,1.651407409544498,1.1097112524987847,0.30025778730386293,0.4428738798931494,0.7558247782375889,0.8993125792847959,1.0790064924553067,1.0205185330999236,1.7627449072947887,1.6555962207553672,2.235491061764078,1.9007432300647957
-1.4041144051970003,0.3248822393789359,0.1602342930554339,0.12086441196571954,-0.33897686543201244,-1.5107887180419597,-0.7502731755908704,-3.1112412495623643,-1.8002436566149458,-2.31542122984637,-2.234802381988801,-1.3202434781058194,-2.347248709789926,0.10149663111640418,-0.7717599449411011,0.02682843551054755,-0.33864879424061967,-0.7682287642917259,-0.15335498171551187,0.41680714583292605,-0.6756262190262491,-0.3321376720239964,-0.6725763208968942,-1.0234227229340789,-1.5888535179802599,-1.3678366822529566,-0.536169113451285,-0.9783515647368425
-1.0313751006570318,-0.14545997449216438,0.5684082307294724,1.7538402495845602,-0.6876775944451612,0.5004898179153566,0.2635034632419023,0.9900155136495076,-0.054052527916599126,1.2962933056317163,0.41935216503668005,0.49180410116878415,0.8044324117980012,0.5125909905745493,-0.2577319546418876,0.6423986576707916,0.8848103674992382,1.128856882727157,0.5415745931751779,0.7313056529166945,0.957728839160265,1.448246966373395,1.074544256579263,0.8384163459094706,0.6734985779255015,0.5331963048414773,0.5237455527428186,-0.014793318227421182
-0.9215501269979339,-0.4433610392182583,-0.7120637268720462,-0.24538826105954203,0.28765931645360865,-0.5993532581730354,-0.2101645362543134,0.5995071268810521,0.3666957184222741,1.2680201798621134,-0.010097760021499919,1.1656661477528287,0.7255767880290506,0.8628816050578549,0.19439014091634027,-0.03649779855724418,-1.4489439757667302,-0.4647303607620343,-0.1634538541762357,-0.585367180190778,-1.2008802686927238,-1.0430230328902745,-0.3839564645157343,-0.9623909358455306,-1.1510910638524523,-0.8217146499991713,-0.10525733984873006,-1.3875439478342484
-1.3196656565121636,1.5162212768715557,-0.2945580038695089,0.08425400259516112,1.0606939684616667,-2.7879849576385443,0.1514260586224457,1.4674997351292882,-1.6454900051915489,0.10061182550194091,0.2955126761258863,-0.6288247044073114,-0.06897277620229751,-0.7594974059841013,-0.8171326192270199,0.1501597573395944,-0.310391054401697,1.322916384958535,-0.35509859833599233,0.4873060554212846,-1.027827492942422,-0.6651332987360453,-0.507631797184255,-0.22197119697250042,1.8403136848562804,-0.6243992200520071,-1.0729420350655003e-05,-0.4257553627412012
0.14009128504001184,0.6570259304485728,0.8037924433785991,0.4354487926458463,-0.769893509811143,-0.08909952384283439,0.46494514336354104,-0.7737265477187479,0.7373490312366787,-0.14530013151462132,-0.16836099090896375,-0.3338268765507846,0.12498013345811511,0.6388248532482355,0.029194504793052942,0.055029733125312896,0.27348089462485997,-0.062170245401714216,-0.2842604437939072,0.8206784447425657,0.42567677496669715,0.4122704490851541,-0.07329061350471948,-0.18311502499262403,-0.7524325676760437,-1.2786146100590536,-0.6845772133427633,-0.8255709679622544
-1.877027397832085,-1.3006939995932192,-0.5312073240537045,1.5449983424965101,0.06615642330686265,0.533623503286902,-0.3610274151820779,-0.03984008432024093,0.29833695791123555,0.36763325423545534,0.5567822685284174,0.680478040426467,0.7425277373307271,0.6431362856393463,0.5929099141942042,0.6493711428881135,1.218269866301086,0.31442738431505785,-1.0870435376890324,-0.3227453298675107,1.8729243537959817,0.2113058569273774,-0.46698384697082873,0.2743755302220368,0.6682470522658319,2.3632728102480103,0.8509144800280919,-0.09266070798080694
-0.8035899701048288,0.2306332547870187,-0.8333568958095406,-0.9783443272370418,2.1831520255207835,-3.4980281204041583,-2.8574659464483703,-0.029559261530887494,-6.00220942682149,-1.7392305169212456,-0.8686942197675331,-4.85752816110701,-0.7875429847505292,0.33249315601801765,-4.747983724847719,-0.1595101793246183,-1.6880267258842594,-1.1153847255058982,1.2984441330948064,-1.3766173067512677,-1.9110055444174376,-1.7220340313748836,0.05408713934107815,0.7065255169924051,-1.4408066899783252,-0.5749782650791987,-1.4206113623183179,-0.1602088974915834
-0.8035899701048288,-1.0731420692450995,-1.8818327016174314,-2.298666772828814,2.0375098255250412,1.231209838133024,-2.610023284922349,-0.02229386249589902,-0.6601466538815997,-1.7738538428977015,-1.9463719665873584,-1.511924847712246,-3.678770339133265,-3.0440771533670423,-1.4975947327135173,-0.46119423081722877,0.39210680499788647,-1.5539959870209825,-0.7599123804984255,-1.7424216635300966,-0.8318042297348498,0.582267048454055,-1.058238077203776,-0.14939804986481645,-1.5928508796263534,-0.9087222971334835,-1.3459966811387476,1.0242468944324779
-0.390729420978961,-0.6604532895464477,-1.207271031877403,-1.3127441184221516,2.161984793307363,-2.156320036102565,-1.958946942182271,1.8399012283035263,-3.483329641241662,-0.8418203940194068,0.16377946226585546,-3.1640993463782405,-1.4196870674829205,0.052322517241426315,-3.938306145810353,-1.7018118221565568,-1.9614522171410926,-1.0518318588336069,-0.9056637520258086,0.22394044282114267,-0.6668744070434804,-0.5006792917907673,-0.12018100179331732,1.7394399965337768,1.0651998823315405,-1.0589513641358013,-0.3656822343124624,-1.8815877699307473
-0.22917529306014311,1.713433100313077,1.2765773785974257,0.7864638925058945,-0.9950120406702087,-0.12718554078708316,0.7797117041488567,-0.46679027480785884,0.941731693205255,-0.8493468271959591,0.3240506155744236,-1.268308463161348,-0.40348187586038087,-0.6936638779651919,-0.2477579369696663,-0.018837835541329104,1.3638129979147333,-0.47061498602369467,-0.6554691519209699,-0.22247893545541797,-0.013429046800193608,-0.15120663472120774,0.4172043599436256,0.9499306944808122,-0.1238297077026879,-0.43507735882621734,0.123443332537945,1.7106453787178053
-0.9215501269979339,1.0507452981813936,1.6543371040365697,0.7243547475804726,-1.309365770182037,0.1408400948740001,-0.5469774877552185,-0.1320294840064046,0.25038033371713825,0.3807399682698751,0.18759468934296383,0.7476397392561166,0.5575643348234506,0.5354409906608374,0.2940681298520286,0.6934496010183158,-0.3575388375551917,-0.33225127019104983,-0.24933994553503952,0.5846840459829286,0.8756001010388224,1.4463058355281342,0.8421308984663942,0.6811546498324936,0.2743133420201005,-0.051684716674987544,-0.06729109535611885,-0.42092629667796455
2.263374109115903,1.5049465791515135,1.1117991609025244,0.7692444129311999,-0.9764134124851751,-0.8612900917195249,0.2651895617592481,-0.3129784140877397,1.3452565419043674,-1.2788272878064637,0.2545856648490097,-0.5013961814684582,-0.14049704157345289,-0.12555829111823302,0.17872208141851637,0.06822673160817634,0.3608098449689584,0.24547493756417688,0.695574286442275,0.6270439748312422,-0.17368092414359756,-0.2533546615353554,0.6719970118329267,1.3990846472069864,-0.14491822072921312,-0.606594856573494,0.13152261852491762,-0.36811802980134045
-1.9314041530828092,1.1829027504653882,2.685411112633692,0.6355099608711094,-2.073659079037001,1.5990477486859034,0.2522258308868681,0.804965774871201,1.011712465462129,0.8940271657388709,1.6849466720836859,0.8683624658687372,1.7995710154830962,0.09275798746123112,1.6362475199589874,1.3429024002038172,1.3358913069752187,0.4695332275335408,-0.6340019791234262,-0.5807998244464657,0.4511247250640833,-0.004295837580275591,0.27153808722037653,1.5147581628509514,2.9969271488306815,3.3038529183554353,2.7420467293299753,1.7847296495612335
-0.390729420978961,0.3505809102581655,0.40501864001464644,-0.4666361538386039,-0.6875614932743253,-0.13435181260260928,1.1380276356564916,-0.8727731143042796,1.3728884449357392,-1.4033120272617288,-0.6046648191450094,-0.6684060352055233,-1.2432458298474172,-0.9327361533018922,-0.3519379772529403,0.276013315979608,-0.9525838176783281,-0.3826699015430042,-0.5567504361981703,0.19080225174426008,-1.0009404757372757,-1.2521838465036201,-0.8909693745525458,-0.14136458305562785,1.2689845946245817,0.6470945160709748,0.19184722585182856,-0.47928948373752983
1.467143050087444,0.8249512794356333,0.18376333192942454,0.4635319447872981,0.12862275013081687,-1.4608204607431594,0.07162566278449749,-2.1929366382491184,-0.07093193776284525,-0.2581363120925243,0.31866975859735586,-0.18097200683276832,-0.01790084341441879,-0.721730267423013,-0.012094165986200712,-0.4677973909726931,-0.11568636966902227,0.04904630149475867,0.35196003508387713,1.1888537266712966,-0.06713111389441637,-0.5810766385885454,0.35750713572372295,-0.15359100594627872,1.2249344872840375,-0.16298933591010956,0.42857754496529565,0.9731981062062908
-1.0313751006570318,0.7705190132958148,0.7512662680699165,1.3603597630110584,-0.6300253005438827,-0.47064394268762916,-1.00113019746537,-1.6290553904846619,-0.8376093374029421,-0.4584863873117475,-0.4429145515837052,-0.8084004809667614,-1.2784903881607905,-2.1280252760539797,-0.7386087340873254,-0.8505851522434219,-0.3808278698310255,-1.7241521647142168,-1.3667585222435497,-0.6333941813220908,3.7941738752939567,-0.7747844586170392,-2.172397455687584,-1.805520053155817,-1.7639656723873625,-1.6113940662253678,-1.620909442814935,0.36056970278353423
-0.390729420978961,0.8893145576428679,0.8312650338950588,0.6360160384197233,-1.0515078916592038,0.22162039116894355,0.15429905442288055,-0.029401489701557197,0.659708202159026,0.5093347850410432,-0.2847626155912189,0.2272657443025987,0.2817388948105933,-0.7170746684574043,-0.11530428071883932,0.8370109042506767,0.2377042679435231,-0.7419973780396496,-0.82240152052168,-0.7505641737843403,0.38852216472304796,0.0820765549607099,-1.018510570668251,-1.0176998302370117,-0.5391196121236194,1.0669806549856284,0.281137334279244,-0.14450404710269127
2.7533624531334167,-1.5854990594657827,-1.632096380075328,0.4869017446208098,2.1811643304756414,-0.3475335627333708,0.2822647737696672,1.927581308408283,-0.3280682594319943,0.4936189318860728,0.4866675606316374,1.2516383923692604,-0.06584247299830204,0.4659819308794954,-0.22023222089868363,0.5862145872333959,-0.05093498827972085,1.114508948295503,1.49410332435624,1.4025588807216,0.25782351564649064,1.1360432360779735,1.0937579904884265,1.4257452891042934,1.5689049922493346,0.16549172103117607,-0.15343407468809264,0.24297063610836642
-0.9215501269979339,2.351050534527086,1.9882496580130267,1.112317328151433,-1.5895647658814709,-0.3037902538254899,0.7392989119430108,-0.23970703108006136,0.7823279097437572,0.25362739090126846,0.580381769817904,0.6448231698722172,0.6841647766156146,0.8738796868480909,0.9749178407643739,0.6066989065468525,1.8514170670337469,1.2261967307073263,0.5961895150842452,0.7006870327578768,0.5283470512754874,0.7551773077279942,1.0733524501518024,0.8742019509938012,0.8375085269712474,0.6702472957718865,1.8218632967158972,2.298288373634603
0.35241956744760095,0.13277781671388994,-0.12579181944488854,2.2522685761054944,0.2489444135286569,-0.8733004419772844,0.9771430950855438,-0.5652560097898576,-0.5451575735656592,0.5065807772425195,0.030660035380252863,0.1595524677656613,1.0917292373514351,-0.4005579597407252,0.5828084092938398,-0.02455951594685766,-0.38974033941891173,0.42973089461507774,0.012417851057698822,-0.06660815689574533,0.8299867135290507,-0.3394820525798808,1.729454009859695,-0.7097034349289347,0.4145830711984975,0.6742883151010011,0.030057756041363525,1.1093604289722023
-0.6765559549891773,-0.384305294012305,-0.36471376142906364,0.1390598428838908,-0.048466473246098776,0.319911877048908,-0.5178025827806758,1.6070589261535906,-0.1433234465630761,0.6141095190261535,0.6766549289585178,0.46109478288559774,0.9952651683024476,-0.3531901080319456,-0.5665405515131775,-0.07504936212592263,-0.9955052145449188,0.457954829721409,-1.0169664979001396,-0.5554684700964719,-0.5645507046670742,-0.9097894971563963,-0.16653234010130613,-0.5963813372539298,1.3366801498864505,0.6940419051420833,-0.706673633619495,-0.9223481967890257
0.14009128504001184,0.7194066699922966,1.1648946566237741,1.0767878388672607,-0.9578598003791111,1.0561629825799337,0.051569070455263134,0.14229226036763312,0.5550506635986819,1.34372211097132,0.8320943821564334,1.0098916509733702,0.7069967063331128,1.140234719433443,0.22532044570922805,0.3322628218059675,-0.11955421247239194,0.5019704301953761,0.23842607414369033,1.6059805306271426,0.33816026061744725,0.10759553018851334,-0.3079246104177304,-0.301937230691033,1.226384833804239,1.1778883569483154,1.7372436317267232,-0.07972490583326348
0.35241956744760095,1.7229135244854912,1.1027464035866446,1.7832919146892918,-0.9524344894169299,-1.0440196075761554,-0.13370738117526562,-0.8346666136696146,-0.15550709239185417,-0.44141819688337053,-0.7803106774450841,-0.49295552409138776,0.16840766049275335,-0.5619212954698665,0.7216750960636803,-0.2463948063620725,-0.005120009235740463,0.5344220631841551,0.15206326095174816,0.7179030719284417,-0.014238975770475929,0.44164880207825374,1.6192639199963779,0.04456289124318466,-0.0632624983778012,-0.1431781981473627,0.5674252760822014,0.45994294661888946
1.1392832022521955,-0.8379675370004773,-1.1260230662315598,0.11611961664228922,1.7811952594409215,-0.8244769088940238,-0.21908933169031647,-0.6712918072698203,-0.6752567525928244,0.17848000236275574,-0.712085122965727,-0.508309691779979,0.14859109000876985,0.16927741550473943,-0.5222905503012533,-0.612976290847903,-1.032738581842545,-0.00550328248319932,1.0820373801081111,0.8329524274397826,1.0504945699677786,0.6021740997620111,-0.3395204623640033,-0.1762927641925856,1.2681116549607154,2.204486883055347,0.06320112638293392,-0.9977746004558055
0.8478522263986423,-1.199284327970121,-0.1172666061436565,-0.599546444605349,-0.8557576894684716,2.2509692384728512,1.8951373339896096,0.1417245479422029,1.978644252356277,0.9937071737875572,1.9827927771840343,0.3156525505611958,0.1779778355683967,-0.35655636616378605,0.0714456965922268,0.3674886262047368,-0.5640205185486458,-0.9813861835736791,-1.5250069943914852,-1.0347372981315668,-0.7151547036490559,0.7396773379006026,-0.17174195747519974,-0.7442375842397401,0.5647880593851469,0.8713428432598603,2.38119114909248,0.8488101599658687
1.838717544300725,1.101112270683414,0.2340107277487252,1.4492057122262763,-0.10676578929734742,-2.636690436444139,-1.850067686918391,-2.5281520503841595,-1.7931532203304097,-1.6357814810050768,-1.0110904546233181,-1.5045414214159165,0.1840968949429601,-0.5842792970935108,0.20915905293283105,-0.06535337318059094,0.7451244074236624,0.8518443357311271,1.709759160229555,0.6163771587753459,0.11999221449362585,0.22110183846248455,1.0059332743527172,1.0622267944720394,0.16939919534658918,-0.04821220121558353,0.30440974681369715,1.1039741885206473
0.35241956744760095,-1.4637232559817865,-1.7642226176333655,-1.7986510833138964,0.6497326428242735,1.841951903028653,-0.48573775467531033,1.325209884744959,0.539784715293535,0.42450752994210283,-0.5230426859183948,-0.18758771835386184,-0.7011530584066817,0.4772439177859391,-0.5519728397193012,-0.14838318405985096,-1.3920353455528485,-1.0721157780776556,-1.776700576236425,-1.8172114565737816,-1.5688519478954623,-1.2724142182204377,-0.21826831302627617,0.2850259000696346,0.317777954077354,-0.09374231035081765,-1.0200549891013204,-1.0741834934591579
1.1392832022521955,-0.5042290367564539,-0.30470276400993446,0.7098910158123359,0.30392691800613275,0.16268429452970967,-0.36436904381427465,0.5189580259391388,0.6719472937489627,0.6596074266549885,0.28043461243223045,0.17571360256157997,0.26849169093689224,0.34304159272280715,0.5664127662882906,0.35759149719610495,0.7716474687558817,0.34752946816993785,0.16594346104181798,0.922905521492949,1.4847091969680875,0.8205624974806363,-0.008992343933134032,-0.1578757493132903,0.7940314007439874,0.8508989623101966,0.8752441324362965,1.0089369582703471
-0.9215501269979339,-1.6491713368636858,-1.6061697288430146,-1.0599258880829783,0.08967392484684834,1.7894706025446219,1.4908669867373774,2.705883877757153,1.366473348467685,1.1635485341459533,1.4020073362831726,1.4331445247432544,0.6318358562014321,0.16307606467391234,-0.22438146191596822,0.8981610584630714,0.31348217724047545,2.398621538175491,-0.2311208992978252,-0.9816024181176352,-1.0172669349906833,-0.30812352257207887,0.644652483562247,0.3592347322513555,-0.26754968511896815,-1.3601828352715915,-1.5822185414917818,-0.7269579635286797
-0.390729420978961,1.25111259762603,1.6330664293161894,0.8509983014306959,-1.261623087465388,-0.16275351663386847,-0.3896443383025554,0.24032749927639474,-0.1908162368919477,-0.38565865979102815,0.27456188011872973,0.5738540549032621,0.943417800236869,0.4360858135209934,-0.0256045766522858,0.3446784781146043,0.2314134988768017,-0.12160302098441125,0.6345745723288087,0.31313918208140085,-0.04921222944071097,0.2862981414263945,0.19427931376276425,1.4195691781194366,-0.015049598168150692,0.2998242336630344,2.1517149587256013,0.4136672192432876
-0.05293442623961494,-0.07262378163388625,0.526553296699484,1.8374264023113656,-0.6447155924398438,0.1489139748126483,0.6203795175837292,0.13983797596180098,0.3468383522928332,-0.24604510657510004,0.7876788829106024,0.7559765971577994,0.7944105382912446,0.212675761955628,-0.17791556954359966,-0.3241862303753822,0.18895684588611306,0.8896296813384149,-0.4378690611398476,0.03867352714011392,0.3079838275030026,-0.29713425384705955,0.11456764001619384,-0.4348630429403809,0.19762681344406563,-0.6076490998417327,-0.2692362828736163,0.5866630414114493
1.1392832022521955,1.2638923364558594,0.7185641865797017,0.4713000303360622,-0.4896959653763447,-0.9059172518078994,-0.7036011774485511,-1.6285586780799994,0.31688921742014997,-0.5024127071202237,0.5316213595403352,-0.41898040775797013,0.8664728413831839,-0.3222433616720984,0.16832743141903167,0.5024106321687966,0.37940861225829864,0.3540471658394447,-0.18655443214775744,0.1888691556707477,0.49281006526327176,0.41296180041024605,1.1382081472965466,0.5608455792220549,0.4060240656672989,-0.2204552087953487,0.5023352234098731,1.6579556894126317
-0.390729420978961,0.6429605317255255,0.26649956070019204,0.5711349259632038,-0.22187351573963235,-1.2037535569090716,1.0169139508389906,-1.2733429485446273,-0.3071423451543541,-2.133882753866037,-0.770698934526698,-1.3401902069939642,-0.531293282263868,-1.140064632712587,-1.2663460423177466,-2.12471337005808,0.4528889016611696,-0.4467154164738527,1.3242398830875166,-0.045829755516464614,1.2023400924062322,-0.47562962584132573,-1.011044888751981,0.8218020303479018,-0.5773326222152891,0.4996317546658737,-0.5238892768997492,0.6678500866483548
0.5870981953717789,1.8366589981155907,0.48364041748316156,-0.25023480332394277,-1.3812345449510737,-2.8685674879701395,-1.1352114574573902,-2.387750318586561,0.11758415560726727,-1.678091664027382,-1.7685474783482258,0.08018726873702521,-1.7227832590566476,-0.8630823299911999,-0.28396536712086046,-0.3588343120772876,-0.2400068705313839,-1.3100827309133272,-0.45504359807414746,-1.3849562840498182,0.17062467661774042,-1.3356349511644925,-1.3813689409246768,-0.8409014777724649,-1.542230222585091,-0.13719400991059094,-1.2165243552761722,-0.13982868177457167
-1.0313751006570318,-0.8782889124672549,-0.7741619437072624,0.5045544513772426,0.8141485633957898,-0.32836709384010787,0.33109528555836043,0.9456985883259258,0.028694870926686666,0.45686761315387037,1.078278171439806,1.0371001252065217,-0.18918044830793582,0.1419165310015257,0.41761799652167714,-0.3497433770443012,-0.1064658973138612,0.7628963435278592,0.6145961123193884,0.5470514274915457,1.6769310362514493,0.2522392327176246,-0.056367587854950815,-0.658323199734393,0.26818490878900175,1.9346725938666887,0.30015864057184233,0.02075095446145373
-0.22917529306014311,0.30573333919182366,0.9347761922970352,0.6258788766545423,-0.9369709959735278,0.13876345859481912,-0.04214013453261404,0.6827176945335737,0.07400119279171041,1.0970321814753203,0.8247679705457617,0.23436107305241413,1.358685295674687,1.2210083452812817,0.8817525761516973,0.6620979964140365,0.6433976975719583,1.0226612362006093,-0.11724328502721275,0.8027462295599036,0.44865556902979914,0.7829756125375402,1.0527126150608037,0.026146024887005063,0.2719808228203568,-0.04889925198316566,0.9962295958017718,1.7492048569463248
-0.8035899701048288,-1.1237215675136065,-1.6231716046151055,-1.2460439610906098,1.8138081320792374,-0.2336887650603498,-0.8193595633713124,0.41693357677030396,-0.8368463811534895,0.058054655598782,-1.686385712761462,-0.20593521188176578,-0.6664458989998809,-0.5356256182105598,-0.7961277842448305,-0.9497205833847421,1.2268963951176675,-0.6015124041463016,-1.0892231940584993,-0.32113442917377566,-0.4002397590118615,-0.45527849043990853,0.5057138173574743,-0.1523762353823498,-1.0357410913704295,-1.4384670367054764,-0.4334381443607592,1.5866301364682978
-0.6765559549891773,-1.1104139666644737,-0.4268085282490846,0.07262163687153966,-0.5219719296170683,0.721813256990386,0.954649835248691,2.074708170085878,1.2895452610873328,0.7061432487889657,1.3153996192028197,0.7600693717440526,0.7263070662399234,-0.9204769260737691,0.17134144700609094,-1.1358373194916962,-0.7915206486836197,-0.8108000131704877,-0.7309937281097826,-0.9197578227439857,-0.8234583943866722,-0.7455283797986524,-0.33249881436473594,0.7255326884722351,1.194402049033843,1.289984908906415,0.3259041574165789,-0.2508896010486363
-0.9215501269979339,-0.9148470092105265,-0.8317285603278816,-0.20262675642626315,0.7556582985438962,0.6489536999575504,0.39753840559363074,0.8884649824257801,-0.22387834546803984,0.6476511455144817,1.5582709832774826,1.085744961360581,0.6321702683432887,1.1598126584679607,1.1980995955379226,-0.09352311112178344,0.11924266897185876,-0.7949554366040587,-1.2898087724069764,-0.869915081472192,-0.152003963683509,0.11347571715257378,1.0661969194357495,-0.8748194046759171,-0.4152052163904565,0.16363244360026596,1.08960325887591,2.126977061347374
-0.8035899701048288,0.9581584871481941,0.6774936027239636,2.402096504569711,-0.5003148687139131,-0.705477742605532,-0.26236761710693796,-0.8868656293179921,-0.1107909284021344,0.4728144396086747,0.17094326035491242,-0.3496762678170016,0.7574541850246245,-0.2639668542545827,0.11369770406797881,-0.13838236172666055,0.12987446018689977,-0.22598603224908081,-0.5004954057714731,-0.15348820201681665,1.1413853113699017,0.02446918090211052,0.32408470748308,0.7991861927240709,1.3301662954803355,1.1843261649250123,0.2523809290162379,1.4413658229300066
1.838717544300725,0.5961035807318326,0.5039336481965744,0.7320025968094392,-0.5114145168996094,-0.6064878715490076,0.715592464756826,-0.1484040346420296,-0.16602674202119352,-0.09148733538346981,0.341647232600215,0.39392808644544725,-0.39076000440258796,0.44915462925736444,0.7669482880173064,-0.05427865703404399,-0.05344991162430954,0.765666423224202,1.6464186242503025,0.4620025159515221,0.5679216759525352,0.7839475374012727,0.013117463954254375,-0.31529762757063096,0.4256861159249153,0.3816399070349441,-0.64326650460347,-0.46619474189558335
-1.0313751006570318,-0.7710673526205409,-1.4545125423023435,-2.1960352202605242,1.2522824005575424,-0.6457769316756715,-1.475454723160652,-0.7922302986985511,-1.9331567156023732,-1.5342945032795585,-2.3113477455237676,-0.7389967083560912,-0.07046183793375352,-0.38136703997648963,-2.8883606081397404,-1.8940156158886605,-2.1122753755943027,-2.2491834268663053,-1.631388986839927,-1.5334091007697832,0.42966743593636403,-1.8906178240256326,-2.011967563540385,-0.42479755712270767,-1.2631068493928104,0.6733193016286176,-1.6648610365639218,-1.3930326800386006
-0.6765559549891773,-0.2318785454339553,-0.9163798861765693,-1.7382856971700698,1.1439836584062537,0.35122785471121465,-0.530969627632329,-0.41093579935164165,-0.7999999098417637,-0.8435308513739028,-0.9449218511531611,-0.7787521247170147,-0.8772914981058688,-0.43220759303430356,0.09712925846883269,0.9191725223485399,0.16130155715284347,-0.953332929753777,-0.9014420717682449,-1.1957439228643922,-1.0571774536783314,0.6996301666601289,-1.3935862080464916,-2.1227666908990748,-1.9572219234914778,-0.6616263270004182,-0.6069972354961969,-1.4177646262185268
-0.22917529306014311,-0.2877733835772805,-0.43247832975896955,0.1896130153275515,0.5555611556409338,-0.23073242879014583,-0.2678481658455727,-0.5826486949684787,-0.3474145507620592,-0.058556607097397295,-0.5561944478117822,-0.9578145917171035,0.7605276337637841,0.2812565411836067,-0.4743281330898967,-0.07661114312196558,-0.4683048374225992,0.444266345714595,-0.4590233874628993,-0.7591368722819862,0.08711697212484802,-0.6865200261594923,0.33835314854097515,-0.757197562799207,0.15982013234803355,-0.000499504927970739,-0.5539767780165172,0.17205032773304837
-1.4835955804297878,-0.25746954142037626,-0.18374249480078672,0.15332589329935864,0.22579136753906598,-0.357574907913311,-0.3685363913430807,0.668930328545289,0.21141304940532485,0.8052104674647927,0.6552541336533891,0.5648582959283284,0.8609453949479539,0.3561408257280397,0.6275277417457685,0.3978554517499348,1.8007007920810314,0.4105280861557519,-0.022948062993208278,-0.10812998148985148,-0.08869282892401817,0.2339377568761454,-0.5507890317046321,0.533016803019173,-0.34122190114765,-0.5756487629525445,-0.028587975138151336,0.2995316949616141
-0.05293442623961494,0.856432593868449,0.9087963632850343,0.5845267719761652,-0.6995484016577002,-0.15717819567603517,0.23572515603166283,-0.37424129814215057,-0.040747625928748275,0.023386136907050006,-1.3743955324573935,-1.006756153006137,0.6379080266128614,0.7447050900271175,1.1990276542224154,0.3546988090158071,0.9793853136571612,-0.4823775644603641,-0.5064827039597294,-0.3253939161067588,1.5616995664469007,0.7366222961209112,-0.06250992670261893,-0.3907250176557332,-0.24119926882837775,0.7579550951134745,-0.20431607283919798,0.8892358883108432
2.7533624531334167,1.738964628844627,1.2212010819973649,0.6767564435890013,-0.6821291947416775,-0.5893111262153076,0.029045242215915073,-0.4058073163381137,0.47712106504480345,-0.15559586467053993,-0.25612583646533327,1.0914269633044609,-0.3596685334336562,-1.1085455559863757,-0.9109662854801391,-1.2620550636949597,-0.26951421335776105,0.7934397597343601,-0.28172329953371117,0.9050484445894874,-0.3854889023368568,-0.669395901837224,0.1403558599067623,-0.09764947734315131,2.075592747759891,-0.6256668899991239,0.2721249065689715,0.3326808040105985
-0.05293442623961494,0.04655408691466167,0.655122888814989,0.13700386824425811,-0.9596966176527087,0.2364209664265516,1.232003027565082,0.8832090386391537,0.32822190306954174,0.6313126839286826,1.1207286146560202,0.06397094293818517,0.3205268135972068,0.8688629043445288,0.7566308100851894,0.4352290437754172,0.7122717161886812,0.907116367045098,0.5329385471861331,0.6987889148488197,0.44412553710836383,0.7342860965863833,1.419446545877078,1.2332556179811658,1.6619351794656583,1.0933720964911997,1.3674555811718916,0.9903483928410803
-0.390729420978961,0.1495466240123724,0.3685290610195023,0.08412767695898324,-0.4873955496775345,0.15450222515212667,0.13564488831603166,0.2835713765404112,0.5475593364339363,0.27686336498123965,0.18484960192598038,-0.006177499200322313,0.8028236078915415,0.5083230653844416,0.6788768934250413,-0.057365431440735214,-0.8426300020743456,-0.6030793359381244,-0.5447533051770397,-0.4278686595989288,0.3204924590307685,0.059499410278567685,0.7740845384449841,1.3937274184209592,0.42205509897516996,0.2624754805514477,-0.44708832996564607,-0.4815505005044284
-0.9215501269979339,0.20751311571946723,0.8672121351775267,0.176225487193478,-0.7509186009564629,0.8020711103549107,-0.23360895084629005,0.21795127983864968,-0.09423596302429058,-0.6415868324434085,-0.3074077662434845,0.1724464818001787,0.31030770265363916,0.18543535808417314,1.0872842377629628,0.9639862728223275,1.5615718271288064,0.944472914711434,-0.0666725473932585,1.1177268866360681,0.034623620884232986,0.6256274797591759,-0.06187343638023724,0.22005795336680004,0.9204533614451555,-0.9506078111471032,-0.7641765162934706,-0.6136292389770914
0.14009128504001184,-0.10745038237269611,0.3604955157273176,0.4950946430232236,-0.4814754649757502,0.5395995676376356,-0.7431288500892472,1.013346160038159,0.6862448365994159,0.442281364967554,0.3128779173409231,0.03595130922879511,-0.7191701176482248,-1.0842218168327795,0.14874353524625356,0.6558083745040201,2.1103245392755277,0.051078882868921725,-0.5550465746036776,-0.03701533427883442,1.9061775816318014,1.4210523289378336,0.08190377623397406,-0.01719420848125403,-0.25313168254138346,0.4268726980145535,-0.3761991898147584,0.4951672000623484
-0.05293442623961494,0.2651366285049928,-0.1262732178863551,0.6118372452263948,0.37595318186338605,-1.1012328894004728,0.22925476149701768,-0.6549271027616953,-1.3683515030386477,-0.4499443078508047,0.15758254216847414,-0.6103309892320197,-0.22780856814538436,-1.2622452556587143,-0.5355520315808034,-0.5989960089441436,-0.094295678419019,-0.39217995249322607,1.5056958301445766,-0.6439159789750264,-0.9716670893425193,0.9133375555160499,-0.7724601004534507,-0.9520984324453943,-1.5016256325157202,-0.5388720356030589,0.7226248668153857,-1.0888314022590853
-0.22917529306014311,0.8170835998717244,1.9789313596098022,1.5708520187674317,-1.5149035429516653,0.5795069227086294,-0.16980382814196862,1.0877970911365542,0.7773142887062652,0.9864129037201589,1.1125561236697294,1.1418457722437116,1.331800870557273,1.4899779539782854,1.2600447938058787,0.7612407850724355,0.5179019988850233,-0.3019109647153995,0.2072819829746799,1.9494866047656916,1.593804947002937,2.4502708379323725,1.2311539555518267,1.3623630494470373,1.0927495986830564,0.483597987367872,0.29312620839802944,-0.39330938105896124
0.8478522263986423,0.09924064255873653,0.04985438465991841,0.2768121366064625,-0.26519255572054035,-0.38958132804308243,-0.051052156964734606,1.3802257291048092,-0.006703263093443229,-0.14449280205574527,0.9537445795499099,-0.9032401737843828,-0.8795116898004797,-0.8110589826597411,-2.2928114233785037,-1.33292565502856,-0.5883828020402223,-0.9656008023806799,-0.8285025616155246,-1.0315322618773866,-0.8225129071934917,-1.277684544801046,-0.14665912432844314,-0.7902868049781887,-1.2372434937555818,-0.25051160196055416,0.05268997485567424,1.744993988078868
0.35241956744760095,-0.29671827872507106,-0.09820516257494298,0.3503984250452331,0.14494625224707688,-0.596979399725015,-0.025138150277462287,-0.48138462311172336,-0.1947738191940816,-0.4814723511427606,0.22139667301777896,-0.01580128654159272,-0.9349695222232633,0.32185047056169347,-0.04088356597488479,-1.3385870799062867,-0.3777696157621428,-0.032098297457772804,-0.6007944704163649,-0.09470743475195266,-0.6238165921900051,0.11240568595594884,0.6041434210269815,-0.2607623158276671,-0.29685474273163653,-0.1768167080631713,1.6661589892588171,0.39086520236099953
-1.0313751006570318,-0.9379469635962122,-1.675147337449045,-1.3682753623640254,3.073149200801041,-0.3113508886407139,-2.7605041518262334,0.05969103762485715,-1.078519560682341,-0.8111779946882172,0.09505446419669102,0.057720312615897267,-1.899521147816164,-1.049043280860442,-1.1729571161663122,-0.029658171493152818,-2.1000793456061353,-1.2291236314861829,0.1750799758154505,-0.7191219283500649,-0.6310237943085656,-1.2643092303677432,0.5766876105682259,-1.0075549588139565,-1.2981875016871267,0.7930663195513875,-0.494010107939554,-2.086188536345306
-0.5393592186642734,-1.091792939296171,-1.1516861126104065,-0.4344628632420117,0.8362386924162712,0.7799634038318465,0.05173902581274631,-0.2256398282571369,-0.08833630490837467,0.23276854938655178,-0.0881108389681345,-0.825691574218739,-0.5069406624135019,-1.5171647902816858,0.1687271582576991,0.5860372130265955,-0.7993354258249328,-0.7184685747933734,-1.1792637896140112,-0.4768788595925609,-1.2414530123343552,-1.2415080044772169,-0.14092422061772186,-1.1222744362237367,-0.9335722788950463,-1.5304478776468795,-0.35632103352335265,1.874569463258761
-0.9215501269979339,-0.27081525009450425,-0.48310263306914225,-0.7219516681827072,0.5013822217671597,-0.6610197772071286,-0.30776305891949873,1.5559783856297376,-0.356282747300189,-0.7659395656856678,-0.37813157059527835,-1.0979157639429995,-0.8617120971124496,-0.25141602772757804,-0.950458218634786,-1.2786119757569518,-0.5885171206627485,0.14666692019110475,-1.2174119478414192,-0.07795289397777634,0.2702860071200155,-0.8877479722686118,-0.21192898202698246,-0.9321661847389557,0.6451802320954776,-0.846496797995727,-0.8172263754887958,0.12007424371319211
-0.9215501269979339,0.27595616746761975,0.11246566048997174,0.3718170971956946,-0.016977524442123852,-0.5864016219562781,0.35936070305257983,-0.17774943304331497,0.21599621185952833,0.6697143683825536,0.4341812955498792,0.31171091854315586,1.2131216824018018,0.34407204229482147,0.5940671779971619,0.7046162188574254,-0.09417260708855588,-0.217729712930084,-0.015197999360919675,1.0078866104482984,1.5206798017653924,1.2418165146897764,0.4883196997182686,0.19993826948825277,0.3391829840379457,-0.3718140284387624,0.02202818568266449,0.581068644563464
-0.05293442623961494,1.9589907164728009,1.7827725977440143,1.8351444808195754,-1.6270033890606306,-1.0772247773295576,0.4830190678668402,-0.2845123962628259,1.113797276900709,0.7360213647100554,1.1876334416753518,1.2601437374873647,1.451678758091204,1.5125467579539094,1.0226912929017884,1.1988815788985099,1.9021982302099048,1.0734593230852574,1.872924962819387,1.0301021647763065,0.9882589661549498,1.658117710340232,0.7496189578003241,1.499304332654496,0.5867115117300313,1.273979246309692,0.6927544801858375,0.8583215274441673
-0.6765559549891773,0.49333588284437896,1.2710767218298085,-0.8583106156026522,-1.6505991245145752,0.4200135025851053,0.4566637724968939,-1.0676016132884074,-0.5732655469424539,-0.7752109356383864,1.1353860839779806,0.24554020369648402,-0.019982185291162517,-2.7562031948487915,0.639784687109062,0.05227329739687707,-0.4884429696660796,-0.23418300102984183,0.39561998197323306,0.802316965942523,-0.5767041764429829,-1.4690894716020213,-1.6645307305211787,-1.6284921582158391,-0.9784892977321981,-0.2515722550729442,-0.4470486949255944,-0.7263465548435244
2.263374109115903,0.4642010345809673,-0.7325517092795434,-1.2623575718176212,2.938596543889089,-4.146246284609866,-2.9935523820353027,1.5823763480118436,-6.085056698795175,-2.49820474734804,0.011166757816567096,-5.141142940473101,-1.720712791217373,2.1244792543796236,-3.5225928014669083,-1.15482232751133,-1.0489585468604745,-0.3966919122999815,0.8175576694317425,-0.35432985031929887,2.4069200241473143,1.1309940452500273,0.5633506397437613,-0.18331872444591027,-0.6953191929670302,-0.9614588320407659,-1.8420473829928852,-1.4068078962824901
0.5870981953717789,-1.2497851969652787,-1.0020139041273801,-0.2806809423654314,0.6324185182179657,0.7435990215358326,1.030243324448722,-1.3376404990135402,1.6051349184444526,-1.0056236474178086,-1.1370212390081402,0.5686156426568546,-1.2353485672333393,1.125020556155972,-0.1493512011282223,-0.6682872904008856,-0.08034622443737727,-1.022257679586815,-1.1288279032869328,-1.1945157244405817,-1.2522818247920662,0.10200550837531655,0.3899630590013086,-0.40297349622907713,-0.07226529910874152,1.0664084883478313,3.8284524940567266,1.8636237277584105
-0.6765559549891773,-0.6679374241751266,-0.3041412398500065,-0.4098029033398063,0.08557259723653182,1.1208679624990265,0.09351877745349838,0.13020739323093333,0.5691788871238102,0.32300448352860667,0.4517251426539196,0.009052277835089127,-0.27889476352522824,-0.7177228353100635,-0.2909470299507093,0.1874759384363545,-0.894670861961605,0.4136409249082057,-0.7433648914442736,-0.4810926234347524,-0.6240523881101647,-0.16775669727572143,0.33847412784171554,0.17712296531993502,1.1860497562254957,1.4888284879619136,0.28723059165044207,-0.2849947094851259
-0.05293442623961494,-1.2934874693603975,-0.9545597095437051,-0.3081755344000288,0.7554865655620346,0.6132614132203034,0.04584571063311674,0.7004305182303555,0.5674887264554929,1.6239480059681448,-0.10647159282654786,0.30630951133923234,0.23076847669887945,-0.29117670306660365,0.7346582956839792,-0.3657518773121084,2.077503138583851,0.8668080416947755,-0.06517841488048055,-0.5789329506494495,-0.3788567407127535,-0.16610950780660905,-0.7421687447681011,-0.36049640494814816,-0.9668489067546485,-0.7701527366420429,1.2852112693344913,1.548144372610581
0.8478522263986423,0.14545408545235314,0.2146792677411565,2.4532208659613164,-0.23142229953545562,-0.3689410744909634,1.4297086040511278,-0.6650570774826089,0.3721368496965938,-0.2946862399418871,0.3047573648689045,0.36052180701644904,0.5992480978025172,-0.2766872320809491,-0.0008296784837583316,-0.1940960065912606,0.987477019316523,0.02917069843729037,-0.28533390583642565,0.6253838456097547,2.2592017679525815,1.654481507489252,0.6536063594624129,0.3948083205879167,1.3309362984653064,0.24448840129570387,0.34691775450854345,1.6378646494905909
-1.133878409405523,0.14259427839417466,0.6418869306919482,0.542248316204099,-0.8077592616727317,0.4418707889780174,0.789241729152315,-0.9520091824406463,0.25714384049839806,0.9967480884482756,0.867145665607569,1.0489346202516545,1.966160559717823,1.105951667167435,1.6271744774878396,0.9549205547757768,1.6607354521545212,0.6042876548174325,-0.888846203797072,-0.5322318429459385,0.39887959475067014,0.8493484362510986,-1.058310649143716,-0.8374500976080705,-1.024474523068866,-1.3439158482594762,-0.027263141467981013,0.35201573666776154
-0.05293442623961494,0.5063048689664253,0.06562509006314217,0.05048830040773251,-0.0011369709462160057,-0.4824142507889128,-0.6455903481413343,-1.8848067089607108,-0.1260062072673893,-0.464902903732819,-0.09745836548034824,0.06461695119887326,-0.6406069998088473,-0.8482729437440315,0.024217648109316123,-0.19979220092665675,-1.1639029157294383,-0.9466718598036697,0.7051942977048646,-0.6429717971501823,-0.7392005126427564,-1.533001782444685,-1.0283529054150296,0.18212225339694346,-1.0562815753177686,-0.3385930036469496,-0.5634736085380587,1.1957800139255454
-0.5393592186642734,-1.0049689728120366,-1.0083360495485334,-1.3353679216416707,0.6623857891764028,0.8660110050738483,-0.2568659247065367,-0.4363734217112027,-0.06437645788401819,0.1920058724439633,-0.05565986799342282,0.141812356465368,-1.2822028640496583,0.07963708688848574,-1.2401625220561383,-0.9576009877472289,-1.8863343652726052,-0.8876002303065765,-0.3469141722974735,-0.703825268325775,0.21372241902193545,-0.6933615645564881,-0.558905593207238,-1.577229404805876,-0.7458247043830503,-0.6110685051638848,-1.2469495560983528,-1.8460574432039156
-1.229768601460563,-0.938142607493007,-0.9715590471073682,-0.5713918813899843,1.0667067728484931,0.09742665828918111,-0.20636816388195503,0.27037104656476907,-1.0152673025461594,-1.2879369689347135,-0.9679992774522007,-0.9986932561875058,-0.9634604373201037,-1.3135639764504654,-1.815646062994458,-1.9373163721626476,-1.573218117598343,0.28538984254928007,-0.9029092482820813,-1.0173453012666056,0.9653015319354147,-0.9079346152966347,-0.8225564011104046,-1.5290366241989952,0.6087870417628599,-0.6812888409042765,-1.892104223903606,-2.306184611821913
0.8478522263986423,0.19654999454247074,0.46786898106181163,0.03739748805363808,-0.7147987742018597,-0.44337701575273625,0.8201825949209051,0.9989832227062384,1.2803727025321228,-0.37393688380539003,1.2349117947622408,0.680660587416676,0.5513450809887597,0.2773024167983619,0.9128451099529096,-0.07697317601564206,0.47915118443317517,1.0926687260488317,0.9402937523387531,0.4624376473655546,-0.916866874996682,-0.7916027086912604,-0.367283686934724,-0.13969963892778284,0.19496343179829706,0.30167512899005466,-0.09831479291989033,-0.5183355210862415
0.35241956744760095,0.6402983772727293,1.3273987827306835,-0.12406815366113044,-1.0355398150022734,1.3492712402297582,0.10431091165125599,0.06377177640714343,1.0489596844486648,0.8125852938853267,0.3425004767520496,0.7965526825146867,0.9508687730468256,0.47347480307989925,0.5629962747303932,0.3431758378710481,0.7614632620865441,1.6067508302259306,1.9349915069438859,0.8855261327194001,0.44359635745450604,0.8643037988679553,0.8155427449835365,0.46257941831634275,1.369097954676401,0.8976760326652896,-0.07733418684392268,0.173571618206358
0.14009128504001184,-1.7577442989124834,-2.0230164090557095,-1.4146936675558621,0.8989604686913354,1.6911690871211444,-0.34663937036706716,1.4062427047999937,0.5410949604607503,1.4607248284484498,0.3273451899754976,0.8971823946837121,0.8537773316585244,2.5508379053254853,1.9989103170169549,2.9706733859297683,1.092390317723473,1.444352241132746,2.1526604852778592,1.696734388410371,0.6110300284751031,0.7678957100108003,0.2295029024782939,0.022715140912587577,0.6475976034723386,0.9011744692526902,1.8847850301354503,1.4506333205429367
0.5870981953717789,-0.38295865356188197,0.6831030318993748,1.075973907625434,-0.40733653606307957,1.2929220277444144,-1.4324725110136338,1.7679117391611823,0.05806123563791221,0.34582165725215525,0.16130315176959803,-0.013030220162631865,-0.6643457617894437,-0.16202291262206556,0.1481755977710218,-0.23170679589540422,-0.6788649595535072,-0.062591285102374,1.514007263151655,-1.001495163228285,-1.3323564579571614,-1.0328550931646407,0.03208611116107809,0.49851473470137514,0.05535542751194975,0.19130867144997327,-0.9014929907859482,-1.3787458167004718
-0.9215501269979339,-0.11587227111609678,0.5486493058920343,-0.34487916566862553,-0.5912602483631956,0.9409943750806418,-0.4717625383061677,0.013029690896170534,-0.581778265559719,-0.33707066706577643,0.11962997673354098,0.7954588576772611,-0.003862049361399117,0.34266227250075904,0.49173682030097887,1.6046455897813057,-0.7623076099995679,0.06977228527065917,-0.5630230543646445,-0.33737755717744944,-0.2104938466935872,0.0928498235994541,1.1931280576813352,0.9377520960334411,1.6421573731354817,0.7871153779787843,0.2918901144514432,0.04934438257615424
-1.3196656565121636,-0.9357681519478369,-0.693447238728226,-0.27491912049166906,0.23993985397112655,0.7977298578502554,-0.4138485606109133,0.4272752477284183,0.03173188680141632,0.00409863147408853,-0.12743512893066095,-1.1431921978379387,0.24591701880035605,-1.1334412121346187,-1.7628779814869757,-0.20588829207591108,-1.7753675724026556,-1.1417542084351764,0.010970570638319344,-0.7168508624304519,-0.5894184488176375,0.7645604723149965,-0.41746210023923935,-0.6493726769468477,-0.5359152215428145,0.4549220351441342,-0.347621485888402,-1.7309577290490925
-0.22917529306014311,-0.018220120876029932,-0.02756328123179321,2.4894787703423686,0.20133449465088038,-1.204685214206572,0.18218934243414692,-0.3044091449905125,0.9578968871809702,0.3821047922789901,1.9083348577502164,0.37880029006196003,1.2322027789859913,0.752989203921052,0.6400725152053023,0.9649043479550174,0.7141200932824607,2.418376035101998,0.9258280793616122,1.3872885876796666,0.3237859933412774,-0.09644676110066179,0.18297998783816283,-0.558374123403827,0.6046050198032565,-0.4718068928176671,0.2762975827797409,0.9245948789325658
0.14009128504001184,-1.5620999053416098,-1.8066177704288278,-1.8057672798654527,1.186966354370261,1.7928162814229258,0.15026879966875367,1.4146090357679517,0.22557564222633994,1.2076463743611763,0.1340909282259596,0.3555466026824683,-0.34322524268803245,0.6266631493646008,-0.058261192949816555,0.14119607967489373,-1.2978921223748978,-0.8155558920520308,-1.4296432308544513,-0.2755023273329694,-0.9191898626896948,-0.38647793149092524,0.13405062520683672,-0.3479823670437978,0.4712940085135223,-0.5357417072083371,-0.21971783701562203,-1.0014442331772795
-0.05293442623961494,1.0145214894256096,1.5707552763518453,1.4272365658750472,-1.2350776835151676,0.3298685874182536,0.26391455555132015,-0.07926377201698734,0.5482302958499622,1.1852567930587117,1.5380322021899673,-0.10597972977390334,0.6476742466721206,0.5152778447309632,1.6992526446249063,-0.07867897445022382,0.41724882864116636,1.4365218492057932,3.464852841388379,0.8869194677061188,-0.46752843169987307,-0.21686847073819449,-0.5768746557844154,-0.9212615433171503,-1.0192601583896428,-0.43205529340358656,-0.8630592208305293,-0.8200997973397347
-0.8035899701048288,0.19061786777494552,0.9356392565102898,0.5807435350665857,-0.9175016358824966,0.9186832303010356,0.39523269237824304,0.13416826103084173,0.9018900978100848,0.5465072211267658,0.3906656359544447,0.37033164990056905,0.43701068122470677,0.188572694403761,0.25914508820901166,0.4402473201774484,0.6516235055597687,0.7295510388398178,0.7146863036285637,0.7653209652852606,0.627525760998608,1.6883048552647728,0.8178896808558801,0.4538337831670097,1.1409176310148788,0.7476975130876481,0.598746427366593,0.8573475237458752
1.1392832022521955,-1.232586283184481,-0.7225210833730474,-0.4595988969703035,0.3878084014187299,0.4774308595813165,0.3946047070223179,1.6488251199813253,-0.3910736061878478,1.313954835181644,0.702375008382504,1.2656112639729262,0.38058322819975676,0.11695582047927941,-0.37218445959426116,0.6452505988913001,1.874971420045435,1.0737649977527712,0.05020488447388517,0.6415267638394436,1.5438036473152001,3.703999534503301,2.2124746209118844,0.40101799779693853,-0.7837029604270462,-1.3231981753953577,-0.9335087098724034,-0.24351941836708352
0.14009128504001184,-0.4169062175031988,-1.0773881049380623,-0.20425570391538095,1.484727157173786,-0.31197206843693204,-1.9281591664456497,-0.37953558967302325,-1.123389948463506,-1.3794652426496625,-2.367071486875326,-1.111399598269506,0.12038241722650245,0.17571695456381445,-1.448369557528427,-1.6261570187965464,-2.0478500214787876,-2.4632082484458917,-2.5499386259346917,-1.799581577708463,0.3003945215161904,-1.1185372672481197,1.520357593755887,1.5410764589663954,-1.1915909622068908,-1.8975820557655794,-1.8962485675520266,-0.6488973225869734
1.1392832022521955,1.6710364004683045,1.5045905934818258,1.2498410510800615,-1.115770292845879,-0.08001185449876844,0.0759199342887755,-0.42988213331297936,0.45982084192011946,0.5277717195871379,0.6864679825260305,-0.09160509374345958,0.8765902814960015,-0.36377872791241683,-0.1738017500369781,-0.44601141387281534,0.09910518561061288,0.12017113310986882,-0.6185330152756152,-0.8485717713061828,-0.8954135646633524,0.3117657599903285,2.0990110517016474,0.5817199833134167,-0.024333128359175418,-0.13099921250885418,0.44793494723336186,0.5105997721446729
-0.5393592186642734,-0.7166368360011082,-0.6827566223489234,-0.2557668918979078,0.4756695749649759,0.9473172211077201,-1.3476933780764704,0.1587619093086837,0.23280599861006257,1.1834327527492112,1.8097834831717812,0.6324978864690078,0.19385520790186642,0.5322644081414604,0.8665605243577215,1.3644811444166902,0.5309408547976855,-0.3530210104421983,0.5627973078659154,-0.7939604926905941,-0.34609171792891724,-0.47818794294708983,-0.9829577493372615,0.12388789919402937,-1.0833538455611718,-1.0013081287497654,-0.4321658519382875,-0.6318738040092802
0.14009128504001184,-0.7297359255632689,-0.436261995679993,-0.8597258834442477,0.21811095258502602,0.43275233414308584,-0.4290791896480479,-0.07142504062078098,-0.7776239229600392,0.021660174458464767,-0.40099599518884776,-0.10733248451804063,-0.8188708737612523,-0.985189234981083,-1.0626973700871805,0.014777195408329691,-0.7953870495264684,-1.4050407215413778,-1.6020370417275518,-1.1072753813640739,-0.0255953624036067,-0.7167480298416112,-1.0724315220435654,-0.8122281248717246,-0.530663238047657,-0.10347822967572994,-0.6666892095441312,-0.3192901175835775
0.14009128504001184,0.21983169393542906,0.3833406919702488,0.5660794647895413,-0.36467876212578554,-0.36995485640325937,1.5661392906941523,-0.9504063677620894,0.8469216318242514,0.32720184275138253,0.17797048753897426,0.6741376704025784,0.7847159364030456,0.9649643879159058,0.7326444808432149,0.2189928661418738,0.5975085296591749,0.9058116637751531,0.6025795130767997,-0.030297469164295987,0.0004217647017676128,0.910021425520186,2.681163446863775,1.7067287456844438,0.6351678278074905,0.00965636484561113,0.1228439957473354,0.628524097024543
-0.05293442623961494,-0.09486480790698913,-0.05767904476091458,1.5344087113098293,0.20797722851530434,-0.4460805528266205,1.0764447056033364,-0.8741795549385674,0.05613650452516721,-0.26072790465667833,-0.23762245465390905,0.7053518764406275,0.4613225589242417,-0.32366978690160203,0.7926022982335877,0.7357247647713183,0.7533933300310485,0.49244269045728817,0.8346146126034623,0.6315653026641574,0.8100869478964541,-0.14161411620443093,-0.38631974471506914,0.7200951086805729,0.3840590265989176,0.31468957794149005,0.10760000805019267,0.5660849258521029
-0.05293442623961494,0.3274705143937807,-0.09280763688266187,0.44205714021129583,0.17055704177206923,-0.661184438558418,-0.8269374889513308,-2.383189987971996,-0.5623303598900723,-0.28825150065175276,-0.30775160214234515,-0.15534495039198537,-0.7381853879768726,-0.747928509523798,-0.3406476237398968,-0.8490250434103513,-1.2534653908224616,-1.5573670200103615,-0.33559094124988975,-1.5230211955677153,-1.448976108183326,-1.775930886468903,-0.4099333088881293,2.327315504794654,-0.8564576741376925,-0.6693348337516875,-1.1434554406586215,0.2246412884815309
-0.9215501269979339,1.462604911840808,1.2314760225660262,1.627014935176131,-1.0239356104783202,-0.5443303657097615,-0.09076063581572681,-0.17781323055437726,-0.1824711696782954,-0.2632904283004921,0.5240241169434016,0.15386902149956486,0.24139933889152593,0.21219482118642088,0.37933353659491076,0.02355322563509427,-0.2569222210105413,0.9708168730301507,0.46453021209364226,1.4972574981628626,0.45868813398565605,0.3392714073403236,0.5988569305744659,-0.13120099771998492,-0.040096480518371204,-0.31216979467201356,1.1247638923831216,-0.03559663524791838
0.14009128504001184,1.3416667210192998,1.2903047733604633,0.10103051208190889,-1.807333770123379,0.7364234582492896,0.17342365150281464,-0.5359362203119696,0.8186249187851862,0.28768520676995957,0.7468663124278846,0.6797042160404398,0.6898068689080266,-0.07668232159432677,-0.05386128092545151,0.9969103737198585,-0.2542825680808905,0.31496479762010104,-0.4975230433590488,-0.07852229886843314,-0.1554147677234045,-0.6290238241732692,-0.6066147618958034,-1.0035972633478827,0.4757354705830163,0.6987709613686494,0.2642382972795915,0.9529708533428065
-0.390729420978961,-0.6662736086907153,-0.3216562180369466,0.07869788890020518,0.16183375880110523,0.19744592055465388,0.40595810933242105,0.4296402965458385,0.14903913737522753,-0.08045232986179397,0.6571690607026589,-0.3662018063862616,0.6313430749185749,0.9208112247093057,0.09705939728042484,0.6803337274259613,-0.22468503062392778,0.48859925821651456,0.2632767239936051,0.20054774752070767,0.66160902118689,0.3210628266408436,0.7270336003797735,0.5259618064967142,0.35494046064171136,-0.16518065735561693,-0.35649240352311423,-0.12036572666161065
-1.229768601460563,0.7921390030305563,1.017701373406311,0.022011556998435034,-0.7986101131570771,0.33243702350630167,-0.6463259739571617,-0.23688793641047914,0.16600025853767517,-0.7721490177120883,-0.794613306945669,-0.3622446191457679,-0.2538623601784515,-0.019356207426249866,-0.26866803262781364,-1.0709316410051979,-1.2147242375061043,-1.269206579956016,-0.41407311823265885,-0.5948320123949173,0.5209640841696674,-0.442411153831881,0.7996017865986003,0.10371838581013923,-1.1561818129499044,-1.022548098255428,-0.9205105550420098,0.20454892037262806
-1.133878409405523,-1.1018773304818776,-1.6602117756919303,-1.7618295407372113,2.0182010183031234,0.014430021329850167,0.08502491588634245,0.6647373169338099,-0.36987143184682314,0.8195520532819378,-0.9537375825433727,0.5260019420275226,-0.530054948012544,-0.1806582780221292,1.8366128824907244,1.4375030599055887,-0.2695597072121971,-1.140423747807461,0.2334221707316471,-0.6968287209728624,0.6048980780895628,-1.0847420901132212,-1.5506205467107292,-1.0038009628011693,-1.574879310602417,-0.823626051437464,-1.689195576530052,-1.2759794243752711
0.14009128504001184,-0.3399513690676781,-0.9969043833538891,-0.7143962658478761,2.479282305631112,-2.967129951359881,-1.106095395107529,1.4452570183901676,-5.227839538549544,-1.614949673210547,-0.8818673699814082,-4.347873503849879,-2.0400704954038344,-0.6364402627591734,-4.262337593819006,-1.627299471291775,0.6352121923807089,-1.4155371551623546,-1.89436122962838,-1.5838619404830379,0.13271660836278118,-0.933672082919401,-0.8257041308027746,1.7818487671814485,-1.3786902416678197,-2.0281490314911257,-1.9514242853406498,-0.505719738184114
1.838717544300725,0.18585254143161997,0.6055578116163469,0.2650531131021335,-0.759599851003541,0.1329233232198791,-0.2426172668465142,-0.20823202769922103,0.3448084578737521,-0.6361428035391737,-0.4809190225211429,1.1156589834268444,0.6478291236287642,0.057026101773879914,0.9985008632538103,0.7085184975356686,-0.08275105409619095,0.8488937993655871,0.33560886842413523,-0.1655500295727606,0.054247732849360186,-0.4499812016107688,0.47972164529086775,-0.06916712516929849,0.1335621988260276,0.19775345277360368,0.33365108946461963,0.09166897540384396
-1.0313751006570318,0.6797598232898112,1.5760588011332057,1.1955183703673875,-1.4135023391094055,0.6780903293737682,0.6372275437386871,0.10068815447991339,1.123733372950817,0.37087251637201524,2.762357598235677,-0.10889094653429836,0.8273762049818929,2.4995712004748225,-0.3994808799160478,1.314076847632919,0.08214484596320189,0.36318831246377076,1.3073075222706947,2.5594239485368,2.2208273431130787,2.1919698536424144,0.8440329401939994,-0.49471771007484944,-0.9089543120912064,-0.9057082616255037,-0.7243654477882756,-0.5429271221878229
0.5870981953717789,1.0513827199899974,0.7765206131454264,1.6529052359172078,-0.7292762139512884,-0.7234187863615994,0.49455718269425214,0.6176150995029406,-0.35273588650774973,-0.44719152743452706,0.8443845409479408,0.7829093847902074,-0.19592966070909681,0.374566801129491,0.6083880872056552,0.2931798948173178,0.5210942110863017,0.5865748164062301,1.1729140395038204,0.6478264912886941,0.167633042056992,-0.3794090643318007,0.5513626624149461,0.45961110958600865,-0.23963904179104567,-0.8865759334021447,0.046524396900797356,2.148143858838915
0.8478522263986423,0.6590452549547617,1.3422618027069642,0.4472238698024504,-1.1167770404985435,0.6353560817114567,0.6555236937075904,0.46455241668686303,-0.21500762177580063,-0.6289328596418102,0.27290377239438607,-0.19350202610554545,0.3879440288347727,0.7316561505808179,0.49590100028374134,0.5713569771567361,0.21775661868486038,-0.17526948446990426,-0.49714601593469526,0.8901432504275234,-0.2752183609058294,0.28813670999292723,-0.3968928038226214,-0.009752160719083585,1.0142708730890821,0.025320685631826184,0.9665100361550796,-0.3150695086791376
-0.6765559549891773,-0.41855434130169367,0.1913492404734092,0.4206746718145854,-0.1439551174624623,1.0905321713374796,0.3656476871722539,-0.8539628924901517,0.6521135143912089,-1.277364198071804,-0.13377813221272283,-0.35316270826787194,-0.11102983381490246,-0.31653354426073327,0.24251664506600484,0.38818762049143885,-0.44236072323954095,0.22110816678393613,-0.24171004290332523,1.7387253319159979,0.053365696956187064,0.814684500727241,1.2806527107420993,0.19419198440045107,0.40338433885507896,0.28432790714385714,3.408568043919215,0.6756569476546421
1.838717544300725,-0.20192763657711443,0.005915597600128907,0.47126615159401974,-0.1330176884126841,1.0327275698072689,0.2869470717705272,-0.49331000186590573,0.23502349210252596,0.2604730903306203,-0.394259308238931,0.5954558211156483,0.4947557950301947,-0.2276015108581781,0.6727253778800614,-0.8789608929747199,1.6876900201726355,0.2587274084665672,-0.6771485497260555,-0.2505472740201895,2.403581047816668,0.025679461105802905,-1.0238173155738313,-0.3336385243530913,-1.2331735651846338,-1.292994285376829,-0.9719969302778355,0.46533346678366405
1.467143050087444,-0.7474177572474763,-0.18752890227697344,-0.26850850963631007,0.01781842646169902,0.7110608145527728,0.6172127426940002,0.7918168335884018,-0.5879781495838228,2.418977466577556,0.07232225540011683,1.165818248941982,0.23087965876344713,-1.2087685622646653,0.5372519660958843,0.5711236143207532,-0.19949830620449835,-0.7019522897824427,-0.3819545463082492,-0.6914189934858683,-0.09307822817921003,-0.2934430691559363,-0.12158051411784722,0.30122212306029483,0.2876413909124871,0.6919080609803928,-0.10384643933821602,-0.20760967292687207
0.35241956744760095,0.5190644527291268,0.7563244060633842,0.832173345913658,-0.7123390150211313,-0.1982103320189301,-0.35000338275849474,-0.15874944622940418,0.4811821174600202,0.2959373735346355,1.006402750354518,0.07394636522187557,0.08624296491164832,0.6999978364811773,0.8743956869907697,-0.9129635582097719,-0.10175631005638709,-0.4398941388617107,-0.13914966945830945,1.8213069492717613,2.1590439257924916,1.1606417186304196,0.2345167007383845,0.03875949901736718,0.010689531439989023,0.007817091763480374,0.6140453237223045,1.210343509071621
0.5870981953717789,-0.5988338597476728,-0.1735104613018033,-0.23208310476886548,-0.1239359968273064,1.5490048973597044,1.1444881714162956,-0.26224087847678046,2.1632988542473393,-0.26669169236923684,1.7323436230021287,-0.6095476041998173,0.5686183333540145,-0.6109018135905956,0.5625922731422512,0.7731292756667699,0.48524793771180325,1.4601857234155575,2.3737809724710575,2.215480380624528,0.197883327179586,-0.2398863764355474,0.08368781035665503,0.3773530671448266,0.6073172372344163,1.415411823563398,1.363742564510393,0.15649703822266328
-1.3196656565121636,-0.7833574504192791,-1.3502312449730274,-1.6735988892634992,1.579604657727,-0.0008235543520071893,0.5273676814049055,3.903975059004421,-1.514082034953166,-2.98579800002173,-1.7978863810900696,-0.7907036993329579,-1.1037067456416447,-1.2373013728101245,-2.176800009434034,-3.3126692638210375,-0.5231671093631749,-1.1026758745007847,-1.6497806085201023,-1.910417352269975,-1.3893048024530865,1.8440190153625202,-0.19928863926392296,-1.4684244891740712,-1.7163752758296194,-0.2513465722085466,1.2483147890828157,-0.8191739773092448
-0.390729420978961,0.8307679163367572,-0.28762364059862916,-1.3609717255828029,-0.11383465745917236,-1.304191248957457,0.10807696364061214,-2.247260915790674,-1.8819173182202613,-2.7844260288881078,-2.5475846001823585,-1.9160537449927921,-1.8706271551476517,-1.470552048133584,-0.4857020783470804,-0.26639700841611086,0.06271586990392476,0.3953175129860044,0.6114132363914183,-1.0517019365079299,-1.1919001995581129,-0.9346431014890654,0.2930193814425746,0.32187225724683505,-1.8692405171195359,-1.5810259855835835,-0.5093750626953518,0.5004063069249342
0.14009128504001184,-0.49728068835587114,-0.3046126150981923,-1.459513250410796,-0.19903867295899857,0.3979878082800097,-0.4280011729223251,-1.3819095874436969,-2.3638712996021956,-2.4101330575730735,-3.169908503654529,-1.653301113604523,-0.7562803541604928,-1.051469600602526,-1.0520110099751483,0.30179164944723325,-0.3378198832351514,-1.8936517470150391,-1.8582267843589633,-1.8069055023914424,-0.18456097230450466,-0.4113643889835698,-1.4000037415672724,-0.7009870588334097,-1.7997545961816794,-1.2104402120462803,-1.961667308494842,-1.2018100019964009
2.7533624531334167,0.25118267803983274,0.1926238509968158,-0.26490595935095684,-0.701471596052378,-0.3057037723364697,0.4727408920631652,-0.31111081501055715,0.6079980380855817,-0.8449444074679139,-1.212758266621715,-0.05374851374057135,-0.06428474583703067,0.6308241554433253,0.918237698862392,-0.030998189082568118,-1.0727859350968048,-0.843187407929647,0.49637694203930416,-1.1394212289604786,-0.6299697628122917,0.427848435726924,-0.9209598069352136,-1.0698864716886571,-0.7562830404363905,1.4252383963984478,-0.3456041463546683,-1.3342424071149663
0.5870981953717789,0.11577580908763788,0.7508088500557077,-0.5514539095534939,-0.9811919969253666,0.33111682161817163,0.09498810693408351,-0.3785936821406723,-0.5186969062201805,-0.34547234902692875,-0.5802877440108516,-0.8887370058582982,0.400643641166258,-1.2970416811499126,-0.08999330328750628,-1.0269785489692989,-0.2078657147154655,-0.328715995254684,-0.5723977517744299,-0.20026429558922554,0.21793037800801954,0.1805053774921232,-0.5012142636634742,-0.5990386385798298,-0.7748781050891248,-0.7746936533770967,-0.12574628814463357,-0.005956817250984874
-1.6293110683565644,-1.0451175389630885,-0.8293990599108182,-0.23886438891951206,0.22545327662954878,0.35015831273313397,1.431751044574843,1.1733279279581397,0.3744337800665603,1.082749510005991,1.50464789073409,-0.4339028125751665,0.42860395717891203,1.1812566780009282,0.59761636805023,0.6173501560697348,-0.5386485743003002,0.24083007910121562,-0.5001103200723035,0.18300013973675303,0.8971449934465303,0.9220779310351195,1.7868664692118357,0.5653042431576397,-0.08917499502407966,-0.7424350913378206,-0.8815697009518245,-0.3516061583178862
-0.390729420978961,0.21969893557689152,0.3447508507900732,0.5611181112326635,-0.22472417573744508,-0.5089327085212154,0.040864549143358825,-0.30360121402977175,0.05767923944659345,0.19558956934956795,0.21787266683226134,-0.22475255748641576,0.6586814840023927,-0.8735506242543064,-0.1938007047470688,-0.5801942853625057,0.034731525779774355,-0.566207755872456,-1.0236741915945091,-0.7241628229046743,0.6098864392033515,-0.535646005057939,0.06026279246289953,1.8430618267328005,2.1278458172337666,2.461789508650268,0.961440798537358,0.5035589060165649
0.35241956744760095,0.7557497998014125,0.35039225371280414,0.31560418196377193,-0.49828379698133335,-1.9218831093801592,0.5072160976099054,-1.3502791501268139,-1.1785999682629558,-0.9881082765496436,-1.2912628541073652,-1.4949912561628413,-0.7421501528917234,-1.8010187949687186,-0.6979893546401895,0.04169625154741886,-0.46367398120956915,-0.3490343610856305,0.8885168407204,-0.8135897965931336,-1.1267883462218424,-1.3875214949660388,-0.6849642259205936,-0.06202487131632127,-1.1290624619571477,-0.582666203978906,-1.1815469288230729,-0.6488573294048164
1.467143050087444,-0.1619259800152583,1.0729369077618198,1.5601612827858713,-0.9753269796539166,1.25159086713689,-0.3798863833851572,0.16961692768139197,0.680022225036022,0.5367414791393251,1.208189135731307,0.012576807491310453,0.41713924369787914,-0.026579051441884098,1.927681208777273,1.7219683303233253,-0.6506932326596596,1.6245311653276748,-0.37186822478883175,0.08743446008378074,0.8438329180059285,1.2875780966043193,0.5729112890081441,-0.33062558442646667,0.369822403180512,-0.014720554212467804,2.5268205195671483,-0.5019331512306858
0.14009128504001184,-0.38660037743721326,0.3154483871966946,1.1684184767490686,-0.5797459684960978,0.4335825720371868,-0.013891520359035918,-0.37668731899440033,0.6980621461685058,1.3596450159966327,1.11996665415474,0.6387449890662364,0.8605986465938769,1.004538494819876,1.0104777747637215,1.3436393051275566,0.2668845020257233,2.3635656190854144,-0.5682689199576662,-0.09581865826848843,-0.4752058295905462,-0.7240951292797002,-0.11689876376398983,-0.5007955730186201,1.255490961897353,-0.7039984961045878,-0.7847936866168248,-0.44587259745967406
-0.6765559549891773,-1.0212015815052307,-1.3057538182005277,-2.5267113391217375,0.4877908597034848,1.0361708465968604,-0.7551348536899425,0.6133801856502282,0.3476974162130634,1.1778461596397922,0.24482469651473573,1.155796697818657,0.4185830915790226,0.6461714530052968,-0.4620677890741941,-0.33738172967764957,1.1314977290121524,-1.0538249507646822,-1.4835150799884542,-1.468598829522247,-1.0332630845063184,-1.0424090941835156,-0.8684814574737681,-0.05256914715046513,-0.6204734682765825,-0.02707105601040454,0.7869107634727902,1.8132168227270293
-0.390729420978961,0.184846372819537,0.08295723965751738,-0.04219585563675106,-0.026304856004686603,-0.34762377991969734,0.05619544006048269,0.33579195475841894,-0.08988493652272267,0.22283480006093626,0.39514267964242994,-0.7394432978980254,-0.11659748579702589,-0.13944492834955424,0.19112491204832727,0.2826483817733979,-0.7016055421451979,-0.20057050254613604,1.0335714923809516,-0.12494403848720802,-0.4006271679392997,-0.8109205933303238,-0.38655630734256713,0.1881626885155386,-0.40614297335198535,-0.41962273151294616,-0.768947460141554,-0.5991353260649167
-1.0313751006570318,-0.8304511718290265,-0.7267897384283334,-1.3167752458658257,0.2904691260394607,0.11960815819958105,0.31789500609466376,-0.019697038534695704,0.1267346015640207,-0.917444248588587,0.21908040846121596,0.17018947909571858,-0.5469574042176216,-1.5650035240478861,-2.339612377563037,-2.0142866103943513,-0.5791960715612513,-0.9603916095188614,0.38204428483417335,-1.0539563134994039,-1.5282777383822135,-0.7455610063851108,-0.11757842187823259,2.744467924380229,0.07591094372447971,-1.370567416737027,-1.700728914976566,-1.3548947535622284
-0.05293442623961494,0.2776863891300722,0.49847824666031665,0.39495129584271543,-0.485246334253521,0.07364672136790372,0.5279943026536204,0.03612920955764172,0.3594102700789681,0.6821901327965942,0.21543855026555966,0.49735075733938156,0.8662929796929295,0.3230414805982191,0.6241290893367378,0.1346657643201852,-0.3796168392875057,1.027070942400313,2.3121886542538688,0.6679922794565204,0.33215193207163546,-0.11001775952820907,0.36992702557871054,0.5909995590639628,1.448535158864591,1.636567647481839,0.1012664202916283,-0.7003603575375703
-0.390729420978961,-0.34815846071338935,-0.36657012060098726,0.08957861155282708,0.37059882161671603,-0.2382989831715824,0.11899409966277183,-0.4764090116132757,0.33042608688369596,0.6940380035215624,-0.6685401195769184,0.6259222964296582,0.27782541957900136,-0.3832296584868072,0.766071813323822,-0.3917045001341538,1.0742436771554773,0.3689360047842733,0.009363622278118005,-0.14592141151658275,0.9646163416594259,-0.39321524607006847,-0.9719175865688676,0.2506459920145622,-0.014494930474388087,0.0655247073424189,0.7646984164315139,0.5557607818028433
-1.5585349742207013,-1.6822308521182325,-1.8013406238382264,-0.2856727425042102,1.6220482357542096,0.6478437063614975,0.6102342802282277,1.3853913942429414,-0.0550256507256303,0.9074834708002001,0.4420946441609351,1.2595099356666466,0.6434278356692945,0.7350248028238542,-0.17058310536465154,0.587500913015183,0.10907079106497515,-0.08466813367795849,-0.45431378936205424,0.1552410416760342,1.4056144640774753,2.3212508143709742,0.9670165715599682,-0.3916722238265926,-0.5918734010095839,-0.27673737364806666,0.06714385826692916,0.31399535472861456
1.838717544300725,-1.1162134899852145,-0.2902729531260473,0.21606544854239318,-0.103363514361709,0.5341534543253522,1.9069212361344474,1.219106486181393,0.45151248583182857,0.8286711902632065,-0.1108648722110306,-0.5996086222934611,0.30010378129243725,1.5586846910132768,1.4798291498955074,1.5471912232623415,-1.6291166544672995,-1.4975786066926684,-0.6672881451501512,0.05769661906390928,1.4294332723807202,2.667240960958634,2.3918657310263662,2.03294863025196,0.5304469640158475,-0.5796418845451451,-0.9691743655758818,-1.4643493784038597
0.8478522263986423,-0.9888731368885084,-1.2392242877214297,-1.306263978645216,1.3238165782022955,0.10872408034495859,-0.6229556551886773,-0.09978081778528274,-0.8594219626667686,0.28116923481402306,-0.8247758532877812,-0.6349299694502514,-0.2724399859886422,0.13815777642414956,-0.38001684288489496,-0.12636041330685724,-1.006169954557863,-0.663670261631646,-0.016175475227312063,0.20614105321722972,1.120955249228882,1.0091862343595543,-0.1103590779046466,0.39470494849933685,0.4962887739240206,1.3833013218802277,-0.06745704322130676,-1.1448602271217436
-1.3196656565121636,-0.4617497188008844,-0.48945329081396544,0.4378081259560549,0.8113468163912461,-0.6475650902591396,0.25205624755862416,1.1900331646074116,-0.6320010351748077,-0.42644068929531836,1.2794654543685413,-0.08266835642072363,-0.7783361955902082,-0.8439421860529009,0.19662100125250614,0.5830798025291303,-0.22959605976617858,-0.7407770844240839,-0.23557776708054817,0.6762689209412914,1.42795029892785,0.17456076812470903,-0.3100337324222328,0.7854798112462734,-0.08592581287136108,-0.7990512724648744,-0.524589725044942,1.287485782586892
-0.8035899701048288,0.00727787266531414,0.515778946879628,0.6297274353216545,-0.9210349008891195,-0.16534053191738968,0.5234105303962997,0.24797241032715395,-0.0704480298701445,-1.146669280180218,-0.806771051869576,-0.9247104708865679,-1.1726935273972043,-1.7051115616568098,-1.4086133300573322,-1.4579270448213166,-0.3276267364105837,-1.3101315302447654,-0.4580986112875599,-0.5095422925767251,0.9071690423863245,0.8419995997493788,-0.35500510903606314,0.5282872329204134,-0.8011216167932574,-0.7750481670651467,-1.0567524541037192,0.38845284608007064
-0.9215501269979339,1.709367085045752,0.9751321836994497,0.60871287234915,-0.6623907863123967,-1.117967428151859,-0.47351002164799705,-0.38351817110643593,-0.05710448769596202,-0.5039166261010314,-0.15937153203539708,-0.4474886441696935,0.05438998481483039,0.5984595675176834,0.21729891608319032,-0.13114921897637613,1.4248778630361747,0.5896728369197257,0.26470296732386284,0.847472937997887,0.45487658856694557,1.3447117054387219,0.8860871281488033,0.7875122015625478,0.20045577892467653,0.11836210924777125,0.6033961750517433,0.12439431905591224
-1.133878409405523,0.7335017322487369,0.8342775681283875,-0.4877186957248795,-0.7737496811991529,0.041657137308683874,0.705715398477981,0.5908678918312421,0.7087424891038102,-0.1206923949585518,0.9993846931058854,-0.5824804946012905,0.06480955565800987,0.3650513631223055,0.3382883588688498,0.22962555465576137,-1.1800066587293792,-1.0811461370306088,-0.6930576522655844,0.13963910381555972,1.0886107221889894,1.1200574171054742,0.26784411291542054,0.058123645805964026,0.05869648198593533,-0.008244850673647108,-0.21145794048968564,-0.3873492163070037
-0.05293442623961494,-0.7887125940349587,-1.7882935997528433,-2.0991496573434087,3.09826521658643,1.2667017213280531,-3.5220684662657646,-2.2492330186978164,-1.2472614818362917,-0.46360067621825823,-2.650546713702334,-2.6456117001473123,-2.518472354274586,-2.2410827852002417,-2.8201783540219494,-1.4365377739714644,1.5230041416631193,-1.4361784189542637,-2.0037946696819087,-0.7604278637504838,-1.5482824185405648,0.33877151063715727,-1.6005140682294676,-0.7825480080306989,-0.11030410279721106,-1.8628820474832068,-1.5347969343519028,-1.5019265148721246
-0.8035899701048288,0.9064369624501175,0.897095020886783,0.1092619392497826,-0.86361682497484,-0.016433693980703365,0.871343063830413,0.2986498710725167,0.2041752800362149,-0.399062988971525,0.3694406221982075,-1.0790607125813747,-0.3002557951286881,0.33786154561475,0.08644779241626942,0.9832469763095183,-0.00506456585370991,-0.35256296393534464,-0.5905452719086318,0.11737858844827322,1.4189446119416411,0.4956798642188852,-0.5148304956921689,-0.5661395059890406,0.31985545891025874,0.718275764931251,0.03832880230881787,0.07168684680442937
0.8478522263986423,-0.395962816978778,0.7097662297548385,1.93367314722567,-0.518588601747504,0.6033509728779982,-0.4290917146324373,0.6243373519758142,-0.03438040218337188,-0.27562538191255725,1.3143736868269782,0.31219430634757517,0.43642500215960595,1.264332284823064,0.7194081646966133,0.49644404715872215,2.7090729787026446,2.5400562758454144,1.6995394136465911,1.8434575006056946,0.812620602281901,1.1169868928021165,0.7381464914931501,0.17896947895681584,0.12570932822921907,-0.035304395165739015,0.38227297391566223,1.4477776450029674
0.5870981953717789,-0.6733246186189741,-0.28828700084450815,0.0851924216067672,0.05679778205355405,0.1938776285211527,0.21399071183321997,-0.032380739053243714,0.835124034057214,0.689186800242224,0.6315283317865883,0.5124852308372565,0.9948459642208997,-0.2082111909118304,-0.6531501932568794,-1.5444601332292665,-0.419323601466717,0.0031774125797824656,0.5795920362013677,0.08291366568692439,-1.2040596744273115,-1.4888176808805023,-1.2311431483886544,0.08869044564817033,0.40970216336639803,1.065659029647086,0.48187980070661524,-0.6348695294749586
-0.05293442623961494,1.007207543862816,0.7340204598861914,-0.07125794842244783,-0.4663185108736797,-0.5753464199328241,-0.7751819592735749,0.43035200521399614,-0.4432473935303419,-0.3424425684765862,-0.27903743365206757,0.18825958606841198,-0.13441744672129732,0.628141367142227,0.3233196665111953,-0.35241405195453873,-0.09089243529549931,-0.3531839334883352,-0.06430177441753737,0.48729424362282997,1.3319151159863978,0.008394620635424977,0.12184727813384619,0.18023690096528716,-0.4346388067395399,-0.6895102056254826,-0.36656963154830396,1.2391087898085427
-0.05293442623961494,0.6029094311390898,1.0498615559474238,0.1084497351595108,-0.7053972668912634,0.7824509704029985,-0.4981278784655748,0.5416971403665174,0.08197182000483086,0.3636790795134318,0.3526157469381543,0.1999142054803552,0.16252078879031318,-0.4926389899900593,1.0123585587966355,0.22984305116376957,0.8474513333422112,0.6432815790974443,0.2482909713860854,0.6281575607074684,0.6574673754406377,1.6215769908499627,0.6808310032676531,-0.20598728777584185,0.0016394973478655794,0.0008021864996400581,0.8583561688100695,0.5152646595542197
-0.8035899701048288,-1.4040924470190863,-1.4081876416285841,-1.4765316718301018,-0.10051876692352175,1.4435749878513386,0.756307034680611,1.3979187256681318,0.7657418603703686,1.6242037523504573,0.7207381097443873,1.1013228328317404,0.23667868641385145,0.2693939613420136,-0.10228670184128293,0.6461236851519243,-1.0894162820789965,-0.3758767863431232,0.08608053789102654,0.09874841028467894,-0.27992897424983854,-0.9675908181456092,-1.1242141818738633,-0.5207438612215626,0.19723887417386485,0.40618256634893035,0.26593496719256,-1.0195812150737023
-0.05293442623961494,0.8320084342842543,0.577038796512833,-0.2843451608184893,-0.33013705128587634,-0.2242649842453652,-0.6569637160206129,0.8600579604387915,0.24571242736180188,-0.24162184639748724,-0.40154906700636234,0.22393572522591815,0.1467690215267228,1.2803624094227577,0.4152867324407876,-0.3512537630542701,0.01912929664901986,-0.3318363595002211,-0.5056049938142887,0.15560537850449083,1.1228315648990694,0.3238685620272499,0.9632605044529516,0.49234694101100224,-0.300056691523172,-0.27123138796010726,0.04582478880462342,1.211081538237554
-0.05293442623961494,-0.7848700787494506,-0.419278513994393,-1.0548139623392458,0.21885472571069287,0.617538075015147,-0.018276070958715588,-1.2573975272138558,0.4876812839214445,-1.2688839886955146,-0.8321210938325346,-1.8410927828846353,-1.4765199545941898,-1.901239734388422,-0.5396312301482183,-1.2841372250638732,-0.27876922066739906,-1.0739450935561619,-0.12053405626311704,0.27280250000061007,-1.47105597392795,-0.5575200165921015,-1.260623934938792,0.4590531825015972,0.004993600133260259,-1.5165316833677234,-0.13003191276433704,-1.3462731237046879
-0.05293442623961494,-0.10887101452370158,-0.005421203075088943,0.3203466522754933,-0.09401750448578318,-0.2511150875480008,0.6233129681355494,-0.45447895573055413,0.7397321375617735,-0.37375025908243026,0.23431350519653144,-0.456879806162847,0.7291700327942842,-0.12732983006018161,0.45346924790040494,0.3693315227827989,2.3126519320081247,0.7493716359736147,-0.07770582317180103,-0.5963692989124784,0.12053723952163307,0.1203043408590967,-0.21041075827483538,0.478843813417144,-0.4651718554370512,-0.8212131325227325,-0.4709593156097834,0.974145103438403
0.8478522263986423,-1.1532041610432384,-0.30543256271609803,0.2678319449535143,-0.03548007353323711,-0.16638563507875914,1.3050872415509593,-0.20103804231227437,0.9731439660687674,0.5283504177918946,1.162344593748159,0.7367832165124023,0.8072401848044765,1.345484266358944,1.836871482176247,0.10649116365218748,-0.3769982389814609,0.5551503744321433,1.6304434153324163,3.777777428848384,1.1100910464421239,0.7282718536247226,-0.021197176854032475,-0.6502902527561099,-0.7094342610633606,-0.9974852554353318,-0.09117582725692108,-0.5706583356650576
1.467143050087444,0.4625327957848583,0.7552318250990002,0.8947772201162582,-0.6233064827871819,-0.10063759762054518,-0.0652943043130696,-0.8118833670104819,0.19070698068750194,0.06368772516511213,1.1224786051333662,-0.054217726736690584,0.11113745536806818,-0.39961340536679263,1.0976355813781955,0.7535936801190601,0.6265725417233865,0.9103221495162529,1.786743496466887,1.3169533667563416,1.6588224261284146,1.4279730170167937,0.21895033243137088,-0.7019221603703332,-0.40476198890822174,-0.6559698156316796,-0.17427492715462936,1.496763021151954
-1.0313751006570318,-0.7479751954800208,0.3716315779913298,0.2672572242020691,-0.6868506423556663,1.0135268198818261,0.3918380495794473,-1.0124648998455834,1.1299886690406913,0.005001416203651853,0.8263083974320947,0.8307131269314735,1.801421021439999,1.8403931070257078,0.8839398884216623,1.2009333228657568,0.10240655422332745,1.0479856065801205,-0.04552014649870282,0.11019899632189237,0.20965246137811167,0.20228619178626384,1.6075898475888113,-0.4917386334186215,-0.2782126736354629,0.2722750052529366,-0.36487296163533556,-0.020089832277678743
0.35241956744760095,0.4865552452926419,1.1267718215883658,1.0473285455098273,-0.8835064068036464,1.7677920271063514,-0.08284031932581308,-0.5311029316641692,0.6422340265931501,0.9482640600089973,0.17248107075300304,1.036540840186876,0.5213744024562105,0.7701999112557032,0.124968662604608,0.254833680549767,0.228433687460259,0.023963057223530287,0.1664112688541426,1.074717308872759,-0.05430836702007916,-0.38008765201543093,-0.40612953824300574,0.9730401486799238,2.5195536076425533,1.7683420687946203,1.056855398885839,0.19861827088425518
-1.0313751006570318,-0.2686117304718578,0.16935243376395068,-1.216423754779959,-0.7917296675204208,0.5250159669610793,-0.016087484948832116,-1.6230408003261791,-0.9085073233961024,-0.2755519894639602,-1.017751312320524,0.129344085162742,-0.2873784717814609,1.2964443260538592,0.01405784197027106,-0.28160969365086047,-0.6214629625473828,-0.22853849330522638,-1.1627079570363772,-1.420481220466016,-1.1830281162993124,-1.1811616586952414,-1.1234279337228337,-0.9214642773701837,-0.8183067770605673,0.584155270221314,0.07439225940657324,-0.5567230729043806
1.838717544300725,-0.3979022791192804,-1.0012383190361982,-0.3740653697936346,1.041228209656953,-0.02111022621975897,0.1490683233184306,-0.27021974859178965,0.06901839461050506,0.6119914705714626,0.8161460915905276,-0.0578657778964395,-0.7596530092805122,-0.2815767305432392,-0.03427775029662141,-0.19479868022472402,-0.11495796331186448,-0.8348140943470432,-1.3979428334744735,-1.1761069222415694,-0.3372754075949857,-1.2164413455139946,-0.5026330920108116,0.014507456488593938,-1.0505691619334703,-0.17455600533756685,-0.665296026431097,-0.11661987077192909
-0.22917529306014311,0.40143115385194716,0.6937186504214992,0.49004139614642667,-0.9013802089290874,-1.0901866041919464,-0.04667207071592663,-0.32361568827314996,0.5822697138870601,0.07844333957709027,0.47505481553675094,0.6935451686211433,0.9966583511186725,0.7244749623776081,1.948732763901245,2.457119654831391,0.4265311611026764,0.5658595390019329,0.33112561513980254,0.5764404775338294,-0.015539901929154918,-0.0671431018436903,-0.595497726048788,-0.6143374106434156,-0.34449557749897863,0.014461493947816624,0.37329888298786773,0.6393953802725022
-0.390729420978961,-0.2488776360139619,0.987534251983366,0.41529559115402775,-1.0047756922578914,0.9580906817519486,0.5275638028188859,0.06324748585358357,0.29014586177361745,0.39831456659357173,0.8805627483304468,0.47400984440147476,1.468450186403539,1.067419015857451,0.7612095501362446,0.41365287507792714,0.44745638749651717,0.23176767861585565,0.15613910782879256,0.2466882901311149,-0.35064443595871614,0.4809600625352776,0.5326015647001489,1.0208571658038919,0.8315146973736328,0.7339178977954044,0.9131130839789544,0.22366787508851052
1.467143050087444,-0.7130788299160137,-1.4753722322294895,-2.307691361133916,0.9731061164217629,-0.2097725786075287,-1.440808514374071,0.18571925761935681,-1.3671997946725574,-1.769033737476702,-2.537513198967348,-1.797760048807725,-1.9767684787300241,-0.6184441939436696,-1.0217561609145922,-1.131009765769849,0.17886405951380313,-1.6384603369945616,-0.8924635134434388,-1.425663627986625,-0.5463306184977119,-0.3353760873035046,-1.4206980056132261,-1.2199240034143066,-1.362470961668449,0.3668451414799985,-1.3306828166368891,-0.13337797334183815
-0.5393592186642734,3.066170900999422,1.2883621732527455,0.3115917653286113,-1.1668147638597972,-2.034585093583696,1.394575650809319,-0.27261999169508694,0.032474322559501216,0.7090190429646496,0.7505088553120529,0.10563939602866934,0.2404531840647337,1.6854038253860995,1.1517580485283592,-0.7080202659400254,-0.730636965901636,0.06534799357920633,0.33464294512871817,2.931172718626338,1.4196433440792366,-0.32934915622488736,-0.06795141455272163,-0.41093871666656684,-0.7368720366380505,-1.05777054405504,-0.7139702230255606,-0.7976296058082972
-0.22917529306014311,0.38286594550265207,1.1078235946337813,0.7112371975917271,-0.9829623785289865,0.4798270849978738,0.9233094100771009,0.8663590324439898,0.5845365711231255,0.6759730284175982,0.4813831469221258,0.9534445350802457,0.5064536189149897,0.7499388496226859,0.5678285089357964,0.15545624706377287,1.7315364347134152,2.8105562456105306,1.076458272760975,0.14504966955921825,0.09464931852881542,0.20058054634974665,-0.011563799244666868,-0.4546403810370658,0.3916326938539353,-0.44653985067675717,-0.11229381953144991,0.8281367838933031
0.5870981953717789,-0.22766878356951364,0.15386600746937668,0.7431977939029016,-0.1122366538439186,-0.21811344971516294,-0.032899300257832186,0.21741902246411712,0.8799327508542644,-0.19435260074988492,0.9291291716806517,0.09595691552264324,0.17670744703951996,-0.48974738593255923,0.23805480355269848,0.17319259140902915,-0.02032541083112954,-0.6353584256628039,0.009632683082370863,-0.7551700893352201,-0.34903665400814177,0.155290312875219,2.261767234255518,2.485842395033365,0.7244739811640816,0.2058150644559666,-0.23869400976550242,0.8793169888305999
-0.8035899701048288,-1.4719736219366828,-1.0939039301799813,-0.19473234524132146,0.6862733363231568,0.7944087938770246,1.1868603796206205,0.8390643081481078,1.0732746134730757,0.2530121592882254,0.21794572065118226,0.4784334259090756,0.40325184861301766,-0.5160186570367263,0.20137813279223088,0.6948688829766799,0.4866690619032253,1.5645222628208766,0.7725266035168427,0.49030190853509387,-0.7159518585952445,-0.8087312134348585,-0.4811583668004185,0.7779260741010404,1.1463454233374448,-0.15147007115423106,-0.15640578627486568,-0.49356749249658294
-1.5585349742207013,-0.08996342935501701,0.2797382893624035,-0.2581068501105432,-0.511225583744291,0.8646876823004936,1.1083471429457505,-0.37669017302259084,0.38446481287270834,0.8985442580367718,1.1395437327016698,1.1111406194880502,0.20499074751757798,0.6250884103244243,0.660495470684822,-0.7372737192495047,0.004336367860648279,0.20464308615893428,0.4278602124537134,0.8980248444078563,1.2472749907674094,0.7091928529971582,0.1923361375088574,0.3114473454889848,0.3961422207993183,-0.38872087286042395,-0.11650574894180835,0.17102149943264797
0.5870981953717789,0.14823072549523328,0.45507172294959314,0.6909392364423256,-0.7093060063094015,0.28121117684503116,0.24534316595021388,0.16155784984282046,0.5247561509977241,0.7819073004689985,0.8383902152906465,0.7741782652683041,1.353825552049332,0.5458157147909783,0.26533161742636563,-0.11168637597215456,-0.930176327966977,-1.0544660141600295,-1.0929650147475973,-1.1036586086773164,-0.7159518585952445,-0.49290124952320763,0.47391557728559347,-0.36354068325220146,0.4289501014250804,1.0539202101195697,0.3760541674002538,0.18872866530311982
0.14009128504001184,-0.5183536905124548,-0.6079763891454996,-0.43573719108811704,0.6798254212984058,-0.04196831231537446,1.4004721282374821,0.7266958950873575,0.22523944649132918,1.0630202922463914,1.806403934035728,0.2974041528752671,0.8802133801787256,2.6684788456250517,0.15495548638362702,-0.10336355957172716,0.3856117101253464,0.8739127278247931,1.0427101465195796,1.4881494584772,0.8093027065811803,0.4380439418971347,0.6919291923069901,0.6435961243151491,1.166354665506826,1.0484513451774082,1.3421543738898167,0.8806529234485984
-1.133878409405523,1.694665260784961,1.2316822813242618,0.9035992002581652,-1.031774428279792,-0.3981976313213969,0.7839888623081274,0.47591754539115166,-0.12662712060820366,0.2226273261213929,-0.4633539745263897,0.45495951045091193,1.0847540959539204,-0.2835332188810172,-0.310821729928726,0.1509522857074992,0.3159371150273922,0.2830778869421942,1.1503836736157358,0.369060808273922,0.6698569921537579,0.7251427223049487,0.9972168213077857,1.8752000011399133,0.77700465155554,0.9411669661062964,1.034970060017013,0.9122888587217588
-0.390729420978961,-0.27920440552750647,0.18017976800110777,1.1196107791670735,-0.4182039550318329,-0.09924737625586794,0.8087061129374691,-0.3480925587812716,0.8418061664761535,0.4037664607636288,0.5561272050210829,-0.21138171261470887,-0.7777368459009782,-0.5946394257572681,-0.07116940017182596,0.5533457253747495,-0.0991908459955393,-0.10328853103854653,0.16578636033899002,-0.9081946816982741,-1.0715713357128098,-0.14695664421247945,0.32475865681325417,1.6095730921153857,0.5124183181677352,-0.9301452641677683,-0.3045023043485957,-0.6024538747260518
-0.05293442623961494,-0.9569627058429703,-0.4406250451984084,-0.7270665832272087,-0.07498645318992775,1.0440736922841387,0.06307023037823861,1.0196859871205493,0.4770786088557668,1.5704938809876627,0.7162106069583795,-0.3116628446467099,-0.07975966521716864,0.2196211646536965,-0.6846867119036855,0.13190346641121356,-0.33284547992800495,0.0877437834132047,0.2142674375576171,-0.47674344303866695,-0.9736795216628883,-0.8340531452273149,-0.014504057647531928,0.3896418697441029,0.3051200237276315,0.45318574219550833,0.45751601176102474,-0.34777478195196865
-0.9215501269979339,-1.4193100561890044,-1.260949076987633,-0.7012117887363701,0.28693287787775423,0.8697537819413029,0.4863685711179354,0.47579327737101335,1.0367903423121456,1.6176570457411321,1.3501657787950039,2.2147235150945996,0.9253832942694127,1.7583215801047891,1.5278711408886008,3.0719889716224644,1.5066388991227035,1.384797195683044,-0.2476856458962732,-0.071681972075725,0.2399308074716664,1.1948553015268437,0.8388344275781563,0.9073644893304182,1.8744296777772926,1.52270395079777,2.2764494844922747,1.1348168272968122
0.35241956744760095,0.980040634247038,0.705030328965625,-0.19145728946237803,-1.4500653390832405,0.2524143005569209,0.6063760269924005,0.5487957037397372,1.1816078134469643,0.1283537352256817,0.4729734724993086,0.47077029664589604,0.7275077530403747,0.8652164318598526,2.428569918232443,1.2431569755422907,-0.0035896565348563334,-0.5050154889738832,-0.01021071168367389,-0.3718670179975228,0.8689809926524544,-0.142665719421667,-0.3640562688729586,-0.7116761932142247,-0.8787667002694226,-0.17247646875654118,-0.7556377234934125,0.019393252336562115
-0.8035899701048288,1.6538385718933801,2.2250449273777564,-0.17464933696014,-1.8352960652374035,0.835244621668759,0.07002097666568326,-0.06212619595553985,0.5009442941180098,1.2130726563200762,1.9520709259136313,1.3610728461483843,1.1571854065262446,0.9318464238349871,0.5366628965552293,1.382651097918951,0.8503030265664673,0.01668675881824873,-0.03246288881019172,0.5893843797162925,0.8680577727471753,1.9603509219678952,1.589968942637293,2.617374466364274,1.5231962232415286,-0.48607126137856993,-0.5935102485051651,-0.5231085819368259
-1.3196656565121636,0.28718210540658573,0.5575308483684234,1.1940032377371574,-0.5968182156631646,0.10117459904151584,1.1775786841343898,-0.5608932041824111,0.20905698362920008,0.321233947065592,0.5351666155228878,0.37101376621666543,0.4520404748621755,0.3805464297054743,0.826298396146701,-0.689488298764352,0.3363846199006424,0.1265491824541153,0.31147661733967175,0.9296190429138621,1.0509701406024885,0.6869022482896062,1.1793860759980899,0.22954115430907504,0.29625335274846887,0.5652554573335905,0.5398408155680101,1.4264458571879883
0.5870981953717789,0.014391627738217946,0.10040100539158038,-0.7936947759106215,-0.4500905234706492,0.07089673027337366,0.3110748420702106,-0.16716029608069832,0.3413368220353005,-0.6538355561905265,-0.469060746903173,-0.0017674849909777792,-0.23238269793671623,-0.3714190429148377,0.24390572717350198,0.4236448753099179,-0.8478658328239402,-1.5287433027817714,-0.935656009081303,-0.034557337123035464,0.5793130340942504,0.07203708241925605,-1.4626829061339925,-1.7864349813017628,-1.5623250036848213,-0.7030618136043513,-0.46900581980145045,-0.7109022504439254
-2.032570209363226,-1.1009602533173521,0.20798153080379206,0.4876396590512435,-0.9533890990438021,0.4744242069983066,0.09625263431843807,0.047826579873803454,0.29064783881819983,-0.3472334672098505,-0.13396868347094568,0.2765542113374146,0.5194273251308816,0.3404910031082228,0.24269423598321804,0.2706802693132034,1.2330171570389694,-0.8263655258336051,-0.7545123380014029,-0.9136405304269934,0.2910220176085958,-0.44986489387200523,-0.9570799875595906,-0.73048523485761,-1.2174266187970928,-1.351214124985074,-1.4192742333852415,-0.1525254102870799
-0.6765559549891773,0.2817627190417201,0.04657369837700865,2.1529897900646433,0.21580102304027235,-1.4502288581647238,-0.14230603097815578,-0.9602124003923013,0.597426489134684,-0.17140737849485924,0.9945532375268444,-0.5075413890505667,0.5768958607744733,0.02250220881110494,0.12299120579205942,0.07191827162325193,-0.13985326751001007,-0.2523209910090585,1.737260697245253,0.019191146769317487,0.01176809964380757,0.44997485015910454,-0.08117858903701872,-0.33551288607417984,-0.501210528490095,0.8806469785776705,-0.4528614522927267,-0.8345768127635075
-1.229768601460563,0.5608180442003793,0.5362867117672345,0.44038457107392737,-0.38245084135039026,-0.359398434031618,-0.6237796999537099,-0.2591675289202643,-0.04349306718619094,-0.334007183600899,0.4072605170073481,-0.994376266554183,0.22487964596619026,-0.6876029357276598,-0.3034105529599846,0.16739018589448373,-0.24244911906571615,1.1732586884028715,-0.2867920257051149,0.15466874098962752,-0.8840464283050283,-0.09898748099659997,0.3345114496729304,-0.5469898265796239,0.27041761985235235,-0.5160460875160062,0.6978079096083938,-0.3149288684481572
2.263374109115903,-1.4426958011473086,-1.821898784986655,-1.4754207590926716,0.9791697150708301,0.789557447106657,1.6550808789756253,1.6919614991135943,0.23432111173707393,1.046780234153532,-1.79375391912236,0.055813513313253287,-0.7537863383030311,0.009047596695782105,0.18987889054956755,-1.6752061716430937,-0.08156323911705864,-1.2911054544992966,-0.9363643528312752,-0.9551344639357164,-0.8778352510487414,-1.5645046397828617,-1.9998474239502564,-1.7332749193493238,-1.0552327505205794,0.020628327523971295,-0.012452924536723132,0.20721901869280943
-0.05293442623961494,-0.37539456943739474,-0.4271103729935428,-0.4784038131007083,0.17219508954115267,-0.2490766212312075,1.2378945446033882,0.23343263834371125,1.0625568686569535,0.1146487573863135,0.8811539035011285,-0.8916572208739171,2.221213521856274,-0.6779522562736452,0.2819982010019627,-0.8990778784456745,0.1518787777365932,-0.0034794679205670505,-1.1619974739214094,-0.8380515739614248,0.18387831994416345,0.17096874710955737,-0.13229206989095324,0.5537988999940797,0.9616810656137514,0.269915619102544,0.16794378376834262,-0.3207891240328806
0.8478522263986423,1.2517218950986053,0.6030254968235267,-0.7921478681203711,-0.28578076021968846,0.2764452891286547,0.34811525122674464,-1.5815997535033783,1.5557278762685427,1.5744252614679717,-0.6222353935541813,3.404285442353836,-1.02481698080205,1.0056535478033557,2.79537725861481,-2.3999542783697843,0.13143711280345297,1.2015633867906446,1.2151786212310192,0.7819230957567984,-0.20537956022752846,-0.0910815002164002,0.05837600022698501,-0.259572051577841,0.22637186194894446,0.3659473406717559,0.7387719835754425,0.36602663229137405
1.838717544300725,-0.4595976359361552,0.06247136031378994,0.5030541545360117,-0.18253591278498976,0.041411205558482725,0.5429333847768962,0.12120521823200336,0.07026947067617399,0.6593174388128697,1.1705696590309114,0.3761971574555983,0.623027076686704,0.9675813064672885,0.7794883637839549,0.38818227725803256,0.8668535610338248,1.9949630887369996,1.9638439816420048,1.3050614766878392,1.0385104412653776,0.5577777743368375,1.628336194514075,0.30348947694572576,0.9951739444355386,1.9839537297115855,0.9432093674263698,0.32157221804341907
-0.22917529306014311,-0.15333350320350242,0.18051668647224398,-0.8832220089139371,-0.5439248603789575,0.3140527053980657,-0.17422421755836662,1.173851885811501,0.30216016300552956,1.400351148190599,0.9371885667966465,0.052355614203171086,0.507776858672976,0.17220103864650532,-0.18858437750407953,0.18516816133167582,-0.35381692115654223,0.3181007559286256,0.3289502375003264,-0.39678724555615,-1.010959568634935,-0.7940022732860627,-0.2003359274316758,0.007598829496732092,0.16507181061953194,0.5354017138565476,0.385055750841379,-0.3269015137567759
-0.390729420978961,0.8729469196882899,0.0686861712647026,-0.4864594250974598,0.23069422323248562,-1.875995119154141,-0.7519977791344832,-1.16230704473889,0.8129827102822345,-2.5062586292584177,-0.3366884765750933,0.7967210163517581,-1.6711141201561157,0.46445026121077815,-0.364694871938163,-1.308525625916341,-0.5441215354575647,-0.22652522994939117,0.06356878447840184,0.03813437569453097,0.13631322908102667,-0.5100624563777701,0.3060936699973645,0.2393399668723729,-0.6290230118743614,-1.037894603472304,-0.45172738611783453,0.6188529043939339
0.14009128504001184,0.3216154312422363,0.5221534655457188,0.6312432875983658,-0.46589022655459666,-1.2822220153250332,2.283885009251863,-0.942165770493523,-0.04812292302448775,-0.11449942492229408,1.2588641551670507,0.7344677890570498,0.45396669845246224,1.4359628955939738,2.0493180721891697,0.5948229610188647,2.1380712483058253,1.7959249685452876,1.6909723265225645,0.7686798597399539,1.044344610302368,0.8255973386525014,0.3201358711605981,1.0169948221781462,-0.3527363110600733,-0.9085106314008015,-0.2634175687952621,1.097432573076073
0.8478522263986423,-0.9202411909364026,-0.8863159489590935,-0.2867196620622265,0.837571974611911,-0.2136704518563104,0.6628371685033452,0.39966670621814976,0.4864823177735099,-0.21448506367458336,-0.2707328295720584,-0.11097809438979554,0.6933817726074505,1.1744793109059246,0.9298736273523857,2.4504648306061556,0.2788974751257554,-0.01954437851129543,-0.30136480955635847,0.3141515675166757,1.7605929364778035,0.2986254022942289,-0.24281686654623408,-0.6056439813692779,-0.7046015022634203,-0.3505699735379263,-0.3765469701083921,-0.027040086546582173
-1.133878409405523,-1.3481493296338847,-0.46848330269906535,-1.284990453654289,-0.7486632282118935,1.4010016924450317,0.7094098348387736,2.499662806798298,1.5169713566094472,2.339928664472003,1.2524610949212167,1.3446472853523643,0.2938434729977451,1.8823107215377382,1.166853790065624,0.9992077718819493,0.44661478723846476,0.08981469049441101,-0.1658751161658483,0.5485852847772974,0.6644498803812839,1.773759776110629,0.941800637721641,0.38304046281722287,-0.2659962493080423,-0.8740225001646547,-0.5387301938042267,-0.1904692739053835
0.35241956744760095,-0.8479437837891829,0.15578631012483912,0.7702408465206827,-0.525328382215606,0.456368031425968,0.47908820692447773,0.19518112538192828,0.5670923844526803,0.14799279549714642,0.5998977521417129,1.0064561324668349,0.8349503837594673,0.5849823853065983,-0.020541775057901123,1.193793840462196,0.6792848505272263,0.546115438117418,-0.39524977269641404,0.26548390967822305,0.135964561046332,2.029277153694348,1.769143744577342,0.6819014240586139,0.4821818705605601,-0.004815654490648465,0.22826831472716103,-0.36470731972966225
1.467143050087444,-1.2596583294117925,-1.1215553460019745,-0.4962002277237135,0.999394969034761,0.8172417971235502,-0.11803726159678038,1.4372671781605009,-0.4268303433760911,-0.28995488177187034,0.3716175159628242,-0.13050605930649242,-0.8382876317239788,-1.0051383818176978,-0.599868794394659,-0.5454973457493809,0.15717841523923953,1.8806272637486299,-0.04933969744930019,-0.048655137706773065,-0.27958965987213075,-0.6799072514902327,-0.5321081697768807,0.45986768326851085,1.8409775463139408,-1.0961352926835024,-1.0888123903157814,0.0022170660579772157
0.35241956744760095,-0.01443789791070469,-0.08210338565176666,0.8533914581255252,0.26346367119980324,-1.013753464981627,0.236066926892826,0.3231818079594607,-0.2323755557829206,1.116835994017146,0.26654072974676585,0.4534486011459253,0.5925434303422099,0.1888349787583606,0.3041767039494039,0.41975150330203614,-0.044758134094154585,-0.46648488680412353,0.14346786289761568,1.5639636773700683,2.8810628999014996,1.1163585289147706,0.1396823797917168,-0.23420274391064574,0.09015664754673136,-0.2529569222852805,-0.2595550997765742,1.3739433684421003
-1.229768601460563,0.9488637389261891,1.1702143342114448,0.5970789566177225,-0.7886388501007124,0.35836878853541493,-0.6333950436627126,-0.10333932515848175,0.007166264089360292,-0.8678999622775628,-0.7798798005191275,-0.09990515338265724,0.10522971573471451,0.2094064222676628,0.12925887217125825,-0.8750842618168273,-1.1463078250607048,-0.9360788360910548,0.6085631030323972,-0.4607439429037605,0.179268572528109,-0.5087356418617972,0.8745292646881659,-0.1396456507751984,-1.2216046728491334,-0.9133554170113264,-0.7899799201523869,0.42697225733827426
1.467143050087444,2.6464378822750985,2.1052184767431004,-0.24643363060975287,-2.074293389183776,0.6170330386066415,2.223116451203519,-0.749033709822227,1.1578702548980644,-0.12338383131113849,2.418449562549601,0.8207277477716193,0.9460795970980495,0.9918087989060499,0.4935209919747454,0.00781582719173526,0.2986255137970778,1.3199426514545216,2.214415395234698,1.5190201652765818,1.52854992687204,1.1392102051750983,0.4330524137330348,0.22037066878706593,0.499758403864231,0.8718528132780367,0.23940705923928685,0.09241187458826865
-0.05293442623961494,-0.18197276588313382,0.4883522545498688,0.23611081377686083,-0.7068990570362412,0.7992738905258732,0.23275183634636543,0.20525723863825232,-0.26027321434042905,0.1663441840055452,-0.3759703500842975,-0.3767631505701183,1.1077888846732922,0.48688246305767025,-0.11798989585245531,0.9953015991782093,-0.4835646009296283,-0.7948011252046462,-0.49064798000987364,0.0769340760783659,0.7679797856885251,0.22767556696230207,-0.979933423223798,-1.2223847343964775,-1.2518369999369159,-1.3109863657197676,-1.442114173411384,-1.2137812453299992
1.467143050087444,-1.72809676448885,-2.237163374620001,-3.281404271909274,-0.19352306108616768,2.3403222055979382,1.0381036822262364,2.521166659339535,1.8012267459265625,2.625717606878015,1.0529982489164311,1.214556109672063,0.20134459473974942,1.1514821332644714,0.16690579777401685,0.15127126520969997,-1.664628825589094,-1.6091393867109085,-1.3981518494345229,-0.1340484203256076,1.3435419908346315,1.1086437006584737,0.025609925749181806,-0.6924495788308362,0.0018913068662886401,1.3400045855856468,0.2787624393360253,-1.3040071186752136
0.8478522263986423,-0.6980665842813215,-1.030134546368164,-1.21109903510745,0.7475578231037072,0.38075608216519086,0.482120493244203,0.901911375669952,-0.5703764167566633,-0.2107772421033967,-0.7257647226000774,-0.6315032191299144,0.6620581139663955,0.1024101481638994,-0.09243650689465184,0.051441463588986776,-0.30934058616218535,-1.2287797086940282,-0.9403448553416922,-0.9382505268146003,-1.1872342603967274,-1.36211565544776,0.2388663249834868,-0.9647174761925981,-1.962269178217566,-1.6149801979332967,-0.02772654305378906,1.7379152686252126
1.467143050087444,2.8625994326252244,2.5960435660628667,0.13052273203373266,-1.898846701746205,1.1753124983571004,0.30270126995709234,0.6409324828431332,0.5739681811148644,0.6451805127231178,0.9962453962780825,0.3024943533772153,0.8895116475341532,0.6568872294707607,-0.10246744066588301,0.47892935089850924,-0.3534840445702809,0.14250532251594653,1.8366993806011664,0.6160512293431543,0.042244757226164394,0.7984656886546864,1.0653965166283312,0.5841761843405563,0.5970854534417424,1.7011616896902038,0.2293034078540625,-0.3717079713111361
1.838717544300725,-0.4850313425193076,-0.3234702774844699,-0.3995756196921989,0.17295297218410888,0.31013872568400086,-0.2549882311309551,1.309960076586249,0.6409036484315305,0.042383271254048505,0.7373866777125848,1.258810142380416,-0.24443752669265284,1.0344988156955965,2.013318337462972,2.147148402087641,0.7408574299480938,0.9715685689320654,-0.8574909573030168,-1.1850855655802928,-0.5311154295370643,-0.1130930418754254,2.9450171903102005,1.2875856707781272,-0.5694387753423008,-0.940685020211939,0.2089876623921425,-0.12071385919559094
-0.05293442623961494,-0.5079602460402227,0.22407356040442303,0.19807882581864036,-0.5447691470182648,0.8757895664726862,0.8793285474420762,0.6744883101608911,1.1075476247883456,0.1534562521089347,0.8458542981985647,0.6704423144948416,0.9012074414093424,0.3556951937930149,0.020413190560598517,-0.2580466493772976,-0.2668685041939226,0.388680726328012,0.06375540841816603,-0.16544486646394016,-0.15912446996641555,0.33664489160592076,0.15668986416469116,0.20593830631935717,0.8046025932451297,1.4870893774993754,1.1380998232870199,-0.012810851760602341
0.8478522263986423,-0.3717541241567174,0.2644053481146964,1.256667728316451,-0.27569890542304853,0.6570816015577284,0.027038640508918806,-0.2959512045732659,1.9703155105581711,-0.6285963690417323,1.7312626710137111,0.8279545226247333,0.922827611546721,0.031739809352828954,2.2671408771595245,1.081249026920242,0.9966596402080095,0.9716266005694515,1.2397923007516107,0.8351908013494795,0.15088120082091566,0.4054569302797689,1.404993937881081,0.8073877134387598,1.2992045601541875,2.0146202555145596,1.9981791996255738,1.177215577224259
-2.0797043946756926,-0.7401196761627328,-0.08564037000085777,-0.7711003121245704,-0.43406721813175875,2.3234870342209404,0.6725066424666649,0.941892048458697,0.6252848251742513,0.7423187499073973,0.11284710998880178,-0.9711481142802113,0.24189372430784797,-1.6456805931521021,1.1689390370274653,-2.1298988050965684,-0.46130354230917964,-1.5370140524277118,-1.8665134007320947,-1.1263514358680364,-0.0025154231989083712,-0.650390990749742,-1.5743579054753032,-1.5135698724914672,-0.823394092391859,-0.9103680070098205,-0.14755052409913372,1.2398337584703394
-0.390729420978961,0.5445577209622088,0.3531385742411639,2.1538016066529635,-0.34200812725112567,-0.8686061510395915,0.5457680615656838,-1.4774345583942832,-0.092383954982965,-0.49930131817482,-0.0214171405421291,1.5622322927131949,0.6406079677804122,-1.8308712947215213,-0.9144258115300959,-1.568932142230359,-1.2346843597232735,-1.2384038057765459,-0.7523972904547971,-1.3528110460946239,-1.7437388082526906,-1.1865330370644638,-0.8074725423609652,0.27264479035390315,0.516596372219776,1.2373942507819566,0.3285845247301388,-0.9798721173285625
-1.0313751006570318,-0.3907095256413714,-0.2382520482567629,0.6049965736338152,0.17989297342136024,-0.19800013871309638,-0.035438895854987953,0.1512987874448371,0.3475280968877385,-0.7282986703597878,-0.11565280116323352,-0.6618858790197332,0.25220684031162593,0.0793948166145299,0.3330721373617132,-0.48323920097520207,-0.5281281745355028,0.12156777152727703,0.2769267997223382,0.4345488481372908,0.801838139288662,-0.2613511961978784,-0.44585767039870294,-0.6972003134735939,0.5336075550016296,1.2215157989383858,0.10904871076653648,-0.289638714845687
0.14009128504001184,0.5106575482450937,0.9800953497538405,0.9967759266403831,-0.7079365499989597,-0.1304984897094176,-0.5409085747746428,-0.4852500284343671,-0.06627241313530495,-0.13822725365095173,-0.5803295589164096,-0.2664174189437779,0.03290302873438539,-0.22423189408113486,-0.07600127638584227,-0.19635673248954108,1.4872524608987945,-0.43712165411087733,-1.2729228358105542,-0.3212879825536837,-0.2986895482255351,1.592709938760389,-0.03817478786379892,-0.0011958925423645485,1.390940522751731,-0.38531682298909553,-0.5158797913494001,-0.41793640047684394
0.8478522263986423,0.09185263630438142,0.15260831395065083,0.09937322159291262,-0.20888614851701348,-0.3259219383382755,0.15032429403028144,-0.22920519644794554,-0.1430176440681536,0.9918014374128351,-0.07933807178205479,0.643515879323863,0.6245877565892203,-0.4597382182989161,0.2990204044605189,0.2348387629758042,-0.8235672839873895,-0.43047889360786,0.7567373767292224,-0.3524055940433395,-0.7048725915012004,-0.3112058286983245,1.2129098547065795,1.724572758383077,0.2323702699014392,-0.017816227186064657,0.01219426640045158,0.1581122610223306
-0.8035899701048288,1.2568142197611525,0.9661051874741782,0.8067677768994113,-0.67578501826309,-0.849710933155051,-1.2199377684430615,0.1161822185358038,0.3345001962618109,0.8685748148571208,0.7120211691252017,1.3025993206225237,1.0116770151929875,1.0844523763911063,0.7615167127884119,0.3461810414771042,-0.26095942207709627,-0.07636123063225622,0.2198968199821451,-0.3609857606458149,-0.030332431240137844,0.45442732186758933,1.876588222113775,0.42404821491378347,0.07988892366824597,0.45168013319847455,-0.11569548347947801,0.5260217925202653
-1.133878409405523,-0.9792697495118062,-0.6825919324142754,-0.049004043494313386,0.5325338859197482,0.7331492262872332,0.3378200240829351,0.7985156172094259,1.1236310232093891,-0.6579095134003284,-0.5710076715436564,-0.6151449279606603,0.1849862095007879,-0.33040447336679857,-0.5659785654559419,-0.3455775193529596,-0.8910411589382702,-0.5275684607562021,-0.7320916502254152,1.331870220306457,-0.7024922952082909,0.09282912988489485,-0.2435930265719917,-0.7400878483849684,-0.17682378391395898,-0.18781966339456993,2.8609263425424105,-0.10782277267237839
-0.05293442623961494,-1.2818028177089975,-0.757214364825811,0.6059085760838158,-0.2179713607628956,0.834600962507177,2.3580696237226935,0.8940534465730948,2.054709990516057,0.11510705001893723,-0.07724272930985684,-0.3928765716064479,-1.280511170450271,0.20219897634849643,-1.092950799266286,-1.59985927691319,3.3668523258383787,1.5094244815838687,-0.09354782096264083,0.1624710816125884,0.9105750299909057,0.4403935847936756,-0.640581401483474,-0.41488326783689405,-0.9789250045049845,-1.2432116320554933,-0.4055668452908171,0.7814144905796657
-1.0313751006570318,0.26386554527801953,0.49305096497378,0.27207221273613624,-0.8331055985308204,-0.8024787892771078,0.5489125147010558,0.45960786230236284,1.0865223765065148,0.18119063472318628,1.0264295225349054,0.7100994913818297,0.7172415827832166,0.9705100623078768,0.6054838254337249,0.7691504273005979,2.3847361873326385,2.58298417103041,2.0705930178114884,2.126471239780752,1.5894209438159512,1.6627257625304397,1.316804328780114,1.2886487992408495,1.1188443138535757,1.2908114970505178,1.9041473963295346,2.1302092778625235
0.8478522263986423,-0.9117132402195867,-1.1883343593823514,-1.773532653245686,1.4622865746191152,-1.3257989019980045,0.6454705955936869,0.24400676782980033,-3.295589889613934,-1.3565452568765348,-2.6292678174055135,-3.2258014305404874,-1.7890615111424775,-1.1731157683658824,-2.3024308181058055,-1.3103006173015086,-0.2726558127447544,-0.9527168478921708,-0.4286854090241503,0.4152639915187136,-0.8103557358368346,-0.6204267186414949,-1.1100195639962516,-0.7328921262103125,-0.38626146728376787,-0.48041672226956983,-1.2989302619974832,-1.3068575552558968
-0.22917529306014311,-0.0431696016112328,0.285013592495664,-0.3292695906300054,-0.4775962883557414,0.7266079557600371,0.15341207471153445,0.31694053207104395,0.9483343887466913,0.6821390336173662,0.9953187437364904,0.9154457852011431,0.05863604092087219,-0.5661491580510433,-0.18857650773561238,-0.5780512259207494,-1.0938078449435753,-0.5599802163898789,-0.7042355491178149,1.223604799775848,-0.38998326471560385,-0.9115517104476756,-0.9426481032317876,0.5752187552281274,1.0443737090396632,-0.34697785461293335,1.025987797703312,-0.07549308112866158
-1.0313751006570318,1.3935553290557405,1.1323775672375052,1.1484115295652177,-0.9914670580454185,-0.4119695770458862,0.2566532888588129,-1.1481674661349168,1.08879993202831,0.9831371707968558,0.06636288553667925,0.11856462276099448,1.3669785237288807,0.6357134558316674,1.8146871939671498,0.6845002674366768,0.6607098755864815,0.27920109426816436,0.7441644712756668,-0.37310771406614973,0.0040008647640153525,0.9546036167538645,0.39524822001095883,0.6203987444314989,0.10166190074939396,0.35234149555007005,0.19313609015039107,0.2780680477065705
0.14009128504001184,-1.151708882689174,-0.975117708265788,-1.1992558683222312,0.22465561858547328,1.7281453952079682,2.1916135112592317,1.009557783803396,-0.9422439715232087,0.775731689124508,-2.397982972410409,-0.907226630917579,-2.3767606487391624,-1.5104778999212973,-2.2242814493564644,-2.447668391675305,-2.017579477787882,-1.5301691897650815,0.12550974787767208,0.15024914703372302,-1.6481523216329637,-1.5817051949048888,-1.294776070907429,0.014437056531716237,-0.13288126791310442,1.4203523342091036,0.6394296958572052,-1.9677086604166145
-1.0313751006570318,-0.577689689497105,0.24596580669234933,0.18563270599694107,-0.4946843919327138,0.8249479483638956,0.7934504339315556,0.9783117500943936,1.206551835367657,0.588015547813068,0.8960080373715984,1.264035840756836,0.49115962591545886,0.49335803951857926,0.23466622625992042,0.014694336850003107,0.3978384538726097,0.33203207285658665,0.5814935038092675,1.0546233059574752,0.2036266121763021,0.298752585561812,0.5906172783030397,1.0287014141635826,0.6464605690377866,-0.354101515913799,-0.12754651319114746,0.2916275073736565
-0.6765559549891773,-0.3658244124932661,-1.3620535637293836,-0.4297414287505128,2.754228153354563,-1.6887743384946614,-0.8199200254203063,-0.47498713548815086,-1.4058519428669378,-0.2678459076043573,-1.134411438705192,1.0234133572178143,-1.6347154800879982,-0.6128370305087565,-1.0246005006682708,0.25049770430130447,-0.6446322400019515,-0.7954289220090938,-0.008344543598198044,-1.285576993804231,-1.26784002771117,-1.8954028754473764,-1.010484411280484,0.06519757902568414,-1.572558237289874,-1.1797426231524202,-0.2236051256644007,0.9874860025786453
-1.229768601460563,-0.9557016472302219,-0.5876346031671322,-0.7309820136596594,0.03269109394684772,0.9262638342858245,0.7011065762518812,1.4194230278042315,0.5717741059171475,0.10376063081938958,0.21462425999942925,1.3235704446288101,0.13382477174392313,0.7856473953094514,0.7435469801433396,0.04877805393856076,1.2700544898037727,0.1398367206026266,-0.3747152204125263,0.15333903730426016,1.2540838946265174,-0.08108975916254245,-0.1872573377382038,0.37620995898425913,0.49307591338668666,0.4240961084915563,0.314967635613619,0.7977360624011584
0.35241956744760095,0.214689054362571,0.5358038846727244,-0.014116799944500522,-0.4075860460792923,0.26329079537229394,-0.11727125339307759,-0.6141488127183673,-0.034387941526464745,0.1092712702590959,-1.0589423566048644,0.024763487088202186,-0.3061736635162641,0.3435097534164224,0.32173112127009246,0.5336576497062387,0.05960123517867335,2.6534763181496883,0.8914838547203352,-0.3262046627116431,-0.40882166949383997,-0.2648855920151878,-0.7153091503331617,-1.0600851342323911,-0.4682052444630724,-0.9768838050201072,-1.0127827611167899,-0.27474339434876155
-0.05293442623961494,-1.0524203606428082,-1.878483642880929,-2.220845420205055,1.8672778275506137,1.4757932759996633,-1.9280023189183642,-0.4296874371567391,-0.6833957388127082,0.23903292175876453,-0.6847455351322645,-1.287051291964925,-2.0658192508116704,-0.0767967222170777,-0.37502059726679265,-0.3130847019604831,-1.5295089776991575,-1.7042989364217511,-0.1943555552912689,-1.5277616132106735,-1.7434468205871998,-2.060918341557883,-1.193524607452588,2.469632359392938,-0.3753340024670141,-1.0201279946802193,-1.6558338698117803,-1.2785465882137013
-0.22917529306014311,0.0518067272335917,-0.0013453090385201812,0.4911911697938464,-0.06338171116055416,-0.3874751613709353,0.6836356491406019,0.8684599892388734,0.22125934724608118,0.20803311497964683,-0.03678069489215354,-0.12316064552583882,0.058152657304861674,0.3312192821760035,1.3758066711379162,-0.4200955401956368,-0.6324195553697677,-0.6529778548608874,-0.25799039658171985,-0.17595767190902023,0.615561107447694,0.16630405154008215,1.0626235334189267,0.5819410599712486,-0.7674870378879213,-1.4194227557918855,-0.4511558473129258,1.2053322600439085
1.467143050087444,2.1457162711150852,1.7726767239701624,2.146563241807595,-1.2500082403341082,-0.5398635284839406,-0.9950083323230686,0.23231481962768663,-0.8230223511685009,0.9597342351584808,0.01783693216816933,0.536587996902891,0.6542278132775685,-0.14523431981649151,-0.719253982612525,0.9249108225163939,0.4346775170657823,1.0437143849696335,0.8774290111344754,0.916189409096891,0.2893351483940959,0.25750412153382335,0.1500055036405973,0.00227412727305942,0.6878926967517932,0.7123174273846276,1.0198304675024346,0.014599457013308951
0.35241956744760095,-0.288946448155806,-0.07004434255893999,0.15055669363934274,-0.08102277343890323,0.23634431179066123,-0.019255871965265167,0.6990283667310611,0.8315093612961747,0.3618089121752312,0.9146584022440335,0.28363677125630865,0.07037242079230743,0.9969393447509654,0.7073686273516451,1.2865881797483958,-0.10616611372155585,0.000119191838986579,0.8647385119183394,0.23360051262296164,-0.2857621660390844,0.7301635914432613,0.19917784150618345,0.5865436428060201,-0.5998031879683832,-0.5083176468538054,-0.36583978168746606,-0.878462541670346
-1.133878409405523,-1.1215774846378588,-1.7012062057795885,-1.9150240086553696,1.7716478194086493,1.5661495721321521,-1.8376731607821282,0.0406791185632819,-0.19664421649347605,0.3643199734348666,-0.1676233123967007,0.3503177792017837,-0.4646097096586894,0.39289528970095583,-0.06261717323788639,0.49210626420543874,-1.9229182735515957,-1.510446346458967,0.5225980691052636,1.6689837491214488,-1.682915816055099,-1.840775819222538,-0.8858801890617416,-1.6405344867044862,-0.9512841788913483,-1.3852832214645725,0.111673863949157,-1.3252178201213372
0.35241956744760095,1.2145062270795648,1.3114267258351373,0.8625282005668655,-0.9422760400978637,0.11523518731039745,-0.7933778473624888,-0.13086368452659874,0.3518316718589803,0.0019743283796656926,-0.3121264621831954,0.14845975360393304,0.15853898882981884,0.7816432977283544,0.4110574644881117,0.24265608643167375,-0.2642742009226558,0.21594296314457506,0.7876176841943018,-0.2071686347090419,0.32887193962273414,-0.12659584167433433,0.8216998641077657,-0.14338672527691326,-0.1847242694015242,0.6820974775367971,0.029569076616909894,0.5159080923003642
-0.390729420978961,0.39081747245090137,0.5195789410718114,0.4680830998498388,-0.4660849647684568,-0.4475973480045391,0.17043061426783454,-0.6290948206362387,-0.09142928039893188,-0.3642387104630316,0.1590553560642412,0.808069477798677,0.41326534655566616,0.008018783386815245,1.1835214461048704,0.7462743448634468,1.1293650694016673,1.008875541442934,0.889845671631201,1.3596721456622174,-0.14349025113344147,-0.18396327437835427,0.3827068816401022,0.46344523381975666,0.87014563495997,0.028910902734928346,0.7009430489132995,1.2072426354794226
-0.22917529306014311,-0.19797283494907433,0.11919591238522853,-0.0006132426546735814,0.48454997077036277,0.8584646071900213,-2.284472464558174,-0.44938398309030325,-0.5680608806357591,0.6737826019833096,1.5816198396652321,1.3678525457582877,-0.33983701469712035,0.010518114908459723,-0.21500829577941993,-0.2708368317512444,-0.21738856619186983,-0.36665766940386035,0.003932487676495623,0.14474157213243513,-0.6462433808840652,-0.7377433892765692,-0.30457191191654337,1.0151776418566312,1.2194345858721052,2.0228271804769635,2.524894974480702,0.4342091048165837
-1.0313751006570318,-1.08717434587544,-0.5938835715544752,-0.8354732434504538,-0.03574345118929974,1.7294188512558246,0.023831438441852898,1.0403617758430792,0.9014285552312518,-0.0674070225126082,0.2190302794808685,-0.42751485660781435,-0.7380473899112875,-1.2426016594164389,-1.257466571982695,-1.6969934941614548,-0.14806169987354292,-1.1408427703656445,-0.6589714350427509,0.2676629959801936,-0.6810027569049899,-0.17150550716468688,-1.1728038327518504,-0.9630231244878296,-0.7665573266235377,-0.8607094651763338,0.6648508774127319,-0.21716457541895762
-1.6962614276742725,-0.653557597760804,-0.9628722386026434,-0.23848950846017994,1.547339282343061,-1.1460005829879796,-0.8309998622297833,-0.1770357911172464,-0.5553687309657189,-0.7271253555539999,-0.2781194570920498,-0.29368379388170796,-0.06617398918239924,-0.09659832979827462,0.2339321777600571,0.38284602080753116,1.033435329236286,-0.6576556858450906,-0.6778339309584113,-0.9635691549043236,-1.4180079647886998,0.21943025457803436,-0.9940115193443941,0.8961674058936503,-0.34778718574025547,-1.42812373181886,-0.2478155674800796,-0.6553667732120836
-0.390729420978961,4.1928464663457925,2.248523739154994,-2.0490762123156623,-1.7313370881009804,0.010946262949799338,0.4782792293436366,-2.2323574755144335,0.5960028168671951,-0.876124487893083,-1.7835312751056678,2.8540486540370904,-0.2685262978189798,1.2224607612575078,1.3743083941047973,-2.4973331695794254,-0.16002881862900897,2.3760369903551832,2.732228297088471,2.3143618988216983,0.22230614439258323,-1.0590108154999218,-0.6134194761004662,-0.20726763129538545,0.32460504426320497,-1.3127909129429258,-1.5263002967389516,-1.4009134767801674
-0.22917529306014311,-0.39939959353675597,-0.5627811335734684,-0.6601996893416934,0.12837066008858564,0.1413571802223405,-0.5035724643777447,-0.4532792388142822,-0.3094332272021523,-0.5939670689700578,-0.9380374671099281,-0.4467685920275965,-0.3185488008158515,0.3915804576112902,-0.03659930027366987,0.277915391750685,-0.765960095999134,-0.21163639100456255,-0.293978224036786,-0.4201677480323736,0.1519549866823184,-0.880878791902533,-0.46015989494588044,-0.9536660939324063,-0.48987711620727764,-0.30653997924759624,-0.9632015406866905,-0.5832710932526677
-0.390729420978961,-0.218760160976009,-0.7356725800310685,0.2773559679166337,1.0299139893073785,-0.7976324628983381,0.07107518352009135,-1.337401539343846,-0.6967131249418591,-1.7484450265127645,-1.1237912963275059,-0.7694919742523335,-0.34010755961368466,-0.2029788006100757,-0.07223354240928836,-0.26014094700915485,-0.18783284559001467,-1.059452080031043,-1.023887201035883,-0.953636651686539,0.14859883871272622,-0.9575731721862999,-0.6453323610688468,-0.287457489349392,-0.7799006366988586,0.10180773581657335,-0.5416185878019889,1.0188836020983598
1.1392832022521955,-0.766625795543379,-0.6295103405310208,-0.4462890906562094,0.14022776091290082,0.40068368363686574,0.6213315404070784,1.2759042548213289,0.5011233851058907,0.8572477299337844,1.109106027163773,0.48375479376059893,-0.4458321775878703,-0.3419569210775195,-0.3739402336390101,-1.1660335075326436,-1.4077369257634966,-1.3318473103171493,-1.4657998542076536,-0.579566367867214,1.6507624357456179,0.7251346411828399,0.6380634519118451,-0.6678035044759103,1.0137312376605099,-0.18331410645911914,-1.479808471126299,-1.1525994981744225
-0.05293442623961494,-1.4426096070108683,-0.8784892145088616,-0.25298617789419126,-0.36450004157345745,1.2793286431121311,1.5609209605643455,2.1485937806035142,2.322116169478533,1.0405425398111412,1.756092777637823,1.611553851342861,0.9723660921133704,0.5326060598657735,0.04670734224491341,-0.5134474977825022,0.03521263590758936,0.2785056456083684,-1.1355695415725624,-1.161720913775543,-0.6239499167037721,0.11219187608033888,0.14505833392881323,0.4375509711998521,0.9383345079602037,0.39709270296417226,0.9942324174444802,-0.30384618212477316
-0.05293442623961494,1.2958494847948068,1.2770956295042206,1.4607833183884136,-1.0866866807988036,0.30048344861793946,-0.923254618906647,-0.35784090479379926,-0.6980219633266201,-0.7556370067815434,-1.50292428181517,-0.39586823583613123,-1.2528823564258427,-0.4986249224847307,-0.8905102195735948,-0.4491991523265697,-1.0573253785872334,-1.9453599142771676,-1.2641595689164504,-1.969256843224445,-1.0513855157046021,-0.802073350635702,-1.5368721524207218,-0.5591067136723902,-1.4766075938012464,-0.47145878897376836,-1.7829664300537265,-1.172803286403357
-0.6765559549891773,-0.4638562618749077,0.5290057961426193,1.165840370908547,-0.7229124185248517,0.7442421187132804,0.3232028712613937,0.42578331213497916,0.6935494070754824,0.4453578361404852,0.9773951879461895,0.7179361664402236,0.3277509647744179,0.8328437425375054,-0.21139271871596224,-0.4592171383555582,-0.8918750447075353,-0.503909474237822,-0.022814423993163385,1.9122044537652263,0.2799449144202731,0.07862810603087642,0.3572840239299206,0.2708726125364681,1.7407897879953151,-0.38717750917696153,-0.6001529743025149,-0.5169567155478865
-0.05293442623961494,-0.09449505433343829,0.6363272655231106,1.3283977384784056,-0.3558360992009205,1.5301285996076783,-0.6386348894835252,-1.6561848437088984,-0.2763688863065969,0.46956875250178537,0.676460770859026,0.3416322133469513,0.6999463977966955,1.2616555996108947,1.5266998897428397,1.9411251424010976,2.456939188106052,-0.45435006799823263,-1.306362037746616,-0.6272127242676876,1.2506541738624168,0.7455634157761069,-0.4451318727967829,-0.2578661150700421,-0.4009505084702734,1.0132722890920498,-0.8402059163881843,-0.7325928700759348
1.1392832022521955,0.9622885647999143,1.625705110141625,2.1171159111889772,-0.953805128239297,0.434009043063746,-1.0763536725844878,0.861758058453808,-0.15538960499731164,-0.23188568682704083,0.1699979011450444,0.1817110802660216,0.2162602819631484,-0.2111272700197563,-0.03499145310370334,-0.5192233793326564,-0.027281212090113097,-0.1791180371492706,-0.5586578227158907,0.5694573422875491,1.39177084232678,0.6565141326554229,0.5820300940261263,-0.35741766928123486,0.4751203686048318,0.2199832853546025,0.42348898622014997,1.5377235660730815
-0.6765559549891773,-0.4541469724799855,-0.8965628554473787,1.6405238953503096,1.309584240924631,-1.1573800123911968,0.4188899076950953,0.5488940750957654,0.8524717676791532,-0.13882304753699434,1.046039612849381,0.1351782905486757,0.30253950890205483,0.7344192304818941,0.2692949294991935,0.08852413769778368,-0.5996070948333211,-1.0757487292593007,-0.5526307323387202,-0.04946702738892705,1.7626719612516455,0.3786748832187959,-0.7302404359631803,-0.766529121640275,-0.05268970345245063,0.8093251357731565,-0.28741112522799883,-0.18349961335067316
-0.9215501269979339,-0.5000050879060376,-0.9278554525387274,-0.6078011218903104,0.9960898482038851,-0.38144638290842364,-0.03339775743361068,-0.7391767111183434,-0.22320661948193393,-0.5395552476812361,-0.27434222619629456,-1.3315030562191774,-1.872037940844375,0.983059028662154,-0.6421085606796898,0.23809730888232475,0.13667388082738618,-1.021502414894366,-0.12829381835005144,0.5899635388663181,-1.0713569694396272,-1.1820534520584363,-1.3545390634479024,-0.03164483929220307,-1.4357079287598324,-1.8278753528114509,-0.22922971205140255,-0.9743284129457838
-0.8035899701048288,1.2129117228409922,1.1214230625120305,-0.3386964059607285,-1.2545200608340883,-1.2233465717601117,-1.1394143523800107,0.653527388376235,-0.7794693182814454,-1.6014432082931376,0.32358148167785566,-0.39556398233137435,-1.377686736572309,-1.1231206982604318,-0.013777092559958314,0.024115802763885388,-0.19835302906073368,1.1621382595151906,0.301636964604222,-0.4183255647043849,0.21019225115034273,0.4093889626195398,1.0866025379748951,-0.18767668970899945,-0.22755752632076817,0.07003364529456495,0.4354720563638991,0.37258772780991406
-1.0313751006570318,-0.0021891925150285207,1.1450865754311323,0.6556410636802098,-1.2464633920856727,-0.07255437749119861,0.5233580742735597,0.6359434635266805,1.126856429999122,0.48414817493989604,0.9693474080817387,0.333780085319004,0.9115542442158807,0.7062955029221254,0.9319545995647524,0.842103222875914,3.0036678923675417,1.8795044912135377,1.189735866462548,0.31763147575166406,-0.14668878300246505,-0.26883620338335845,-0.3124139825687301,-0.01204194159499681,-0.21167040596797165,0.46957219179751664,0.9136229173650541,1.6941724673822827
-0.6765559549891773,-0.4226838249804427,-0.260827533202921,-0.4263234401089005,-0.18521376479010065,0.7468877526885486,0.769790428395409,0.7732817458466463,0.18340645365801037,0.8409189997357941,1.5748858058832995,0.7625716280298132,0.5504164296713663,0.9735697880875497,0.5113539024263909,0.11210776687414586,-0.22740399138223072,-0.013997081537541341,-0.8186336708918045,-0.8127721153194793,-0.5385148702477265,-0.2444548537847731,0.948561089299142,-0.5356777119896877,-0.1736685343422042,1.1603782123601236,0.5345729445414739,0.34930874426809916
-0.6765559549891773,0.19913114195965043,-0.39582119472490207,0.1989824803694578,0.6521858175636004,-1.0123341927837781,0.2072827766292868,-0.749837711323865,-0.7165564822136874,-0.39754913821397037,-0.24859181262590785,0.1715236493752315,-0.1714369389650086,-0.5735772066766525,-0.30428205806839104,0.4443208629405501,-0.1368663904869148,-1.1568934057942353,-1.1179303345612646,-0.8197226347609949,-0.41104218578046,-0.5991115884494427,-0.8899459381538465,-0.5018428095079546,-0.15652618169302618,0.7483417376437593,-0.10135974150745274,-0.47565460523892655
0.5870981953717789,1.1728744592306455,0.7706038428190698,0.7256864257153948,-0.6704060671434307,-0.85479895017709,0.30657254421629504,-0.6991503055401322,-0.7118890391699377,-0.6933377766927113,-0.5041261850666375,-0.8509982723229724,-0.03195390431816505,-0.5648527210027954,0.47335366047175037,-0.3020120231619257,-0.04631638873111881,1.6041595779683235,-0.04909195898283415,-0.09186810701895337,1.0001199616414944,0.49929386286519256,0.1251421849716544,-0.1559165808930936,0.7696061063746982,-0.15048957631265397,-0.055181941491511205,0.02898903346871214
-1.229768601460563,-0.7798241262595917,-0.9612032944335082,-0.40437699030054286,0.8603140977075019,-0.7409530660014098,2.3869595542999384,1.6289041111148304,-1.513054241376903,-0.008018855052573938,0.49732307450692,2.0416901347267484,-0.30687334962433516,-1.1126878850697235,-0.7011093628670452,0.08897702477963218,-0.4050049334936859,0.4186872723062898,0.9519251945700057,0.7971116968765181,0.740086901340246,-0.3455447822741954,-0.9501608630659927,-1.3988818077206735,-0.8138712668524176,0.6144313590338524,-1.1689574196561034,-0.9879655715442562
-0.6765559549891773,-1.4268837523412512,-1.415588530004682,-0.11543771019809068,1.3587157301468615,0.2976891885720081,0.6709297345310515,0.4864149560098154,-0.031898366198744255,0.6919007302531179,0.32455389831053066,-0.8275992298894226,-0.9718330202952543,-1.263821235330757,-1.347467947989635,-1.434698779107005,-0.4667459339034005,1.5288792776878872,2.0568465993457963,0.10114574814002765,-0.6449754019350711,-1.1780941553721114,-0.11811442196050395,-1.6978027723008375,-2.009377588465273,-1.6500852942784499,-1.6297775348302215,-1.1262911417664423
-0.05293442623961494,-0.7441896329503839,-0.17223629614195823,-0.24671097129215883,-0.45274150020473314,0.9973386421056057,1.2888662706788285,0.6991068659941441,1.0774230211820048,0.27566472602339326,0.0926517699420608,0.5706318397811763,0.8117167392739486,0.7052757355642378,1.3710470472530916,0.05951439733647882,1.2820888760175413,2.3699266003010186,0.6978640487968378,0.9635509106417333,-0.46119516827888524,-0.8785891154635106,-0.3621056633795105,-1.019364551580183,-0.04943434052064378,-0.5274707542422696,-0.04466040390365989,0.9157107845935993
-2.032570209363226,-1.2648139499939202,-2.0648229906815336,-1.7167276350319236,1.5929536048460133,2.573442216166118,-0.9449742439403913,-0.3335668528227132,-0.830136315257795,-0.6816385194139978,-1.2387525882479429,-0.654380388323705,-1.584090873402851,-0.6699531690682883,-0.4399559601344573,1.0429714674358836,-2.241488758525758,-2.0553071742706295,-1.2308050145220397,-0.48567476297842094,-1.3401784885140782,-0.9815323397980749,-1.5056756025491613,0.07189485762379719,-1.596821534202311,-0.6046461935137075,0.6649796340168308,-1.8741057981883678
-0.6765559549891773,0.2643267058918894,-0.6972522960571909,-1.341813850532035,0.7498129270955665,-0.5889753968936,-1.0647328122537698,-1.200386740527822,-0.4872188894425137,0.0690237419268229,-1.5989107643210996,-1.4588143078630322,0.23253403141700363,-1.3725743392328633,-1.1995001383271868,0.7069564782083515,-1.8305891809050518,-1.419843056106948,-1.5701418195086607,-1.4002772535173789,-0.4043208852013407,-1.3747111793598075,0.2649119875747902,-1.9232786105605988,-1.6097563787163842,-1.3719564510959277,-1.6468797109561504,-0.49618261863833824
0.35241956744760095,-0.818534313731907,-0.001616513340131935,0.19687779119878368,-0.312237852029315,1.0549608235858896,0.2158796902957269,0.03466176789233977,0.6004829135529733,0.5270417778313131,0.7515442021549347,0.844318169289639,1.0534331771160397,0.18382453462112983,1.1091372253352278,0.45713155333623984,0.7207206675671084,0.0830014038697701,0.4189526097345879,0.014141412417155092,-0.7803642817598154,-0.3104875906492066,-0.2686375404832195,0.4022212578193948,-0.41499735907888563,-0.04989686322176125,0.17860492222943977,-0.528300980894789
0.8478522263986423,-0.6522160396113629,-0.43287106812318016,0.7683978872395127,0.2531221744097735,-0.6858341866480325,0.9083029906615134,-0.2623790030105969,1.2033024206138854,3.1771822034818586,1.6781242401242142,0.9012160159671585,0.1768735529304171,-0.20965142964621908,1.6745923248474164,0.5227845156890653,1.022616011055496,1.0912534678547223,0.9703190269273425,1.183689303566399,0.9421091394366437,2.277744167622836,1.2397197123378532,0.8001072588265535,0.211190800224623,-0.49362459355110394,0.257446195493145,0.11047801985208813
0.5870981953717789,-0.8963307118354289,-0.7608615969555845,-0.6852223510704705,0.833374057277524,1.1050626457805595,-0.568005696447738,0.8793692287520616,-0.13309746908893458,0.24657770805718965,-0.1977117534339629,-0.6528549028677848,0.02727043347991972,-0.8977502657736177,-0.3659609228284534,-0.185155393243422,-1.3177325618688283,-1.6799414755298614,-0.32801651948372257,-0.2794989826990528,-1.1739155602918587,-1.2914105195142707,0.14968854882101054,1.7110317573946956,0.44565560271275173,-0.9630496003958071,-1.13450212185201,-0.27402122963700515
0.8478522263986423,-0.7886620415354614,0.4223789255827051,-0.7675187976594396,-1.0025039255979957,0.970315635017714,1.1917151751787656,0.9939831883156419,0.9271449596862243,0.6966371732924402,0.9483142660544261,0.6493819492698436,1.7596948837848938,1.5865837854923592,1.4034118099394173,0.7116215303637211,0.3481627697298382,0.5641632773444386,1.2551231329328867,1.2326373963617054,0.35713373499470935,0.6630867282876549,0.41184216945031055,0.7619596163704849,1.0949880326900083,0.3400659396222083,-0.26371693171819677,-0.2832876204275515
0.14009128504001184,-1.0741524581047155,-1.182347431729026,-0.7920922892690466,0.7778290533774577,0.13105115924804678,1.44225950647764,0.5530245031023123,-1.4999758819072593,-1.5251983484046339,-0.5960530393453282,2.5729680849880943,1.8131509279940896,-0.18749713416007463,-0.8852564618387407,1.0337499499289304,1.374541616778756,0.881816978199328,-0.015312098827340423,-0.2598481127386901,-0.6533324058289045,-0.13655812817097232,-1.3658598950659129,-1.7139650577595429,-0.9676133394078492,-0.3187961647673094,1.4321915913669945,1.665610989540413
-2.867892715734168,-0.4024975672005717,-0.6280125529519099,-0.8492744022390064,0.809829169836362,-0.4756275430575535,-0.21736820041960367,-0.6029373915058472,-1.2537440533190647,-0.4756341070999524,-0.18122748625549917,0.08717815893082624,0.20949856129580616,0.47546657269374526,0.9251816139928181,-0.8678507154409978,-0.23080788338798447,-0.6127519996048716,-0.8465297068126524,0.0702565996940265,0.913589560070249,1.8047689297551055,0.7536409916829173,-0.4810038281797056,-0.3962135898991627,0.8728572569878713,0.9511974699107952,0.21585975968352064
1.838717544300725,-0.33136703615208657,0.5394476226028752,-0.11302290875140063,-1.145105457429766,1.477342965982231,1.628478370176169,0.11801184483085589,0.7399339729366381,0.9878904715556001,0.40337638911764734,0.6677740122806533,1.413921289215576,1.6648667434007944,1.6867579899595644,1.0850344771454739,0.33497185908024185,0.33575618336166513,0.04382187507364891,0.5417559315263789,0.5732351115483202,0.5207203161786328,0.1666825823602897,0.33120604393463926,0.7796444546736745,0.8974604928509774,1.539874420316938,0.7948780256401018
-1.133878409405523,-1.2753414621162895,-1.6687644917426847,-1.7813022888022556,1.3133698916014664,1.4207005101757169,-0.31077804587959695,0.9889757805692919,-0.9183169522307324,-1.5522196695262382,-0.46293237757508776,1.1367450652562605,0.3410473715382864,0.7747429525474671,-0.245570080915316,0.4997756685091669,-0.9844058676309599,0.36636104483128046,-1.0422017342640582,-1.5745797720266106,-1.919933896205321,-0.8014265587689675,0.7979411560548259,-1.0363438626987704,-0.8071761095930379,0.0608539736538434,1.18662800408846,0.2685360195437628
-0.6765559549891773,-0.6875049617330795,0.4243592852347875,0.4975152016417636,-0.6883806515352221,0.8492068926866613,-0.0150883384218395,0.3545164118564778,0.7686192359200121,0.36853789757241995,1.1768414058013965,0.9460137784727035,0.837948225287712,0.9489508326325456,1.0840479200981092,1.072590855352642,2.4500523846579956,2.029550875607842,1.8408020408528207,2.4299193902820346,2.0042392273791023,1.8186374947350739,1.3155006145444055,1.0197145774742296,1.5079777716190177,1.6238916523891518,1.574312611668293,1.856600570788453
-0.390729420978961,-0.06595311654321263,-0.2853152318953284,-0.8813005528088848,0.14293947575950555,-0.45871167075889974,-0.08883848474604993,-0.15593869604047955,0.34516520779551874,0.35104518317857436,-0.6562576635311717,-0.544230113116233,-0.24694388586027044,-0.2051348785920028,0.12953654207307605,0.325534460850471,-0.6931367638096078,-1.1161154741590236,0.4032251392831677,-1.4022575967847093,-1.1036360208806122,-0.8041665878354232,-1.0015155204961925,-0.12122120974011408,-1.1527099701381682,-0.737992505838316,-0.9530337401036946,-1.6037535101455864
-0.9215501269979339,-1.4650132406499752,-1.6601772430604027,-1.74991363429996,0.9280688059877559,1.64633594111482,-0.27536873691786673,0.35146869819905086,0.3663967560911407,1.2765318252530748,0.26119284785750224,0.43844969454322985,0.24063314512608774,0.7394930927300808,-0.23732171767493868,1.6612044457575759,0.5395249178769254,-0.17374700739495635,-0.5462373826743395,-0.1361214290569423,-0.6485101070283364,-0.23010028861068554,-0.5492664286112818,-0.5353698235706849,-0.7786220547925874,-1.0443218457718284,-0.038881630337728006,-0.3572815007762523
-0.390729420978961,-0.029935689449559544,0.5574326077125878,0.14556522564509386,-0.09423156601951163,1.3656240418916592,-1.1496609491017573,-0.12079387459025424,0.6899603428094175,0.07010428792612552,0.8441363413623185,0.5070522095928917,0.44791259938528677,-0.05856823515354592,0.17979821561219,0.7843104663100837,-0.12965045954995194,-0.4626559624726966,-0.5746060756348347,-0.17024091386736143,0.6767403064482979,-0.018407969091096002,-0.7394241490739962,-0.502203720679289,0.15842068187291894,1.1051366258331683,0.5878919248950698,0.7771910039370266
1.838717544300725,-0.7041489322906772,-1.565970902618121,-2.508479261590442,0.8363894626867314,0.23283144637902528,-3.029789332044712,-1.0431448756382515,-1.4548799119264488,-1.2197398540453566,-1.1946853386965595,-0.5861709295882019,-1.7412103518468336,-1.2768608739134182,-1.3378897902448958,-0.24544155814616803,-0.5684154700204486,-0.8070554984934404,-1.9924978954481012,-1.5986407865041141,-1.4205017614268374,0.9863514000639956,-1.5784199790488982,-1.8813255088321266,-0.9636535202717752,-2.126952693685379,-1.378315276080396,-1.6183262288115319
-0.05293442623961494,1.3214256166772016,2.49943635023862,0.7752743861553765,-2.100972739484794,0.46025913463921436,0.0220623153992716,0.1875618142626692,0.6955698667858886,0.25045439488169263,0.6272555086739062,0.7325205103875109,0.7165085079856839,0.640576717591063,0.5727682311880562,0.5997070799778155,0.935977038820672,0.8561964757878622,1.2219009339195237,0.35418480068491354,-0.25531000945376003,0.13529066852328622,0.3601564025441351,-0.7525856972696995,-0.3633255880629936,1.1177302086439123,0.022561234968909733,-0.18872920154075304
-0.6765559549891773,-0.40062945870318006,0.8436112948120477,0.2704367330712653,-1.2054353345834445,0.3885621354517736,1.165313500163654,0.44024543009368133,0.4393860210766975,0.6055185321399936,0.7628833775095109,0.07831703762784074,1.8495702940344072,1.3809229164843657,0.9248303141746987,0.5945394505919447,0.3741327671042475,1.0995498972760296,1.0803208962601458,2.140076526471513,0.3450037869680881,0.1515661994996148,0.8175529407983576,-0.160774697748557,0.8089345563270671,-0.15674826084235843,0.012064746115426784,-0.15626314947927547
1.467143050087444,-0.3505820617300176,-0.605167722399135,-0.0999814752174075,0.9990963847736531,-1.3440315405884489,1.7155497054668463,-1.5722801915068498,-0.006039800901274851,-0.56310593258857,-0.7619097837226512,-0.34683977236347974,-0.46776795033754054,-0.011836045802978468,-0.39634736771028706,-0.9550801540155379,-0.7308011331069457,0.014335081020866476,-0.8860009909775406,-0.22676837101286937,0.016397461818170322,0.056946077790179093,0.4282266143345988,-0.322968846500443,0.7439364151489117,0.3236297608996426,0.158400368710324,-0.5029385886846954
-1.0313751006570318,-0.4958025812086674,0.21419999867617107,0.9758319997378886,-0.03443301297403276,0.8410147375671517,-0.2725919106757889,0.23419489945826658,0.29923224437369933,0.8836668071503994,0.2225402373253082,0.6136926194882024,-0.14105898798079775,0.10123121202628199,0.529387182318951,0.8948366504777253,1.242004536475919,-0.10455607233749184,-0.8093314979553631,-0.02620974864238635,0.3389790546208443,0.4073027491988479,-0.1064159503662333,0.513424227678513,2.0272677541615853,2.5679222289096146,1.5647772916280884,1.2772948999527167
-0.6765559549891773,-1.2158669486350446,-1.0497184630284249,-0.4353128210938406,0.5414253005862557,1.0049102543442492,0.48791026028556284,0.9444580661798864,-0.06597816815850911,0.7588574000424073,-0.3597082741092623,0.004042409767916412,-0.9718544560610225,0.07621791717683626,-0.39088185127266767,-0.046237282960124616,-1.184517399631014,-0.7764669293284387,-1.1935480444395434,0.14677495418508357,-0.4822746813497944,-0.4331223193524861,0.6020399296040262,-0.18620891001734668,0.5501088616616341,-1.004892358635803,-0.6555324421621554,-0.58253195726435
-0.05293442623961494,0.4548471322401784,0.7146571057571978,1.636854107940635,-0.7004350168488743,0.11824638821833254,0.5372355089576414,0.34090690559600295,0.42118848976626205,0.4044236362862882,0.6956071069723856,0.1160589410030749,1.1367877848312267,1.1876207422739604,0.3799660182556705,0.07296544926957664,0.013303271458200514,1.5425537192797714,-0.18974914589536834,0.3242384623710331,1.2322791241220792,0.5022146220737659,1.6942577920266861,-0.47300912590373423,0.11589341167151616,-0.34420985850736924,-0.3300655305563313,0.9383453023550444
1.467143050087444,0.09357281869915444,1.2766967990726614,1.3429593753824511,-1.2063187247420957,0.840671065536349,0.02540140183166651,0.47641129046971803,0.004674321660624161,0.6365224581642211,0.5103094147962273,0.7348963693069238,1.0296603450441562,0.6920095899491056,0.6683910689102637,1.4275312409508523,2.123223380821605,0.5201301432474112,-0.13647945669540074,0.37165513644543063,1.6889058112968638,0.47491712026145444,0.624656646235693,2.490317916342591,1.4604071382931747,1.4552648534783315,1.1071634908211658,1.9216549418908073
-0.05293442623961494,-1.0985007300433764,-1.3479083594744288,-1.4592558384001795,1.105307993377001,2.228808817838009,-1.3609380716308512,-1.3523006185499156,-1.4614044341674366,-1.0651613300743192,-0.5137875923553094,0.5205246759532104,0.6370031959676263,0.7321564388687749,0.2873559877107768,0.6592393319451629,-1.2501992060464584,-0.28852575032160915,-0.2647345307931774,2.5468737221660516,-0.44373426400048166,0.044044679630084974,-0.5589257694577814,-0.9132140410735204,-0.46489143120062537,-1.2367872777077293,-0.0999913780245088,-1.242009569634158
-0.6765559549891773,0.9475296002617886,0.9253038252409662,1.6493771524354421,-0.7776877146627104,-0.7290534266180667,0.5909949121279721,-0.4994034185925321,0.846310987152968,0.770327700434977,0.9620168394336724,0.427817063471788,0.5706257715244073,0.1413940980461989,0.837121321665089,0.5431008152982354,1.1656173988588656,1.2254814209523823,1.7110720172150575,1.6688981707365171,1.0090261787679558,0.8883887147817051,1.3054137405129373,0.648675763397792,0.29586610023150023,0.4682567649895822,0.33276903799525914,0.8083459142019169
0.14009128504001184,0.09179987872337335,-0.8393982325831896,-0.7995138373583573,1.2775206988261032,-1.5269704891990514,-1.1290169226036801,-0.7264688853394459,-0.2132355054997179,-0.35062722921772327,-0.8689718487325936,-0.31016987561307585,-0.3036168408651014,0.21078563700229128,-0.46278584125005234,-0.3697824243445266,-0.7631536803352353,-1.440351731572263,1.093558573729935,-0.40871274209638386,-1.0043163780719966,-1.041541393137636,-0.8979263490665432,1.8303423070977747,-1.0546359619619168,-1.6083074092962912,-1.4863548967588986,-0.9833977893519027
-0.390729420978961,0.9726346883767684,1.4800037141445634,1.8704021430205366,-1.2985765851272426,0.2707149991725646,0.2160085984271416,0.5761132674546603,0.7984475307070344,0.8888119183804589,1.2512627677593027,0.692123367606098,1.0071333426436795,0.8178951189169075,1.0364010337764071,0.5369140621634496,1.3482705380475724,1.4011349635848507,1.0748519662102716,1.4805617115603533,1.197345728199154,1.0312620473729224,1.2556452648260559,1.9479893236426085,2.0829634412818767,1.5090171021510983,1.8599157607850378,1.6436666862178935
1.1392832022521955,0.1812549098569719,0.34121866131227446,0.5630323708729031,-0.31567439293551236,-0.17389697264574056,0.5382009868384783,0.6027850331083444,0.6421524837538891,0.2936508230315787,0.48805072923864673,0.6033982371763739,0.7394557081787044,0.6053661477219727,0.5171453269723537,0.1582546021881053,0.6729809596197639,1.0920662211077368,1.1274147379035973,1.3391935353482256,1.3311598430864187,1.1075960247155336,0.8140959201335067,0.3540921936291818,0.08061581381142699,0.15134723768725325,-0.05214875359020711,0.35363715767278164
1.467143050087444,0.2211453029567558,-0.0528084625564015,-0.4794914757210504,0.20291056804497626,-0.008083767435388379,-0.5915338176185555,-0.6380798660708876,-0.011357691293529789,0.031184560494213642,0.7386411248793263,0.2856679995569701,0.06263239164952053,0.2876140776282708,-0.07639279510131386,-0.3374674136147916,-0.9423156168086447,-1.0041423436692516,-0.38949751940898447,-0.7570801714530342,-0.9699079735983076,0.566928474495324,-0.8275025541894092,-1.39352725235073,0.7213700854729018,0.41160698500912096,-1.0628191353786978,-1.1162978638219663
0.35241956744760095,-0.7345541710333068,-0.7949206784436957,-0.8097400138575324,0.7151416774493081,0.3077650021121726,-0.12121730552937801,-0.08303662823707882,-0.150428127572942,-0.46912221806863075,-0.8514248104910238,0.17241278946953933,0.09647448304679303,-0.10249473286851678,-0.24360434567729816,-0.12362729175871602,0.9223208796089911,0.7825253121264379,0.35628476142205195,-0.806657947413691,-1.712573609830649,-0.8885137152318091,-1.430147998309705,-0.9688712221714957,-0.4594117508560818,-0.9348716437561173,-1.215387539849947,-0.9128509228490889
1.467143050087444,0.727255102115404,0.9149936629104685,0.5844823753240116,-0.7528431391146925,-0.45460693864347995,-0.8131272055449411,-0.7102900343557954,0.32327466194665466,-0.23051904679317387,0.35878865403129107,-0.24079110383652186,-0.12792999028881816,-0.30232299584129796,-0.035155406210632026,-0.0006694965412485537,0.6071344813128273,0.25496458434243013,0.6243225213344155,0.43310628462281947,0.24287679060204642,0.7955055056541424,-0.2007166173062743,-0.4555160733276789,0.3455702469316177,1.655660530510421,2.515191186428255,1.5016979732233005
-0.05293442623961494,1.080953803557221,0.5850646620527175,0.29960278709479843,-0.37239330867402964,-0.9781110824354879,0.1015523148419035,-1.4784095498142242,-0.1367845616629003,-0.7373685492351977,-0.3746686764051707,-1.4303996328550568,-0.5035069366548499,-0.8479184774964835,-1.1960674993940659,-0.8563056794331075,-0.047017902524561034,-0.8231255295227617,0.02057860145693517,-0.20123225342128104,0.7108683804260242,0.6473566352914241,-0.24143369854869504,-0.6258748347999832,-0.6009483108298905,0.050704936351499454,-0.7305089553643951,-0.35503125708056177
-0.22917529306014311,0.3476640186438824,0.1993038830167831,0.9542860608750817,-0.1544891486941281,-0.7527001454251508,0.9382721160570718,-0.3890737905506277,-0.1504742818308253,0.5380380707150004,0.46398945445409673,0.897957701736793,0.8333918616293993,0.40113721556637977,1.1662425008907749,0.7381422132792835,0.15500696689074162,1.4764414091350724,-0.26979926348325656,0.8647256318462366,-0.7434301804894593,0.19105041107467016,0.9017070651830354,-0.6743876827213604,0.8142436166464003,-0.8280262333525847,1.071899913125149,1.1054489186656524
0.5870981953717789,1.5460876957343694,1.2542282046507256,1.1510800894326958,-0.9250746572535133,-0.32901496788269546,0.11667579945812191,-0.11920876495740318,0.5863494672426858,-0.5331436533134579,0.5011526840738478,0.46199241891775683,0.759128914557725,0.6109408132503809,0.5124772552308674,1.0441974319784166,0.35445274571827307,0.495539081740322,0.4712360516716823,0.7308909444832157,0.8012958365936586,0.1741797469935,0.18761309622365535,0.026447898119818875,0.38156893568537276,1.3547947022426359,0.8677180569120125,1.0061142660374338
-1.133878409405523,0.8650512909962691,2.0201549398392515,1.0054876347983874,-1.596304815102283,0.24233468800400987,0.03325667520957742,0.38236827410661167,1.3485953336751386,0.5403392245619248,1.7675066573996971,0.5583718704180151,2.3774175085556233,1.1277847900530922,-0.0970961288309932,2.432740864110949,2.354712550541735,1.6257984738794116,0.4936123832800991,0.3158959796355218,-0.17170688369892048,0.5891616805785516,0.8693429516656753,0.8675841322626279,2.199167429560927,2.7768589176162926,3.134459285521766,2.637713904857577
1.467143050087444,-0.04029084141555864,0.2049032204227317,0.002131599739821475,-0.16778380776566731,0.0410734268679662,-0.18449631688446685,-0.4031879741484391,-0.22719434230874508,-1.5188465200376586,0.7394555374112627,-0.18387862221265106,0.10896216521459962,0.006791034938918416,0.21792349776523923,-0.5067073932456702,0.7714481177138606,2.155033429918483,0.34736674712661514,-0.2880160514362362,-0.4156240118323747,-0.3664824409868054,0.4984164272674443,0.22740524338110563,1.268520654663366,-0.02099445331730038,-0.5014433962313469,-0.2143976670342185
0.14009128504001184,-0.039990388288340534,0.5670570803322814,-0.1146505276623993,-0.5303098749520501,0.6445378908911052,-0.31769642562322314,1.0082530595109178,0.7227090590044121,0.6825601008736516,0.47911267090980697,0.4281856583358792,-0.021524396365026757,0.6155640210971781,0.38956036869099847,0.04331588553825728,0.5518632693685103,1.0060520074709778,2.3070467617996235,1.5494440050686284,0.16759827995863816,0.39615805104111734,0.44347375994890287,0.19514216103362564,0.02436950321085029,-0.04070373795210719,0.1606613224594056,0.24997748589519303
-0.390729420978961,-0.5252350047600006,-0.2332409500504399,-0.7480723997270945,0.1693979113326831,0.9363330538788156,-0.16129378330290337,-0.17187249084809345,-0.06693739161993899,-0.2734066004435206,0.0195081345603062,-0.0060668359990038384,0.00648322029103121,-0.31710234374367907,-0.09852753548982417,-0.0383555139588901,0.041169374819632835,0.356126141490555,1.1800816253600315,-0.13849110444236193,-0.6590641034595022,0.021758077721334257,-0.1390897458686819,0.6711675099583921,-0.24973759545669968,-0.06221123040376904,-0.469331147875864,-0.7676964060913327
1.838717544300725,0.1756580969522727,0.5957370842806857,0.455767512828362,-0.7527173628462869,0.1373496226568273,-0.23748413141250532,-0.2004327347643986,0.3550753583967706,-0.6103703689016569,-0.4603435214046602,1.1230825439865304,0.6590100190535021,0.06952554964119388,1.00020512883316,0.7022122058906403,-0.07355588814817245,0.8187234769347398,0.29702306743083795,-0.1684174770065971,0.054918613426226746,-0.4306011603035215,0.5064619808805396,-0.01951681296575329,0.14692389862678487,0.18151562703048343,0.33203170406134797,0.11783942174272499
1.838717544300725,-0.3049825084381444,-0.4243049515311641,-0.14772127277858535,0.3489599283967749,-1.5845225350594005,0.43409170446618467,-0.516575577490843,-0.6862301695901872,-0.03172383944228261,-0.057522281879133476,-1.5215082451579094,-0.5096651340467796,0.44184189411704833,-0.614208313113232,0.8242736025892152,0.09162472701608175,1.7139181187666772,-0.8789117058801607,-1.1286211300949256,-0.20467852457739064,0.35766351258863166,-1.0387713581376026,-1.5588792995902374,-1.1717196811312396,-0.20494747134482563,-0.24758615772995318,-1.3410702468281523
-0.390729420978961,-0.6912595180007881,-1.4754118110538366,-1.9777605745976357,1.5536762024984705,0.14179465489824525,-3.37267231261391,-0.61115955538503,-0.8961328774320702,-1.8882865722430717,-2.102934064413444,-0.9817553188898396,-1.8010317537988576,-0.921871711143081,-1.4666743973010297,-1.3201002611308708,-1.3039693370884669,1.0806220408526606,-0.10013934713776071,-1.0905671733218996,-1.2175823400972208,-1.6133045725613382,-0.7292548495848807,-1.4987076841267037,-1.1165328018499916,-0.8170248980916858,-1.1333104741353086,-1.255141500708221
-2.69095248039451,-0.4217130139593375,-1.5501586591505723,-1.8750976897286993,3.1332189253311804,-0.6785439036669163,-5.139729724849005,-1.2596056674240828,-2.2057858482010633,-2.961448865390342,-1.5586225918791377,-1.3554441668402895,-2.8245229905977807,-1.1771459703709244,-1.3487719731561754,-1.4373269580134242,-0.2794106047071173,-2.064022827964368,-1.935773060468417,1.592983056223303,-1.4316214446954736,-1.021846414641659,-2.2919712381496637,-1.9675558762662861,1.1064441448836202,-1.449280514226254,0.28466538742050085,-1.6712273211921298
0.8478522263986423,-0.2829043494748273,-0.47926004898701585,0.08554991983570513,0.38814837359721843,-0.7561953870143415,0.5144743880684982,0.24822394966111533,-0.0031039217340004055,0.27722351400032774,0.47471620038779483,0.16716895398493373,-0.5670903154992082,0.552360121087575,0.14477205130252216,0.06818896378931491,-0.21789000796302993,0.5253136563338622,0.9868705807749859,0.21147937647743764,-0.48834981175931097,-0.5290123101006032,0.46206977214084133,-0.533447266098527,-0.428347384074698,0.22768038117452594,0.026902837400478472,0.6336370999234633
-0.8035899701048288,1.44974006384561,1.3151517558338368,0.5109851016192347,-0.9901794638105242,0.15673659164494322,-0.34400912364527053,-0.0908935502414429,0.9849154499100085,0.3812962730107938,0.6538247241186547,0.10637399364582983,0.015547908778941345,0.011709400526130172,-0.34584026615187563,0.3660838747659957,0.1910138025692478,-0.629547348519114,-0.45432990591168637,0.7401077289198115,0.08918140798592711,-0.9578600897834186,-0.804838837842329,0.336580278617423,0.07317476623611224,-0.932897975260357,0.04184234551248352,-0.5264715510696562
-0.390729420978961,-1.007438246618605,-0.9777796550960557,-0.9259164203521906,0.5659118975241971,1.0326522264676914,0.3382980816554259,0.29076767284495375,0.833411213240383,-0.6818309428918552,-0.5291702935305104,0.5046467893600104,-1.2366320159638762,-0.2812535427556302,-1.485674676882129,-0.40812737007465,-0.7973006753338205,-1.7284070474706485,-1.6523543359217192,-0.9190836357702652,-1.2489082259698867,1.351364583620503,-0.7621106223548291,-0.42023663502191155,-1.1034302369354658,-1.344151181109024,0.670184272262706,-0.9242375425992354
-0.6765559549891773,0.1411618855783648,0.439043350381519,0.5647713689162371,-0.3423486369350353,0.0647349681939151,0.04587553497713338,-0.02395515148233982,0.3254169304851304,-0.21030253323323056,0.6992079572168015,0.035805317650432926,0.47161162712191923,0.8779618531227561,0.06904273454011632,1.3816641950206923,-0.03785222466919604,0.10343350550340082,-0.3537671288750298,-0.020261555556171318,0.7195546470064749,-0.056902809641604726,-0.007272435878072012,-0.2459358472722478,0.6407268663032948,1.078724546038187,0.29354485828158233,0.42344783971363636
-0.05293442623961494,-1.1978878296144624,-1.430483645279032,-1.1476226725824146,1.5661858349033169,-0.7522360963928253,0.8489008960090895,3.106663169252284,-0.037588851769031234,-0.4239679524201039,0.45906825577365323,1.9843721436636275,0.8850967599299113,1.7922493910512796,-0.631089268577669,-2.041835783670109,-0.6432593493899554,-0.46296186988741944,-0.7980931283859297,-0.9992456633664953,-1.2958052283925712,-0.6035543930211992,-0.5220229379983636,0.36385446950599915,2.306286817168507,1.1494880280230755,0.358799102352969,-0.4720998606809555
0.35241956744760095,-0.8624773304081286,-0.08097235874951828,-0.7051835730240485,0.02081797546100052,2.9236364475010834,0.19026138484881872,0.2645751123719661,-0.7589963205632787,0.4539482594327565,-0.4921410598978858,-0.597275083293148,-0.34478112438602576,0.5119402883753575,-0.3670266949085599,-0.3307748407909592,2.1200669292412466,0.6843724005636419,0.8046513082875724,0.15988025887804075,-1.1819984461932505,-0.3433302527183348,-0.39214997729948314,1.0964858789724283,0.33912254975352424,0.5757628824056145,2.3252999386444255,0.8808618915147776
0.35241956744760095,0.6629581328906304,1.293623331628403,0.8015948472770332,-0.9907695103859175,0.4283738782887535,-0.10545777492371614,0.05798094062008712,1.0762911088564375,0.36925207122367404,0.1318527548395133,0.4646707125184629,0.28203727783091354,0.2548357500845435,0.3091308969083651,0.21397134151521782,2.29141870284701,1.1631791826151996,0.700688081902915,-0.2779135345258581,-0.483240900155849,1.073806511918562,0.03812311121230321,0.33728249590881043,0.76295734311144,1.6820078074854137,2.658689123438866,1.86245418543887
2.263374109115903,0.15606575814481183,0.2354813753941288,-0.19200499579206387,-0.3264203625544955,0.274599883094727,0.8992464968748007,-1.5006127022053992,1.0727996769774633,0.11503123762342586,-0.23565648163074904,0.24781058874926712,-0.2531652094530071,0.595880451809844,0.8980105208667545,0.4306120672665199,1.0943694085384772,0.16986716196100488,0.5766815727494767,1.4868166303806285,1.5403757414397692,-0.08134812849651031,-0.35705722140240126,0.9360581898980203,-0.5204959327528823,-0.9707178166981266,-0.8290309734001731,-0.24402759741785146
2.7533624531334167,-0.9249156826133621,-1.475555796629281,-0.9870702068949854,2.047038990373015,-0.7002292229147958,-0.14636338186187767,0.8952312951952296,-0.28189122346629636,-0.4658126068904719,-0.8453307281628382,-0.43343449429192465,-0.9319616016263463,-1.7626015777107789,-1.4979401868494933,-0.503071438234232,-1.5767621681667334,-1.207266030781257,1.1301024934594683,-0.6535364983033104,-1.4506005033455633,-1.561733116997533,1.2128103810992483,2.1410137522440866,-0.06281351437586145,-0.6432547275334556,-1.2657147238084199,-1.2501495103899978
-0.05293442623961494,1.5337741068913575,1.776406611087413,1.4239134044967006,-1.3181359773762138,0.9040162686445887,-0.3018921274991,-0.1618900012260443,0.18683142138390976,0.21007938035940016,0.4217918936038645,0.18716490486294657,0.44741094568282336,0.780127558372191,0.572209205734697,1.2513597229531874,0.4435137069421104,1.4935790516110075,-0.3959864273764925,-0.31661592093145896,-0.18207017721301202,-0.05188601882659987,1.8686009293791868,-0.15294626710069675,0.2335092882897729,0.13172945181675735,0.25273245134640837,1.3871728474623104
-0.8035899701048288,-0.9352219236051613,-0.5287380373346,0.03878408075082486,0.12708333460640178,0.32938550585658666,1.6414574782571065,0.43468834766780545,-0.27367658267622635,0.9076774973895627,0.48097800694827453,0.1247752594176639,0.9842237615097887,-0.09502114445872305,0.11340036427652972,0.5544329388310937,-0.3111196049549072,-0.3511298617885632,-0.11128208709190032,-0.0797928673563771,0.043734711020069254,-0.36606788697506976,-0.4019791740226522,0.023026371101695274,0.25713871196901555,1.095888136415132,1.1563034564123067,0.8644395250681436
-0.6765559549891773,0.13333593531547344,0.6861651653497545,0.7120852179337985,-0.8279757542983082,0.3987095457706216,0.4342605437359499,1.1135113096509823,0.8641338257474604,0.35936655927276356,0.8603058719036841,-0.06745695934413594,0.5779939540125357,0.53450550290657,0.29821371542983327,0.5045436586327179,-0.7544893000549785,-1.1774715950925687,-0.617022195715873,-0.12214967179348662,0.5501661314790471,-0.2744685944442476,0.1592881429410942,0.5029650813424764,-0.3719517427991048,-0.3934919804821354,-0.4864620384046051,0.72087993936634
0.14009128504001184,-0.9504026438109838,-0.46808721496628436,0.552468181957207,-0.044452920270956084,0.3553009321336414,1.5616248398850863,0.4604516619412752,0.8350817463451179,1.0994051622322627,0.37020180019833104,0.6187178127088033,0.2994268511661719,-0.31883449180573736,-0.12081508231166883,-0.8600019284128757,0.07040440340162868,0.6941196985020004,-0.2958731309253668,-0.6657002121465682,-0.8093568490347367,0.3887129963191476,-0.020659378113766984,-0.739887713486461,-0.4288076613520095,-0.1016092318218215,0.42950373719217055,0.6364738856947386
-0.22917529306014311,-0.23396432467704667,0.38683289767795154,-0.19572767168237143,-0.3836333532755695,0.9981411929147004,-0.6121395251049855,-0.9279492212490013,0.1556023671933232,0.2510881749958231,-0.27171201483973845,0.1817260091894612,0.6470109161906274,0.41607951804446797,0.08500016285660601,0.2427821905841164,0.8720084257001679,1.4040768883036654,0.6181095201391456,1.0204300545605796,-0.043715210875707226,0.7182244510101709,1.5200921743979603,0.4830775390938863,0.6888846736425507,-0.2586704178729011,0.5006505432874411,0.5754605969060711
1.838717544300725,1.2261610135028334,1.2664699928552021,0.9635613629427817,-0.9697943019839836,0.40981555115979773,0.38001062001361235,0.07415017926556626,0.36704657165111876,-1.0844234662677112,0.10030425223002126,0.11006987359968058,0.8810160857253267,0.5226226506270097,0.8237801155525838,0.747489020960497,1.11893897385494,1.6605906903819552,0.8074851824726283,0.5056722589407091,1.4373873709900173,1.188104543585688,0.7812663452082567,0.9827364802933365,1.1202120210681863,0.905629381375562,0.839965815698411,1.3103162079103796
-0.390729420978961,-0.02505020774082656,-0.13606047419565637,-0.560997861188403,-0.04951165253633103,-0.6235719644318001,-0.6994872161155836,-1.2705724550797373,-0.587462233599558,-0.9000975801577262,-1.1649508449402912,-1.235180951979875,-0.7177513112841775,-0.7280102966706913,-0.8079756829092951,-0.5749468457521869,-0.5723894411181599,-0.9129009380531964,0.38552075295167687,-1.165517835440019,-0.3874186176159618,-1.315545810273316,-1.359201106766345,-0.8383399738562402,-1.6201355855362078,-0.7309431564668942,-1.7467223929642437,-1.4478978656344361
0.14009128504001184,0.60594191153939,1.174594123752433,0.8470323296722896,-0.9299522501921678,0.36236482167961837,-0.09346975273625346,0.787250703200104,0.3328444891278507,0.9852106452371172,0.11397578232119379,0.2442155173734712,0.7835234832079886,0.559047901919538,0.08381906317141968,0.7380918626262567,-0.3982902280338051,0.3887952379547254,0.6704665562320816,-0.2882208146778304,0.15022784090004684,-0.04011091761986952,0.6471515233388829,0.5353001974011076,1.1185310017679255,1.1172403838502112,0.4148655012054146,0.4617041961851418
2.7533624531334167,-0.6024456297235098,-0.3000435548063227,-0.2104490922482327,0.2794446211115558,0.7399705147756437,-0.612871492633293,0.22465106156026965,0.49373196476693365,-0.36271485278287807,1.6738027552208534,-0.2857117743281927,-0.02610665329271778,-0.023122299351607416,-0.0981789848038758,-0.1319427467980115,1.1258510116121125,0.4999899841959774,0.08184630669215683,-0.01847484957834251,-0.10398186989281555,0.4442629317937231,0.8735620559024156,0.5599205029954464,0.8695895174538285,0.536658325061557,0.8120376223994931,1.158278288955739
-0.6765559549891773,1.0932698966058625,1.0370874144797388,0.9101376867575077,-0.7925010952999744,-0.16547230595715198,0.3499116564135408,-0.2425913619642675,0.007701203647375434,-0.0101655215524942,0.7248315689200704,0.17603356466814093,0.9670335549920468,0.6815325976561152,0.20395373732364702,0.28570117475324586,-0.13048052412383682,0.9194017732950612,0.20216540633954622,-0.42331014365216946,0.11524390730802819,-0.3505127842585242,0.2888534549204452,-0.2592201260550108,0.91664241514861,1.7239535458589146,0.7876074695814461,1.209556632144455
-0.390729420978961,-0.3635849616044128,-0.4916710282425052,0.9458933332520394,0.6829150024556471,-0.7190181883323836,-1.7109015126822613,0.6107457395908875,-0.9187264775541486,-0.04727097763564033,-0.39363180099889095,-2.4904188945542716,1.154485209833009,-2.856837850462183,-1.1487107371471204,-0.985303250426158,-1.1417083314890053,-0.3229239257997099,-0.8750076500122456,-0.619084301802232,1.3262725573108156,-0.4170457199241467,0.23131227421793632,0.603676526826319,0.16585226751481405,0.2960032621704924,-1.3973568962856222,-1.6657989477018078
-2.032570209363226,-0.3573108143233063,-0.5622304169955405,-0.04809308176383964,0.9313545766234931,-0.18772389540478782,-0.649802773212968,-1.6021738438678939,-1.3217310694606215,-2.032673440062941,-1.3502371541699365,-0.32360452629455194,-1.2715191506279027,-1.1665097438476821,-0.2999973996340088,0.5780850786386679,2.329055314404319,-0.940031194025531,-0.4612178054508338,-1.2828214917376826,0.596599011026319,-0.9145931578163425,-1.285668605255063,1.415021920145292,-1.5756575546261735,-2.098993939628088,-2.067959321742622,-0.6521558814748732
-1.0313751006570318,-0.8044339785987196,0.13040053085418996,-0.03762189331649549,-0.5163827870027081,1.2573917048346133,-0.013976901069453599,0.800021400324646,0.5209195098674156,-0.5320327346132863,1.0610831975858221,2.2348666973673903,3.64238321456914,3.2214095050600364,2.6164128326746927,1.8967554895824075,-0.2134373059723635,0.5057626580502207,2.2744013355890162,1.287466012068856,0.2183929652084039,0.8674216015118753,2.2138787471851824,1.9493122932963798,1.4934094463895253,1.131092691001399,0.5473830811279226,-0.29834475835707963
-0.05293442623961494,0.1904563102890361,0.26987724927286444,0.6520316047886361,-0.15345837454916614,-0.5667998026871373,-0.9590874211524383,-0.8160166724241523,0.43475467421747616,-1.928649287894285,-0.4065836696669321,-1.4077480591224893,-0.7111635326287284,-0.4441162638223709,-1.0674565408183507,-1.150352462903484,-0.9209224742257559,-1.0715456249985793,0.6344870723004975,-0.9207460511462922,-1.298501594527542,-1.3542006872513832,0.26968922320738276,0.8399582386358955,-0.36626626540268636,-0.2617087544383771,-0.278692180097532,0.9799168132323728
-2.209072690533315,-1.1943535385939306,-1.740571104643823,-1.4612911093641197,2.553656393165267,0.6735013917284134,-1.8915931565740864,-0.3545380460516096,-0.8985642860960409,-1.2076510156222642,-2.1763661737372266,-0.2105849068893459,-0.286494565850625,0.22209112955959417,-0.5986449321096061,-0.9648225214580263,0.31083978458583467,-0.7413379276148095,-1.8092920191369812,-1.8087838374432168,-0.0784003160680207,3.2644125477338086,0.13769822541655066,-0.16440111240489325,-0.33425814706861884,-1.3037587381555278,-1.2509920247112645,-1.0760051017394408
-0.6765559549891773,-0.4488770131031565,-1.4695016682699462,-1.5671926248285617,2.080738698971654,-0.17540584010080762,-3.5558551076954483,-0.3916778206182955,-1.0861015789842234,-1.8244482924877123,-1.657328632701815,-0.20127177664071183,-0.3034237670773631,0.832750286081762,0.3056812042927118,1.2664698104184293,-1.0641966809596892,-2.0304973303872997,-1.1629989819879165,-1.6396699447949419,-0.12996214079752508,-0.7002411673043525,-1.9939458706662465,-1.681511420254523,-2.3499590043832974,-2.180417133311976,-2.197883013579614,-0.8959590423469828
-0.05293442623961494,-1.687204383632657,-1.3305694418531488,-0.6502778679466837,0.548940163870771,-0.057320808444514995,1.1649497175724992,1.9425849184200041,1.1769639150556668,1.0820611740034496,2.200006661927242,1.0476270612894372,1.2088508545002201,2.2793560300168516,0.408064384599892,1.4201207912646916,0.042768725331444116,0.861587211472519,2.4426906320941346,4.631129800399132,3.5445163939070206,3.289875257204872,2.0067777466196346,0.3359154891512116,-0.3619172861017768,-0.853065831682902,-0.2426423928883494,-0.2354314982633114
0.8478522263986423,-1.2536788875503626,-0.7928784265214452,-0.43243168872727283,0.40177413600780787,0.21635594484784726,0.43763484893633126,0.6546312336839171,0.13883419424712254,2.284859404650041,0.903319838218486,0.010554922549411299,0.1424159711381674,1.2249550806470808,-0.34434152085998043,-0.781546348175262,1.6199128288261728,1.3946237828371892,0.34621462776443274,-0.09353532331951321,-0.8770840965499729,-0.903029072078512,-0.37836396759664037,0.6348457364261113,0.0329165287134451,0.01863972620447393,1.73024251047087,2.3581979391415246
-1.0313751006570318,1.0369244543293386,1.1143140375233627,0.14499803350299156,-0.9583618304418915,-0.30146082958967174,0.6620231685277735,0.07691712093103839,0.10168070740650183,1.1554247665933963,0.7812675085899788,0.9355747543207962,0.4602550010054956,0.17042398808165993,0.42379519077374755,0.2958986396079485,-0.29309387277659216,0.011528847924761968,0.2819433967000208,1.2335948378828794,-0.391932106129145,0.03486769694361765,0.5581985794256817,0.9866389251603411,2.210114276080008,0.47755463133893633,0.5580602568884623,-0.0005940414339799314
0.35241956744760095,0.023258488632180968,0.38810038882728287,0.5610016392175372,-0.20669248139472193,0.02446629366633988,-0.01117167659544322,1.164294128456545,0.18408280433613639,0.7098405499408995,0.8646530326262474,-0.012398284457343608,1.1924664056414238,0.06634959751368559,0.4503369743146332,0.057584413741998845,0.14609939996862645,1.3636877996719012,0.3309373510202086,0.19555691975051484,0.16531640647432091,-0.27590250270929,-0.6242311311010753,-0.32982526761710956,1.768828014812572,1.5500164376013637,0.5966309548338866,-0.0767960324396039
-0.05293442623961494,1.2332900282813097,1.584443741434223,1.621524176453161,-1.3528292647447144,0.01155570851729761,-0.3734936189517775,0.17297728960656167,1.6316648980456878,0.8883493079924336,1.0679281264535478,0.06161313165567024,0.2343773937061052,-0.14102717749264218,0.4916029133960631,1.102049638742985,1.4448393551158385,0.842678983397089,0.12439036079991889,0.00617599277037122,0.026315269967412982,0.1628204081905965,-0.4819541556590694,-0.4417320885218888,-0.5015200252800115,0.12424324691319039,0.4799334071308928,0.7002215422900435
-0.6765559549891773,0.7483879565255238,-0.1267244451533131,0.1835356561504532,0.045765752049761625,-1.3644866391011883,1.9892821232118252,-1.2738851599494272,1.1721700721872157,1.4234997025963028,0.042069807011054734,-0.6022354993014272,0.6193005752769228,-0.2536493889968106,0.5963035365976697,0.8894211930851464,0.12291072814505076,-0.4481461911485464,2.0909328878807965,0.24250043604037175,-1.08064117203313,0.8209426878422827,-0.3149273334067979,1.5466587002728232,-0.22028534373462585,-0.15199279042286218,-0.5073316816420462,0.2160344900439417
0.8478522263986423,-1.0742131655318135,-0.7692869039492589,-0.5592415916295181,0.20714933579132364,0.6751965606704933,0.724219636801395,0.6083772288930219,-0.28186805788696084,0.2817741589210601,0.4423131576089275,0.427589017775442,0.6328449271301351,0.16930509418597414,0.2718681474213624,0.2919016703768285,-0.49969977866892584,-0.9550190281164886,-0.7320504317931706,-0.26985865003142573,1.0804047728751514,0.008607977364001032,-0.2647662028595312,-0.8606820833776964,-0.933885667286611,-0.875682720237641,-0.2232418426479723,1.7614389337021437
-0.22917529306014311,1.0376301698142008,1.5446510357899597,-0.011937821113988323,-1.3044903272650645,1.2461052650727844,0.18886311295293856,0.6297565886166888,0.8420452352548958,0.671699308485079,0.9729289403288499,1.8832738064526593,0.20623362444774018,0.48104551661942685,0.2489077731583824,0.5769399814351057,1.9316636840831478,1.3001731035418478,0.36324140588971765,0.5786556850775256,0.5989090850884172,1.628976277721484,0.6708098193542336,0.4852820677013442,0.6667129218513185,-0.5822299823873912,-0.4715399422177097,0.44116009696707675
0.14009128504001184,-0.11429314537769225,0.27084374933799343,-0.3780343862102311,-0.3866157021014141,1.2555395924566854,0.17718226290738479,0.16485598783894845,0.6844433969118178,-0.2105526436766577,-0.20601675610049872,0.22336725022686063,-0.20575094939257346,0.010701290250669354,0.3993003778160167,0.011552861571821022,-0.4909137690187268,0.14635317695368652,-0.08481550354880361,-0.28891451017028885,-0.16813134361060061,-0.17964244188328857,0.29244787741554823,-0.17160931052127437,-0.2696390936745617,-0.271634644638845,-0.5298517157283488,-0.4395600204605163
-1.0313751006570318,-0.6833520378991709,-1.4171615243849607,-1.8270171118799183,1.513319758019202,-0.27635392613977666,-1.4419735301374021,-0.2472664561635664,-1.567088502726989,-1.2577382307125857,-1.9925082347829675,-2.3924675181652733,-2.9503943750240094,-2.470007869979036,-1.2838216109025458,-0.1887762987881078,-1.9497787969045335,0.34339510191820566,-0.577391457546662,-1.2531400425297872,-0.30368454066330697,-1.315193563978775,-0.6924213837620216,-2.0863190440261743,-0.8757671147636018,-0.7992985093107032,-1.0103227157503387,-1.456278798517444
-0.5393592186642734,0.026263019904366993,0.6600983415702453,0.8580352150829819,-0.682680137797727,-0.04004797506356762,0.2873201550926642,0.7894956652296121,0.4655734870576488,0.19771230189568806,0.3668891915909125,0.6615338373174181,1.094563868946542,0.9509849831817034,1.1342224521894557,1.4258146022873452,0.9498820804182686,0.690532908850094,0.24399676665517825,0.4632529662795178,0.4303747538934331,1.6489354409383665,1.0151926875043324,0.8600314347792051,1.3369388269371942,1.1473915863585746,1.568586913926708,0.8080543033977009
0.5870981953717789,0.33579262647773567,0.36529459078552257,0.2526229362178659,-0.6051866375554907,-0.3236847918972756,0.15117661301750018,0.7869600850806491,1.433612757120974,1.360671007359955,0.74370690287504,0.485815297066608,0.48293191180763645,0.3708993844778071,0.2648233451823146,0.5421375725450239,-0.5303858521231537,-0.5035599655126569,0.4535338760173534,-0.6025173781106031,-0.13687414429371852,-0.582666958104873,0.4643143409125586,1.171825714680781,-0.26007040828040173,-0.1241747007476562,-0.9381119493891694,-0.34672101325383886
-1.0313751006570318,0.1715321771113451,0.658346994775013,1.740063060559577,-0.7135342927000485,0.285190024514414,0.18256695211202864,0.7159914010747878,-0.3056334656741458,1.117570482097005,0.3045135546257076,0.21677086450391833,0.5444343462596494,0.3341745454779611,-0.3459072422620163,0.6243992455714609,0.8415677739266058,0.9786883060482494,0.2041242802414887,0.4345570782936331,0.7278471525491458,1.2515107647157186,1.0938754506756998,0.7632264442864934,0.6818095129280958,0.5307148499008221,0.38448879412202547,-0.038844863793563264
0.5870981953717789,0.17391127644518758,0.8832602791417191,0.784491064713562,-0.5349468804644728,0.5476555727342588,-1.394909611592463,0.11565499662373704,1.2415602485287405,0.3255786798280677,0.8637716184327737,0.21921470882039895,1.0800148042971374,0.9943561159945392,0.37996696987834505,0.2789278383798685,-0.25831933655928935,0.3014531239095475,-0.49502832983792816,0.4759878377319126,-0.5213095860580218,0.3132698305211571,0.9993658265982458,1.610343184470682,3.2895739140569127,0.6655623336380521,-0.37107901467928256,-0.6175568351022951
-0.8035899701048288,-0.5847534104469226,-1.22677702119062,-0.5783950380865552,1.6006555200168744,-1.4754643810501082,0.09235804622690647,-0.8754231163458808,-1.3551135116677646,-1.2141518832619878,-2.807759265614878,-1.5370687080727976,-2.0717199067052103,-0.09638019009831374,-0.6777971298964386,-1.068079930427858,-0.46684542917934607,-1.1529888386199592,0.5366913499488742,-1.0584561514796478,0.23582825163520962,-0.6219473290390697,-1.1417058180573634,-0.049616878916634605,-1.492132642588916,-1.3089478239661698,-1.6523184937738924,0.10970044023295177
-0.390729420978961,0.60198710991135,0.520948298985189,-0.072540247737269,-0.7157840216377022,-0.4161712701572417,-1.0375039302250921,-1.506345845979633,-0.5963244264619088,-0.07987846604017,0.09197659370968451,-1.953754133690516,-2.1668548163178505,-1.213132561931392,-1.51231920546162,-2.680463653260679,-1.382692739141563,-1.331374057659323,-0.9585458596007788,-0.9756626075980651,-0.4472752514006786,-1.301839774029594,-0.6411726907484365,-0.9515038201513866,-0.4326945320336555,-0.682252148910987,-0.7595473116252258,0.7947858642295591
0.5870981953717789,0.1286198331320909,0.5574179165020889,0.7521911827651685,-0.5637592135258039,0.13440769191326057,0.19955250507577818,0.08336904999657377,0.024537079052164918,-0.25501113388331426,0.022956971728463876,0.5628444634023255,0.23017357031738833,0.540841380395632,0.6845342146995045,0.6409784031670664,-0.13785507071810388,1.1300044040487813,0.0908319962336144,0.0974740315391689,1.5588924921031155,-0.13129497641840435,0.03488333715214333,-1.095839326677735,-0.1485900613433085,0.7677220775292726,-0.5755054015248775,-0.073849302311476
-0.390729420978961,-0.8224753638708046,-0.6856123201483041,-0.8563409985407745,0.4374470270052353,0.9909423260193968,0.23149964793178088,1.4160344313216642,-0.04082081231175437,-0.20568786404675968,-0.9935434163817483,0.01428606697224307,-0.8328952732007031,-1.3243090575259182,-0.5666269528099759,-1.389893076157776,-0.9425518820400024,0.40309553679098475,-0.2051713289619472,-0.8321315005760463,-1.041005329765206,-1.3612748411259066,-0.22235408196388162,-0.22372027944543257,-0.5637398681048996,-0.9945742704987045,-1.2064960791983297,-1.3063498927222417
-0.9215501269979339,3.2030739829377786,3.6030079664380765,0.20834829182153608,-2.6920073035917502,0.1305498356813872,-1.923837209765481,-0.9699133537111284,0.49192488110182486,0.9644882999000516,0.815929986778908,0.8825721551894311,-0.15550305712637746,0.08206247654420584,0.8801891507281778,2.7443380550921463,-0.3399748211356851,1.8416137111206783,-0.5420199811467671,-1.5664771831074522,-1.8147364153462,-1.9418767742897907,-2.033800456299188,-1.4841356356686082,1.0941740774981839,-1.3832166454475445,-1.8247719276648802,-1.8500048145557213
-0.5393592186642734,1.0551595001034095,0.5212920249811714,1.1715224780951505,-0.1701646880259317,-1.4232015425318039,0.7063600011399283,-0.45193474066265205,0.007948881597783479,-0.29808482380858403,1.1134810644900413,0.19629855570837978,0.008939475130649376,-0.1869283174533072,0.8414654036487028,-0.25172393209461075,0.8649729561224022,0.6732320329984095,0.7525042152128505,0.5301994965339836,1.274213522889394,0.8609810982400964,1.0341557823321306,1.010636993161138,-0.1266775207442226,-0.3720118179154252,-0.006101619380678978,0.9066810324288426
0.5870981953717789,-0.6440758560483502,-0.32581763474388287,-0.6621045382202544,-0.030598180551218136,0.3964737855571525,-0.09949482827146569,0.34371264729815365,-0.31762646299691627,1.237790631840745,-0.4043719863899543,-0.5169789482972182,-1.2135431409745858,-1.4578818605232216,-0.583095765025611,-2.3252274293581854,-1.2937815976158524,0.987849003438112,-0.28693764514913445,-0.5412059139755824,0.6725306721803654,-0.3547002404765405,-0.6430469705809132,-0.8674201315710902,-0.2822407865651701,0.20755086433965805,-0.7487850618095454,-1.1944529536071429
-0.390729420978961,-1.729274719391459,-1.9535249899205451,-0.9881160193045688,0.7352927556652052,1.0562506521048523,1.3803299691832107,2.9050829963074465,1.5178085185273966,1.2374121472338162,0.44445590253400513,1.3875164686875077,0.16985739966051527,-0.33025436776196965,-0.7759728842570918,-0.7908964876892489,0.09927317401130355,-1.039550952363013,-2.018780101384679,-1.7862753200314774,-1.963968672609703,-1.7830550375661933,-1.7355998838866316,-1.6896190000984839,-0.8932285024420302,0.9621041233042041,4.383107382848013,1.7717692759567565
1.1392832022521955,1.4662417560997503,0.34306493416061035,0.7881007007488849,0.05823990909685215,-2.363368853377963,0.10558312763988922,-0.49299185415379854,1.8815863716334984,-0.3859209563867564,-0.013031601389362024,1.244743517648814,-0.6263771435230624,0.03638433340117942,0.09676766753121892,0.13143464573046632,1.6953071766245527,0.621378282357197,0.7222565892890733,0.550176448336841,-0.2689871500707723,-0.4080273386996296,0.46068769897860296,0.7424589768384904,0.45601832745500576,-0.2742619763623234,-0.641453907925957,-0.012301123158496194
1.1392832022521955,1.662509788890546,0.5728791952418604,0.7173388586769246,-0.29027403678265984,-2.2635582232263993,1.2939631952668798,-1.031319136996801,0.23028044503167241,0.8174161451631345,0.8827000768803308,0.9080882800150324,-0.11886711887244336,-0.7172895184074485,-0.45953349705095003,-1.067525233607328,-0.3917231793312695,-0.187924260540181,-0.24591467955309224,-0.3122921930559138,1.2019211323373165,-0.5775053868124587,-0.7367913829856177,-0.08895857296198162,0.8924944927791597,2.2125865311755293,0.43919965933108146,0.11117885978590478
-0.05293442623961494,1.1022221031879373,1.0354873750408016,2.235700431953792,-0.7802618281216578,-0.1851381464588487,0.30988720072864306,-1.0635728656560803,0.05049895440962359,-1.0066873369501204,-0.3257373790011796,-0.5846738193121068,0.4545327304315874,0.13478592055030453,-0.026928944339532145,0.11476452631320998,-0.3868989562123802,0.5986140536917206,-0.04202256997991152,0.2926797754655421,-0.521598223159816,-0.22043277425975757,1.5384025127789063,0.5594894146519077,-0.03512141118756445,-0.20719260730606306,1.5894308974850397,0.28664016570944756
0.8478522263986423,-0.6706759921204564,-0.7373948537576663,-0.21185517075783622,0.44629463497996974,-0.16268143280226877,-0.6690359408259021,-0.664974711703704,-0.18529690704563836,-1.3079158713112469,-1.0839946813308818,-2.1382138922152922,-0.9345262135521296,-2.1335189861763273,-0.49907486926930683,-2.345833474447934,0.8639418101538706,-1.262961972344796,-1.6491093470967166,-0.45588357835262583,2.57911219365142,0.3849681137044781,-1.2267208740010909,-0.626123833803581,-1.126200303403654,-0.06123820197406065,-1.4747913165477207,-0.980637890842265
-0.390729420978961,-0.38341724028726565,-0.11620085382529789,0.8615640957116194,0.008660409106605406,0.4177632057153675,-0.20284312483478703,0.04845844948618633,-0.2669284494157983,-0.540898154150241,-0.05821396399528265,0.09240266861728061,0.6804797697378471,0.5515593976802798,0.32059835797472347,-0.00018526120873185319,-0.8996360367214173,-0.5409527441611575,0.9242185637634162,-0.09493178271743655,0.03838742077026489,-0.5743801827669811,-0.1493391247398,-0.6430700242673506,-0.7280174982993208,0.05230000141525744,-0.09112320964112992,0.19808920978450106
-0.5393592186642734,0.1858215380688866,-0.21027041348037007,-0.42307971663060434,0.301830646866042,-0.6881857905243427,0.09490130011158195,0.34218654249512503,-1.2832612133159937,-1.6878610631129438,0.37584375580352514,0.5012926232609308,-0.5329623902319062,-0.6127175488586476,0.3082899494613964,-0.025125648824498314,-0.7774074600848239,-0.08658286738208207,0.19333574781841867,-0.33043023835228885,-0.7292993177051771,-1.2880637265690966,-0.9092599276955561,-1.6186729979856798,-0.3413214803662992,-0.4076540732880115,-0.48263317134665445,0.3809257159844066
1.1392832022521955,0.21390647877539748,-0.07018867980796967,-0.03537194627144328,0.13655767390148082,-1.3874511841007007,0.37544365107693295,1.5453230772951818,1.1811717951246354,0.005779125672607785,0.30699372872142605,0.612754052898226,-0.7072730831004983,-0.24836034954597005,-0.2636888104820001,0.99024903382511,0.12013113294684218,0.3186607457129189,1.8957380814476947,0.5385032670526244,-0.39146965853558086,0.013072230895373614,-0.7893032031262597,0.2624961315913957,-0.1697870813804997,0.7084574333243958,-0.6059643570439806,-0.6132883376826893
1.1392832022521955,-0.06302414168664797,-0.9941821206622954,-1.1036245938645879,1.251042644305076,-1.02937838479305,-1.5586466863556847,-0.896314359918666,-1.3426962557131203,-0.4679237669754139,-1.4222039078121018,-0.6302777181201644,-0.6022021850028885,-0.1711157297198203,-0.8445346092451921,-0.706389810940526,-0.3013298465860751,-0.8511953859768892,-1.490821082759867,-1.4163222481276228,-1.447285260174436,-0.3175906704094094,-0.8298325201145904,-1.0710066330278372,0.1561093757174539,0.09513677856361055,-0.4042422407249248,-0.09679690323139468
-1.0313751006570318,-0.9732257505572938,-1.0360401887179078,-0.2657046562303491,1.0241000619261502,1.2080103462998515,0.15244107839698148,0.09898569159591741,1.0708845153549456,-0.6990539963964955,0.43478846754111106,-0.7704624820920322,0.38918308707553656,-0.4037309321471049,0.6084861194462535,-1.6385417881408524,0.46795955204587597,-0.7380236073619668,-0.3598404295361005,-0.4785393698398048,-0.9621012299882573,2.467190290844219,-0.053816699806569064,0.6753574955775388,1.787180884492132,-0.27808717412573486,-1.204818806780878,-1.369406228056236
-0.5393592186642734,-0.9754015491427855,-1.5563313384768955,-2.252818870509534,2.1327074105561836,-0.8872853796885953,-0.7236090959523116,0.8372668278857617,-1.264205460470031,-0.7251035564111638,-1.5812297838893574,-0.3134256846473847,-1.5330922055071112,-1.0638232143727557,-1.462235304101181,-1.1523592506731144,-1.3629220905368469,0.5403900119465541,-1.457850401757795,-0.8405811277543119,-1.8824077154280412,-1.1198814524004013,0.6877907148699024,-0.9350406268601196,0.1277044989801907,-1.1768333991619881,-0.5225619230825236,-1.859652062928747
-0.22917529306014311,1.713258072678098,2.3423524379346414,1.1277169878472022,-1.4575975637928387,2.052279860260878,-0.2445869756539475,-0.11070505578310134,0.04078314195937878,-0.8324825951336918,0.9838149986074082,-0.42968738563503805,-0.363408648684081,-1.0064260347169536,-0.5007530634083989,-0.9870055892132104,-0.14826927009053364,0.48217295261765036,-0.7089196174630479,-0.3692761190578234,0.23983971402116053,0.0324651868930935,0.5046999998689181,0.18314609749554275,1.6461540480283434,-0.41773048916925865,-0.6579206251534838,0.15161447574417944
-0.05293442623961494,0.3194773229415643,0.6018137839148306,-0.2272274838873161,-0.28522336709859286,1.0838027859877977,-0.756225519409801,0.1145944023418774,0.05513724251879859,-0.9488787603436619,0.06281758064780435,-0.2727938331150118,-0.1714956269685905,-0.5804586056538323,0.42176763027212905,-0.035869295922756075,0.7440319060349647,0.12138165134266608,-0.16884077523462002,0.7190543031494198,0.3494947987831386,1.06581277166275,0.26730733080793423,-0.01809121383898089,-0.3208530292024118,-0.6552842440589015,0.1917912480399633,0.08202833107104478
-0.05293442623961494,1.2408316058852076,0.738022215482883,2.2822210930182374,-0.4340461210440025,-1.224204534204828,0.4848516838995941,-1.1876791665220476,0.9661185618833111,-1.1832010603063696,1.4754579077436198,0.2560737734363045,0.23129220498132275,-0.7309137851650626,-0.10302593139792982,0.5592641078846088,0.7682285082626841,0.348917107028607,0.997345981474898,1.1068783212942763,1.2214297894617259,0.42762865941536427,0.46590458918699496,1.303163220730024,1.1077692733978433,1.1999048332882847,0.9548576398522247,1.7083796395087327
1.467143050087444,0.9272317401379481,0.9070322578607292,1.2820230881492722,-0.7866628726737376,-0.4365253613882803,0.27731052239488463,-0.9623642513256784,0.17339757556955393,-0.26367980905593275,-0.4207558342168597,-0.1291091568726631,-0.22463635447034405,-2.1463145632075915,0.1282737161262939,-1.5030156700573858,0.1519761100717573,-0.7138226301767711,-0.8396331785013567,-0.09450503387004938,0.7478946221980411,0.512485501700656,0.271578205113899,-0.8463954963481218,-0.29377579907455503,-0.32522333662898606,0.18113507350488414,2.073160700643017
0.8478522263986423,0.30086918654580425,0.14320560987275535,0.6665424457225868,-0.19291863624077477,-0.40706203186210926,-0.266067757916066,0.8596864152439934,0.0821563106786587,-0.6375506234998304,0.7029510025932759,0.7356993996775907,0.15563146143522846,0.7667671002773844,1.543415972802634,0.6185293500217245,-0.7230733061850458,-0.6182023185749725,0.22328913974316375,2.1077007679335784,-0.5074738520926962,0.6315350065942962,0.0014655228602682671,-0.9669038107183734,0.09393134853380689,-0.5277107359897735,0.2787166948485666,-0.4532126007842119
0.8478522263986423,2.154763807786999,1.6334666049096658,0.9017022121334767,-1.2392468443095557,-0.5632244221604247,0.7169678568544897,-0.26806857205070705,-0.43907437976423497,-0.6209546120312753,-0.5417322003018229,0.34071923554526773,0.26209829634810883,-0.05754090309323267,0.48715604105847826,-0.27519714085399616,0.8631592581791513,0.1169980128303447,0.03365297406540946,-0.1807994424032326,0.21384094521270847,0.12595463122783476,0.1368921138250637,1.1973954542927154,0.37971164972221627,-0.23466040956408765,-0.6861758266248521,-0.028324369453307224
0.5870981953717789,-0.7403396405527696,-1.1206568843099136,-1.1050091936945954,0.7190410105225866,-0.03323384625302548,-1.0095245412110154,2.154705753009327,0.03836511878834041,-0.19199686596593216,0.32564985231331056,-0.04148937518222498,-1.233412108419795,-0.21320497961362014,-0.07792163281689475,0.36347310941880706,1.0484220575186733,-0.15913909433110943,-0.8394444865087636,-0.4109513446215346,1.2948778452755458,-0.7316762791609246,-0.8331624616820248,-0.7251736769296836,-0.6010618540309249,0.05127844130840464,0.21699371137832577,2.1167156372332316
2.263374109115903,-0.4681280700055281,0.0505412733682047,0.5735208308357985,-0.305769511798584,0.406443608889627,0.6051004007357403,0.17936888304147997,1.221587559933444,-0.6560748274284888,0.6786207185829692,0.6584011279934232,1.0033423351943942,-0.13506256808905256,0.13341185170619277,-0.19249580428737842,-0.14414872370586765,0.7221552635340358,-0.052128858905952355,-0.42527486486347954,0.3593980878230285,-0.24652951195609413,-0.010425483341902969,-0.5467997169914309,0.6288982286342453,0.04723305483272544,-0.5014053649212395,0.2332894820762974
0.5870981953717789,-0.1449559523991097,-0.38410607552475257,1.0612604585282888,0.4182693711059295,-1.5581077821326426,2.6037636858191675,-0.19064363387672806,0.9836578537867375,1.111178137591598,-0.31771395203991304,-0.05238568708575738,1.0307207766354745,0.2138605541925732,0.6355671860462823,0.3087938030641451,-0.6484555983232501,-0.7369848565692394,-0.6328624107025501,0.0026825962235993085,0.18959487023471552,0.06401592676787833,0.13167311214859137,-0.343670740992831,0.11460010272371264,-0.2974756848015946,-0.5494615145424098,-0.7297890676117151
0.5870981953717789,0.8809745503835806,0.7198072923869354,1.7326442139124423,-0.9083297508875533,-0.6489261034350875,1.117471532068634,0.28081657393624054,0.8403581071715097,0.11532208931720835,1.2552357951163464,0.5851211652208865,0.4930224791359512,0.7581079910629935,1.003154554919326,0.06919087771379812,0.8028303697076031,0.28300030453927183,1.437456504886721,1.0478334269749405,-0.2595946125844076,0.6497697942972505,0.20416270483332388,0.6550395333394311,0.38521544273579666,0.29949007651300263,0.7085649663937785,0.08597695682155236
-0.22917529306014311,-0.3972990293714878,0.2870267536768758,0.7496311013011322,-0.2300994986955162,-0.1343697773620958,-0.5882837081792245,-0.594681912647315,1.0587096977178558,-2.281307517988244,-1.6457695622956419,-0.1498298507445728,-1.0330583939257443,0.20398891033186292,-0.03462176415923177,0.43375613728034895,0.8165201986974481,-0.031216030371739943,1.2551362543715245,-0.4441396024828342,-0.9731743543821906,-0.5707322736176185,-0.8099720513527302,-0.09076008409478219,-0.4807620694758526,2.051193699235253,-0.7404785043790394,-1.068070439641832
0.35241956744760095,-0.8369527891586073,-0.672088000776661,0.016650522857331398,0.8743454079578863,0.16167532320160158,-0.48034357872506467,0.2965978032230378,0.36806762614975685,0.873132147758664,-0.055300198672720687,0.8393756603205199,0.6585474181931769,1.1769271432011275,1.1389677262085534,0.6273025894661488,-0.7211300480889877,-0.14555069162406556,0.4113135078333932,-0.18247915634860898,0.18784943595893241,-0.23410799650515798,0.8771850223178616,-0.39572608801013087,-0.29878711371483174,0.5900126703320197,-0.024977826297365228,-0.11017336826425621
