song_id,valence_mean,valence_std,arousal_mean,arousal_std,tempo,zcr,spectral_centroid,mfcc_1,mfcc_2,mfcc_3,mfcc_4,mfcc_5,mfcc_6,mfcc_7,mfcc_8,mfcc_9,mfcc_10,mfcc_11,mfcc_12,mfcc_13,chroma_1,chroma_2,chroma_3,chroma_4,chroma_5,chroma_6,chroma_7,chroma_8,chroma_9,chroma_10,chroma_11,chroma_12,label
2,3.1,0.94,3.0,0.63,143.5546875,0.06808894617787223,1800.444141327198,-138.77792,115.72034,-13.459589,28.933584,4.2488036,12.083774,3.440123,1.1037897,-0.37801158,6.9264197,-5.050406,4.974023,0.8405302,0.23250154,0.20217298,0.22227031,0.30768642,0.4721612,0.49534824,0.34334362,0.34037563,0.5407261,0.6626883,0.4693088,0.33280018,0
3,3.5,1.75,3.3,1.62,95.703125,0.024277897471005155,965.6738046754399,-245.03816,129.64636,11.065096,44.862827,19.510803,27.888992,20.369873,14.797477,10.218618,10.335734,0.38223863,0.6971476,0.6550124,0.43727717,0.36444405,0.3967492,0.46717274,0.57773554,0.4900108,0.4021448,0.45063752,0.4598291,0.43515855,0.39253128,0.44949737,0
4,5.7,1.42,5.5,1.63,172.265625,0.0673156109052835,1675.1374094707253,-104.9403,113.59895,-11.113584,35.52259,29.523623,11.210073,-0.7923139,4.643266,-0.52469033,1.8150637,-0.92962444,5.673686,-3.1649845,0.2765735,0.20929278,0.2375546,0.25173506,0.48524776,0.25401428,0.19048835,0.31786108,0.4426927,0.7556232,0.43130347,0.34377018,0
5,4.4,2.01,5.3,1.85,99.38401442307692,0.06411032135953608,1617.374647195676,-142.96272,116.62689,4.4800315,25.239824,-6.341499,-12.160521,-6.476308,-11.558755,-10.4340725,-12.519713,-8.767929,-9.102596,-14.052287,0.2524088,0.33452037,0.27566722,0.4322277,0.28955674,0.22839141,0.42615667,0.16034028,0.16726717,0.12934422,0.2987843,0.5224732,0
7,5.8,1.47,6.4,1.69,117.45383522727273,0.022921546963549717,1265.3552284488208,-150.70235,109.89432,25.223463,47.54203,16.30718,31.043226,7.6118193,11.738301,-3.2184477,1.4237013,-0.8437492,3.2432487,0.9676737,0.33553937,0.27821028,0.34077808,0.38032413,0.4274117,0.4459215,0.3775399,0.3649621,0.2819448,0.2714597,0.33418083,0.39042297,0
8,3.2,1.4,4.8,1.54,161.4990234375,0.032799620041215866,1196.7588735613338,-291.07843,134.77325,75.177475,32.590816,12.910183,17.76655,1.8213199,4.016536,-0.2520804,3.3429532,1.3359702,0.10702887,-2.7721643,0.35117528,0.29386613,0.36146632,0.39125106,0.5891352,0.32035783,0.23654778,0.35001743,0.36195585,0.41046116,0.46006244,0.5045914,0
10,4.0,1.67,4.7,1.85,95.703125,0.0760254660935085,1615.0668484937396,-267.08508,127.49353,8.400689,20.838123,22.413507,4.686922,3.501557,11.012337,2.530048,-0.5628085,-2.9831102,3.716753,-4.997895,0.31005263,0.28653106,0.3225968,0.23437305,0.26738295,0.18733634,0.23987661,0.2401476,0.2063448,0.38349193,0.2555645,0.20168357,0
12,5.5,1.91,5.8,1.89,92.28515625,0.07395234616499227,2100.0320899421745,-95.876045,97.57861,22.593195,33.11695,9.287279,10.38561,-4.73914,5.0202947,-5.153179,-1.8165413,-6.142434,-1.5889341,-10.294533,0.54832643,0.36654997,0.34258533,0.40748915,0.34283596,0.37931064,0.3068153,0.39086592,0.27304253,0.25498933,0.32797113,0.37509924,0
13,3.2,1.4,4.0,1.67,86.1328125,0.05194044629057187,1549.4074506264928,-197.4169,109.59203,9.102003,37.259678,6.1131,2.4614918,4.7324944,-1.617581,-7.152135,-3.4810266,-10.791312,-7.4711795,-11.56643,0.42546195,0.30260277,0.291918,0.2991118,0.14838581,0.29302412,0.20379075,0.2281356,0.18322523,0.22260894,0.35944667,0.33617944,0
17,4.4,1.8,6.0,2.05,107.666015625,0.06976434706658939,1902.2770119135785,-80.964935,101.837425,-4.5816154,39.01837,0.63296086,16.51885,2.2956598,7.6014166,-5.420253,-4.208149,-7.151135,-0.34022173,-0.97455525,0.34713483,0.32966492,0.40488577,0.2285061,0.22233199,0.32298428,0.38401228,0.5913648,0.4243405,0.2594958,0.31019047,0.28336102,0
18,4.8,1.72,3.9,1.37,92.28515625,0.08674627084943329,2179.635495943536,-184.69547,98.663315,18.290394,29.397089,-11.633429,15.319718,-3.9671588,0.5582306,-14.974388,7.7757573,-4.9304996,4.859579,-5.4315763,0.24409507,0.16630867,0.24256524,0.33863825,0.5189162,0.33319268,0.26258343,0.2421193,0.25428095,0.28468564,0.31404313,0.50430214,0
19,5.9,1.64,4.3,1.9,123.046875,0.06866543170103093,1639.0207573375794,-67.36325,139.20541,-15.406949,26.284483,7.890966,3.864345,3.2025013,3.6212578,2.8029132,6.574209,-6.652071,6.372441,-4.801351,0.37220654,0.34174812,0.43353936,0.5170272,0.44226944,0.4796336,0.24584794,0.28919443,0.4749887,0.4097868,0.57925016,0.39962268,1
20,5.4,2.5,6.5,2.11,112.34714673913044,0.11122040109536083,2207.6587384240556,-122.69153,90.393105,7.503728,46.314564,13.101661,5.3705983,0.56290704,6.6281543,-2.3802419,5.9619193,-1.9220048,2.0369236,2.6451278,0.3745108,0.3166131,0.4072932,0.36331418,0.3790786,0.25448877,0.26711652,0.35364547,0.35928425,0.5072063,0.35373634,0.30310228,0
21,6.6,0.92,6.3,1.42,135.99917763157896,0.07147119316718187,1668.4645268389977,-85.238655,118.40587,0.0006368284,22.948833,-10.737645,5.7620993,-1.7876868,2.970451,-13.419138,-4.4737315,-6.070029,4.9366183,-8.151047,0.17823556,0.17720345,0.30584353,0.7951527,0.26963633,0.20036271,0.21876644,0.22420861,0.08002196,0.19402993,0.5256707,0.20306401,0
22,4.0,1.34,4.8,1.47,99.38401442307692,0.07366377053801547,1584.1226617442887,-133.05272,134.36331,-21.863472,34.980694,10.512075,1.5529033,5.106872,4.5515,0.8002413,1.1780822,-4.220489,-2.745922,-1.5298531,0.3753155,0.35645434,0.48345682,0.36663613,0.4365016,0.35833743,0.35275623,0.48662725,0.5052649,0.62611717,0.28862303,0.32102004,0
24,5.3,1.62,3.9,1.76,95.703125,0.08144083470182896,2074.729322643467,-99.566505,92.03685,-12.129534,35.32308,-11.491461,8.6226225,-3.548745,5.5406075,-11.302999,-5.904124,-15.082676,-8.674537,-5.1338983,0.18969965,0.28117925,0.20165637,0.18957332,0.23606397,0.27671593,0.406653,0.24275862,0.26428032,0.29122147,0.38009384,0.2452002,1
25,7.9,0.7,4.7,2.53,71.77734375,0.10406151387815558,2306.5735745782717,-80.69896,84.8595,-17.650585,45.271637,2.2302427,14.147634,0.87282485,13.100031,3.6998043,1.9997115,2.5252488,2.6913548,-4.787385,0.33756477,0.3065498,0.3095313,0.3293091,0.43637806,0.5405671,0.605786,0.72171384,0.6035774,0.47789857,0.35264036,0.29731297,1
31,4.7,1.55,3.8,1.54,83.35433467741936,0.09375906088917525,2363.115424386191,-134.77518,82.444305,13.481018,23.750463,11.327714,25.37139,7.5810146,12.5986,1.1521517,3.1831641,-0.35163066,5.110436,-1.9086192,0.3326099,0.37813193,0.44753593,0.43663132,0.4392129,0.37215132,0.31962654,0.27532867,0.3061638,0.31450877,0.41536406,0.44266653,0
32,4.2,1.78,3.3,1.49,71.77734375,0.12626097374355671,1726.3187467118155,-75.759735,135.7999,-78.179306,31.274569,3.6351569,-4.195203,3.1033146,9.4332075,-11.403007,-1.665504,-3.3812408,4.2390556,-11.067678,0.6607865,0.32122993,0.3651993,0.30464268,0.38296545,0.23062152,0.2657843,0.26938158,0.23046462,0.30976188,0.1445835,0.23212728,0
35,4.8,2.14,6.5,2.11,95.703125,0.07021162376030397,1795.3971501995527,-112.34568,105.504944,12.813143,20.082058,1.1691506,20.368206,-1.3750619,-6.198045,-7.99051,-5.9950953,-8.228346,4.003048,-5.4488516,0.15882456,0.20247582,0.41550103,0.26179925,0.26149637,0.45578203,0.34142387,0.18254766,0.14320539,0.21461837,0.27641112,0.1936867,0
37,6.6,2.11,5.3,2.0,135.99917763157896,0.07797247503221649,1972.6545992430242,-79.925415,108.694984,-25.457579,40.99376,-1.2617263,3.1215274,2.6284366,6.147452,2.3730686,-0.53992146,-2.7072515,6.218893,-2.2810016,0.37259907,0.32508856,0.37568563,0.39378127,0.41775623,0.336515,0.35560358,0.3342782,0.42680827,0.47992575,0.57326335,0.6658982,0
39,7.3,1.85,5.4,2.37,123.046875,0.1592362888813756,2513.6184306147566,-35.678844,77.95766,-39.76151,34.346558,-10.526577,3.6874032,-4.22093,-4.3187523,-10.798982,0.8845934,-3.952042,5.709366,-6.074864,0.23220387,0.24492905,0.43397498,0.39181945,0.5340526,0.34749544,0.36503756,0.34689593,0.2815265,0.36447477,0.2835286,0.39852068,0
40,4.6,1.28,4.8,1.54,123.046875,0.0543164464998712,1550.257710207996,-185.59328,123.8744,5.900586,32.78373,6.9790077,9.747193,-2.9546716,2.8089774,-1.5715945,-1.0694821,-5.3304076,0.048652533,-1.7888687,0.3679155,0.29254746,0.34230226,0.34371862,0.369367,0.2557027,0.33466786,0.40619993,0.2729052,0.31235284,0.31379607,0.40943512,0
41,4.3,1.62,5.1,1.3,112.34714673913044,0.07600903068621134,1581.357541532158,-69.16498,137.58679,-29.863237,29.709656,6.5606546,0.8231716,-5.13839,-3.8790195,-7.304817,1.7469637,-6.3340235,-1.1219926,-5.8320026,0.35129914,0.6472911,0.356984,0.3864386,0.46443856,0.42953095,0.5820991,0.43232295,0.52939963,0.35003668,0.2138314,0.27144766,0
42,6.1,1.58,5.1,1.92,107.666015625,0.07428393806378866,1644.5498724827933,-82.11519,126.39826,-21.965641,32.59935,13.198444,10.199459,5.313785,7.4672136,-5.6930814,8.253882,0.25973585,1.6233137,2.4012966,0.3777871,0.35106218,0.51172,0.37145567,0.43400323,0.33614442,0.4914946,0.5775684,0.53195596,0.70941955,0.52850085,0.48377943,0
43,6.7,2.33,3.5,1.5,112.34714673913044,0.07917505637886597,1766.5420658467738,42.764454,124.889786,-34.087017,28.914055,1.1187695,17.89697,2.1227028,18.66099,-0.80282307,9.950472,0.67307884,4.3683925,1.1667193,0.4599411,0.6546954,0.5114653,0.52973026,0.42223015,0.32967216,0.3658826,0.29943082,0.4364217,0.3245657,0.38624316,0.4903114,1
44,3.9,1.04,4.9,1.58,117.45383522727273,0.06149147269652062,1655.2838364871534,-155.37285,121.95672,3.7037313,23.692884,-1.2699208,3.8570087,-6.0887213,-8.99883,-14.185078,2.4349394,-3.105124,3.900612,2.8722756,0.26741493,0.32375982,0.5555242,0.29590255,0.41483837,0.43583217,0.28560296,0.26662037,0.25783283,0.395217,0.28393126,0.23953226,0
45,5.1,2.43,2.1,1.37,184.5703125,0.07439081819938176,1357.2590485657095,-41.7696,183.70453,-72.16748,37.973034,0.8586962,-3.9814281,-1.3761433,9.381743,5.480871,1.7218323,-2.1568005,-7.9709888,-4.269144,0.3215716,0.20775361,0.28178984,0.29661563,0.37748486,0.41678724,0.38977233,0.26333386,0.3100546,0.52979594,0.3337942,0.4968217,1
46,5.3,1.95,4.0,1.73,89.10290948275862,0.07401764859858248,1816.1689175132738,-149.70393,119.27783,-6.784068,28.582865,19.732655,6.7831135,-8.189752,4.5158806,-3.7595572,-5.4028983,-5.820727,-3.8987586,-6.140325,0.29713222,0.58952636,0.6266426,0.31515625,0.25765938,0.2228625,0.33131707,0.3410056,0.32199574,0.35029534,0.30236825,0.2754765,1
47,4.4,1.74,4.4,1.56,161.4990234375,0.06332705782860824,1620.7787662028024,-119.37346,129.07516,-25.372,49.372368,8.805219,0.9933108,11.292657,4.884998,5.6987867,2.2580285,-2.962333,8.032683,-5.100664,0.4443024,0.28517976,0.29370147,0.37261295,0.59617484,0.44368872,0.49393255,0.3847525,0.26205808,0.33442935,0.41316056,0.57640094,0
48,4.5,1.86,4.8,1.78,103.359375,0.08693545626610824,1708.1402942883913,-125.709694,120.81621,-24.829306,50.16168,22.761112,1.372218,0.7929388,4.838976,-4.398055,1.4333277,-6.09923,1.0224968,-3.2950435,0.4260118,0.55933046,0.5504976,0.74997586,0.5137874,0.43927464,0.41714585,0.39891,0.46195918,0.432867,0.5011265,0.29664513,0
49,3.9,1.3,5.3,1.19,107.666015625,0.06672170836553323,1463.303809537843,-96.655464,142.80888,-21.124008,-1.6172687,11.29632,-4.38054,-1.3056363,-0.1665689,-23.250845,9.403006,-20.285261,-7.4738374,-8.979903,0.2025376,0.30135497,0.25893676,0.26644453,0.56584585,0.2872225,0.372063,0.4559116,0.37892252,0.43357104,0.16708691,0.1392532,0
50,3.6,1.02,4.8,1.08,95.703125,0.029202539364374034,864.4710998676333,-315.45404,113.65815,36.59808,38.17329,20.050568,15.615886,12.040208,8.947753,4.8500047,2.9377,-2.1346328,-0.5462267,-0.49184617,0.20979051,0.2945296,0.39370874,0.36064193,0.33574226,0.21432628,0.19872761,0.30449808,0.38303578,0.4492131,0.38488623,0.22683063,0
51,3.6,1.11,3.2,0.98,117.45383522727273,0.043918619455905104,1205.1689856586897,-197.31232,124.39683,4.6279273,48.64529,13.69588,29.071396,5.5448465,11.567165,0.83442694,0.8718663,-0.44004333,-0.8190908,-5.011047,0.42254,0.34100723,0.36634144,0.31744984,0.37934476,0.27229273,0.34729296,0.51226866,0.44425437,0.4424324,0.37935007,0.4642954,0
52,4.6,1.11,5.1,1.81,112.34714673913044,0.06727640190301391,1738.6942597052762,-8.532457,113.92738,-12.197437,33.688957,3.882236,22.116524,1.7133857,12.604111,-1.0726687,10.467797,0.29197067,-0.35901377,-0.00053362525,0.5585322,0.4193292,0.30076736,0.34064886,0.4135883,0.54600525,0.45680085,0.45505556,0.40585563,0.38283542,0.43467525,0.4241461,0
53,4.3,2.37,5.1,1.7,112.34714673913044,0.07612659389489954,1452.8196208616403,-157.07039,144.83315,-13.522108,19.716684,10.551761,0.032963954,-12.138087,3.2606652,-14.212698,2.5061958,-1.8395818,0.8786287,4.489067,0.2671473,0.40391856,0.42912626,0.4394903,0.6252969,0.36323893,0.38985053,0.30286348,0.4535964,0.3769067,0.23944835,0.40726274,0
54,3.1,1.58,3.3,1.62,75.99954044117646,0.04162673163659794,1257.744077736968,-205.64288,142.63547,-8.815357,20.96316,22.202942,9.983561,5.9260683,23.226671,3.7703197,14.8197365,3.5571244,-0.9845416,4.4803348,0.6249545,0.39049837,0.28729135,0.24586765,0.2964898,0.31982812,0.3440356,0.4468017,0.38098666,0.38722873,0.41940102,0.5574648,0
55,5.8,1.33,5.4,1.11,135.99917763157896,0.07457464159149485,1308.31070419898,-184.87825,163.2838,-55.916294,40.30181,-2.5672593,2.7918599,5.80816,-7.2792044,2.9349616,-10.431735,-4.9800477,-2.6299295,-6.6315265,0.18647142,0.40161368,0.23812199,0.22357325,0.1885416,0.29181486,0.4499276,0.23940255,0.20308964,0.26672652,0.33246788,0.23024711,0
56,6.4,1.43,5.8,1.4,92.28515625,0.113672428435729,2048.885297009409,-25.41714,109.09148,-19.087387,22.565603,6.712496,7.64969,1.3542414,-3.491569,-0.89727604,-0.1513671,-0.0152012445,2.3777587,-4.8413224,0.35707963,0.20091677,0.30029592,0.48019797,0.28398046,0.39237645,0.23288807,0.38555047,0.17238691,0.252239,0.58429205,0.34357095,0
58,3.3,1.55,3.4,1.56,151.99908088235293,0.059756312419458765,1625.6204671787416,-177.69382,94.586044,1.1028246,44.02769,28.953339,32.474262,14.525641,14.001741,5.445213,12.550594,12.308424,6.4639926,-3.5797396,0.4220532,0.32413065,0.26887736,0.35551128,0.39518353,0.31609517,0.35367325,0.28591713,0.3395883,0.28935733,0.420089,0.45835614,0
59,5.3,1.73,4.1,1.92,99.38401442307692,0.08999199621456186,1814.9816115543895,12.372054,125.42807,-40.640858,23.68067,-6.1744995,13.617804,-2.2968,11.18726,-7.737329,5.3342924,-3.5680647,0.9451741,-3.4793463,0.34149495,0.31045535,0.6252513,0.35020205,0.37753063,0.4020224,0.33210382,0.32944113,0.29150298,0.5165724,0.29076362,0.251903,1
60,4.3,1.49,6.4,0.49,99.38401442307692,0.07347639143804739,1654.7771665483506,-137.12688,118.025375,-20.819164,31.87097,3.0993066,18.612524,4.2301126,6.10538,-11.544488,-8.320123,-11.025064,6.9059677,-6.6112556,0.4083828,0.518798,0.6894597,0.3503055,0.42585757,0.35402933,0.31013268,0.31636798,0.29865164,0.48070985,0.32444045,0.3294562,0
62,6.2,0.87,3.9,1.22,151.99908088235293,0.13270256753928386,2008.7027591305455,-110.90763,119.56539,-65.01361,27.678568,-0.9784821,28.862144,-4.0095778,2.9463227,5.9720907,-3.1419256,-3.4874663,0.77156717,-3.169692,0.5960318,0.423071,0.48291877,0.41988045,0.33730978,0.2884166,0.40139395,0.47459993,0.4169492,0.35261098,0.26606843,0.36334035,1
64,3.6,1.28,4.9,1.58,117.45383522727273,0.07390161887886598,1868.4580556288981,-102.03148,113.685425,4.095791,23.835535,5.6705914,11.701951,2.350373,-0.5114294,-3.6221337,4.181381,-5.2116218,2.0018997,-3.669843,0.2766311,0.2031761,0.31078267,0.45445716,0.7331298,0.4192994,0.41546166,0.49468604,0.42426538,0.4860569,0.3108683,0.3405475,0
65,6.4,1.43,5.8,1.83,172.265625,0.10132666519007733,2113.8109988725546,-115.97453,98.36916,-18.120445,37.516655,2.8537216,4.5548043,-1.6586806,5.847206,-0.68446714,-1.4821674,-1.0909581,5.2083445,-4.135929,0.3534791,0.44166905,0.61251265,0.40830985,0.4572049,0.44624284,0.34416175,0.3321633,0.41297412,0.4457288,0.26583108,0.30182728,0
67,7.2,0.75,6.8,1.4,117.45383522727273,0.10459507623325605,2244.499461627995,-83.58054,96.112976,-18.216917,33.926334,-3.6743467,7.5896726,-1.3579451,9.216373,-5.574856,2.0889142,-3.732052,5.560767,-4.404994,0.36673117,0.38000897,0.41721785,0.39934182,0.47045842,0.34471682,0.32966062,0.34365478,0.4574524,0.5561352,0.4364336,0.43921518,0
68,3.8,1.33,4.9,1.64,184.5703125,0.06662032900244719,1494.0888403890717,-128.4168,131.71121,-11.422827,23.696821,0.8446589,18.390808,-2.298717,-4.9063225,-10.545006,-3.8762763,-14.447361,-1.8330607,-17.856611,0.15519705,0.10744899,0.26762113,0.58691865,0.24521038,0.14014764,0.1157887,0.22758335,0.33425167,0.29737112,0.756328,0.3536167,0
69,3.2,0.87,3.9,0.83,117.45383522727273,0.08333861612892839,1248.0905590172051,-350.88486,178.70905,-67.22179,14.799118,22.018164,-59.108948,-14.337192,-6.1045427,-47.535904,-14.130467,-7.9135537,-32.956696,-11.177708,0.16200447,0.20641924,0.31204402,0.27349433,0.49361643,0.34687287,0.21991965,0.23564108,0.33116674,0.5841798,0.23387736,0.120740004,0
70,4.4,1.69,3.6,1.43,117.45383522727273,0.0699910041537867,1883.9605844625958,-112.82854,105.36788,-11.960886,34.905064,11.295629,9.989465,1.045939,4.2629147,-5.0339193,0.9988481,-6.1086764,5.138409,-8.221914,0.2029477,0.36247027,0.53846127,0.42753708,0.3376748,0.25563228,0.29524687,0.35202378,0.3562847,0.53764266,0.3649395,0.24152847,0
71,5.9,1.51,3.7,0.78,117.45383522727273,0.0730884040753866,1817.8001233522446,41.69218,119.25659,-20.522957,16.813824,0.6344031,15.115124,-2.294939,13.476641,-3.0531018,5.21029,-3.0676422,4.03064,-4.0942736,0.46785256,0.25356945,0.2966034,0.32477057,0.3955675,0.27741972,0.26710683,0.32055706,0.2673735,0.38966987,0.28556076,0.3770025,1
72,6.7,1.73,5.6,2.01,143.5546875,0.1318942998132406,2677.4012350920707,-3.4018784,79.09472,-6.8057175,25.902887,5.7356973,4.681191,-2.6477897,7.826493,-4.369517,0.23967837,-2.2167516,0.5279716,-4.6211977,0.38268533,0.3463553,0.3781164,0.36696365,0.51420605,0.32400674,0.28357244,0.35189125,0.36033046,0.4677799,0.373319,0.40033796,0
73,5.8,1.72,5.6,1.74,107.666015625,0.06351706393289541,1534.310947737111,-152.15456,115.44632,-0.45556363,38.75672,22.31421,8.900943,-6.2403975,6.957767,-11.117162,8.502283,-1.9472858,-1.6027793,-3.9168239,0.32212347,0.2055142,0.24663623,0.24508096,0.4246797,0.23772895,0.25442782,0.33483627,0.2170467,0.16495699,0.2678269,0.48800886,0
74,3.0,1.67,4.3,1.42,117.45383522727273,0.08595461501288659,1670.7517414669971,-308.28543,111.74003,13.6149645,15.69998,13.144098,-1.3366477,-8.074001,-5.4633207,-10.388653,1.8482457,-5.1335735,-3.654699,-1.679981,0.42939064,0.37203005,0.3453156,0.3459293,0.3666188,0.3755821,0.4057528,0.35216883,0.360716,0.3755901,0.4223608,0.46959537,0
76,4.3,1.42,3.2,1.83,198.76802884615384,0.02266128382731959,718.1738319244719,-138.11256,198.55713,-11.208658,30.528048,25.941011,2.6311996,3.0130844,7.033313,6.0260344,0.8066497,-0.99326026,-1.327058,-0.80354375,0.35382792,0.48663318,0.5911537,0.5317341,0.4127804,0.4928629,0.48234662,0.5666107,0.5627946,0.41504243,0.32997206,0.39793557,0
77,4.2,2.04,2.9,1.14,123.046875,0.08790245449420103,2030.7122759508459,-19.221756,108.20098,-15.89356,15.276985,-8.752624,16.30173,-12.41867,7.16662,-9.688792,1.9221643,-5.9365296,-5.2979116,-3.771006,0.3129428,0.3003868,0.6009417,0.29208273,0.20366196,0.3199472,0.35680932,0.49951473,0.31533352,0.30996472,0.30232614,0.28188705,0
78,3.4,1.56,3.9,1.92,99.38401442307692,0.0428295646746134,1429.0328149498355,-291.34842,116.071945,35.670113,30.200148,16.502636,7.4722686,14.063911,4.349279,5.154485,-1.3434383,-1.0794629,0.035564117,-8.675608,0.30645236,0.42041034,0.44829398,0.26304954,0.17290604,0.13583969,0.17214654,0.28854525,0.44207668,0.46750888,0.3012424,0.25700974,0
79,5.5,2.11,5.5,1.36,151.99908088235293,0.12375966494845361,2579.5529787865266,-132.11023,74.93961,-11.816385,39.548626,2.2551723,8.499049,1.8493245,4.110214,-11.434457,13.048774,-10.716346,7.2470846,-0.7187382,0.4394682,0.3674085,0.52765536,0.43684703,0.3642676,0.50244755,0.38182878,0.3021142,0.2749847,0.31687072,0.32593518,0.34582692,0
80,6.0,1.34,5.1,1.37,83.35433467741936,0.08120663076378155,2113.97259919361,-102.95764,97.26428,11.536253,33.759212,4.542971,13.971693,-8.864016,10.232655,-6.5438957,1.6792737,-5.5509195,-0.84653276,-3.8388028,0.43996474,0.33008817,0.3323319,0.34194192,0.5414909,0.3253741,0.33959216,0.51782364,0.5527122,0.6842762,0.43194935,0.35554272,0
81,6.1,1.92,3.9,1.7,123.046875,0.08707741019652061,1992.6919860408389,2.8160918,101.98561,-10.780617,35.32533,3.2007551,20.254465,5.5888867,16.611855,0.81264347,9.169441,-0.7476521,0.050163064,-1.0666785,0.36352617,0.2732804,0.3287489,0.31671935,0.47277328,0.31743163,0.28455278,0.3876044,0.5105808,0.55280304,0.42126054,0.50229096,1
82,2.9,1.45,3.5,1.63,63.02400914634146,0.04697466978092783,1610.4571465830334,-231.59375,106.624466,63.59156,25.768143,0.3705793,11.036427,-0.08128876,4.585121,-10.469729,6.43793,-7.4818263,10.31773,-8.857948,0.3515191,0.25501183,0.16177134,0.21297708,0.3321206,0.2056974,0.10000535,0.124915875,0.1994804,0.21807808,0.29611933,0.51609993,0
83,6.1,1.04,5.8,1.72,129.19921875,0.1433216212951031,2498.1446376328367,-148.7684,87.44952,-34.598507,39.379787,-13.052274,4.111579,-9.451184,10.514751,-9.772963,-4.343691,-4.3680754,-3.8119786,-4.4342422,0.3515146,0.4879276,0.28411597,0.33200732,0.43342397,0.42016813,0.6330785,0.3323882,0.29198858,0.36429486,0.360742,0.46261403,0
84,5.9,2.02,5.6,1.74,161.4990234375,0.12721952883500773,2413.8653958095197,-56.065834,85.32494,-18.028217,42.877407,7.1433682,-0.61307484,-6.0827084,6.2537584,-10.066597,4.4935207,-3.4923983,6.8601556,-5.33342,0.32507747,0.33721972,0.3320555,0.35056728,0.51618415,0.42628208,0.39063618,0.40428448,0.42466867,0.5377527,0.40659314,0.37575284,0
85,7.1,1.14,6.2,1.6,161.4990234375,0.09651029921069587,2278.0039507642755,-101.27238,94.20578,-4.618722,24.922697,-4.524914,8.789612,-0.41968957,12.233549,-4.190643,2.0533497,-6.018831,7.397584,0.06730325,0.44779825,0.46031448,0.6321902,0.52050054,0.61348677,0.53151655,0.37048224,0.28010076,0.3041427,0.29842025,0.32724306,0.5678534,0
86,5.4,1.62,5.6,1.2,99.38401442307692,0.12741373446354973,2918.633550494584,-106.12474,69.51735,23.406126,20.47666,14.145389,19.872362,3.4382777,8.206799,1.2122933,4.6796336,0.6815918,5.5910263,1.4599289,0.36058617,0.37173522,0.48867807,0.46846873,0.59050274,0.55096996,0.40942827,0.32326707,0.37158498,0.4739658,0.47801703,0.47011846,0
87,5.3,2.45,2.6,0.92,95.703125,0.05631133074124163,1135.1579267959844,-60.245823,194.70325,-52.923668,26.32654,12.521933,-2.5365589,-5.8032675,9.761575,-0.622439,2.3885083,-4.261562,-4.9746494,-2.4929407,0.4020757,0.3051486,0.2610247,0.3779529,0.6153088,0.38173783,0.23486325,0.29823267,0.38410974,0.43907356,0.35400608,0.45493212,1
88,6.7,1.73,5.5,1.28,129.19921875,0.06627839078608247,1981.9738624442934,-59.070652,98.456406,3.0271451,41.382366,17.119293,15.802072,1.8185202,10.074579,1.093821,9.73434,4.4431353,2.7136421,-4.2716594,0.35422614,0.24577774,0.31473053,0.39770317,0.63787735,0.4918177,0.34945813,0.4685098,0.47813913,0.5233859,0.47757992,0.5338732,0
89,4.5,2.29,4.8,2.04,83.35433467741936,0.06490015013201958,1530.8961280875562,-145.42378,130.03775,-28.930574,48.555428,13.531244,6.1171603,1.3814348,1.1955903,-3.093019,0.40963173,-3.955878,-4.8168263,-5.454657,0.27325442,0.5875205,0.9361372,0.4038486,0.4234159,0.5203856,0.19563952,0.12465556,0.1690462,0.26569736,0.16297813,0.1573072,0
90,4.3,1.73,4.2,1.72,99.38401442307692,0.046859151613214835,1544.0556300447056,-197.5187,106.51092,7.1426873,20.688986,20.574625,17.948706,11.477924,12.780588,12.963979,10.895952,2.3380306,7.58328,6.167701,0.5133296,0.3733413,0.35752282,0.23607501,0.28046906,0.3104891,0.53246456,0.4315563,0.3647564,0.40667772,0.49225295,0.69149655,0
91,4.5,1.43,5.5,1.2,117.45383522727273,0.09747965369010819,2405.9817774453386,-268.75394,87.4742,35.807446,27.14379,0.22721879,18.859713,-1.569335,5.781536,0.5112684,3.601674,1.0536878,0.7855991,-2.734891,0.37347656,0.40592048,0.39429355,0.3925519,0.44492397,0.5127394,0.7326394,0.6856496,0.5334235,0.48732033,0.46954605,0.40195054,0
92,5.8,2.18,4.7,1.79,103.359375,0.0924416276242916,1922.207388432556,47.437508,120.627594,-24.201422,23.116169,-4.6229973,-2.7201712,-10.97237,4.204631,-7.035297,-1.4016093,-12.253041,1.1634661,-2.0770338,0.34767932,0.35399696,0.3521846,0.33160204,0.3662678,0.24374457,0.29905334,0.28579,0.4416745,0.5345581,0.34116298,0.5445428,1
93,7.2,0.75,6.0,1.73,89.10290948275862,0.0960261302163833,2270.5006114706935,-72.853455,93.86507,-0.50722885,26.311617,-10.281324,-12.079274,-3.8171644,13.170511,6.587113,0.3709889,-14.593877,-3.797767,-4.4457383,0.3329994,0.24735051,0.336968,0.29588646,0.36171085,0.24590617,0.25035232,0.37385902,0.43980223,0.5882424,0.4286917,0.50443554,0
95,3.3,1.85,4.6,2.2,89.10290948275862,0.04988719973596085,1309.6821814534712,-301.0245,128.20639,1.2598894,31.102684,4.285088,8.030192,-8.253511,4.844744,-2.4349396,-2.582469,-12.784984,-15.357929,-14.333541,0.28055808,0.21918844,0.4352113,0.20937857,0.15690447,0.24372466,0.32744926,0.7441888,0.36713558,0.19696945,0.12736194,0.1813879,0
96,6.8,1.33,6.9,1.3,151.99908088235293,0.09286274190172591,2574.3900037846956,-178.27953,85.074394,19.16996,18.696806,2.5306501,15.496488,-7.919125,-1.4273058,-10.617308,0.1568901,-7.28304,-1.3031864,-4.783686,0.30750042,0.39956003,0.5220718,0.2901428,0.26771522,0.4194292,0.37824264,0.2211691,0.26387686,0.4785555,0.24952646,0.21014321,0
98,4.3,1.73,2.7,1.42,151.99908088235293,0.11026100028979907,1710.0849901906563,-71.14881,136.64977,-57.70702,33.705273,-15.592825,15.766466,-10.736115,9.605986,3.073509,-0.26716438,1.132674,-2.9009802,-3.3171892,0.33504927,0.24525529,0.33446345,0.28898412,0.40903077,0.24701057,0.4001825,0.6760055,0.40181616,0.41034052,0.26149,0.39849326,0
99,4.3,1.85,4.1,1.97,123.046875,0.08851935003221649,1855.8586776924824,-90.46384,119.14538,-19.508461,23.394897,6.2896314,2.9983099,-2.1068494,-1.0904697,-7.5255084,2.8287435,-4.172218,-1.403603,-0.72796285,0.4974897,0.41308185,0.6044569,0.38146457,0.403218,0.37789902,0.28487143,0.43668362,0.412261,0.52698195,0.28325805,0.29784024,0
101,3.4,1.62,2.8,0.87,161.4990234375,0.05676892146445131,1221.154298793561,-400.2022,122.38466,10.509915,11.068235,0.60683674,-15.464268,-0.18872082,-10.909771,-16.710651,-13.252549,-18.584782,-16.18575,-21.476728,0.6698626,0.23641033,0.14229767,0.15009062,0.06851735,0.08458808,0.24306291,0.50540614,0.1629305,0.16967972,0.18367277,0.37367165,0
102,6.5,0.92,5.4,1.56,161.4990234375,0.07361475037029881,1412.4853488474396,-122.07741,159.96228,-66.2826,68.285286,9.876432,8.340689,-8.219138,1.2952346,0.7904091,-13.8821,6.6940646,-10.986989,-5.594909,0.2260278,0.3165664,0.52784425,0.34350267,0.3298521,0.34302908,0.37963295,0.22325712,0.18653914,0.44397694,0.30337757,0.27892727,0
103,5.6,1.91,3.3,1.79,99.38401442307692,0.03206531145350335,1046.4992212350674,-76.31377,176.86476,-25.840006,37.31825,10.053528,5.4973226,0.0020875847,3.2082517,4.4206867,1.7647823,-5.225306,-2.4696681,-5.996302,0.29675856,0.40415093,0.35681653,0.41292846,0.61521983,0.54221034,0.4257889,0.34915125,0.40577993,0.4786429,0.39218745,0.31723353,1
104,6.1,1.81,3.3,1.79,107.666015625,0.08384023014876352,1865.9459506564585,-29.240532,118.13147,-27.821693,32.13295,2.3008707,0.2246773,-0.02584592,7.2054,1.0103437,2.8956928,-6.557675,-3.0496466,-8.742371,0.28942606,0.2827667,0.38309067,0.26016602,0.40022513,0.44527254,0.4485276,0.78740305,0.4452117,0.34222305,0.24578637,0.29400337,1
105,6.5,1.43,5.0,1.41,107.666015625,0.09548954912094282,2118.0754905732038,-73.19708,99.68618,-16.372406,40.368343,13.987879,3.0838535,-7.1450396,8.112856,-1.8499712,4.136448,2.740931,2.274718,-3.1999767,0.35214892,0.35380158,0.47179678,0.36761248,0.35072973,0.39796102,0.46459237,0.6916861,0.48657322,0.3601821,0.31989497,0.30801046,1
106,4.6,1.5,3.3,1.19,143.5546875,0.08341051868556701,1817.1251430820012,-157.0883,107.530815,-12.330961,25.152391,19.853802,6.446143,-2.0819013,10.85349,-10.833173,-4.9250817,-8.407648,-15.048094,-10.7885275,0.27928388,0.218517,0.2654581,0.21232116,0.25801197,0.17326759,0.32373062,0.26820165,0.1950448,0.3559828,0.35696292,0.60149443,0
107,6.0,2.0,4.8,2.14,117.45383522727273,0.08989962548324743,1724.7788729919232,-24.303679,136.62318,-37.87623,29.237211,-1.9192758,5.0268683,1.8172611,2.0732226,-1.5466002,9.307345,-5.1438346,5.848669,-2.9540327,0.31184447,0.2850914,0.43611434,0.36583045,0.45903847,0.36277944,0.43237543,0.6250221,0.29595596,0.29844776,0.31797588,0.51740617,1
108,4.5,1.63,4.2,1.94,117.45383522727273,0.1487579895994333,2850.7180280857438,-120.7127,64.546715,-23.340672,20.327333,0.31533208,-5.943295,1.1537375,0.6857704,-6.0288982,1.7776033,-9.561701,-2.0566196,-8.360183,0.35133356,0.61428493,0.41050887,0.32663286,0.32217357,0.41466242,0.3654084,0.30363682,0.50826585,0.40026903,0.39783624,0.28455237,0
109,4.4,2.24,4.5,1.5,161.4990234375,0.055471015222293814,1310.4266454929261,-88.1412,147.8171,-9.375468,11.842522,-0.7532103,14.531268,-6.0338554,4.098404,-3.2431395,-4.1334558,-9.203096,-7.7729673,-10.198165,0.28348082,0.20575745,0.19860566,0.2714846,0.25781128,0.45733258,0.29116273,0.2595383,0.17986697,0.1761494,0.45582023,0.23581584,0
110,4.4,1.8,2.8,0.87,99.38401442307692,0.06345617549935567,1198.7559917818319,-33.914955,166.12657,-32.824387,32.731506,10.60846,16.645462,-2.0366313,11.608362,-2.708858,3.4016435,0.5652632,1.9137444,-3.3929486,0.27772707,0.20431946,0.3041432,0.3411924,0.6283642,0.39258176,0.24910626,0.27140084,0.35028228,0.5064469,0.31242847,0.340139,0
111,5.3,1.27,5.3,1.42,184.5703125,0.09657045344716494,1305.9174306923005,-296.10938,226.74037,-112.60065,-22.30356,22.101944,-65.71036,-20.87505,3.1442387,-43.989418,-10.850756,8.63583,-23.18958,-9.861884,0.215402,0.29184663,0.4962827,0.30118686,0.72065884,0.49219435,0.41452178,0.34993547,0.26606476,0.25505024,0.10885703,0.17435247,0
112,6.8,0.98,6.4,1.56,129.19921875,0.11846634383054123,2343.1501121341885,-15.897514,88.185875,-23.243576,30.344225,-5.97415,-4.7470317,-9.201663,-6.5132456,-11.447557,1.2500451,-7.402541,3.7489433,-6.5633135,0.25184253,0.34285438,0.41203067,0.44424573,0.6056815,0.30935717,0.31655046,0.30191717,0.30871394,0.25406522,0.2704728,0.36589664,0
113,5.4,1.28,3.8,0.87,99.38401442307692,0.07740415592783505,1589.8129948843257,-61.69806,132.30312,-29.606783,49.572903,6.1663194,11.993451,5.754418,5.9508595,-2.38543,5.273658,-1.3955011,4.6595645,-1.0045732,0.36030108,0.44718564,0.68723327,0.46628276,0.46271202,0.5276445,0.58408886,0.5887361,0.45309168,0.48409086,0.3902572,0.35790503,1
114,4.8,0.75,5.7,0.9,92.28515625,0.06883935043492267,1615.9637295947434,-188.20668,116.31559,-9.7291565,33.17826,1.4361464,5.815802,0.3169281,-3.1126437,-0.11748022,1.4686931,-2.7165084,-0.37973002,-1.1351789,0.33938408,0.4594399,0.294388,0.44347492,0.21313262,0.18587454,0.36243653,0.24307415,0.33885172,0.21021381,0.29043674,0.3912348,0
115,8.4,0.66,7.8,1.17,129.19921875,0.14195777386012365,2505.0626790472447,-21.019844,81.95928,-29.798668,23.819347,-4.7782893,4.6796837,-4.452694,-3.3291774,-7.623213,2.4567783,-6.9611764,4.9086237,-5.135479,0.36018246,0.41186276,0.4029614,0.44189033,0.37380487,0.40091997,0.5495447,0.38062182,0.3488967,0.37122083,0.4243648,0.42734033,0
116,4.4,1.56,3.9,1.22,151.99908088235293,0.06558263701056156,1942.9780293871356,-77.91689,102.83647,16.70017,35.99003,2.8549566,7.8736887,7.339782,12.996149,-0.7660368,6.1480966,-2.3855057,0.67658424,-4.52757,0.4357023,0.27743483,0.23241712,0.23215808,0.35300943,0.28061682,0.21489315,0.23383015,0.38096714,0.59003323,0.38712242,0.39999455,0
117,3.9,1.45,5.0,1.73,117.45383522727273,0.06612953213549716,1345.9514710581216,-309.37592,141.12238,-9.897267,23.742756,2.1581235,-8.2485075,-5.4423213,-14.662315,-16.963215,-7.6818748,-22.034754,-11.364231,-12.392657,0.2767232,0.4592386,0.33758083,0.36326274,0.22665091,0.16948248,0.21604688,0.1401955,0.20166704,0.26508468,0.3474272,0.24171852,0
118,4.9,1.92,4.6,1.85,161.4990234375,0.07098844627447193,1796.28260314672,-153.94211,112.58388,0.9968862,29.842514,11.386997,15.576545,9.911289,15.780689,-1.5687146,8.199353,3.1153982,4.5430994,-0.5664793,0.5214931,0.45240918,0.46085313,0.518886,0.6371635,0.60550195,0.47808766,0.45092043,0.4987336,0.5145976,0.52656037,0.5723874,0
119,4.3,2.28,3.2,1.25,80.74951171875,0.13450475552228233,1592.093320576252,-174.48056,156.86563,-76.3471,28.417912,20.824387,-13.007994,-0.1248701,5.469876,-8.686218,0.7845989,-8.108286,-5.2787004,-3.0722682,0.31784135,0.5134959,0.33184284,0.4116303,0.22859871,0.25437388,0.27757192,0.34473056,0.5983631,0.3029023,0.35006204,0.30730775,0
120,3.8,1.6,5.0,1.61,103.359375,0.07912219055899021,1711.458407270081,-264.53772,110.57665,-12.957787,18.543642,3.329966,2.031928,-0.12038573,4.4909534,-7.826562,-7.3886647,-13.508848,-7.3814692,-12.77912,0.18165489,0.3026405,0.7040288,0.36534488,0.15756702,0.2396902,0.2916939,0.5350606,0.31956375,0.2082169,0.27400175,0.19103958,0
121,3.1,0.83,3.9,1.51,99.38401442307692,0.09762101320876289,2615.0461742953994,-259.615,55.981323,9.278052,33.340714,-7.3687882,-0.2795523,-7.117853,12.339118,-1.8454152,1.1297034,-19.700985,4.366487,-3.581556,0.29314554,0.31279325,0.437115,0.45296752,0.2932264,0.14792417,0.12963565,0.15532961,0.22895491,0.35583222,0.29152477,0.2665707,0
122,5.5,1.91,4.6,1.85,83.35433467741936,0.08160887791409067,1743.5130083381277,-4.7999873,121.87299,-19.823608,26.085358,3.3092058,17.508207,-0.03029298,11.478954,-3.9465635,5.139558,-2.6209316,3.306448,-3.023309,0.43844926,0.3016055,0.37443605,0.31474045,0.42779237,0.26285824,0.2711429,0.4676356,0.35257775,0.40129125,0.2910303,0.39281934,1
123,6.1,1.58,6.2,1.47,117.45383522727273,0.11458433958011334,2381.7446042981896,-91.44402,85.175995,-10.105402,46.219677,0.7402121,14.055247,7.6385016,1.5347087,0.88123024,4.8221,-1.8307189,2.3698647,-2.0131135,0.48624453,0.41278735,0.572429,0.5625802,0.3253622,0.3107957,0.28586334,0.3912934,0.26167142,0.2991381,0.47127685,0.3753273,0
124,3.7,1.27,2.8,0.75,69.83741554054055,0.06765237395296392,1250.1485058583237,-105.30701,165.54079,-35.84877,-3.5959759,2.4760897,-3.160496,-8.091534,6.8659506,-13.666514,6.588417,-5.683581,-2.6304045,-6.1666307,0.21126007,0.17951693,0.17620644,0.2579223,0.4740873,0.23826967,0.26743972,0.44496122,0.48292828,0.47850397,0.2996384,0.43215004,0
125,4.5,1.86,4.2,1.33,69.83741554054055,0.059435657619201034,1252.638203879821,-119.08816,149.5201,-5.0556073,33.093273,-0.5767921,24.938536,-2.251303,4.726897,-2.8848853,-0.23803356,-2.5465941,1.172368,-1.1228104,0.27854437,0.28096357,0.37788525,0.2913666,0.301941,0.25872767,0.2673576,0.2670667,0.28105685,0.45299158,0.27223465,0.32580897,0
126,5.1,1.64,6.1,1.37,161.4990234375,0.06197826104456466,1426.4949397333905,-147.42049,135.98965,-10.541362,23.970697,9.645639,0.75760454,-3.4805503,3.037979,-2.763839,2.336368,-4.2716575,8.22914,0.9680806,0.18132819,0.31404856,0.18605258,0.24741153,0.32483613,0.23198494,0.41561067,0.32796714,0.2416587,0.19045421,0.286793,0.40360793,0
127,3.0,1.84,5.3,1.68,198.76802884615384,0.04978682661965482,670.5434726913413,-343.19064,175.16191,14.829632,-13.749343,-1.2675546,-14.808893,-24.565434,-23.676622,-20.520588,-14.012761,-3.2131317,4.512471,4.225826,0.49062318,0.14904387,0.21105139,0.11197111,0.27742794,0.22011594,0.09870895,0.24959132,0.11133534,0.27024004,0.11220761,0.35822746,0
128,3.6,1.43,4.0,1.55,129.19921875,0.04013188876545595,565.9487751157277,-284.9878,231.68384,13.332794,-11.445518,12.968282,-9.753309,-10.50757,0.14697416,-13.569432,-20.714542,-6.745325,0.616529,-6.321474,0.056888685,0.16356015,0.370387,0.18054573,0.37617823,0.44611445,0.1367018,0.15650582,0.21813259,0.54895437,0.23013486,0.05810135,0
129,4.2,1.72,6.0,1.67,103.359375,0.05399117722823287,1338.4524948683447,-205.19197,135.0975,23.352392,4.2404666,6.269752,9.289372,8.520884,17.854948,1.1820407,2.6360385,-0.60843,5.8678045,3.2456543,0.43453413,0.2974756,0.46055803,0.24349645,0.32626382,0.27912682,0.21679051,0.39130366,0.21521226,0.24939287,0.2934736,0.27937394,0
130,3.3,1.42,4.2,1.33,99.38401442307692,0.0430090206185567,931.3992091341734,-410.3085,135.54852,25.723997,13.797111,11.325618,10.653255,8.476278,5.055304,5.276194,4.2190895,0.05290433,-2.928075,-5.6088696,0.5178314,0.20714533,0.17360666,0.15496722,0.22782001,0.20441979,0.23142895,0.3675421,0.2758734,0.38770446,0.45310527,0.6107402,0
131,6.1,1.04,4.9,1.64,123.046875,0.06416760247617208,1625.9089489182038,-164.38719,127.73411,7.1566453,28.556181,8.728537,1.8314674,-1.5807856,4.350585,-2.868146,4.5194964,-3.2230027,-0.17368574,-1.1202923,0.46239373,0.31210074,0.33949673,0.42681295,0.45138568,0.7522621,0.44343024,0.44671425,0.37300515,0.33187926,0.41802573,0.32021528,1
133,2.8,1.99,2.2,1.17,151.99908088235293,0.04246108851481959,1083.8170122387041,-183.82819,162.57964,-20.030931,20.54318,-3.7527676,5.123469,-7.7803965,-2.8900244,-10.532325,-6.134856,-6.1741805,1.3547115,-0.72523683,0.16905053,0.097024836,0.068144545,0.097863115,0.1497585,0.20510717,0.17006165,0.11613377,0.6052171,0.5513275,0.30056146,0.5281893,0
134,5.4,1.74,6.0,1.18,184.5703125,0.08319723845633693,1721.1569992738393,-194.85072,118.319565,-25.060684,25.833418,5.36215,8.993375,8.686136,6.609412,5.3352795,4.793374,-7.3400993,-5.2399945,-5.192843,0.24717237,0.41845188,0.38437787,0.24493773,0.3506335,0.34047684,0.5492529,0.34437227,0.41079715,0.6142329,0.2993466,0.25434074,0
135,3.7,2.24,3.5,1.43,117.45383522727273,0.0896676568134982,1690.4252404495815,-384.1877,94.16089,4.519822,21.21673,6.9772453,-0.91399795,2.8105986,-15.512025,-15.089435,-3.955562,-14.725238,-1.8570409,-4.09797,0.16432723,0.2904122,0.26208445,0.13023016,0.15190057,0.15141708,0.34008813,0.17417221,0.079552375,0.11201369,0.19845265,0.2860145,0
136,6.8,1.33,6.2,1.08,123.046875,0.10577279317010309,2545.6690425587553,-84.832794,81.75741,26.25761,26.807442,6.086591,13.114758,9.80071,9.858525,4.134671,6.250762,2.9213924,1.6226214,-2.1248147,0.34431043,0.4076799,0.41507193,0.55842805,0.4242894,0.35668886,0.3031091,0.3339624,0.51790684,0.5587715,0.57754636,0.35420287,0
137,4.3,1.68,5.8,1.33,95.703125,0.05242479461984536,933.832122306863,-510.3656,168.22087,-26.125727,18.403568,8.961546,6.811588,-3.9051042,-11.46284,0.99447405,1.4566977,0.37825528,-3.896279,-4.1154213,0.32067737,0.11918155,0.10250655,0.110377274,0.17250462,0.20202929,0.17646813,0.45978406,0.24987906,0.14960442,0.1025672,0.23602001,0
138,3.8,2.64,2.4,0.92,95.703125,0.039312300763137555,724.0050928028734,-294.6359,184.8882,-8.17001,12.76131,9.140911,-3.4085364,-0.46466666,-10.739876,-5.377641,-3.424182,-6.808506,-5.1396427,-8.794772,0.5310632,0.26544625,0.22889763,0.30554292,0.3185066,0.2821602,0.40715158,0.35410216,0.22145198,0.1873298,0.293307,0.58003247,0
140,4.2,1.47,4.5,2.01,99.38401442307692,0.04243468452150953,796.4992477790578,-215.9813,209.19734,-42.711014,36.05652,15.517298,4.917726,5.6157293,7.0212398,2.0597124,-9.846179,-0.22626713,0.2055948,-0.13021776,0.51738614,0.4902272,0.62979853,0.3995443,0.33123645,0.26412392,0.47721627,0.35908368,0.20062687,0.29816893,0.27653626,0.45235,0
142,4.6,1.8,4.8,1.72,95.703125,0.058746699510561565,983.0009899025432,-234.33243,176.95702,-41.314423,27.465277,-5.2315474,-9.560917,-10.622565,-19.91148,-15.792082,-13.323356,-4.2582855,-4.3562617,-9.410577,0.29614112,0.19436358,0.45689723,0.20878808,0.40962937,0.26009202,0.1964909,0.36793965,0.16164121,0.20571753,0.13370103,0.37987438,0
143,4.0,1.73,4.9,1.45,129.19921875,0.06402978012242268,1181.0488827428512,-361.9426,153.01778,-54.034588,40.92918,3.9900022,-8.134044,-5.8272653,-11.175037,-11.307691,-8.271036,-8.8932905,-9.269759,-4.529577,0.14008307,0.20170113,0.42817304,0.27710846,0.14545406,0.1456069,0.20545816,0.2670325,0.20861097,0.48648968,0.34729293,0.12648767,0
144,3.4,1.11,4.7,0.9,117.45383522727273,0.08322602891430413,1595.4671967895304,-225.90323,118.541954,-20.04815,26.787352,-6.9682045,-3.5708253,-7.0887837,0.25947386,-3.4625695,-0.6684233,-8.7683935,-7.1197114,-9.026889,0.17522857,0.121882424,0.2707429,0.13830934,0.2370203,0.13733907,0.2531379,0.6801489,0.31113607,0.24973851,0.10247682,0.25734326,0
145,3.1,1.92,5.4,1.91,89.10290948275862,0.05519137807509016,858.6077533131065,-347.11063,173.70735,-9.308792,2.7199385,1.7542604,-12.077285,-10.970579,-13.243622,-22.484499,-19.513004,-18.03936,-8.368308,-4.835699,0.090458184,0.3872403,0.30067104,0.18324074,0.33233905,0.16830112,0.2539423,0.09367902,0.2424168,0.278072,0.217767,0.16764802,0
146,2.4,1.8,3.5,1.91,40.374755859375,0.04259365320082602,555.5564117884098,-396.89005,141.00938,50.089455,3.5264192,-7.299321,-14.057331,-18.434301,-18.053677,-15.047313,-9.5351715,-3.3132474,0.096790984,-0.10388612,0.17296551,0.2134853,0.15977061,0.4410217,0.14128271,0.21304026,0.06474214,0.1201456,0.22185011,0.08028046,0.15090035,0.065463796,0
148,4.7,1.19,5.0,2.05,117.45383522727273,0.12655847293814432,2618.9788021815507,-50.149506,76.9639,6.087658,11.085715,0.5245483,-1.7605433,-6.9615655,-9.239363,-6.8636274,-7.5552173,-6.5936832,-5.76448,-6.190638,0.21424152,0.092230745,0.20436656,0.08926851,0.2252238,0.23624201,0.14595975,0.29933217,0.16367579,0.32461512,0.11659337,0.2060655,0
149,3.4,1.85,3.1,1.92,198.76802884615384,0.043470112458140135,773.0594485437019,-314.90533,171.38087,21.67652,7.881771,-0.69617987,0.46922293,6.8323345,6.756855,3.327273,3.0848074,0.38809577,1.9260285,-2.4132092,0.23034456,0.33002183,0.38852775,0.43345502,0.47910827,0.5509214,0.38054568,0.43953976,0.44178867,0.36567345,0.33868375,0.26181036,0
150,5.0,2.45,5.4,2.2,135.99917763157896,0.14605926828286084,2100.5518280527494,-204.6923,66.00409,-78.49794,7.667325,-22.050325,7.9215665,-14.3268795,-11.411869,-3.1390934,-10.865341,-8.709691,-1.7489887,-5.720484,0.32760364,0.17411493,0.3178277,0.16594319,0.40028834,0.16559453,0.16584443,0.26138592,0.15507585,0.3720704,0.19076598,0.34605742,0
151,4.0,1.95,4.5,1.28,71.77734375,0.03848265029301906,879.2582383694631,-316.75232,151.11778,12.599139,23.126364,15.681227,4.076053,2.116085,-4.7545033,-14.330663,-13.327962,-12.331576,-11.078065,-9.784207,0.13955034,0.15498234,0.2664574,0.21694806,0.23439528,0.1406068,0.2534858,0.34498888,0.31680143,0.43483296,0.22557458,0.1800057,0
152,4.4,1.62,5.6,1.43,75.99954044117646,0.06271760086617723,1646.432460070527,-161.79321,127.48176,-7.928934,7.2986584,-1.8257903,-4.1628637,0.7287737,-5.710229,-7.4657383,-5.7050185,-12.56735,-4.668176,-6.9424324,0.3058477,0.26403055,0.33867955,0.18347904,0.23788999,0.18624358,0.41239122,0.2855078,0.14342566,0.14948651,0.34006396,0.76179636,0
153,3.9,1.92,4.5,1.69,161.4990234375,0.04719473491434827,624.0052673828278,-333.1558,197.8129,18.87902,-13.962421,-0.09349542,-11.713093,-15.665719,-12.257533,-12.854653,-11.212848,-7.001145,-4.5173354,-3.502235,0.28908598,0.10753569,0.23679948,0.10623613,0.2225885,0.2577399,0.23343895,0.3882769,0.125823,0.20887674,0.11229193,0.3425322,0
154,4.2,1.66,4.1,1.87,172.265625,0.06548427638781557,1130.3632419054334,-215.87694,156.14133,-2.4960454,28.379887,1.498994,7.3450394,3.9582267,9.7280855,-4.2191844,-4.080761,-5.3335204,-0.09598901,-4.8670325,0.34494793,0.23537478,0.18560633,0.19334939,0.32752684,0.18137664,0.27821112,0.37657458,0.21950874,0.36676615,0.26294643,0.34920275,0
155,3.6,1.96,5.4,0.92,99.38401442307692,0.04961350061179804,1074.1607264610795,-212.89417,158.87892,8.209462,11.519193,2.4331052,-1.7207972,-1.744849,10.940882,5.1075015,7.8514347,3.954815,-0.8898095,-3.2715192,0.29852122,0.13481954,0.1776428,0.3076839,0.17053433,0.19365853,0.19672063,0.46466863,0.34474352,0.19031744,0.3000072,0.16543747,0
156,6.4,1.2,6.7,0.46,112.34714673913044,0.11058903674008243,2305.2782616017994,-83.386635,95.03569,-15.85054,22.293598,-3.867378,2.356211,-5.1122923,1.3520178,-3.3989398,0.5206097,-8.354281,2.1246974,0.91643596,0.2945791,0.40470743,0.3643338,0.27715164,0.3174775,0.25269204,0.2547297,0.2821391,0.45978272,0.45078024,0.30232885,0.42879504,0
157,4.0,1.67,6.2,1.08,107.666015625,0.10978831586488923,1596.6240879258987,-305.01642,113.16268,-36.742947,27.718788,-20.487925,-15.814637,-23.160376,-17.783537,-18.757162,-11.906798,-12.236607,-3.0845404,-5.2395473,0.3695913,0.39393285,0.46737537,0.2096744,0.20509374,0.2186888,0.37995368,0.41796407,0.11222068,0.16709083,0.28336346,0.43282405,0
158,2.1,0.7,3.6,1.43,172.265625,0.05444147266228748,761.3788303561316,-408.66174,148.5195,4.2819486,-22.887981,-7.0968018,-10.74525,-10.667182,-6.718307,-8.352506,-10.995147,-11.112053,-8.726254,-5.1305194,0.28205335,0.23895273,0.10223275,0.1379025,0.1723444,0.4730426,0.1406469,0.12128328,0.23089916,0.08958609,0.16958031,0.14568685,0
159,3.8,2.56,3.1,1.81,135.99917763157896,0.0269236419693457,619.871739139693,-363.3623,193.31044,14.341318,10.98994,5.0308566,10.798247,24.771942,12.379641,1.6365696,0.7163861,-3.0094187,-2.9759014,-2.51852,0.13768187,0.174728,0.18754575,0.20355506,0.22440484,0.16014095,0.18408875,0.31326467,0.7230387,0.9285091,0.36260664,0.16737683,0
160,3.5,2.11,3.5,1.57,99.38401442307692,0.08701242312274601,1525.930078051108,-164.11804,141.66548,-28.952948,29.318756,-3.8348966,-1.9805677,-4.1024227,1.0196989,-2.4245014,0.06281043,-7.0288496,-1.8834907,-1.5417944,0.34190923,0.1938603,0.22487207,0.24011582,0.31695905,0.26311564,0.22868422,0.30704328,0.33667436,0.49778914,0.33679092,0.30054525,0
161,6.3,1.19,3.5,1.91,143.5546875,0.04417473676584235,974.8682073258107,-300.0751,166.65614,0.9693809,15.928866,3.3944664,-3.6765325,1.3167856,-3.6928537,-8.733984,-0.6486855,-2.8965786,-2.3848755,-4.510959,0.22133678,0.2574344,0.37936953,0.3747345,0.5364322,0.4760661,0.32837242,0.42777166,0.4222267,0.5879338,0.3412303,0.20985243,1
162,3.7,1.68,4.6,1.02,184.5703125,0.05582556510819165,923.1288686996056,-265.1485,176.9529,-35.56473,22.829638,-3.4773705,-8.932585,-11.085639,-19.749968,-14.862708,-13.201744,-11.527243,-10.768271,-10.378946,0.14346175,0.17627071,0.6641779,0.30896202,0.075178206,0.05487621,0.13733515,0.40671903,0.13134365,0.16958459,0.17080598,0.07212613,0
163,3.6,1.28,4.5,1.36,99.38401442307692,0.03362600020929933,736.8620698102509,-274.93445,163.61339,9.003333,34.303413,6.627645,13.37373,8.306555,-4.448939,-1.5633936,8.580065,8.388786,-6.474297,-15.166426,0.21148358,0.25411153,0.35618204,0.3421735,0.41462395,0.25313535,0.1441657,0.20961684,0.52870405,0.46442097,0.26769176,0.2490061,0
164,4.1,1.7,2.9,1.97,129.19921875,0.0573434883758372,845.245158772792,-345.43735,140.6701,17.741701,17.557476,15.033375,-1.4603949,-7.0903997,-4.4404755,11.00185,17.593418,6.163594,-4.951638,-12.075776,0.2517782,0.18614268,0.22450662,0.10402724,0.12116008,0.24891375,0.30844787,0.16621554,0.276185,0.15457357,0.23266141,0.23194383,0
166,3.1,1.45,4.2,1.08,161.4990234375,0.0692081441589387,1761.13723897244,-121.50763,114.27019,-8.779608,27.585394,5.8479385,10.227166,4.653018,5.3669662,3.9331975,14.670987,4.4274487,4.511928,-0.010685461,0.16727002,0.17182934,0.22381951,0.3920062,0.8401016,0.3542509,0.19202396,0.21535675,0.25451928,0.3925093,0.22770707,0.22117661,0
167,2.7,1.35,3.3,1.62,103.359375,0.056255788901417525,955.2569687607361,-305.0643,144.24153,-30.018839,24.894583,2.3079484,-15.950894,-11.055628,-15.96215,-14.654867,-12.9500265,-7.1134543,-7.504764,-10.5941,0.07001494,0.20903958,0.32808748,0.15011059,0.3580182,0.2831786,0.1081575,0.18674761,0.20037967,0.27273145,0.17147295,0.11999184,0
168,3.3,1.35,3.4,1.56,123.046875,0.08314221568943299,1236.1061559873312,-254.30435,164.93352,-42.68918,7.767229,-3.575009,3.9943862,-3.727776,-4.0543284,-6.1931458,-0.86830467,-2.4749076,-2.9328287,-5.7774453,0.25504315,0.15732388,0.5349859,0.29405048,0.2319669,0.20453468,0.22766374,0.6210934,0.21897578,0.16321771,0.15543309,0.23173432,0
169,2.4,0.8,2.8,1.08,172.265625,0.03231938876545595,940.4414592539808,-333.75162,116.617386,39.30081,38.201912,27.00049,16.077248,14.792039,3.5516047,2.6394894,2.9399385,-3.67187,-0.6361944,-3.4019861,0.353409,0.29269746,0.2957199,0.33877245,0.29644814,0.29288056,0.22213441,0.1640242,0.22259034,0.29622322,0.39764076,0.37565732,0
170,3.0,1.55,5.0,1.48,161.4990234375,0.05411947369268418,820.574099147717,-390.52615,153.60658,-7.5316596,2.7387276,6.569548,-9.704394,-15.053004,-17.701164,-17.831663,-12.6544895,-7.2893434,-6.6333637,-9.737991,0.38570106,0.13178863,0.25648895,0.16060138,0.2975777,0.29803616,0.1608153,0.21034706,0.17863356,0.4436284,0.17581753,0.34693164,0
171,2.1,0.7,3.6,1.74,112.34714673913044,0.03444533664992272,392.85950150700455,-444.7006,180.98653,79.817,21.07132,8.592746,1.7299213,-9.935396,-13.789215,-7.9955945,-1.560156,1.4771937,2.4372942,0.73880625,0.04963699,0.12853067,0.59713984,0.2205881,0.19419067,0.13019417,0.34787795,0.41362673,0.2152323,0.28736958,0.15570855,0.14444746,0
172,3.8,2.23,5.0,2.24,71.77734375,0.038762483891752575,661.080962935504,-214.78183,226.81003,-14.705574,19.859837,10.263928,5.533855,1.7227474,-4.3982573,-1.9984286,-3.5397034,-4.543713,2.9206207,2.3593922,0.31190956,0.49664593,0.2623629,0.18382537,0.18985324,0.621953,0.30420867,0.14556247,0.37929955,0.331211,0.47070694,0.2769287,0
173,4.6,1.69,2.2,1.17,151.99908088235293,0.0775594893096342,1134.9736137530354,-281.77228,163.9483,-29.407877,0.8382613,-5.4638815,-9.413511,-4.664327,-8.579159,-8.697586,-2.9716299,-4.6921935,-5.460109,-7.5287604,0.31909814,0.23326331,0.17258215,0.1618272,0.16850741,0.30039108,0.23637111,0.23040015,0.3776457,0.4050542,0.29713005,0.35188922,0
174,4.0,1.61,3.8,1.4,107.666015625,0.0719438775920917,1303.878319277002,-157.03918,155.72034,-23.222313,27.122032,-10.3692665,-1.745006,-14.888614,-6.1384716,-9.786762,-1.1253563,-4.8771877,-0.34726664,-5.206998,0.33484018,0.20642002,0.2380596,0.22254299,0.39713293,0.21565269,0.25996372,0.33591223,0.25498024,0.40600127,0.27914134,0.5030897,0
175,3.7,1.35,4.3,1.55,86.1328125,0.15346974014683154,2327.36023819238,-216.2929,56.50317,-55.143047,26.854998,-8.251199,16.148668,0.32809532,-4.5682673,4.1797366,-1.557027,-3.065813,12.195785,0.19603102,0.24692036,0.2729825,0.34915555,0.22957377,0.405407,0.19782676,0.18465362,0.25317597,0.19005056,0.48626095,0.24985614,0.39408648,0
176,2.4,1.62,3.9,1.58,60.09265988372093,0.03422471704340546,435.4393511840098,-337.14905,176.67044,66.75553,10.735426,0.79450303,-3.3288808,-6.3707266,-7.0787287,-8.886159,-9.88835,-7.5884,-2.7816887,1.5728902,0.049997997,0.07805907,0.20904382,0.28395116,0.18385147,0.21248032,0.14994895,0.38430232,0.14792158,0.30570662,0.43713903,0.11102281,0
177,4.8,1.4,5.6,1.74,99.38401442307692,0.0846399447771767,2232.877245583549,-117.77351,86.590256,8.709425,32.9794,16.887638,16.783903,1.94115,10.089264,-4.2942233,5.3420277,-0.5954184,2.1051946,-1.2284647,0.2562449,0.19120787,0.29511368,0.33165464,0.45466125,0.30610076,0.36285305,0.44234988,0.30844253,0.335684,0.2863638,0.46270332,0
178,2.8,2.09,3.7,2.1,103.359375,0.09723161385883565,2963.1529589588013,-214.84584,68.68796,12.577341,10.238752,-1.2185899,8.046607,-9.017885,-5.0306315,-9.116751,-4.535635,-10.520616,-2.4653618,-5.2263465,0.108681716,0.19104013,0.6073675,0.27266973,0.33991256,0.12564921,0.08956534,0.08626876,0.13054346,0.34732917,0.15751007,0.2901761,0
179,5.2,2.04,6.0,1.95,95.703125,0.0771871780010304,1354.573148030517,-143.55977,156.61734,-39.420517,19.691448,-10.021397,-4.8240213,-7.7070937,-2.951131,-6.1877003,-1.8210611,-15.891529,-9.827063,-8.369245,0.17884657,0.18990374,0.106396645,0.310021,0.20899491,0.14952806,0.3590893,0.15292887,0.28201786,0.15095355,0.4926931,0.67989606,0
180,4.8,1.89,5.9,1.37,99.38401442307692,0.029979461984536084,492.705406107931,-289.7434,216.63335,26.52733,-4.573471,20.9345,17.225626,4.0707707,1.7167002,-1.0746729,-0.09123485,-0.669827,-4.626541,-5.0386467,0.20935312,0.26117596,0.22449417,0.21327616,0.393072,0.22483768,0.25583145,0.26598582,0.45967188,0.5755433,0.35147977,0.26814255,0
181,3.7,2.1,2.5,0.92,99.38401442307692,0.10681781572164949,1701.7522435807134,-165.51323,119.10124,-38.3523,58.058422,-9.662893,20.44062,10.437692,3.3969917,-8.478191,5.633004,-5.1713767,4.07863,0.77399236,0.37794033,0.28521442,0.67484623,0.37950575,0.22103265,0.45114127,0.30221364,0.5828928,0.32831863,0.36996943,0.28363103,0.3942851,0
182,2.2,0.87,3.7,2.05,123.046875,0.04945375893547141,975.4567207886136,-348.62894,146.77426,12.309683,1.04422,-4.9765816,-12.898956,-9.963479,-3.617357,-2.2279975,-4.478529,-7.7828846,-8.098,-10.72421,0.32687682,0.23755968,0.3862564,0.22548549,0.2185407,0.18964238,0.30015013,0.4356985,0.24003398,0.31939617,0.2467851,0.3069053,0
184,3.6,1.85,3.4,1.11,112.34714673913044,0.07608760183217414,1629.6240389447482,-211.17403,118.29333,-15.807295,31.110113,8.079046,-10.700986,-11.965377,-3.2255177,-17.685913,-9.563172,-10.170692,-11.673264,-5.658231,0.23809706,0.19626345,0.47388592,0.24525535,0.20507653,0.12346652,0.19606139,0.38091528,0.17119527,0.16386864,0.17648269,0.31842476,0
185,4.9,1.92,4.6,1.36,198.76802884615384,0.051796804562725396,898.5696298479069,-345.7997,160.30893,13.148414,2.9708323,3.7877755,2.2594755,-7.441365,-3.935186,-3.3526735,-2.5447385,-3.7701793,-2.1913786,-3.880466,0.16613823,0.28369218,0.2891188,0.20720227,0.33374348,0.28483942,0.20494857,0.20261899,0.3782116,0.4336189,0.3422516,0.21964206,0
186,3.7,1.68,4.0,1.61,143.5546875,0.044969923283745494,1127.1617710059547,-192.50061,171.92729,1.73298,1.505627,1.9028798,5.0781746,2.3518755,5.1134343,0.18565479,5.4117966,-1.9050925,-4.5381255,-7.9519305,0.27870876,0.18273886,0.296242,0.44201052,0.75902575,0.509017,0.3963664,0.5294069,0.26627514,0.36271122,0.28454074,0.5625376,0
187,2.5,1.86,3.7,1.95,80.74951171875,0.08191024882470375,929.1012479225296,-425.5054,135.17952,9.358136,-28.632534,-11.548952,-1.1406515,-4.197422,-7.044261,-7.1378555,-3.7147985,0.4895514,1.3251797,-0.5713805,0.10782792,0.0794772,0.23648594,0.074102275,0.18081047,0.244443,0.07033785,0.15589842,0.108946264,0.51329553,0.23167992,0.07803032,0
188,4.0,1.55,3.3,1.55,117.45383522727273,0.06922625660097888,1760.4709196118865,-133.17023,104.1106,-17.129854,27.068113,-2.3705647,-0.048106898,-8.507812,0.85087484,-4.967021,-2.114035,-6.0422482,0.5553713,-2.081962,0.351208,0.20892131,0.40303135,0.31944078,0.14092639,0.18778506,0.12987246,0.23995115,0.17796858,0.16022703,0.28810558,0.28769723,0
189,6.5,1.63,7.1,1.58,172.265625,0.11953653551868557,1937.4490306407881,-51.19522,113.425705,-72.308876,-3.861708,-23.61175,-14.760913,-13.989055,-5.2167025,-15.537597,2.567298,-7.090985,1.5156286,-4.193549,0.4642414,0.45277697,0.6213948,0.42856762,0.39303476,0.37171793,0.4711162,0.5176596,0.37938735,0.38470307,0.3899243,0.51462144,0
190,2.8,1.83,3.1,1.3,143.5546875,0.08203074661726804,1437.7775806796333,-237.55351,125.72508,-53.771267,19.93878,-11.453604,-22.416233,-10.496134,-18.311562,-20.769682,-12.118686,-16.466928,-7.9628572,-9.726577,0.11307036,0.19624257,0.5376941,0.17132853,0.21874326,0.17789617,0.1817423,0.1235695,0.25680903,0.7097462,0.2104534,0.11352432,0
191,5.1,2.02,6.3,1.9,89.10290948275862,0.052463694616177226,832.6405338180923,-286.66556,186.63475,-22.26183,2.4737859,6.8356147,-16.64442,-9.444485,-10.632169,-9.859354,-5.875194,-6.1398096,-6.370017,-4.8195167,0.19719973,0.208127,0.4306947,0.1550904,0.20437042,0.16430853,0.35639232,0.3511625,0.14635961,0.25653726,0.13275155,0.25004536,0
192,5.8,0.6,6.1,0.54,75.99954044117646,0.12365439649343123,1931.073615136265,-116.5094,95.27078,-69.456726,-1.9951141,-31.199532,-13.845301,-25.55028,-14.0333185,-13.337634,-6.625009,-7.6512446,-12.248653,-10.151008,0.18159223,0.13452156,0.3253282,0.17714135,0.30083618,0.424677,0.27562702,0.3197356,0.18419385,0.27732986,0.28974134,0.20265818,0
193,4.1,1.81,3.0,1.34,89.10290948275862,0.10761582906684698,2275.412939072404,-59.219975,93.95578,-14.494615,9.829756,-13.612785,-3.4175935,-4.5889745,-0.56964767,-10.091172,-7.735608,-16.053839,-4.758851,-8.278986,0.30807176,0.120743364,0.18997926,0.26456672,0.9193961,0.23985526,0.06469315,0.13149118,0.1260171,0.1627795,0.13781388,0.41387296,0
194,2.7,1.79,4.7,1.27,172.265625,0.04944621208462133,690.6328016771034,-341.88058,204.15169,0.2336739,-13.679778,0.39842805,-14.155145,-16.947838,-19.949543,-16.703043,-10.108137,-7.9288163,-6.8653793,-8.842648,0.41669616,0.17158319,0.29808027,0.15110977,0.33465445,0.4163843,0.14399217,0.28226778,0.094869025,0.14487454,0.1460423,0.15474513,0
195,4.2,1.94,2.7,0.78,112.34714673913044,0.0635935386881762,1157.7509462264331,-343.00696,146.03304,-6.10131,26.30103,8.693234,-12.726178,-17.08929,10.752562,20.081097,-11.506277,-13.85377,-9.342779,-10.01528,0.17328769,0.15594739,0.22849497,0.14849299,0.25151372,0.09523637,0.044180915,0.13138871,0.19662997,0.62300724,0.2093797,0.13401225,0
196,4.3,1.68,4.5,1.63,83.35433467741936,0.0758491213453117,1318.1177797808061,-191.58475,145.2469,-23.170292,11.619471,-17.689384,-9.2028885,-19.550354,-11.990367,-13.366696,-3.1712189,-7.5313687,-5.365413,-5.33353,0.21354966,0.33901948,0.10733144,0.2501502,0.33319512,0.15604481,0.4373018,0.13215514,0.2667324,0.18572418,0.115209006,0.110590816,0
197,2.2,1.4,2.8,1.33,83.35433467741936,0.041241895538015466,480.0327812661432,-386.76767,201.05893,69.075935,-2.3728914,-9.347616,-8.063874,-14.280426,-15.805434,-11.933514,-8.369983,-5.70334,-3.7266808,-3.7942402,0.07364221,0.1830151,0.08923522,0.22946472,0.16627921,0.11619833,0.1578938,0.11079417,0.2910297,0.16912356,0.4097663,0.20074765,0
198,1.9,0.7,3.3,1.79,135.99917763157896,0.03732898835973725,714.8975230708202,-338.1464,185.3944,18.721085,20.69623,19.73535,14.592884,4.2862186,4.576687,-0.3232637,-1.8834907,-6.534511,-9.78732,-1.5561066,0.6706936,0.33566815,0.17325367,0.13358468,0.23571716,0.121747,0.15063858,0.41665956,0.2147046,0.24811152,0.1663845,0.27262267,0
199,5.3,1.49,5.7,1.27,184.5703125,0.11748283342993303,1878.8362633996992,-268.9629,109.20073,-31.694834,28.875345,-6.79783,-4.917299,-1.8941703,1.5196459,-1.7475903,-6.6200695,-7.1338367,0.8805681,-2.626518,0.2404119,0.42945084,0.13542862,0.13842005,0.18017009,0.106149815,0.16834831,0.13861023,0.37492618,0.2664261,0.13971053,0.25328395,0
201,3.7,1.49,4.8,1.54,112.34714673913044,0.05607960494523196,982.1537818253338,-329.68335,142.2903,-33.708744,17.910118,6.2699647,-20.28358,-16.894611,-18.301764,-15.466823,-12.817028,-10.170931,-11.717181,-8.737379,0.018055633,0.08851561,0.3705174,0.123244345,0.06492201,0.0905277,0.25628552,0.3565447,0.13248469,0.29301515,0.46201944,0.10899136,0
202,4.6,1.36,5.2,1.4,99.38401442307692,0.08910226723582475,1685.0443894083853,-248.77155,101.930786,-46.354134,0.7420892,-20.83615,-24.40955,-30.00329,-8.839328,-13.638467,-16.487684,-27.695057,-14.777666,-9.967454,0.35440597,0.1513713,0.1802908,0.13225901,0.23247738,0.093171686,0.0813315,0.20967369,0.2578544,0.48068678,0.14488548,0.24593863,0
203,3.5,1.96,4.8,1.66,99.38401442307692,0.0636462024806701,824.4098023655753,-323.64273,194.8204,-6.614372,-31.372246,0.14824378,-6.36746,-15.49546,-10.502221,-5.3411555,-0.8669446,1.1361647,2.1546314,2.7357168,0.21328847,0.08125694,0.21855216,0.13251846,0.35722643,0.24972534,0.08751231,0.14819008,0.04922183,0.08199579,0.062262226,0.24358429,0
204,3.6,2.01,2.2,0.98,123.046875,0.041099689916237116,1012.0303506999711,-253.63402,146.34053,1.5653162,49.23617,10.654395,-11.280587,-13.106107,-1.8221523,16.363773,14.042846,-4.7873025,-5.7296987,1.5249121,0.5515416,0.4566403,0.3794906,0.3135852,0.28224868,0.32436112,0.16782762,0.1438199,0.23038022,0.3462885,0.5376014,0.5907362,0
205,3.0,1.41,4.5,2.01,54.978390957446805,0.04689185463356517,753.5206000748777,-329.34372,186.14896,-15.419238,2.099548,6.4540224,-9.424457,-14.951376,-14.490708,-5.2517185,-8.302137,-15.427778,-18.80097,-16.984463,0.23207101,0.18485358,0.6247468,0.2602006,0.19117679,0.10229107,0.15855278,0.35983422,0.12670676,0.20609845,0.28788984,0.31880695,0
206,2.3,0.78,2.6,1.02,143.5546875,0.05429330282393097,946.973125591424,-484.7793,123.5876,15.737169,6.439932,0.575793,1.4369009,-0.5819471,-10.163511,-6.4648547,-2.0558755,-4.191561,-3.68964,-4.1681914,0.21683109,0.23046972,0.20011656,0.19037984,0.19090427,0.16721566,0.1774057,0.17664954,0.13188097,0.21321894,0.1944296,0.19044349,0
207,4.8,2.09,4.8,2.44,117.45383522727273,0.050246681398119525,1349.2354405531712,-221.80968,143.9109,-1.1589901,18.578213,6.118465,8.626823,-0.40917292,0.0513228,-8.391743,-1.7039021,-5.2014194,-3.6645236,-6.921912,0.14154588,0.18380971,0.3449279,0.77919286,0.28987667,0.19706307,0.34284556,0.22032209,0.29019412,0.22052398,0.4044416,0.20460926,0
208,4.8,2.04,6.5,1.02,123.046875,0.07595754443585781,2020.0915351093631,-137.37256,99.48316,12.469941,13.990741,15.773689,14.672172,2.603181,5.6119046,-3.485184,-3.7955873,-9.9936075,1.1156615,-0.44145826,0.65359473,0.34956214,0.30380443,0.34282637,0.64892274,0.5306002,0.35295767,0.37230566,0.32401407,0.45215046,0.30080214,0.43211403,0
209,3.1,0.94,4.6,1.85,78.30255681818181,0.03229045917053065,580.4746007377345,-252.8451,217.22334,1.1887687,21.202467,21.694725,7.642087,0.8212605,-4.2911267,2.181057,-2.072275,-8.337229,-7.420539,-11.51326,0.5916552,0.28435016,0.13488561,0.12179221,0.32333836,0.18005368,0.1923136,0.6610643,0.29127765,0.14589506,0.09403173,0.25230464,0
210,4.2,2.14,5.5,2.16,143.5546875,0.07573871415914948,1356.8805194073366,-234.94487,150.23445,-25.308544,30.146832,-3.52568,-0.4995025,-3.4651387,1.1446452,1.3945587,0.5328621,-6.1238275,3.8135316,-0.32136974,0.48071367,0.26070848,0.1984618,0.2139772,0.2475741,0.23126222,0.22250149,0.38077748,0.26641533,0.32570267,0.2913289,0.32020283,0
211,3.1,1.22,4.9,0.83,172.265625,0.043426324903350515,922.4423939202575,-232.37169,182.1126,-11.390091,25.955927,6.199685,-10.766817,-10.755934,-3.322331,-1.025424,-1.4468559,-5.4187016,-2.4157584,-4.6950216,0.20029649,0.34258503,0.19254263,0.3309948,0.24046351,0.21867548,0.25446275,0.266946,0.548608,0.2286857,0.2708489,0.23369034,0
212,4.6,1.56,5.4,1.8,184.5703125,0.08339894088273196,1668.1857563988488,-182.39705,124.86955,-17.928947,17.704416,-13.373395,-0.36711326,-9.943299,-2.3155255,-5.8720603,-3.553405,-3.912797,2.4375064,-5.270323,0.1857638,0.53908205,0.17298019,0.29639947,0.4291631,0.17960529,0.269754,0.21885677,0.7728993,0.18313456,0.10037571,0.22738329,0
213,2.6,1.5,2.5,1.63,107.666015625,0.05225893000966495,838.2941638122646,-375.3277,186.83473,-7.9865966,-0.13778844,3.5105937,-1.2735074,-4.225388,-9.2538595,-0.63816714,-0.647869,-0.036854915,1.9554466,-3.0985272,0.48153794,0.32584995,0.20267104,0.32688546,0.4161938,0.20691708,0.1672756,0.16359963,0.19313273,0.13005431,0.1390643,0.27648026,0
214,3.6,1.96,4.1,1.58,123.046875,0.054272171641550744,972.2190131471674,-331.37546,166.86082,-2.261868,1.9621392,-5.651277,-13.983232,-18.678154,-14.299775,-16.64306,-11.245587,-0.03554133,-5.6285434,-11.579409,0.14038165,0.261447,0.2518661,0.12681492,0.41538593,0.3216587,0.13655591,0.29201773,0.2117291,0.38635564,0.114062786,0.057476662,0
215,3.2,2.09,2.6,1.2,129.19921875,0.048621989771262884,1027.2122365639023,-373.62906,121.93013,8.565841,22.525,13.800213,2.3796802,-0.2971292,1.6863304,5.476625,4.121269,-0.74807316,-1.2374413,-3.6088004,0.35679168,0.27817646,0.29051626,0.2771154,0.2787685,0.36162153,0.30720338,0.26438224,0.23858036,0.22421865,0.29597208,0.42748344,0
216,4.5,1.57,5.3,1.1,143.5546875,0.07382480438562597,1378.3783479982153,-285.0886,132.65182,-31.143068,27.459625,-1.8816282,6.7531247,0.86593837,2.583467,-5.281909,-8.483558,-20.077261,1.738493,8.098283,0.57203203,0.15491813,0.15525603,0.13962841,0.07887198,0.1464181,0.05928993,0.13612375,0.24896058,0.22782004,0.33493316,0.21798573,0
217,3.5,1.57,4.8,1.6,92.28515625,0.14229058998261204,2321.8073647436436,-318.13562,74.5531,-16.607746,5.9347835,-6.369977,-4.8009095,-10.844344,5.2199435,1.8222237,-0.3008734,-4.547726,0.5794225,-0.33434048,0.26632,0.14558497,0.2821466,0.17930919,0.39098853,0.18957472,0.12058161,0.19645424,0.1545544,0.4229405,0.18576476,0.384302,0
218,2.9,1.37,4.0,1.48,117.45383522727273,0.051829256021380735,713.1791565653164,-281.08246,202.2879,0.6981904,-11.654084,4.871945,-7.2140346,-0.70406306,-0.80029136,-7.668399,-4.7958236,-4.805,-9.965029,-11.798194,0.19406605,0.128594,0.14615124,0.08647822,0.120991796,0.121702775,0.45919037,0.43550473,0.14960961,0.23543769,0.15037388,0.28007594,0
219,2.4,0.8,3.8,1.47,73.828125,0.06100293975515464,1059.341146359482,-182.86859,171.10081,-22.02463,5.616948,0.20133321,-8.225741,-13.751111,-9.714178,-12.827378,-4.6404004,-18.136127,-9.974154,-13.603041,0.09415386,0.30472064,0.38038197,0.21017532,0.27890053,0.2965514,0.33350545,0.291084,0.13505714,0.15116966,0.2740796,0.18250877,0
220,4.1,1.51,3.4,1.02,129.19921875,0.03848466278657908,772.0801264895016,-289.23203,171.00783,-0.29866862,2.8787127,8.67133,11.457586,6.5447373,4.217288,-3.1021593,-4.7044544,-4.3212676,-2.8651822,-6.2717395,0.29876158,0.59879816,0.6148427,0.43806306,0.2372432,0.14843653,0.19720818,0.3406596,0.56960446,0.41723293,0.23343758,0.21260056,0
221,4.3,1.55,3.4,1.8,123.046875,0.07641878423002578,1523.363603009622,-229.95465,123.958374,-19.142546,17.540686,0.64120567,-4.401086,-4.330723,-2.3549,-12.090095,-1.8219241,-9.91285,-9.850177,-6.706494,0.20548914,0.19603676,0.22114152,0.30601788,0.17051199,0.12894969,0.14976218,0.22956623,0.443807,0.43641564,0.36622524,0.20804794,0
222,3.8,1.33,4.3,2.37,103.359375,0.05153794757856775,1425.4301181042788,-237.63528,140.04683,14.106674,12.704519,3.2861512,2.6952927,-11.446868,0.0022907837,-12.276597,-12.328756,-6.430245,-13.53518,-9.066174,0.32842276,0.21136078,0.20515189,0.22675282,0.24306636,0.20405263,0.23880585,0.24901678,0.25809914,0.38524798,0.42611724,0.58781505,0
223,2.2,1.08,3.5,2.16,49.69200721153846,0.03705025800167439,442.36109466206534,-342.3425,196.75768,68.19048,1.0065622,-2.6229875,-0.042200293,-6.760711,-10.650333,-10.880158,-11.336082,-11.008544,-8.953953,-5.5975122,0.16588387,0.258095,0.49091196,0.16674574,0.059295524,0.071572185,0.2758652,0.17676306,0.14399067,0.37567312,0.23711084,0.532157,0
224,5.5,1.5,5.7,1.79,99.38401442307692,0.12979904245556415,2212.2153205572668,-76.29089,97.8353,-25.574678,0.14571384,-6.0947423,-0.05200101,-4.780779,-7.1027226,-2.9526172,3.1293285,-12.772689,-8.865157,-11.443897,0.24835007,0.5091467,0.19576275,0.29828554,0.22280754,0.26550314,0.39418742,0.33347553,0.51524884,0.3003374,0.5114998,0.16117331,0
225,3.7,1.85,4.2,1.6,99.38401442307692,0.05301008661772282,733.5255737868298,-297.40173,204.27531,12.834192,8.351056,1.401806,-1.5194651,-8.969925,-8.87389,-9.795133,-2.023678,-4.646158,-8.10598,-10.9427395,0.16261823,0.31701103,0.2854769,0.16757156,0.3358342,0.26139733,0.37855566,0.4903856,0.29426536,0.4517645,0.21253382,0.32554153,0
226,4.9,1.7,5.0,1.55,99.38401442307692,0.0714587024806701,1440.6763029722194,-249.53911,114.14951,17.288832,-2.5153265,0.6739289,12.257774,7.146862,6.661332,0.10737078,2.3589225,-4.0565987,-3.8835406,-4.7392116,0.33712354,0.20995219,0.34525257,0.27947775,0.2855542,0.3520189,0.2608715,0.34347332,0.3439297,0.5476945,0.30129027,0.27884212,0
227,3.1,1.14,3.5,1.5,86.1328125,0.11005673219345698,1550.9626007795948,-250.18217,134.38504,-15.565826,1.1985465,-18.23391,3.2463624,0.1794375,-6.9450545,-9.464627,5.132189,-14.019384,-6.0631056,3.1502244,0.23109831,0.48077053,0.24056256,0.21688561,0.31006888,0.16794533,0.40178213,0.1782252,0.3203018,0.22560401,0.15609768,0.2920733,0
228,3.5,1.63,4.0,1.26,161.4990234375,0.04227458521262887,1705.9438472131278,-180.29659,91.32763,-16.934515,35.1005,15.883374,24.128998,11.454375,15.087805,-0.057432573,1.0024176,-11.131602,-2.633287,-3.9161565,0.27506304,0.21074525,0.30530033,0.39469278,0.30223987,0.36921737,0.2651369,0.24491027,0.2030491,0.24891657,0.21342762,0.17187239,0
229,4.8,1.6,4.8,1.47,71.77734375,0.08449957335136528,1787.549850468874,-105.44035,118.84656,-28.982098,40.534534,-12.768935,13.514993,6.854231,14.039075,7.7098565,4.0303726,-2.4195259,0.684897,6.7510023,0.52146167,0.24491969,0.28306296,0.250919,0.40894204,0.24378173,0.22208185,0.3304853,0.36322004,0.6366544,0.353156,0.44823912,0
231,4.1,1.45,5.6,1.69,129.19921875,0.07876195421174652,1677.9489763828603,-196.38086,137.37825,-11.859803,20.128902,6.0156755,4.0864353,-1.6409155,-0.66489315,-4.7300406,2.6914933,-7.1266923,-0.4618484,-4.4853396,0.33731595,0.21138273,0.34118274,0.26236123,0.5218697,0.28653708,0.22855675,0.41801095,0.34552115,0.6127517,0.26064348,0.21732488,0
232,2.5,1.75,2.7,1.0,161.4990234375,0.09389087454920145,1675.2144674088322,-315.48288,114.07838,-42.14311,27.788744,-4.88382,-14.581465,-13.865725,-11.072723,-11.482044,-4.091133,-6.834889,-6.02489,-11.268513,0.12651926,0.3011066,0.22155383,0.30747935,0.54915166,0.31040272,0.23411456,0.15537077,0.33922645,0.37422848,0.15163074,0.18503754,0
233,4.7,1.49,4.5,1.8,99.38401442307692,0.057817682170917054,1567.4484138810233,-145.91966,136.25917,24.496979,15.510209,-1.256811,10.208613,-1.1489096,0.6542182,-8.400001,2.8422012,-5.737014,-1.6811203,-2.4193141,0.3043552,0.24950989,0.42419615,0.5534592,0.3420388,0.474739,0.51439935,0.6468941,0.5214841,0.43080103,0.48897007,0.3272153,0
234,3.5,2.38,3.9,1.45,80.74951171875,0.06576141672036083,1313.6366660754147,-300.16498,124.16748,-36.641106,-2.8406098,-11.733415,-21.010273,-16.801723,-16.94861,-10.411026,-11.875033,-17.269371,-8.899823,-12.189687,0.13850944,0.12799259,0.26432014,0.16996773,0.14999548,0.15539785,0.17978641,0.50084627,0.28455046,0.4080279,0.29215282,0.137406,0
235,3.0,1.1,3.7,1.35,99.38401442307692,0.14941506874678,2013.8232911435307,-241.10933,81.038124,-77.44021,10.142756,-25.273829,-0.04695317,-17.19485,-7.5705953,4.1062136,-7.1797333,-3.0304983,-3.5202458,-3.627342,0.12537396,0.37468472,0.09090982,0.17882544,0.22471863,0.0856721,0.19343781,0.0955427,0.32026312,0.26091444,0.19024716,0.34913105,0
236,2.5,1.5,2.4,1.2,117.45383522727273,0.047295324581185565,933.3150666905411,-397.59708,160.77231,3.9918115,18.907335,11.453047,3.7599983,-3.8390315,-4.771527,3.6312017,3.1156847,2.2145824,2.1717215,4.1309285,0.23362646,0.2411986,0.4317522,0.40767586,0.39199725,0.41772458,0.2914419,0.17854787,0.18099876,0.24717505,0.24824964,0.204481,0
237,4.2,2.09,3.9,1.3,129.19921875,0.10708327295852653,2013.490275862892,-153.58452,98.85774,-53.22985,34.15601,-10.51248,-7.465514,-8.817726,-7.508205,-15.462879,-3.9574656,-14.155268,-4.4899397,-3.6365867,0.296581,0.29798946,0.5062332,0.2409206,0.21442163,0.15872437,0.25489587,0.3662688,0.20922208,0.3088271,0.19534609,0.27707228,0
238,3.0,1.95,4.6,1.8,64.599609375,0.03312665024471922,500.3015139503181,-322.89786,206.12491,41.6889,-12.858594,11.565753,12.199695,-8.206741,-11.340304,-7.53251,-10.803172,-11.476447,-6.194501,-2.6006055,0.59644115,0.2955089,0.3250544,0.19636728,0.2616074,0.31870964,0.17344971,0.20249113,0.13291873,0.09799918,0.12509614,0.371009,0
239,2.3,1.9,3.3,1.55,49.69200721153846,0.03855107507405976,469.7679289767404,-373.96548,153.98071,71.5595,13.936913,-4.9575424,-9.700181,-14.298614,-15.741173,-12.148267,-7.756289,-6.302934,-7.050573,-7.5346994,0.29982063,0.13807186,0.018405478,0.0046877926,0.04292996,0.22888578,0.29239076,0.102423266,0.12851115,0.11069596,0.34086233,0.16023995,0
240,6.4,1.36,6.6,1.02,198.76802884615384,0.11672362023441525,2362.149230946884,-94.07968,87.260704,0.8577489,17.00056,-22.282309,12.119693,-0.8781752,-0.43673036,-14.0870285,-1.0980376,-6.1437097,0.637303,-3.4443882,0.18567432,0.21436925,0.22800729,0.5380284,0.51271677,0.27818128,0.2942032,0.21218581,0.263633,0.20620818,0.3999354,0.44507545,0
241,4.1,2.12,4.6,1.36,151.99908088235293,0.05636491338227718,1135.9316212297065,-170.42674,169.67006,-35.478577,37.217686,-2.1461709,-1.3547405,-5.4187484,-12.707313,-13.422076,-8.229925,-10.959799,-7.285633,-8.015109,0.26456666,0.2175065,0.5448713,0.23283163,0.36071166,0.20998435,0.18421699,0.3984802,0.20671767,0.36910713,0.14387733,0.22345433,0
242,3.5,1.75,4.7,1.55,89.10290948275862,0.06030978173324742,1663.547929423135,-205.99658,125.21948,-1.9277928,36.018158,24.107582,5.736869,-5.8206735,1.2905504,-8.7092085,-3.1482267,-5.5627923,-2.2810621,-7.2683644,0.3658837,0.29904884,0.45888445,0.22526155,0.19738391,0.15671763,0.38229132,0.57642806,0.32330394,0.31016827,0.27766836,0.3679081,0
243,7.2,1.4,4.1,2.17,151.99908088235293,0.04961617066688144,1048.8315083862365,-171.60239,183.67471,-23.938822,22.442327,-2.9613779,-1.4902961,0.49686623,-2.7711673,-7.74334,2.3171844,-2.7159007,-3.326766,-7.0427446,0.21765171,0.34226897,0.5333703,0.45698765,0.52633804,0.4221747,0.29906884,0.35088158,0.5233752,0.7045168,0.3583393,0.22978593,1
244,4.3,1.35,4.2,1.66,172.265625,0.1409237576514175,2082.70368016044,-179.68364,83.72347,-64.17442,31.073341,-4.755508,-4.767759,-11.743507,-6.2841363,-12.5381,-15.698941,-16.997217,-6.5126395,2.437178,0.5829092,0.17081001,0.19408965,0.11937911,0.19168943,0.095143445,0.1610223,0.6789182,0.21501105,0.1399977,0.21242332,0.43406913,0
245,4.2,1.99,6.1,1.58,107.666015625,0.09233798420595055,1533.090936336519,-261.64597,123.01677,-29.131899,21.84112,0.22452007,14.960744,8.237827,-2.6876123,-8.0215,8.921084,12.294528,14.999086,13.178741,0.2368098,0.13153142,0.40459323,0.3634034,0.31275624,0.5067261,0.15771753,0.14018139,0.117701076,0.27028295,0.25489247,0.124522164,0
246,4.9,2.66,3.2,2.04,135.99917763157896,0.03476663176546392,1129.8564908930143,-207.44226,140.92996,17.91492,42.59127,-10.371924,25.580372,-8.957577,-6.246678,0.6822427,-7.431704,2.8330603,-0.85780644,-7.330519,0.34974858,0.2112142,0.22334392,0.1909337,0.1964435,0.3559487,0.39235017,0.32035694,0.34771687,0.5429448,0.85137916,0.6175715,0
247,3.9,1.22,4.5,1.28,198.76802884615384,0.08482031451249356,1711.8950621734823,-213.31888,119.16303,8.495611,18.595503,-12.84852,-1.7485868,-8.936802,-3.1916547,-10.848178,-1.9661467,-9.307925,-7.7726183,-9.900033,0.41918924,0.14226231,0.106130876,0.12365065,0.35105494,0.49514934,0.18933561,0.19045001,0.24478482,0.5848264,0.24467681,0.24165167,0
248,3.4,1.56,3.7,1.0,123.046875,0.06479902233062854,1080.6085708319363,-200.53937,172.64345,-10.259481,-5.121149,0.28327903,-6.8101125,-11.942505,-16.307138,-12.461758,2.118474,-2.6785133,-9.45766,-12.314164,0.0768557,0.025482576,0.024063658,0.1115341,0.4188791,0.19433986,0.53689724,0.5821411,0.20102763,0.12214964,0.10175967,0.27706686,0
250,3.4,2.06,3.6,1.36,123.046875,0.09374195002575991,1617.523193181489,-341.03897,115.79946,-22.918476,21.228285,-2.5082128,-10.732189,-4.61159,-0.25863537,3.7107913,4.2918277,-1.6066463,-4.1609726,-3.358806,0.5047986,0.22370048,0.15464637,0.14880295,0.25706333,0.37316197,0.14755477,0.34520465,0.33786657,0.16545384,0.2239631,0.23870304,0
253,6.6,1.56,2.5,0.81,107.666015625,0.09946799732740855,2015.2846640273845,12.445379,104.67259,-25.116682,34.777767,-11.926591,5.4290223,-4.9148602,2.8777382,8.45604,5.7830997,-14.328589,-5.9228077,-12.016432,0.18964182,0.183354,0.27613023,0.17016144,0.12603763,0.18533672,0.23923035,0.41133514,0.42488804,0.5672195,0.39308986,0.23221213,1
254,5.3,2.28,7.4,1.11,143.5546875,0.0870630637886598,1047.0986027360516,-219.50456,213.5676,-73.85624,-28.300018,33.86018,-16.431171,-12.783363,3.6983716,-15.236361,-10.196998,-6.4661307,-20.097403,-15.687557,0.10558676,0.15974884,0.2672554,0.12365904,0.18730612,0.11542896,0.28680232,0.59034073,0.19688983,0.15373491,0.15830253,0.26365072,0
257,7.6,1.5,6.9,1.7,95.703125,0.11438183241563626,2227.2114286540636,34.871902,98.782166,-20.762598,21.744345,-5.358801,5.210512,2.8469715,4.451035,-6.5022335,6.6061997,-5.231279,0.8836486,-4.5735073,0.3789062,0.3138498,0.31145406,0.32754225,0.539359,0.34568232,0.3839261,0.48223877,0.53150755,0.55968547,0.3831114,0.5603458,0
258,4.3,1.35,4.3,1.35,57.421875,0.0686826317780783,1920.6991520114343,-207.88382,102.653885,36.25177,25.34703,3.7969627,-2.6461961,0.37957892,5.5268507,-13.940264,10.306653,-23.940407,3.6502144,-10.766517,0.44681334,0.39825624,0.27972907,0.12742628,0.108725466,0.17500395,0.16904514,0.26207635,0.19093353,0.18224718,0.2751138,0.3302706,0
260,5.3,1.42,3.6,1.62,73.828125,0.09166405042503864,2064.6699865155474,-137.4271,107.23264,-14.430371,19.374853,1.0239906,-0.93612576,-5.0348935,4.091997,-5.873834,-1.7944673,-9.051197,-2.1807442,-7.8037443,0.28435242,0.2901864,0.4064926,0.30168316,0.32205552,0.3111737,0.30233178,0.36962762,0.37120107,0.5007445,0.3836949,0.27608815,1
262,5.6,1.5,6.9,0.94,129.19921875,0.05832432742465224,1020.6284170065458,-294.43265,171.9234,-10.052643,3.9134362,6.649622,-0.95339227,-3.8514678,1.9318209,0.97991055,-3.7110415,-6.9134445,-2.3987832,0.4253465,0.58549094,0.20444655,0.20199732,0.14813912,0.30903408,0.22257222,0.17052558,0.3354859,0.13995264,0.13206919,0.112828,0.26809394,0
264,5.3,1.27,5.5,1.5,184.5703125,0.07807493922269448,1628.747983433642,-254.16483,132.56493,-23.010939,28.918907,-0.16510862,-6.459305,1.6001012,5.3016496,-3.831268,10.589804,-5.558756,-0.3096657,-8.457908,0.32472578,0.24530886,0.339906,0.38444376,0.3732241,0.3014768,0.3682614,0.50443184,0.24726199,0.235917,0.31130823,0.25082064,0
265,4.5,1.69,6.4,0.66,117.45383522727273,0.1153709730003864,2410.158775678645,-217.27573,71.88418,-53.261887,-9.007747,-35.08742,-14.509777,-25.796736,-11.851239,-16.212538,-4.1591263,-11.240501,-5.638228,-11.674117,0.26395482,0.21148518,0.22523195,0.22438616,0.33645853,0.33132756,0.26272967,0.40173858,0.2853175,0.4276379,0.33303052,0.24852794,0
266,3.6,1.5,4.8,1.94,99.38401442307692,0.03261522531877898,884.3914500890781,-194.82394,142.0409,10.422263,40.02417,27.640429,21.785542,1.9170064,10.326594,6.661161,-9.231444,-7.981921,-5.1339126,-9.658645,0.5455223,0.37088716,0.4378458,0.23231731,0.13864426,0.13185515,0.18051885,0.29196694,0.2249933,0.2645279,0.21140456,0.28033036,0
269,4.3,1.73,4.8,1.94,161.4990234375,0.0541894078438949,1793.0060868204669,-120.5898,110.31388,26.63802,24.398851,17.328894,19.007826,4.336339,4.9648614,-4.247746,1.5005201,-5.8780937,-2.4913785,-8.1420965,0.31269637,0.31112814,0.5057908,0.3089442,0.24787016,0.35146153,0.24820483,0.33897588,0.35729954,0.54793817,0.46555027,0.2838929,0
270,6.1,1.64,7.1,1.64,135.99917763157896,0.05600316766486347,885.5465359474932,-195.83447,199.22937,-41.202953,13.931305,-2.8721836,-14.05961,0.42344216,-21.223494,-7.261917,-6.1739087,-10.582559,-4.193885,-4.959021,0.40922493,0.14074054,0.11775304,0.08869649,0.25922406,0.32507282,0.18551272,0.22670276,0.15820163,0.45969957,0.30782872,0.1897917,0
272,5.9,1.81,6.4,1.85,107.666015625,0.06600658557592304,1708.628137174322,-104.27226,117.72059,9.217989,22.704342,5.0430536,3.356994,-5.246989,2.5767806,-3.0435233,6.0639687,-0.49640498,2.253387,-3.8544896,0.23611304,0.2732521,0.5112396,0.3352263,0.3813441,0.26639026,0.32338792,0.28802574,0.2617796,0.3989727,0.33813134,0.3918531,0
273,5.4,1.74,7.2,0.87,117.45383522727273,0.08252506560729006,1721.1693814069552,-146.93724,118.40247,-14.466754,22.933603,-14.512839,1.5932509,-7.8867702,-0.04263749,-8.614245,-5.3660374,-8.956673,0.58739066,-2.9421902,0.12727922,0.21877515,0.29649773,0.13587764,0.23877752,0.111798294,0.19066532,0.11088723,0.20760113,0.7756843,0.36015883,0.2498429,0
274,7.7,0.9,6.0,2.0,151.99908088235293,0.1400871610960845,2767.619234581055,-69.20226,75.88173,-4.0681973,27.200167,-0.2766311,11.984279,3.2857764,8.667461,-4.483152,7.4454303,-5.810778,-1.0196757,-6.1740527,0.3746385,0.3584678,0.29490182,0.2363301,0.24756826,0.3837225,0.61089146,0.45295495,0.35399845,0.37294987,0.40871817,0.4342055,0
275,5.3,1.42,5.5,1.02,161.4990234375,0.06512589602126288,1647.97557882379,-107.11134,116.109215,-6.7041054,48.813244,16.74627,11.279351,2.7967963,7.4118776,1.5862021,3.8689363,-3.6930082,7.7647786,-1.7089128,0.32774708,0.32152027,0.41311625,0.47755978,0.664502,0.4150974,0.25745112,0.29060376,0.40452695,0.5664638,0.4130241,0.35319802,0
276,6.1,1.51,5.3,1.68,161.4990234375,0.11286466383307574,2217.560271282586,-111.979225,99.48261,-19.207537,21.032818,-17.614292,4.53616,-6.271623,3.0949764,1.7396429,1.6901875,-13.628092,0.24169478,-6.740314,0.30335224,0.3617219,0.43517935,0.22263801,0.24342433,0.43077824,0.39703655,0.39374164,0.3221896,0.5527671,0.30578694,0.1981543,0
278,5.5,2.06,5.1,1.64,123.046875,0.05362586581829897,1544.34122104149,-124.6542,126.172264,6.7920628,23.135382,2.401818,-0.048362605,-3.0799181,7.1842017,-8.353864,-3.1222923,-6.6997313,-5.410471,-15.243273,0.200944,0.28086928,0.37086484,0.37429586,0.477912,0.3105446,0.25276816,0.29324818,0.4324152,0.3529544,0.22560497,0.40623218,0
279,3.6,1.2,4.7,1.42,112.34714673913044,0.11018024898570325,1940.5686402810297,-142.5596,115.68309,-54.98746,21.261106,19.522318,-5.230638,-12.440936,3.291852,-11.16097,-3.5230415,-13.341254,-2.2565436,-7.285598,0.5051548,0.29238132,0.40528873,0.27808592,0.36410916,0.27709112,0.2964078,0.46405435,0.33568144,0.34566846,0.29600233,0.44511706,0
280,4.2,1.66,3.3,1.1,83.35433467741936,0.0664135490496134,904.2134265569975,-237.79372,214.83578,-31.335943,-35.048145,36.45555,-0.45534512,-34.491188,-2.6893969,-3.3237736,-22.406588,0.9295352,11.966817,-8.135894,0.52108103,0.40249506,0.24599124,0.242992,0.31551445,0.24147558,0.18320605,0.23361322,0.16087463,0.1171158,0.12546451,0.25889942,0
281,5.4,2.29,7.0,1.18,129.19921875,0.07253115939110824,1077.3907721197945,-230.66832,186.5852,-63.127296,-15.229566,-8.919457,-31.970718,-15.166736,-23.75491,-18.92612,-22.829046,-20.757895,-1.8453906,-13.920359,0.44232702,0.27921587,0.31623068,0.28560165,0.19897228,0.3389994,0.2646462,0.35686937,0.30450544,0.22082761,0.38759533,0.31274098,0
282,3.2,1.66,4.2,0.75,184.5703125,0.11135681781572165,1937.9565319562735,-157.47461,109.24406,-18.557468,39.720356,7.1147485,-13.66712,4.44305,0.035179216,0.60859436,11.286203,-7.9584002,-1.5197115,2.0012276,0.25352857,0.23437719,0.2673959,0.36161307,0.25494134,0.3585241,0.5016094,0.34998193,0.47490874,0.42843664,0.48915315,0.3591511,0
284,4.4,1.5,5.2,1.17,80.74951171875,0.03732722742787223,869.2044810249564,-200.52408,181.12527,-21.915771,39.854828,23.466566,3.3717647,5.464878,5.029828,3.323059,2.3583682,-1.1743712,-0.8607991,-4.394104,0.3638512,0.32821134,0.5476702,0.35627764,0.3241504,0.2524525,0.33421046,0.52016926,0.3318298,0.3786077,0.2886786,0.4318471,0
285,3.5,1.02,5.1,1.37,117.45383522727273,0.0520837528189433,1250.0548405282398,-217.48462,133.82758,10.650747,42.43124,-1.701712,6.2532387,-11.152547,-10.104132,-9.987503,-13.735027,-12.956808,-11.152954,-11.332705,0.25003427,0.38522783,0.49151173,0.3182057,0.18993133,0.16446625,0.2273705,0.25927263,0.4020666,0.5388195,0.29335037,0.20721738,0
286,5.7,1.95,6.9,1.87,117.45383522727273,0.054579328471148894,812.1452513777572,-254.63167,213.55035,-33.46138,8.372313,-0.22593291,-10.275323,-10.102498,-16.573004,-11.9719515,-7.4390454,-9.802108,-11.658341,-6.0903378,0.32112968,0.2922429,0.19242454,0.3497649,0.17419434,0.27756983,0.14169924,0.25299853,0.2787983,0.16784063,0.22201632,0.1636789,0
288,3.5,1.86,5.2,1.78,92.28515625,0.02036535518685567,735.1137614176874,-277.82532,120.735016,45.83043,50.0201,34.59661,22.747206,8.362119,14.519787,7.446091,5.7213063,-2.7519052,-1.3545271,0.8194645,0.4043726,0.65214914,0.34922805,0.21887319,0.23011161,0.3016446,0.4249181,0.42299527,0.32212457,0.19844374,0.14288025,0.26648784,0
289,5.7,1.9,6.7,1.0,151.99908088235293,0.055908580467542504,797.9513281180738,-258.90598,203.74896,-20.687923,-6.444545,-1.9389093,-11.362203,-9.645992,-11.5029955,-9.636558,-12.570125,-1.6889064,-3.5745945,-8.384541,0.21366666,0.1677371,0.34213305,0.34799463,0.22315195,0.42181814,0.24675961,0.26549697,0.13737988,0.1956942,0.33338535,0.14131829,0
290,2.1,0.83,3.9,1.58,86.1328125,0.04009997181056701,699.8038228110117,-341.22275,192.49344,-1.5474355,27.34701,11.896767,2.1349516,5.6154885,-4.747619,0.34884423,-2.463403,-4.7475967,12.289814,3.6255758,0.32350466,0.19598316,0.41437024,0.25624254,0.46250212,0.19881459,0.1442017,0.23945001,0.15079714,0.27461824,0.12887217,0.19208275,0
292,7.3,1.0,7.4,0.92,95.703125,0.11108561952601752,2177.6814310392915,27.832653,103.14388,-22.273607,20.27287,-7.4219303,3.2878938,-0.67399055,5.3262353,-6.714597,5.60189,-3.7023072,-1.2406939,-6.0212746,0.3673319,0.29581338,0.27351868,0.2908112,0.50712985,0.30717275,0.41528937,0.48778158,0.45702776,0.54713106,0.34939098,0.50097924,0
293,6.3,1.62,4.2,1.94,95.703125,0.06530642226944874,1802.7155904883064,-67.05852,116.42024,-13.873235,35.99166,3.8044915,13.834495,3.728083,10.659474,-5.9247675,-4.899063,-4.2356577,7.5364885,-0.58054465,0.49680027,0.43593243,0.43184185,0.37474164,0.39104488,0.29684457,0.28078982,0.24854396,0.282609,0.33862466,0.5199141,0.7947291,1
294,5.5,2.11,6.5,1.91,99.38401442307692,0.0666409570614374,894.6141376184146,-220.90572,219.88022,-47.00791,12.752271,-0.7782494,-10.163236,-3.0668108,-6.2253327,4.2404613,-10.244965,-7.2567887,-6.652194,-2.5502257,0.27148208,0.24045134,0.38046765,0.17898421,0.19421464,0.09147714,0.21327059,0.38340047,0.15110132,0.22406068,0.32078353,0.4988346,0
296,5.9,0.94,5.7,1.27,86.1328125,0.05403863965850515,1553.5148325865866,-207.95605,111.37457,12.436465,40.506443,13.96727,7.9103537,6.8079114,0.8310907,-7.8514547,-1.8416295,-9.422175,-0.81450737,-10.237338,0.2908374,0.30458045,0.16281958,0.22083087,0.27362016,0.43177438,0.4519247,0.43919748,0.53981614,0.3930783,0.2572817,0.18614167,0
297,3.1,1.3,3.6,1.36,129.19921875,0.04214546754188144,1211.5643525238197,-153.60458,153.03937,4.588057,34.704445,25.97922,11.82324,3.5005803,1.2900363,-4.8372793,0.5604498,7.595069,1.6214677,-3.2439656,0.30858707,0.44352213,0.36020973,0.48875937,0.31289253,0.40637136,0.23121876,0.26135272,0.4100972,0.27144065,0.25998017,0.2230819,0
298,4.0,1.73,5.4,1.69,71.77734375,0.04214664638073158,1242.6394054433715,-203.6653,125.78722,7.413537,49.066692,17.552866,10.970644,7.7169814,15.359274,-7.1612,4.2896795,3.1595623,4.0873213,-0.6415503,0.28618202,0.37402016,0.31150806,0.37169784,0.50436926,0.46453232,0.57097656,0.45074442,0.34550083,0.28614485,0.23462653,0.31735668,0
299,2.8,1.89,4.3,1.27,107.666015625,0.017476945070876288,508.15912778505253,-271.3393,144.7578,26.25995,48.237385,36.811928,24.543715,8.951881,6.688068,7.089109,2.4669907,-5.6161385,-5.0062118,-7.9684353,0.3746618,0.20898518,0.098547235,0.11328021,0.094487615,0.10635282,0.120547816,0.14709832,0.24012846,0.5281368,0.9240083,0.6051231,0
300,6.8,1.08,4.5,1.86,161.4990234375,0.11326665942168986,2377.187165942421,-66.29551,88.127464,-13.583951,30.448147,-6.1984305,8.584131,-3.0335467,-0.3884137,-4.776574,-0.3119423,-16.160025,0.98014575,-11.673479,0.3819717,0.25097,0.26389727,0.3352823,0.48298773,0.41029927,0.37721193,0.2606461,0.3186876,0.34537604,0.37378213,0.6459686,1
301,3.2,1.47,3.7,1.73,80.74951171875,0.04608962438820196,1331.467470613508,-206.92184,126.32625,19.359734,19.301296,9.255922,6.902409,-0.89547706,2.0106275,-12.710495,3.0027776,-10.279371,-11.539791,-4.92473,0.11464903,0.19581167,0.38317618,0.25361514,0.29140496,0.44367585,0.2891022,0.28717703,0.28695488,0.4561326,0.30454424,0.13042268,0
302,6.6,2.2,7.0,1.48,135.99917763157896,0.08446988907135497,2148.75649669151,-114.151054,96.42147,1.6549059,29.194084,5.4312987,6.816999,-2.9643319,3.2406697,0.6370905,2.891876,-0.55863285,4.662741,-0.51861626,0.3417721,0.48863047,0.39437503,0.3604747,0.59917086,0.325058,0.34694502,0.2270562,0.3377144,0.50054055,0.27470404,0.35499915,0
303,7.0,1.1,6.4,1.74,151.99908088235293,0.15073828326249356,2602.8343375410436,-25.429956,75.03056,-30.217827,35.06163,11.967162,8.282607,-1.0204543,8.665751,-2.360335,1.8104486,-4.4006333,-2.821026,-6.3926997,0.3154009,0.52601534,0.52847636,0.5234248,0.6174729,0.4966184,0.45869043,0.36835396,0.4520039,0.5950027,0.37183428,0.31032145,0
304,3.8,1.78,4.6,1.69,161.4990234375,0.08992450130409582,1596.5695875946121,-312.98087,114.79307,-15.672058,41.21343,-8.399995,-4.773463,-0.8897459,-7.285852,-10.929827,-4.0333147,-19.1605,-6.3028803,-4.4927187,0.3547302,0.25613528,0.16395867,0.16040914,0.16440271,0.16343887,0.13155307,0.24755412,0.3544146,0.21401528,0.2333246,0.18483762,0
305,6.4,1.11,6.8,0.98,129.19921875,0.09325970625643998,1430.7377306868798,-208.8596,166.39362,-60.59662,45.134598,-14.433632,0.683671,3.288087,-12.186564,3.277749,-12.233455,-5.506902,-7.3509707,-5.503513,0.37839344,0.32236043,0.3896165,0.26314998,0.3062742,0.2258945,0.35135615,0.3843258,0.34398153,0.38570547,0.34768742,0.57189554,0
306,5.7,2.19,6.7,1.73,103.359375,0.060827366289927874,923.0059873034156,-174.1624,221.69559,-59.35238,18.30646,0.89201516,-20.811869,5.0226636,-8.475669,-6.142403,-11.502378,-7.9556193,-4.022843,-8.2705765,0.32729232,0.2081899,0.20468545,0.44248867,0.18557136,0.19755714,0.13450567,0.28424466,0.29013357,0.17478761,0.34631613,0.21330123,0
307,6.1,1.04,6.8,1.4,117.45383522727273,0.09808865576675257,1827.4293908305845,-177.53035,117.35604,-14.808778,15.563819,-16.457027,5.0298905,-4.640207,2.2558045,-3.2609115,-3.242165,-8.623709,0.29126638,-4.893013,0.19945921,0.22095685,0.48052615,0.2633099,0.26994726,0.13946171,0.21098569,0.39914545,0.21876012,0.34347796,0.27627954,0.52706325,0
308,4.3,1.68,6.6,0.92,99.38401442307692,0.04161666398195876,1583.1031811895436,-128.13858,118.91809,37.215584,29.391933,14.77274,17.124973,2.1430678,7.058992,-3.5143754,-1.0129346,-5.2333536,-0.73937213,-5.392054,0.3197348,0.28234807,0.2650848,0.31257117,0.4387982,0.37226573,0.46652284,0.35631752,0.41225913,0.38238266,0.3429527,0.4624003,0
309,5.3,1.68,5.8,1.78,112.34714673913044,0.10871364430383823,1948.9765238300233,-95.94868,113.64704,-5.1929827,41.972202,17.046703,-3.1877682,-0.98121464,9.805209,-2.6775355,8.867499,-7.075695,-0.8247715,-7.7877703,0.31829834,0.23398334,0.24387321,0.31628445,0.54623,0.4866117,0.51172924,0.38240403,0.35513783,0.38411862,0.34076667,0.39621577,0
310,2.1,0.83,2.7,1.0,58.72691761363637,0.0531444205628542,1728.5957155794865,-251.73798,101.24717,60.08394,36.821777,14.979039,13.948512,4.9988213,3.9758723,-11.364467,2.9744363,-13.253388,7.8696322,-14.935053,0.29690978,0.14486457,0.11989937,0.19987854,0.37548438,0.25632587,0.14116633,0.17080495,0.24928036,0.26230356,0.33074248,0.53303355,0
311,5.8,1.6,6.9,0.94,143.5546875,0.04614874138652756,1420.2503313094776,-214.14539,121.00138,15.689068,36.704456,11.440328,11.527261,10.823358,-0.29719117,-7.063931,1.0508653,-5.522842,2.378868,-10.147848,0.26729983,0.25224254,0.2773532,0.24590756,0.23612003,0.33458552,0.58357316,0.63355213,0.46273267,0.41057026,0.33629295,0.24683796,0
312,4.6,1.28,5.8,1.6,117.45383522727273,0.08669962145618557,1960.8834626598589,-123.19768,111.688324,-17.061125,10.507812,-4.570881,11.686717,-16.32745,-0.27250096,-14.780311,-3.7391865,-6.2772107,-6.9359126,-9.838628,0.23316061,0.20486122,0.47061098,0.22685905,0.18982208,0.16313629,0.37697038,0.4877291,0.30918762,0.35439315,0.31357017,0.4978088,0
313,3.6,1.36,5.3,1.27,99.38401442307692,0.03979215326997423,1505.6836050153552,-175.53122,97.97633,17.333433,41.372116,27.577227,21.833988,4.709979,13.811431,2.1801267,6.38679,-9.042919,1.2652658,-9.763108,0.25110865,0.23847008,0.27913162,0.22698873,0.25787652,0.24372898,0.29996672,0.47232065,0.51371545,0.57468575,0.39273888,0.3310061,0
314,5.8,1.17,5.9,1.22,73.828125,0.10481535921391752,2573.075851239512,-34.452087,91.23606,21.41856,14.613219,4.7040563,9.560616,-2.6736486,3.9879298,-4.1306176,-1.5196044,-7.8985834,2.7441702,-6.403912,0.22526135,0.37620297,0.5725726,0.3887963,0.3442663,0.22973853,0.31954524,0.29485542,0.4213913,0.7236088,0.39455032,0.27991208,0
315,6.4,1.43,7.5,0.81,117.45383522727273,0.0916401520640134,1723.9127739010987,-142.16302,123.74459,-19.580359,12.639095,-21.999609,-0.14974003,-3.2297387,0.5358368,-4.981836,-3.9295366,-8.041118,-2.1242406,-8.270869,0.18703689,0.14224117,0.33457837,0.14782566,0.16826518,0.10729611,0.29006493,0.6880154,0.24494733,0.29652283,0.20033397,0.39545152,0
316,2.8,1.33,3.5,1.96,117.45383522727273,0.08471830702319588,1786.3568355909047,-156.14117,116.6617,5.7263875,19.563057,5.196939,6.2539325,6.69795,7.7959094,2.466895,11.180258,-2.8613243,0.0001736985,-4.674091,0.17722449,0.1861037,0.3760354,0.14720362,0.13234743,0.23025063,0.39483902,0.33345696,0.25161284,0.47788867,0.26315424,0.25940442,0
317,6.1,1.7,4.3,1.35,143.5546875,0.17130819104381442,2633.8622034734867,-9.7054825,81.563484,-39.354008,26.252186,-3.6797445,3.5232701,-5.902715,8.929282,-5.2941494,2.02982,-7.1684847,-0.5663783,-1.6412172,0.6068649,0.35064748,0.28083616,0.35803947,0.2615019,0.55878013,0.36284882,0.32648894,0.4581102,0.3061687,0.6091121,0.5198111,1
318,5.9,1.7,5.9,1.45,143.5546875,0.14204506576828954,2129.1447899110967,-69.12262,105.06319,-26.30588,60.67163,0.3025941,-2.614372,1.5970366,8.180725,-2.9862013,14.457456,-13.441705,-1.3151357,0.23547836,0.36470842,0.354831,0.30094916,0.30881447,0.48377147,0.28023574,0.3004689,0.3299951,0.35512626,0.6632258,0.50678444,0.5740815,0
319,4.5,1.96,6.6,0.8,103.359375,0.04896202480670103,1158.002224061205,-294.04517,122.60405,-2.6150918,19.119886,2.5977242,8.586868,6.637821,-4.8612585,-7.6984777,-1.388967,-10.603008,-9.915679,-7.8110237,0.13846181,0.23211153,0.40735874,0.14556664,0.11243216,0.075263776,0.14281777,0.094807945,0.21819031,0.4581045,0.28564936,0.25787073,0
320,7.4,1.28,6.6,1.43,95.703125,0.11007218508376289,2170.5416943925875,29.759026,104.20611,-17.35673,21.991566,-3.027182,7.3886347,0.45413283,4.037719,-5.270194,5.8335633,-3.5883136,1.8028759,-3.6642663,0.3849754,0.3764025,0.3727107,0.40421814,0.41267005,0.3065798,0.47820708,0.40703464,0.5301748,0.42960063,0.4064676,0.62486374,0
321,7.3,0.78,6.0,1.73,151.99908088235293,0.14809965264361155,2212.1752929765316,-53.825893,103.12329,-29.652393,50.50961,0.8687799,-7.404322,-1.9383868,5.3386836,-7.494344,15.426087,-16.971096,-1.8751031,4.340636,0.35162014,0.41048688,0.22679928,0.18632543,0.24218597,0.2873942,0.59935904,0.44957688,0.41493478,0.4899374,0.48203924,0.5595957,0
322,6.1,1.22,7.6,1.02,135.99917763157896,0.07397775389618753,1473.7212196394019,-161.95435,142.20435,-15.740119,28.110996,-15.299091,-9.438645,2.471444,-4.7457533,-12.5722065,3.1254418,-5.8244834,-4.7561893,0.5395934,0.35998127,0.40731075,0.5062422,0.2588109,0.22280906,0.23963135,0.31567898,0.33188382,0.2711557,0.38885725,0.3921424,0.4318129,0
323,4.82,1.4,5.73,1.48,143.5546875,0.05557899081829897,1395.9096236105165,-235.4886,129.6387,-2.4464004,40.42782,-1.4453274,9.193583,6.9475837,-5.739281,-8.692504,0.4405208,-5.893627,-1.9416717,-3.2603366,0.19431275,0.35291582,0.5458265,0.31941915,0.27681687,0.3099472,0.23567979,0.3581545,0.30182016,0.43286842,0.182646,0.110476874,0
324,3.3,1.68,4.7,1.42,80.74951171875,0.05306492706723338,1412.2586767620605,-221.14043,109.75154,13.245492,38.348446,25.104122,24.71155,1.5298773,2.3105373,-4.202923,5.7259727,-11.715512,-10.244183,-2.9261644,0.18686953,0.26963615,0.31820405,0.21142331,0.20930943,0.17085496,0.25226802,0.30879915,0.53076625,0.6808925,0.41803238,0.28972298,0
325,5.5,1.75,5.4,2.06,172.265625,0.09862954051224226,1911.2581370120495,-111.30032,110.700165,-19.49968,28.047354,-2.9792254,-2.8360643,-3.8529775,-0.15812267,-6.3805766,10.943854,-2.44563,-3.1656008,-0.605273,0.2653824,0.18360972,0.30968523,0.24509828,0.50547886,0.27065915,0.28409734,0.36759132,0.27603906,0.44589052,0.23040998,0.31600782,0
326,5.4,1.56,7.2,1.25,172.265625,0.07265625,2182.463454855791,-135.07669,86.572586,13.028931,27.408218,15.923355,15.815652,4.969338,16.192387,6.9597254,7.104476,-8.82344,-4.3351264,-8.959776,0.3967121,0.35219058,0.5014594,0.35630533,0.33047697,0.3228343,0.34065527,0.5890008,0.41474676,0.41433015,0.26027983,0.3213728,0
327,6.0,1.34,7.1,1.3,129.19921875,0.09410545667503864,2339.984258867725,-153.2661,90.755226,21.993141,24.206425,-2.6706448,-0.00200306,-4.592715,6.2869463,-10.787766,2.4514515,-12.713796,-1.3233942,-7.758481,0.22896503,0.31668442,0.28827995,0.2337312,0.30067745,0.26032627,0.26125532,0.17253485,0.31432807,0.5947064,0.4052913,0.3345075,0
328,5.2,1.6,4.2,2.09,117.45383522727273,0.07641136173364245,1746.8650583440913,-43.499504,125.136955,-13.83899,43.336395,-5.2177176,7.1921177,-3.0099773,1.1094162,1.7520313,4.5201592,-5.577909,5.378181,-0.025665896,0.4653883,0.40645182,0.49867457,0.43056068,0.49189737,0.32369167,0.29308447,0.47158843,0.40751883,0.43622392,0.3641531,0.44172502,1
329,3.3,2.28,4.2,2.23,89.10290948275862,0.03835826755798969,1449.409195254563,-199.14253,119.422264,17.969034,28.585785,19.1202,7.2201114,4.9921727,-4.138297,-5.825791,-2.7751634,-5.689429,-6.5997934,-8.809911,0.45097983,0.26244926,0.19361922,0.13297638,0.19684991,0.24970543,0.23625998,0.3542043,0.24443239,0.3585205,0.30760494,0.29989108,0
330,5.9,2.3,3.1,1.87,129.19921875,0.14046542767396908,1837.949795381889,-49.945724,153.70477,-73.28759,63.731106,-33.667145,2.7169335,8.621674,2.276572,-8.695872,7.6514235,-7.9946804,-6.19939,-11.497481,0.53997785,0.50676376,0.49829566,0.48990962,0.3939785,0.53637505,0.6559034,0.713882,0.7375115,0.6287846,0.5488053,0.44152394,1
332,5.5,1.12,6.9,0.83,117.45383522727273,0.06400132019577537,2176.5241945492767,-72.45622,87.63889,23.84609,29.731607,18.981716,19.60132,8.798469,13.682091,5.23086,11.275487,-0.50128174,1.6951028,-1.1164633,0.5204558,0.51684624,0.5705042,0.5302621,0.5401647,0.4890546,0.39063358,0.41407108,0.38735688,0.45526102,0.4205077,0.4877435,0
333,6.7,1.55,6.1,1.7,95.703125,0.11588952762564433,2032.946836424859,-81.946434,106.69133,-30.39465,35.99545,3.6323001,1.0718383,0.73013186,10.330351,-8.364056,-6.842315,-1.0916386,5.704714,-1.3764026,0.7048421,0.5183569,0.5358815,0.485909,0.5854681,0.44028667,0.41511476,0.48108166,0.36819416,0.3792803,0.3461215,0.48704052,0
334,5.9,1.64,5.9,1.92,123.046875,0.08757223542203608,1083.357056919123,-215.4617,243.36002,-61.569775,-40.489647,47.609573,-2.8816156,-27.14002,23.272717,7.8857574,-26.187155,6.3380156,13.717677,-17.942657,0.33845463,0.34778517,0.35296303,0.39917,0.5157768,0.32342443,0.27554423,0.2796198,0.33072078,0.4616448,0.27507603,0.26431456,0
335,6.8,1.47,6.8,1.33,143.5546875,0.10008683352126288,2176.9579153730833,-55.437458,96.91596,0.392184,31.651691,0.27227458,4.04016,4.360852,7.7093825,-2.8043926,5.4004035,-3.4551053,2.6911528,-2.9205012,0.28385633,0.3161498,0.21200576,0.35812113,0.6245385,0.3305075,0.35587147,0.30845052,0.49405652,0.5186524,0.33888873,0.47255895,0
336,6.1,1.51,6.6,1.5,99.38401442307692,0.0885547478748068,2245.916164256017,-76.03374,93.42897,1.8643768,27.270037,-3.10447,8.211114,0.87112236,0.47332692,0.8908091,9.007653,-2.4680169,3.790925,-0.2787516,0.22422577,0.33241454,0.5201274,0.34121403,0.32073095,0.28302416,0.39430642,0.5972485,0.34633014,0.34474388,0.25709584,0.2539738,0
338,3.0,0.77,3.8,1.47,112.34714673913044,0.05336486187177835,1650.606144349097,-264.85233,105.07466,23.811958,46.991447,12.255063,21.492208,-3.868399,9.098816,-2.5102134,0.2862862,-2.1529367,-3.3614326,-2.5459673,0.22417809,0.23991753,0.314472,0.37186137,0.5096437,0.40947875,0.35408962,0.5443091,0.5531834,0.44620863,0.32246435,0.3069722,0
339,5.9,1.58,6.9,1.14,129.19921875,0.05902241112828439,1727.8433967056155,-54.220856,115.4921,6.7392545,23.605343,3.052007,11.094337,4.1853695,10.869217,2.1949446,4.989349,-4.615816,-2.2256005,-5.237871,0.29815093,0.28290638,0.6071362,0.41557014,0.41972905,0.33390358,0.3467622,0.55432624,0.45025772,0.5009945,0.40233016,0.47557896,0
340,3.8,2.36,4.6,1.91,143.5546875,0.07323363440236991,1723.7180022749558,-327.77704,108.61804,-6.88225,26.662613,10.659061,3.3861592,6.4109583,-6.4716587,-6.009604,5.8865337,-4.144963,1.481349,-5.6393642,0.4080262,0.31001422,0.28901538,0.28890914,0.33004275,0.3665243,0.44793096,0.52954805,0.35349923,0.31830528,0.33081892,0.36022156,0
341,3.8,1.78,4.4,1.69,123.046875,0.04229204904044307,1099.408494821089,-314.90894,133.45027,16.920218,35.886463,19.850283,4.8761563,-3.1246428,2.0167027,-5.9870205,-7.8443093,-2.4476333,-3.10002,-14.793154,0.08064393,0.18098116,0.26663816,0.19589403,0.26618978,0.17658976,0.26355743,0.31654444,0.48024586,0.5782763,0.23693454,0.12774228,0
342,4.0,2.05,5.1,2.12,117.45383522727273,0.04004157811695003,1043.6848445423268,-205.56093,119.31902,8.420622,40.23183,27.756851,26.985844,-0.9355208,13.152365,8.281193,0.9938265,-7.414612,-0.40541703,-16.165438,0.29912147,0.22354591,0.55348885,0.18569319,0.1203201,0.21562068,0.4749305,0.8321592,0.48386186,0.24529448,0.08679519,0.13132636,0
343,7.0,1.73,8.1,0.83,99.38401442307692,0.07122538458440722,1515.7343724925527,-76.94731,131.01018,-12.653933,32.735336,-10.340669,9.519557,-1.4552929,-4.1768317,-4.8515186,3.6870675,-1.7173531,1.6725055,-10.857249,0.22672154,0.18661991,0.35477546,0.18676619,0.26602405,0.27542922,0.4252691,0.56981313,0.33356252,0.49242887,0.26656324,0.32948658,0
344,4.6,1.74,5.2,1.6,112.34714673913044,0.04634194076828954,1072.2753745760235,-217.76544,145.4763,18.990038,19.360481,17.128832,13.002441,-2.1904967,6.954261,0.7157602,0.31717572,-7.5609603,-11.07177,-12.655294,0.112250894,0.20752886,0.24635977,0.2063297,0.310482,0.17137729,0.14799124,0.17195195,0.41931224,0.5567155,0.24327129,0.21664217,0
345,7.2,1.54,6.5,1.86,184.5703125,0.10962153046110253,2195.130872308428,28.44423,105.935555,-11.841118,17.287529,-6.0665846,2.487781,-0.24434964,6.2088485,-7.1438985,6.537995,-3.2290032,3.6173532,-1.9558167,0.4019327,0.34091604,0.35387513,0.43904063,0.48355487,0.33150283,0.38155544,0.3887262,0.52804506,0.4494304,0.47273114,0.64502734,0
346,6.7,1.0,7.3,1.55,161.4990234375,0.044802131633178775,1717.6011977164235,-92.29788,101.836205,19.409689,32.292347,19.422516,21.552448,4.66967,16.88098,11.365728,5.378449,-1.9083966,-2.3333137,-5.852988,0.4468882,0.48536944,0.42318112,0.4155459,0.32882696,0.30677602,0.38159075,0.47432598,0.6161439,0.464596,0.4398935,0.43941322,0
347,3.82,0.94,5.82,0.94,151.99908088235293,0.07903533353210418,1408.3636839164742,-166.85498,149.75504,-41.218033,29.203678,-6.7865787,9.614733,-17.394014,8.703494,-22.1911,0.033221886,-1.6822103,-6.457136,-3.1917307,0.25669947,0.26203418,0.21963216,0.43623683,0.3918003,0.21927045,0.2890115,0.2414487,0.44100028,0.2895683,0.2956129,0.5551934,0
348,5.0,1.55,5.7,1.73,107.666015625,0.12218904962004122,2727.1627135968133,-75.71621,81.177246,22.197884,19.619946,0.073869586,18.763292,-2.6008036,7.3256516,-4.666538,2.3611147,-8.600322,-2.2114217,-4.3636336,0.23788618,0.36384955,0.29433894,0.34413216,0.50682616,0.2738245,0.18483095,0.16799307,0.35576022,0.44854042,0.30446348,0.35656846,0
349,4.6,1.69,5.8,1.89,103.359375,0.06311135832796391,1733.4105001289574,-128.35265,115.57002,0.9283382,17.851852,-10.592607,1.6021857,-16.912617,-9.736898,-14.402464,-13.087907,-11.74609,-2.3857176,-20.258827,0.57159895,0.2235893,0.20741592,0.18128175,0.3024522,0.21933232,0.31416455,0.67507213,0.30189276,0.16326244,0.13057108,0.38105154,0
350,6.0,1.9,6.5,1.8,135.99917763157896,0.06602312153851107,2230.876511887421,-84.90631,102.24179,32.57698,2.8731687,24.165306,7.2149663,1.8330011,4.3721895,-3.8684027,-3.409388,-4.6394014,1.1119016,-5.0590596,0.266734,0.3349106,0.5939448,0.21626277,0.18497205,0.20568481,0.34658733,0.4417506,0.36444175,0.41870764,0.23201768,0.17815553,0
352,5.5,1.36,4.5,1.43,129.19921875,0.07586597597887687,1651.2862853009406,-111.97248,117.474266,-29.576704,8.790469,-15.255937,-3.0347815,-5.3542843,-8.523377,-12.984522,-8.325323,-11.496975,-11.1015215,-13.833267,0.21453713,0.21201949,0.29542604,0.3386307,0.51142126,0.213317,0.12895018,0.2003696,0.22112791,0.29305354,0.16845131,0.18456356,1
353,4.0,1.95,4.8,2.04,107.666015625,0.07856950951506955,1340.6715253194322,-227.32481,141.29742,-42.455265,42.24187,11.778582,11.675077,-7.4267144,-0.6974728,-1.9683386,-8.478944,-2.6161718,-2.5601666,-4.5232244,0.18370122,0.3690381,0.3826576,0.2970913,0.4034316,0.28032383,0.329718,0.3185075,0.2870517,0.40508297,0.2275911,0.22544791,0
354,7.1,0.94,6.4,1.28,86.1328125,0.13566793854703607,2159.10169599657,-19.459633,103.31057,-51.650246,11.609328,-6.295011,-10.969813,-7.505129,9.761995,-9.235714,-3.8064327,-12.754619,-0.37146738,-8.672988,0.6082834,0.39487803,0.44561604,0.2667557,0.35579473,0.28128442,0.2746535,0.5091422,0.26076514,0.3612443,0.3342529,0.5888888,0
355,5.1,1.81,6.5,1.2,78.30255681818181,0.09154682267516744,1889.2450574100478,-171.17383,104.78538,-42.25727,13.875519,-30.096357,-14.845084,-19.41562,-15.225322,-14.095698,-15.264264,-3.10943,-4.978321,-3.7139416,0.313922,0.24395731,0.36013305,0.4023791,0.27905488,0.29846495,0.25647995,0.23680776,0.1489658,0.19735713,0.27985492,0.2324182,0
356,4.6,1.85,5.6,1.36,117.45383522727273,0.024759456707238538,1056.8483862813675,-141.64583,141.65234,21.1145,40.837463,18.356215,26.963453,15.121672,15.265836,1.5021796,0.07182954,-1.4527625,-4.1125035,2.2487452,0.37668806,0.57130384,0.49130896,0.3926096,0.31041247,0.29949817,0.42332292,0.50163126,0.5903705,0.43899038,0.29441342,0.29645225,0
357,4.8,1.4,6.5,1.2,151.99908088235293,0.09009782731195261,2002.1898568417726,-60.167503,105.32168,-12.3876705,22.55455,17.058857,8.561081,-1.9577235,5.3977003,-4.7562637,1.3192605,-2.0319815,0.7369187,-7.0916986,0.30249342,0.25143936,0.44756892,0.4094973,0.4081177,0.5106456,0.37966165,0.3618586,0.25510475,0.37952986,0.51267546,0.27419904,0
358,5.6,1.43,4.2,1.6,117.45383522727273,0.11880965085373711,2166.820299692833,-155.0298,103.54199,-28.039494,27.61356,-11.937434,4.90194,-6.8157015,-0.011471369,-14.957531,-2.2763908,-8.621651,-7.787352,-8.308749,0.35437122,0.23688138,0.3845235,0.32127705,0.47768337,0.4281572,0.3116115,0.29034123,0.2784322,0.39874625,0.25440714,0.3168925,1
359,2.5,1.12,3.7,1.62,135.99917763157896,0.029350457641035547,1379.5270639538485,-302.32074,112.17092,24.955,40.46999,15.743309,21.874733,9.368019,8.167691,0.15818879,5.6855545,1.7409788,2.3373704,-2.4433541,0.52156925,0.33375427,0.29480654,0.22386976,0.2737584,0.24890552,0.37590486,0.6828908,0.47139943,0.32512558,0.30601642,0.4795586,0
360,2.5,1.36,5.5,1.57,123.046875,0.03415628020296392,1228.6010407456483,-156.99823,127.43182,25.165943,38.692463,22.953516,23.976706,6.1585765,14.002479,5.1594653,3.0273514,-3.196814,2.7978878,-3.7859907,0.37867126,0.35601097,0.2837297,0.3197163,0.2834134,0.35193872,0.3766027,0.43512034,0.46154448,0.44010547,0.60166925,0.35103568,0
361,2.55,1.3,3.36,1.61,129.19921875,0.041529578769329896,970.3600837396623,-195.8825,156.85277,12.652064,16.782597,7.151575,-1.0156225,2.1195948,3.785357,-11.671116,-4.490612,-9.783492,-10.394926,-9.061107,0.2138335,0.10270207,0.13908213,0.1652687,0.22100973,0.34731397,0.29616597,0.2659471,0.13318276,0.2643027,0.31073037,0.17639467,0
362,4.0,1.67,5.9,0.83,117.45383522727273,0.02781366724626481,1210.5649292508788,-204.94081,103.83569,32.214157,51.149914,28.398918,34.0917,7.379981,17.415817,8.841919,8.120104,-0.6064464,0.44015425,-6.524912,0.3657766,0.37887636,0.22239855,0.19523719,0.286458,0.35729745,0.36103344,0.43354127,0.48015743,0.44792262,0.48025295,0.32382926,0
364,5.5,1.43,6.5,1.12,117.45383522727273,0.031229623502704792,1343.9114931817264,-150.3516,103.58363,15.917051,54.40615,26.331453,27.542662,7.618268,17.75016,9.436259,13.019334,-1.5966201,-0.41968742,-0.6355969,0.31882316,0.26989844,0.38964906,0.49258342,0.42007455,0.37102097,0.35143277,0.4063955,0.43144447,0.43536884,0.49727175,0.38088232,0
365,6.0,1.55,7.1,0.83,112.34714673913044,0.07408837387242267,1589.39556486545,-126.810455,125.87176,-12.386416,24.09559,-18.125603,2.6581767,-9.96293,-3.9109395,-8.120155,-6.0021825,-11.510539,-1.8564067,-6.3204794,0.19623783,0.29277778,0.1224341,0.14866717,0.36971825,0.13469689,0.12666903,0.096261844,0.32508677,0.7475293,0.28312278,0.21013878,0
366,6.9,0.94,6.1,1.3,99.38401442307692,0.10948493246071613,2124.580605046266,-15.951653,103.159904,-24.014719,27.691952,0.76803493,1.9030638,-1.4630804,10.62746,1.4871153,4.8519173,2.1738741,4.071195,-1.6806669,0.5194935,0.37316802,0.4277071,0.38963452,0.5135919,0.4726087,0.39268285,0.62128264,0.36929438,0.3323648,0.3201287,0.4429172,0
367,3.1,1.58,2.7,0.64,99.38401442307692,0.04786816557187017,986.7485863724221,-277.28323,157.93982,20.79345,5.6857104,4.455789,9.56862,6.7210093,-2.2141807,-5.2879505,-5.204,-3.6631944,-0.11249459,-3.199817,0.5937664,0.2609394,0.2968691,0.18606214,0.28210533,0.25569162,0.21093996,0.44324112,0.25228226,0.24542135,0.1660426,0.33511823,0
368,4.8,1.83,6.1,1.58,184.5703125,0.08115964279961341,1397.7998157168254,-225.45947,145.57118,-47.368523,34.999443,8.499303,14.28422,-2.2308393,3.937639,0.054354638,-1.8329618,5.026629,-0.09922624,-2.4417872,0.22464527,0.22047846,0.36993232,0.45023987,0.31635925,0.3802349,0.3878944,0.5120812,0.409806,0.37520295,0.4249618,0.23961288,0
369,2.9,0.7,3.4,0.8,69.83741554054055,0.054983084991628024,1702.2034699647138,-252.64171,99.880005,40.49939,36.78178,13.561095,4.9192486,7.3894053,0.22791462,-7.586208,4.01405,-13.082929,-0.10720018,-16.785109,0.34181616,0.14059842,0.10158936,0.088658765,0.14672977,0.19646965,0.24505967,0.1515023,0.13991377,0.2583572,0.49294272,0.6722764,0
370,3.8,1.89,3.4,1.8,198.76802884615384,0.05064005114368557,814.6117152298584,-290.04105,192.03505,-17.36332,-6.414056,42.336933,-6.551644,-21.785013,18.802889,1.156635,-27.588688,-0.48098406,7.5307918,-16.072903,0.47238466,0.2712952,0.2725949,0.2864162,0.40461934,0.45993617,0.21800418,0.19537291,0.2533972,0.3449649,0.27468032,0.33729696,0
371,5.2,1.6,6.6,1.02,135.99917763157896,0.09959101099626481,1665.6149136187971,-138.86224,125.57223,-25.863209,45.908375,0.55889565,-3.7944336,-3.3180368,3.5863478,-13.378186,0.95442784,0.9911235,-1.3780192,-5.932946,0.4183765,0.2731909,0.29905257,0.51912385,0.26099074,0.26671734,0.19737148,0.3462953,0.41934037,0.24051139,0.40803143,0.27877524,0
372,3.6,1.2,4.8,1.72,95.703125,0.09608751126996394,1985.9236810534237,-251.69505,100.31173,-7.804385,27.866068,-2.8878353,2.596807,-11.082531,-1.9569095,-10.62988,-4.2037153,-10.351405,-1.6976286,-4.6558943,0.35644785,0.37752938,0.2321525,0.2639098,0.29339775,0.24791229,0.42891142,0.21910952,0.3058459,0.1642267,0.23371775,0.44944388,0
374,7.0,1.0,4.9,1.14,103.359375,0.15445846085695877,2513.852906792826,30.260235,87.98765,-22.422918,43.521717,-6.455685,2.0847983,5.8999557,-1.3741052,-0.91810954,18.853039,-15.274322,4.644016,-5.6689553,0.47529423,0.43425858,0.47827488,0.45676664,0.5618769,0.41053063,0.5237406,0.5450078,0.5904057,0.60851693,0.62727624,0.69155324,1
375,1.9,0.7,2.8,1.66,112.34714673913044,0.041985646895929936,1562.3837971329135,-275.8636,103.6563,37.77214,37.089428,23.439287,2.6781595,7.3527055,2.0903382,0.608787,1.6433212,-10.540376,0.587537,-13.759501,0.16296233,0.24890764,0.29349458,0.26123837,0.27807793,0.23471381,0.17573608,0.18715113,0.32602277,0.58946806,0.42392063,0.1818377,0
376,5.0,1.48,5.9,1.14,129.19921875,0.04743950444358578,1462.9773922971917,-152.45647,115.49748,24.457912,35.167698,11.182097,18.365328,5.6869087,6.991509,1.6252404,6.6306663,2.2507772,7.1441984,3.7536783,0.35244787,0.40242323,0.6813955,0.42293158,0.31965744,0.30774254,0.37210476,0.510228,0.446863,0.38657692,0.36885998,0.43442702,0
378,5.5,1.8,5.9,1.64,117.45383522727273,0.0571095359994848,1716.862631773639,-159.46611,120.125595,3.4892592,19.642197,15.579942,-0.19090514,-5.1345363,-0.2435341,-0.6372176,0.8020526,-2.328756,-1.0431967,-2.3845348,0.45954102,0.33366892,0.47648093,0.5133821,0.2987336,0.31716162,0.26437694,0.4299466,0.4015841,0.37347353,0.46772778,0.35812062,0
379,1.9,0.94,2.9,1.14,24.84600360576923,0.03694409896638331,650.3769417510911,-283.05655,231.86769,-16.307281,-21.15345,49.894024,9.000618,-24.509201,9.884652,6.3393226,-24.542128,-8.7809725,6.8002615,-11.859769,0.12034973,0.34689733,0.67621255,0.3560023,0.3230841,0.24670902,0.173603,0.22990271,0.17704946,0.3803954,0.25791433,0.117273554,0
380,5.6,1.28,4.8,2.04,151.99908088235293,0.0637476341011598,1690.3870547935492,-32.218994,121.57789,-1.3031907,21.988424,-1.2584387,19.178057,-3.9327455,2.1887836,-2.2455497,0.8570368,-1.0087944,-4.6102643,-3.1552944,0.26940197,0.3743439,0.349804,0.37880486,0.25020045,0.39984742,0.5001769,0.25252998,0.34067765,0.47404793,0.5378205,0.33054507,1
381,6.0,1.67,6.7,1.1,75.99954044117646,0.11185441164626289,2132.068540990923,-120.297035,94.69372,-7.2756543,30.632742,12.42256,2.9875011,-8.401011,6.801383,-3.1095254,4.25803,-4.0565557,1.8873678,-2.027121,0.35962766,0.46119988,0.5375539,0.662623,0.56587124,0.5536087,0.46747214,0.447716,0.40873224,0.46093404,0.54982203,0.36474675,0
383,4.2,2.09,3.6,1.56,103.359375,0.039981957995234414,788.3346336818558,-228.16293,165.29576,-34.804886,10.4287815,24.096226,28.284243,24.539614,15.537079,18.08295,13.535096,12.857689,11.14052,4.636646,0.19397558,0.2064585,0.38607702,0.41820562,0.61602956,0.6389024,0.34430042,0.23858117,0.21488814,0.21467113,0.17913577,0.22143531,0
384,3.6,1.36,4.1,1.58,172.265625,0.024026154366306028,1816.0343254791949,-166.17924,72.32417,14.610214,48.326675,32.836967,14.160392,24.111227,5.3887053,12.40532,19.139128,7.074562,21.974804,4.886963,0.66733027,0.61353385,0.5707168,0.5732507,0.60530645,0.63597673,0.5519388,0.5317705,0.5673867,0.6024996,0.6084271,0.635888,0
386,5.0,1.1,5.5,1.75,161.4990234375,0.05616944994526017,1591.865266657274,-103.346664,121.67584,4.0303407,35.455227,3.9214487,10.970885,1.9804324,3.9408274,-1.7383854,-0.6020065,-4.929441,-0.6173955,-2.2516136,0.31528124,0.3369763,0.43316916,0.3845479,0.67055357,0.38599852,0.31750768,0.4106891,0.30235037,0.36762422,0.22318526,0.2265254,0
387,6.2,2.27,6.2,2.52,129.19921875,0.04218463219667697,1572.751967605724,-204.57532,114.437294,24.52318,24.473942,19.011513,15.661655,-0.09736947,5.134472,-0.5400154,-0.014066827,-5.581278,-2.3091094,-4.683082,0.42355192,0.38547128,0.33836678,0.39900473,0.31540582,0.3481525,0.35053483,0.43494922,0.66568613,0.5213735,0.49099135,0.4020272,0
390,5.7,1.0,6.2,0.6,99.38401442307692,0.11399857039304123,2389.12542439232,-33.11531,88.46142,-21.39186,35.507175,-1.0497859,16.572327,5.222458,10.921148,-0.41932863,5.290124,-2.8777888,5.672909,-1.0278579,0.5225638,0.500937,0.6215789,0.5666844,0.5203973,0.46007162,0.5094117,0.46197116,0.39596102,0.45802572,0.3936378,0.47455698,0
391,5.5,1.57,6.1,0.94,129.19921875,0.10176852902820711,2640.931307786546,-53.929974,83.272255,-3.4268978,2.4081051,7.792674,-11.090117,-5.264532,-8.637429,-9.97808,-5.3508472,-7.686819,0.30912355,0.0006595397,0.47416684,0.32642403,0.33818293,0.41918227,0.26799282,0.316626,0.26205176,0.3879611,0.2499548,0.27657092,0.5475669,0.37856206,0
392,3.4,1.69,4.8,1.47,86.1328125,0.05350390222501288,1430.719366627479,-233.60487,123.77375,22.456347,41.670788,5.5216546,17.375475,0.7674021,5.0617185,2.1015306,0.47990963,-4.6967645,-2.8838303,-5.9588876,0.36479038,0.44014245,0.6417582,0.37512812,0.302591,0.33714563,0.40088096,0.424594,0.35512665,0.42672816,0.4007208,0.29172203,0
393,6.0,0.77,6.4,0.66,135.99917763157896,0.07208214199420103,2044.0085924594189,-142.81027,95.42993,17.108572,23.703089,6.993799,11.289023,-0.6713405,8.434011,1.369041,3.9864745,-2.4780304,1.5361532,-4.3265424,0.4031916,0.3473229,0.45015514,0.38304612,0.38227102,0.31867415,0.3512647,0.4563911,0.35449553,0.37674743,0.35162726,0.41727248,0
395,6.7,1.27,6.2,1.4,172.265625,0.19606530887564433,3463.098739846761,-108.72153,35.091843,5.414048,21.711546,-4.400795,5.111572,-6.006294,4.050905,-4.391887,4.75231,-1.0065095,3.1040173,-3.3471737,0.45303056,0.44940713,0.6301808,0.47146553,0.39278847,0.45506915,0.47724363,0.64798176,0.5543668,0.5166572,0.46716106,0.45871714,0
397,7.0,1.26,7.0,1.34,161.4990234375,0.07092864046391753,2009.4866845451766,-78.88174,100.81971,30.542028,49.17691,-5.7779307,-6.62186,0.15614907,14.603244,0.83932424,1.6042802,-5.6937046,1.6466709,-3.2320905,0.36544943,0.41048196,0.49670395,0.38207167,0.3665865,0.33052498,0.38458782,0.35409418,0.29442737,0.41189256,0.41723016,0.5424767,0
399,6.7,0.9,7.0,1.0,123.046875,0.06589180633371973,1990.658687251654,-76.55652,95.82662,9.640226,25.751709,0.314955,14.812456,9.927846,12.213004,1.2309164,7.3327804,2.133552,6.8205757,3.1372175,0.3979095,0.6476306,0.30195028,0.33510992,0.307767,0.2465669,0.32753617,0.3071843,0.52172124,0.29160166,0.24729884,0.3045814,0
400,5.1,1.7,5.6,1.11,117.45383522727273,0.1571364569909794,2581.4446223068926,-198.68808,75.869415,-18.413185,-17.759378,2.4325204,16.993109,-1.2598227,-0.2613903,-4.7899365,3.6575441,2.2160091,4.400195,-2.8510702,0.29183364,0.37195846,0.33944422,0.35310072,0.5515442,0.3753488,0.6101814,0.41462678,0.42604485,0.31121066,0.27784836,0.38890484,0
401,5.5,1.43,6.4,1.2,89.10290948275862,0.09804002546415679,1935.9737003518628,-136.3076,101.99057,-1.962674,39.206654,5.5172076,-3.5821357,-2.3407192,5.5008693,-6.155267,2.8837755,-2.332113,-0.4886182,-0.86858135,0.4034899,0.55813533,0.5299826,0.40672788,0.417996,0.37122372,0.65770376,0.46691397,0.42687708,0.56902546,0.42566627,0.36958095,0
402,7.1,1.04,7.1,0.94,123.046875,0.09918146855680061,2154.334531409554,-69.58479,102.25143,-21.553228,26.471615,12.555274,10.23257,6.4630766,4.506222,4.7305284,4.117158,0.15837751,2.3060067,-4.348292,0.35282224,0.2802083,0.34491763,0.4038786,0.3682066,0.43292996,0.32108703,0.3802268,0.27411276,0.4384653,0.6210143,0.33851317,0
403,5.1,1.64,5.2,1.66,129.19921875,0.07668657022797527,1559.1139566362588,-116.663765,136.2999,-24.663933,34.417988,-0.041361775,7.458584,-2.2971632,5.873694,-13.114851,0.34742713,3.0797608,5.113989,-3.655985,0.47936752,0.36983323,0.2195734,0.24686815,0.2778851,0.6584089,0.3157693,0.34361207,0.5756845,0.28448617,0.30548954,0.2333429,0
404,6.9,1.37,6.8,1.33,123.046875,0.10825982700605358,2768.5948822545056,-138.4141,66.70647,6.3335176,15.521472,13.366705,15.132204,8.513113,15.482985,4.994343,6.719083,5.9912767,9.152072,1.4616839,0.5894372,0.53962684,0.53072,0.56736547,0.5813973,0.6078599,0.59561944,0.6377574,0.70539623,0.73474514,0.6922734,0.6057734,0
405,6.1,1.92,7.4,0.92,129.19921875,0.049190122279108704,2271.1805482909085,-88.77813,79.847595,9.904451,24.831772,15.003315,23.37673,12.237017,16.001225,7.113756,10.52355,3.566142,8.238105,2.7285535,0.4787787,0.40196836,0.46301115,0.52364624,0.65821743,0.7017295,0.55601007,0.4793634,0.3924172,0.3840193,0.29585606,0.3680838,0
406,5.3,2.1,4.3,2.19,112.34714673913044,0.09899732539605874,2370.5318447572067,-140.08415,63.694424,-11.647348,66.52044,2.7330215,39.399837,3.1403613,28.818747,-4.82815,17.436192,3.4583745,11.629179,-2.1355426,0.6629238,0.6660613,0.6687512,0.61334646,0.59383196,0.5636815,0.5146336,0.54585665,0.55333626,0.5648594,0.62275404,0.67823774,1
407,4.3,1.68,4.5,1.63,184.5703125,0.07335086215224111,1985.6811612840097,-170.07114,86.9669,18.786644,25.998938,1.5610472,20.449387,9.19723,15.354415,8.374736,8.002776,3.2631154,4.9599195,-2.0723495,0.48761383,0.45747963,0.42981657,0.4342008,0.39105856,0.43837875,0.46563268,0.49787986,0.52756006,0.501206,0.58221555,0.63126934,0
408,6.6,2.37,6.1,2.02,117.45383522727273,0.10262484503799588,2449.2947047675334,47.29612,95.2483,10.807654,14.545557,-6.529674,14.5405855,-7.364028,3.9944677,-5.7854652,3.4035044,-1.0741272,4.028455,-1.4691893,0.39463744,0.48033106,0.42550495,0.5948878,0.70055205,0.4440743,0.41681352,0.348253,0.41751215,0.40362173,0.3873548,0.48389474,0
410,3.8,1.99,5.1,1.7,80.74951171875,0.044115368205821744,1374.1885667332183,-259.3345,130.731,-5.8032575,35.498447,9.490671,13.042311,9.066833,6.952117,3.301568,7.1359596,1.6020813,5.498048,1.8876808,0.7980721,0.5676741,0.45726413,0.4046929,0.28853574,0.25878558,0.28994805,0.5207183,0.39551562,0.30490622,0.47369134,0.565888,0
415,6.0,1.1,5.2,1.83,143.5546875,0.09572074339561856,2515.5855986203883,-55.372543,74.006805,-8.503837,19.908466,29.50659,19.127361,7.551787,22.320036,-6.707908,15.423991,-2.010956,8.041016,7.45353,0.54222935,0.48339733,0.58668345,0.5877435,0.5145498,0.5064671,0.48528066,0.60902333,0.49168697,0.5222376,0.6394521,0.6078815,0
416,5.5,1.75,5.2,1.6,172.265625,0.05645673340095312,1997.800213141525,-91.062454,106.591576,23.937666,19.921255,23.328272,7.8621893,5.9686065,6.4023395,6.6268034,-0.3654877,0.96233267,1.6344205,-0.5963842,0.55640894,0.50536525,0.5075186,0.5771601,0.51519835,0.5659882,0.47012237,0.52642214,0.4958127,0.4403061,0.5555748,0.5720893,0
419,3.3,2.0,4.0,1.41,78.30255681818181,0.0758687431575219,1118.3759480705476,-251.49907,179.8326,-11.810172,-16.663454,-19.594706,-1.8606796,0.09245556,-0.89754117,-8.360914,-5.8235517,-3.6511886,7.555578,7.1028066,0.70930684,0.41738728,0.5749979,0.2883696,0.20028487,0.4902751,0.15143228,0.04437137,0.056676574,0.094100356,0.05354547,0.16831355,0
420,4.5,1.28,5.4,1.28,184.5703125,0.09962975149729521,2298.4509195645373,-146.68138,104.52419,9.098526,19.385742,8.296245,12.149075,1.028501,-2.8697586,-9.252947,-0.057734605,3.0892308,8.377553,-2.8682683,0.4065061,0.5286618,0.28610522,0.3938431,0.27776977,0.6115068,0.49869442,0.2339119,0.30810934,0.24396457,0.41477755,0.25789943,0
422,2.8,1.72,3.7,2.45,83.35433467741936,0.05738826635754766,1099.1370524420877,-349.7209,156.76749,-3.1263373,5.12675,5.6259828,0.6816567,0.093066506,-10.518514,-9.718163,-5.9879985,-9.794561,-7.0749803,-2.4380028,0.50663555,0.2811591,0.26599684,0.22927344,0.45799258,0.24525037,0.20205893,0.29069427,0.20481148,0.32382426,0.17838888,0.3716945,0
423,5.2,2.48,4.5,2.29,117.45383522727273,0.03517310463356517,1450.8975513637142,-33.529945,122.58431,15.364516,52.88422,3.2829666,13.432131,7.0462165,11.453245,2.486247,5.4576902,-1.3953335,9.410122,2.3127282,0.4688036,0.44714117,0.49318662,0.57054037,0.4652878,0.44002584,0.47017795,0.5533984,0.5144653,0.50268716,0.54362714,0.4210258,1
425,7.1,0.7,6.8,0.87,117.45383522727273,0.11529550449188562,2957.246022982506,-60.77624,62.449684,4.088868,32.903683,-2.8499987,9.454011,1.7340726,6.655592,-0.31811392,5.9600916,1.596217,6.7736893,-1.290642,0.4267873,0.3765909,0.4642959,0.3837269,0.47430572,0.31718558,0.37135014,0.46118885,0.3517574,0.3776588,0.36072928,0.50281256,0
426,5.3,1.68,5.3,1.42,117.45383522727273,0.0764246945034776,2200.3142083602515,-62.106853,104.158066,38.908295,15.675995,-13.914495,3.244926,2.8210564,8.585613,-1.0936164,6.2010975,3.6263514,10.238106,6.245842,0.7016702,0.28441477,0.19844857,0.26537788,0.5550128,0.4411605,0.28556398,0.33989698,0.3046422,0.5354011,0.2400429,0.26572418,0
427,5.2,1.47,5.8,0.75,161.4990234375,0.08320614529639175,2618.718214752429,-60.791615,72.51252,20.505884,26.385416,9.80237,6.581207,4.1540937,7.2266774,1.9831797,8.523702,0.31903654,4.555869,3.573694,0.6553838,0.4100206,0.36249948,0.39645404,0.6177965,0.40532494,0.42236117,0.70996517,0.5485758,0.5981504,0.49504068,0.62543607,0
428,6.6,1.02,6.6,0.92,117.45383522727273,0.09758052992980422,2148.0934642879147,-134.56577,97.2367,22.130465,29.759869,9.767972,19.609814,-6.679006,6.8875513,-2.5414429,4.9363084,2.9934075,3.2967207,-0.2308898,0.45013687,0.3863355,0.41281113,0.4669037,0.50701696,0.49864003,0.49705306,0.58294266,0.5637765,0.50694627,0.5074815,0.4916942,0
429,3.3,1.1,4.3,1.9,172.265625,0.019790358545852652,350.5046629597921,-405.5741,208.75563,69.78806,13.846883,9.816264,8.844474,10.1706295,7.3220963,0.9051872,-1.380788,-2.1351178,-2.4619567,-1.5698129,0.34653983,0.26049605,0.2604821,0.35038614,0.26752236,0.2889182,0.19365565,0.27933142,0.50844926,0.38570532,0.4195824,0.32627264,0
430,4.0,2.24,2.9,1.04,129.19921875,0.030638893363402062,907.4640323172532,-182.66794,148.42892,47.229042,37.698807,4.301231,18.755894,10.024705,7.177668,-3.0258958,3.297142,-3.2525141,7.2845283,-1.4206636,0.28913262,0.5105947,0.81812537,0.4697216,0.28533775,0.26831022,0.17613393,0.1146445,0.23607866,0.38274086,0.22950728,0.18782428,0
431,6.1,1.76,5.5,1.91,143.5546875,0.10888697044136599,2276.9365009301955,-51.029613,90.4337,-35.70668,17.488003,6.82593,15.573416,4.561201,2.2778857,0.5577919,2.3894248,1.0403779,2.3839712,-4.3797646,0.39775148,0.3933991,0.5011131,0.404394,0.34142697,0.31851876,0.41799408,0.77757984,0.39049774,0.32549587,0.42446834,0.3753342,0
432,5.3,2.0,5.3,1.68,107.666015625,0.04159879389497423,1598.7636301091352,-125.167305,119.0199,24.416784,18.881464,15.451708,16.325474,11.383254,14.77994,6.0164056,12.082265,5.7274566,9.211865,5.2832665,0.27756497,0.35591593,0.5520612,0.8001592,0.63950753,0.5060202,0.41916493,0.35202718,0.2891197,0.31087482,0.4206733,0.33339494,0
435,4.5,1.75,5.9,1.51,92.28515625,0.13346236528781621,2609.4392871272066,-183.57509,64.02629,21.320066,27.873116,3.485049,24.534138,4.0591984,6.9109874,2.2360668,-1.6880352,1.4380414,6.9721317,0.7005696,0.25958633,0.35824996,0.4441282,0.35768437,0.34959683,0.40722427,0.4290434,0.5952888,0.49650952,0.37474892,0.2560535,0.23002757,0
436,4.3,2.0,5.2,1.83,89.10290948275862,0.11190067941782586,2973.4969819749945,-93.83943,56.40862,40.321358,40.13144,3.6073127,25.30096,-2.6045477,23.14158,-1.069447,5.0928645,1.4904575,4.7113905,-2.6889179,0.4404872,0.33238536,0.42180777,0.57243705,0.34351164,0.35901746,0.40190965,0.42879346,0.5120037,0.47709766,0.43116984,0.4724116,0
437,5.2,1.83,4.3,2.1,112.34714673913044,0.08502407948544564,1722.3756088972127,-57.530502,123.68002,-24.387909,35.926456,0.608988,15.690105,-1.3067523,8.00108,-1.2027835,8.133804,-2.3609946,6.646967,3.1308541,0.4396415,0.2551849,0.40744695,0.24137864,0.45914286,0.39302224,0.35127684,0.5326113,0.32075533,0.49485043,0.2369493,0.44590762,1
440,5.3,2.15,6.3,1.73,172.265625,0.08613849779430706,2153.981194470783,-44.6544,100.459335,14.394017,38.65357,13.303478,10.609504,-3.4092526,2.80831,-11.503591,-5.582586,-8.165253,1.8297497,0.7554111,0.30029336,0.5177834,0.30770782,0.41971537,0.53754514,0.3223627,0.30304965,0.2682343,0.45130098,0.4592257,0.3667257,0.42630595,0
441,4.6,1.69,5.1,1.51,112.34714673913044,0.11242398920747422,2476.0084152069626,-75.70002,90.71017,9.838157,17.097145,-5.2566094,9.420485,-6.462964,-3.1413605,-5.3882523,6.0196285,-2.951987,3.0728064,-0.30717763,0.5023761,0.43853405,0.4818496,0.38923612,0.551671,0.31871542,0.32888716,0.51179886,0.39313993,0.34855336,0.4204926,0.59472066,0
442,4.1,1.87,4.5,1.57,135.99917763157896,0.05832066486791237,1146.7039700299906,-176.35947,154.49568,-39.77732,19.13482,18.372906,29.358204,10.675995,-7.8290324,8.514326,5.04451,-0.44778764,7.647342,-3.838482,0.2357578,0.26579383,0.37093833,0.31988057,0.49728912,0.47326493,0.7756805,0.44309846,0.33855373,0.3500901,0.2777963,0.34807518,0
444,2.3,1.1,2.5,1.2,103.359375,0.025536102609536083,685.4320979912427,-241.36572,189.4609,5.4816046,30.559467,8.089,7.531298,-2.3633566,5.3839793,0.9545997,4.709939,0.09617262,0.76302505,3.7011793,0.16661574,0.2738781,0.6403723,0.7057645,0.46516314,0.4405514,0.48847044,0.47577453,0.39164805,0.29391918,0.36571845,0.2032199,0
445,2.4,1.02,4.6,1.62,151.99908088235293,0.035691824848660486,494.18373749872114,-384.27338,140.28658,32.41538,-4.895684,-6.3490267,-11.607013,-18.828524,-22.865356,-24.063868,-25.048601,-25.869894,-26.236074,-25.109041,0.1466885,0.1621489,0.21536964,0.13754183,0.16743295,0.3177427,0.1844707,0.21270311,0.12100475,0.24946357,0.16970137,0.07300022,0
448,6.7,1.95,6.5,1.96,103.359375,0.07287572487113401,2056.47421769256,-83.378204,85.6842,14.607949,53.555363,25.788336,22.813993,-13.934813,-3.447022,-7.111882,12.250703,6.227678,6.03599,-3.0648832,0.47452533,0.40603173,0.41989017,0.41096014,0.41659942,0.42905366,0.39549533,0.47899094,0.40759626,0.43409178,0.45371777,0.44237384,0
449,3.6,2.06,3.8,1.83,129.19921875,0.09968563748389175,1722.776603374118,-399.12756,137.09163,-28.53835,0.7530692,-8.033417,-14.637246,-15.568283,-0.55770415,-2.7743964,-9.677827,-10.483416,-6.015037,-16.210005,0.4853775,0.17044263,0.21185182,0.27396795,0.374685,0.24922687,0.16011009,0.29178864,0.14702013,0.41442305,0.25849363,0.27741402,0
450,4.1,2.02,5.0,1.73,123.046875,0.01645037392130345,462.7548937408965,-309.8687,150.8477,43.20665,20.38523,20.14314,12.949089,10.734915,5.730231,3.2528632,7.284729,11.111231,13.364267,11.602419,0.5124072,0.5291484,0.6835022,0.5703372,0.46338058,0.44411746,0.37183163,0.37767982,0.44205594,0.51948667,0.59686613,0.56160176,0
451,4.9,1.3,4.4,1.8,80.74951171875,0.03740797873196806,1077.741320740238,-159.6613,151.74144,19.200323,20.616901,8.17289,13.092373,3.4376304,4.939367,2.573044,6.119434,0.69444233,3.2604406,0.9136338,0.6629783,0.5298445,0.358532,0.3810807,0.48310536,0.6533251,0.5191112,0.41168135,0.3426207,0.40163764,0.33821347,0.35340396,0
452,5.45,1.53,6.75,1.44,99.38401442307692,0.05546507719925296,1415.988681121853,-132.3019,146.19937,-15.178496,25.69949,6.226617,7.8181095,-3.2530217,-0.33949697,-8.882086,-0.94403285,-1.8280226,-4.622968,-8.855573,0.4213179,0.32963166,0.58317673,0.32744288,0.16145037,0.16528329,0.3821786,0.61381745,0.34369045,0.31143722,0.20599538,0.37008652,0
453,4.6,1.8,5.6,1.2,117.45383522727273,0.08140008170723853,2441.4015145883245,-113.159004,72.44592,37.526386,41.00574,19.6847,16.88056,5.617476,8.397533,2.4260256,2.752046,-1.4663886,-0.21610948,-3.3110187,0.28316048,0.256184,0.3313999,0.44061443,0.59823203,0.42341945,0.2334039,0.29161364,0.518231,0.77450114,0.584144,0.4781516,0
454,5.0,2.45,4.8,1.47,99.38401442307692,0.05504162975193299,2061.818781059243,-137.15393,91.78444,20.733715,25.732407,8.446762,15.6500435,2.0143783,12.678177,3.6349072,7.173224,1.8108149,7.30763,1.7269952,0.700715,0.6045777,0.63977075,0.6665492,0.662971,0.5832434,0.51070154,0.51193494,0.55481,0.6220902,0.5562114,0.6166197,1
455,5.4,1.74,5.7,1.19,117.45383522727273,0.1504703700573158,2949.3775147483593,-16.33641,56.859295,-30.684952,33.765766,1.3400437,19.747673,4.94854,12.766444,6.092578,11.496527,5.0830035,6.9014325,2.3840659,0.6247276,0.48134208,0.6442753,0.48285857,0.5174222,0.5619894,0.43834049,0.5765161,0.43407673,0.57241344,0.440776,0.48132983,0
456,6.1,2.7,2.3,1.27,117.45383522727273,0.2817101063401597,3938.0532442749795,-10.889616,38.75029,8.771531,25.91009,-5.5705266,16.257975,-3.2555957,9.171114,-2.9296894,5.337172,-1.9143656,4.0195084,-1.0130608,0.6100557,0.7175497,0.71812695,0.6174175,0.6044865,0.60835993,0.5801021,0.61813885,0.63428676,0.61479336,0.6192626,0.6070671,1
458,3.4,1.69,5.0,1.79,117.45383522727273,0.11146547768547141,3279.076520639721,-154.1815,52.319553,34.576103,23.57338,23.076584,24.355854,3.9425504,10.649382,7.843858,7.0259905,0.9808502,3.3712962,1.776671,0.7593368,0.6122958,0.5913601,0.5861798,0.5303956,0.44100884,0.41156313,0.50127226,0.52684605,0.62542605,0.6577648,0.6442429,0
459,6.3,0.78,6.1,1.22,129.19921875,0.05995922688047398,1377.6802185512968,-159.84264,136.08148,-2.69819,51.539444,1.0891137,11.959638,1.8104509,-5.258437,-2.9531412,-2.8565655,-2.2119963,-8.278521,-6.625726,0.3264597,0.3852959,0.5329272,0.3104766,0.35493445,0.344387,0.27926487,0.2917238,0.27455983,0.35877836,0.29818714,0.2753373,0
460,3.8,2.09,3.8,1.72,112.34714673913044,0.05835350858127254,1198.2694523497967,-139.4314,165.51233,-15.456937,-0.44712776,-18.46626,-6.748985,-18.608662,-10.77651,-12.394196,-4.9273863,-11.841859,-8.295065,-11.335004,0.18954118,0.23758359,0.6941586,0.2333471,0.19107562,0.2956454,0.27375746,0.40651146,0.21671934,0.43866116,0.5334579,0.28066638,0
461,4.8,1.4,4.4,1.56,135.99917763157896,0.0505271726880474,1944.795659135945,-121.504776,113.44146,-24.064507,63.07727,-21.148228,40.52293,-23.696081,26.026562,-20.670881,16.948818,-8.856525,9.734776,-2.7253065,0.39266717,0.48876318,0.3375647,0.34822425,0.38391662,0.52467716,0.54196125,0.4633433,0.4801345,0.35808,0.3600591,0.3343882,0
462,5.8,1.66,4.6,2.06,143.5546875,0.04614169765906749,1323.3313940299658,-97.15623,145.1725,-25.682215,42.812557,8.525204,18.725965,6.594856,12.280429,4.8890047,2.065216,-2.9500635,10.025008,3.3171904,0.7344952,0.5187097,0.4233745,0.4151141,0.4479884,0.5650724,0.48597962,0.48199323,0.34516346,0.3063433,0.36669073,0.47784683,1
463,5.0,2.05,5.7,1.68,86.1328125,0.08360099497681607,2639.8327057361157,-29.653616,81.59436,30.443335,17.499464,3.1312644,10.320006,7.243308,4.88494,2.3489916,3.8971672,3.6960824,14.257354,-0.34027153,0.7811574,0.47657627,0.43273807,0.4705577,0.41744053,0.5948809,0.35146728,0.51696706,0.2910885,0.19654149,0.24040858,0.3863347,0
464,5.1,1.22,5.6,1.5,135.99917763157896,0.07231241547527048,2141.311031022931,-143.05371,111.73904,45.93077,12.685075,3.185294,12.773092,-6.303995,12.446037,-1.9235266,11.907888,1.0365741,6.350021,1.1375058,0.23860732,0.3382042,0.25371072,0.39069572,0.3052632,0.23725685,0.30336162,0.34137064,0.4810738,0.34601912,0.20523739,0.19201998,0
466,6.6,1.56,5.9,1.22,103.359375,0.12996934972308088,2897.3650721385507,-39.89311,61.587612,9.989458,37.24708,8.471527,19.976099,1.6605257,11.204642,4.716808,8.482399,2.4149876,2.964342,-0.63208944,0.61759955,0.58532053,0.53332925,0.53008723,0.48972788,0.47289196,0.59781945,0.5866479,0.644985,0.66825217,0.61628217,0.68356913,0
467,5.7,2.19,6.8,1.17,129.19921875,0.11055216051868556,3158.518467613877,-121.60425,55.18988,44.053223,25.570831,5.1881504,23.692541,6.270016,12.086042,2.9743922,10.235806,4.0017138,8.755348,3.7155719,0.6319741,0.5323566,0.5513892,0.54086196,0.5025135,0.47568676,0.38417462,0.4698841,0.36320734,0.3621182,0.50310624,0.56324345,0
468,3.6,1.62,3.4,2.15,80.74951171875,0.03068344273518041,624.5444752786136,-330.93436,150.10715,28.155445,27.954357,21.423689,-12.484776,-1.0627034,23.15745,13.109441,5.4291325,5.219435,-3.0651505,0.45048803,0.48282096,0.30935293,0.29203755,0.3332804,0.51825565,0.7408697,0.50898874,0.30338255,0.27868325,0.45600083,0.55258954,0.63760626,0
469,5.1,1.58,5.3,0.9,86.1328125,0.07093669458762887,2106.9444948283185,-218.58513,56.371334,30.831812,43.433434,25.492445,28.819656,16.473553,17.524525,10.639805,10.785394,5.9182277,8.206138,3.5255535,0.42765707,0.45160484,0.48508066,0.5034298,0.5900653,0.5975116,0.61115456,0.6049142,0.5607067,0.48837945,0.46667624,0.44865093,0
472,6.5,2.11,5.2,1.54,117.45383522727273,0.14726170063755795,3106.944757357167,-122.64743,60.22849,22.412409,24.262465,2.6565835,14.329636,4.5561085,15.674771,2.9790032,13.880165,2.5316505,0.463462,1.4002756,0.5141541,0.49825862,0.529975,0.48384845,0.45423087,0.45867765,0.4162924,0.52177465,0.5230218,0.68609834,0.6825082,0.524204,0
473,7.1,1.22,5.5,2.2,135.99917763157896,0.10435735043147862,2998.538703232613,-61.031227,62.084717,15.899715,17.273304,8.94814,16.04691,4.252244,9.367411,3.6683195,7.480314,4.4396243,4.8206444,1.2500017,0.44069487,0.3933028,0.46939558,0.45897284,0.49194363,0.70694023,0.59041226,0.501451,0.57478833,0.58031374,0.52200764,0.44681373,0
475,5.6,2.01,5.0,2.0,135.99917763157896,0.07023271383698454,2198.6837777649134,-62.10362,94.12388,13.740466,28.644403,9.275989,20.537947,1.0478761,8.78187,0.7832013,1.8428699,-4.84509,-0.41163144,-4.731226,0.3828427,0.40436798,0.3665942,0.4351928,0.4911563,0.59119236,0.5300767,0.49568212,0.46397093,0.5128478,0.64893526,0.4904676,1
477,7.1,1.51,7.2,1.17,129.19921875,0.12543696266421947,1735.5439475735513,-128.26659,116.316635,-31.91703,39.29264,8.585573,-25.28439,0.71118003,-2.2200956,-11.088163,5.549058,-1.7182735,2.0473871,0.2107542,0.63796073,0.4858063,0.4565276,0.34005085,0.51006675,0.32676873,0.37026072,0.3853651,0.2816515,0.45050046,0.2908032,0.39642796,0
478,2.8,1.17,3.2,1.08,123.046875,0.05259342783505155,982.9649502034123,-298.6693,191.71101,-35.52407,-3.9144394,-1.468926,-4.672353,-13.337959,-9.811549,-21.218391,-12.078032,-9.567242,-5.5161858,-0.69452816,0.4650634,0.31840867,0.47789347,0.3575586,0.39240563,0.410258,0.37571448,0.4178489,0.18205792,0.21205708,0.34052664,0.3419436,0
479,4.5,1.8,5.7,0.9,95.703125,0.07166936815399484,1905.5554156166672,-171.8895,89.77724,20.268803,40.47446,-12.443619,0.029404473,-10.908623,4.832603,7.550329,12.591917,3.4904473,0.7446816,-3.6193929,0.1259641,0.23471287,0.4812021,0.28256953,0.26047978,0.2555899,0.33155146,0.619766,0.3127568,0.2607124,0.26959428,0.17410566,0
480,2.7,1.62,4.1,1.14,117.45383522727273,0.016909129349226806,334.54567568607587,-354.42987,178.09048,57.870075,6.2795315,16.568068,21.607471,9.927088,4.287565,6.7457976,7.7967563,5.3334746,0.12430356,-5.5118847,0.7377735,0.55707484,0.39598867,0.13419397,0.1126486,0.124172695,0.3093433,0.36246938,0.24846908,0.2617073,0.23469542,0.6919364,0
481,3.4,1.56,4.7,1.95,112.34714673913044,0.06242905960200927,1055.8835874716433,-231.10017,191.13521,-21.89562,16.922869,0.40872034,-0.66338754,-7.9188623,-7.384363,-3.00097,2.5754278,-6.416871,-6.4848113,-10.527514,0.21274781,0.49197847,0.15151872,0.14417276,0.38662446,0.15832202,0.22679801,0.18712139,0.5680853,0.40409717,0.19939221,0.3099456,0
482,1.9,0.7,3.5,2.2,117.45383522727273,0.0515307868878866,1510.6035582100199,-277.3636,125.541695,14.550209,25.680996,-9.479532,12.315012,-11.059572,-3.7529297,-18.170687,-9.130588,-14.737142,-3.441566,-10.534689,0.3222273,0.20455194,0.36473548,0.38348213,0.16510203,0.26862267,0.18128447,0.43643674,0.35784176,0.17624703,0.33303645,0.18255633,0
484,6.4,1.28,6.5,1.28,129.19921875,0.11629596535291087,2855.060076248614,-180.99957,45.73868,18.379255,41.292465,0.44522157,17.897793,-0.08065659,14.443996,5.1949954,9.410692,1.4135994,6.7058616,5.8820634,0.51093125,0.529358,0.44691586,0.4790469,0.57042885,0.55852497,0.553694,0.51511043,0.54223466,0.5508796,0.5263627,0.51740354,0
485,2.6,0.92,3.7,1.42,112.34714673913044,0.039532156088917525,614.2530845920161,-277.543,233.71179,-9.142576,12.524098,22.49392,3.2146192,7.4600515,-3.6463313,-4.698494,2.7731667,-0.48252395,-2.1746547,-1.040211,0.1693208,0.47348684,0.34806395,0.22101937,0.3188898,0.26696074,0.43565243,0.21554235,0.31840423,0.30058518,0.12273779,0.17259535,0
486,6.2,1.83,5.7,1.62,64.599609375,0.032930935246007216,1437.4716240595312,-42.543026,119.859955,12.310433,20.153183,4.0610747,10.067294,2.0071552,7.6067743,1.5574249,6.5010533,0.035282414,4.0561633,-0.47495016,0.5298667,0.3835065,0.22920328,0.30533153,0.6441589,0.37042087,0.2827697,0.4115682,0.44476208,0.7270595,0.46148622,0.35244977,0
487,4.5,1.57,5.3,1.19,69.83741554054055,0.06529786917181865,1813.7196655201728,-151.63214,102.20613,6.246498,21.689875,-12.097205,-0.6257197,-9.363587,0.043679412,-9.699982,0.9112263,-1.0299479,9.180284,3.270047,0.3857295,0.5279565,0.30397853,0.33345512,0.7077851,0.377423,0.45049065,0.34145015,0.35936096,0.30780733,0.27227786,0.36479798,0
488,1.6,0.8,3.4,1.28,95.703125,0.04168377286192684,951.9784010450752,-406.1073,164.08516,27.691465,9.861509,-1.0768001,17.013922,0.5003376,-3.962868,-10.9576025,-15.838236,-4.651656,-4.7338862,-0.686192,0.23257652,0.831066,0.33129695,0.06607388,0.056718558,0.22486112,0.6247274,0.27160537,0.063176535,0.13957274,0.056596175,0.040821385,0
489,4.6,1.74,5.2,1.78,95.703125,0.08009447651017516,2121.5504682980127,-125.21224,83.127625,-6.3457174,34.41719,7.261873,5.689425,-10.083752,-3.5455942,-11.001151,-6.990343,-13.598439,-9.194463,-11.43889,0.31545076,0.17410864,0.3173993,0.28081915,0.5058053,0.45392936,0.29708877,0.44575974,0.2521992,0.2815148,0.21168727,0.41765177,0
490,3.9,1.51,3.7,1.68,172.265625,0.07588182436566203,1880.2959506046416,-262.6953,110.39804,17.111185,17.836546,4.179278,7.0920215,-4.6493073,6.7589164,-5.314544,-5.426391,-3.5971959,-2.472356,-6.064313,0.44449273,0.36128715,0.38697267,0.32497865,0.4602651,0.5335533,0.46530682,0.40132496,0.37366727,0.43759704,0.42602357,0.4568474,0
492,4.4,1.91,4.8,1.72,143.5546875,0.049404749919458764,1336.7572067028748,-169.83731,137.16542,32.423653,17.130997,-8.654484,18.91773,3.0601456,5.3937345,9.942142,7.6709876,-0.06776646,2.2589972,2.1215515,0.45034337,0.37501118,0.3240833,0.3194013,0.47221318,0.4490431,0.57609516,0.47154918,0.4315438,0.5880159,0.31521243,0.34437612,0
493,3.7,1.55,4.9,1.14,129.19921875,0.04208451064206595,986.6455573476104,-165.92732,180.22527,-23.357468,32.436493,1.6487976,16.471361,-6.3873343,1.1134847,-3.7283485,-7.473994,-6.435322,-7.686012,-7.561589,0.45367846,0.2824445,0.33066458,0.20162202,0.20123444,0.11938428,0.25074914,0.607239,0.33966842,0.4451188,0.27259314,0.40952882,0
494,3.7,1.62,4.1,1.7,107.666015625,0.07975973542203608,1618.9402784000756,-321.1885,123.67237,-8.0561695,31.197618,-2.9102101,0.41348362,8.945407,-6.352381,3.2606199,2.7287047,-2.2075658,2.8875327,5.4451566,0.4295069,0.6101191,0.37141836,0.40104473,0.23653372,0.23064506,0.34303433,0.2633656,0.3047681,0.30125946,0.37236798,0.47556028,0
496,4.7,2.15,5.9,1.81,80.74951171875,0.0833410518685567,1956.3213594791273,-283.1839,88.01397,3.2314622,31.822247,12.959371,15.113045,5.7906713,6.206128,3.950811,3.4713798,0.9399779,1.8268563,-1.1962292,0.5254773,0.48071438,0.5636004,0.5132511,0.42981938,0.34482253,0.31957322,0.32773462,0.39231303,0.5865732,0.4249348,0.41627595,0
497,6.2,1.54,5.7,2.24,172.265625,0.13245283303801547,2437.809294300196,-143.35132,85.15354,-4.7417393,13.885541,-8.394222,-2.8320813,11.195535,8.046405,-13.500929,3.1749518,-1.3697022,-8.06993,-7.923762,0.34509528,0.38809928,0.50829166,0.53088385,0.5928911,0.629258,0.5452575,0.5632311,0.6658417,0.58138806,0.37997687,0.343786,0
498,2.9,1.87,2.8,1.47,135.99917763157896,0.03556176745234415,1184.6254462954673,-171.26555,141.88133,11.455825,43.451008,10.259054,0.38153243,10.410106,5.3450723,2.6861875,6.9095755,-0.07142541,2.8986807,0.3489674,0.55894715,0.68513256,0.37684453,0.27386197,0.2613564,0.41652042,0.34901989,0.3379563,0.49355102,0.38263473,0.48897633,0.4045529,0
499,3.6,1.56,3.6,1.56,103.359375,0.04536588139167955,1233.8052234055694,-144.7672,138.93834,8.2032,27.853365,20.086866,10.314592,1.6005412,4.154613,4.6975617,12.630228,4.755836,2.6990774,-3.3867867,0.39568496,0.29917452,0.19724458,0.32837984,0.40700465,0.30628297,0.42627418,0.2954719,0.51996714,0.5109174,0.5221694,0.56025255,0
500,6.0,1.79,5.2,1.66,117.45383522727273,0.23095401095360824,4498.639782156443,-6.547133,2.334286,31.327444,49.10401,9.674888,19.660519,2.6868942,8.886789,-3.848579,7.2025986,0.39414376,7.9530525,1.3084326,0.6984351,0.6284842,0.5117908,0.5111953,0.60906315,0.57593757,0.5839545,0.6516397,0.7692623,0.74299645,0.6776643,0.73877585,0
501,2.5,1.12,4.4,0.92,112.34714673913044,0.014412221068392581,699.5925804803569,-357.27692,136.58597,31.21721,28.73474,13.280501,1.0283201,10.212844,8.400462,-1.7913605,15.160511,11.552683,3.2464077,6.5006247,0.6034956,0.3692327,0.48457074,0.39079204,0.48163423,0.61487025,0.45629394,0.5890812,0.3580918,0.3170398,0.23535782,0.33884254,0
502,4.8,1.78,4.6,1.62,117.45383522727273,0.07517417042525773,1969.0878137205782,-115.97213,110.941185,0.9011286,21.669594,2.3044343,3.8665006,7.8891625,-0.4571166,-6.894772,3.8770926,-2.719034,6.020426,-1.0972259,0.22747391,0.4543645,0.6645352,0.36768475,0.26646656,0.27072972,0.33740458,0.24123947,0.3054789,0.44736624,0.30190718,0.23307174,0
503,5.8,1.66,6.4,1.02,129.19921875,0.0872556832818135,2499.619103064794,-53.68622,86.959946,14.357718,23.9542,8.706408,8.496931,-3.6433957,4.3435283,-5.3978095,1.1623259,-5.970595,0.24505076,-3.309072,0.30278224,0.37421378,0.2972545,0.44944853,0.32781562,0.31466123,0.30588895,0.3229691,0.590648,0.3464666,0.26549137,0.1796062,0
504,4.8,0.87,4.0,0.77,161.4990234375,0.10047650816267388,1694.781928209141,-203.74295,127.2104,-50.365814,48.718143,11.56064,-6.9678473,-5.5229144,17.506714,-0.21831612,1.4894075,4.20805,8.291686,-4.043488,0.23616548,0.18325415,0.26822317,0.33022046,0.45703351,0.5153956,0.30341324,0.27456963,0.28629524,0.3864852,0.380157,0.40399772,0
506,2.9,0.94,4.1,1.37,117.45383522727273,0.046836762622359605,964.8322921046548,-159.43591,179.56517,5.5161586,-1.5417904,-8.245523,-14.871556,-20.969448,-13.04511,-15.787277,-10.5723715,-11.25065,-2.7016182,-10.077521,0.12299583,0.24855684,0.518108,0.30743513,0.08810613,0.19222985,0.56211346,0.2486685,0.15221828,0.41175613,0.23259027,0.15799764,0
507,4.9,1.14,4.8,1.17,135.99917763157896,0.0389562862435567,975.3612408810603,-282.32828,135.86491,15.0963955,24.23907,20.678118,24.032974,15.822903,9.31829,-1.5774482,-3.636012,-4.57526,3.7992685,2.7839806,0.3158498,0.25279754,0.20221679,0.19319068,0.20148997,0.19078472,0.30660322,0.4691656,0.47292465,0.37044227,0.26742798,0.23323439,0
512,5.1,1.7,5.4,1.91,107.666015625,0.11624112490340031,2321.9257331696454,-294.76617,70.38513,-7.8246393,14.005763,-1.5802295,8.047771,-6.5315742,-9.646525,-13.58329,-7.7625346,-5.934154,2.5202794,-12.921195,0.12301544,0.25816694,0.41800418,0.20510349,0.16067098,0.19985615,0.3841011,0.15624402,0.23147766,0.37721106,0.17392305,0.104078084,0
513,3.1,1.64,4.2,1.47,89.10290948275862,0.052028492883822774,834.203382522956,-380.44113,163.99443,-19.169115,2.1799617,-4.3063498,-16.422903,-13.178735,-15.851379,-9.548175,0.7741095,-5.9128942,-18.990791,-13.70779,0.0679199,0.05306935,0.15287052,0.14646251,0.43739867,0.092110716,0.08520782,0.31741813,0.19165537,0.48713827,0.13205865,0.17621933,0
514,4.3,1.85,5.8,1.89,107.666015625,0.04811243197771767,1833.2667896961061,-172.17065,87.938896,43.06313,45.29306,30.953417,23.318586,2.3209915,11.926554,2.5734875,3.861421,-6.484158,-3.232724,-2.1191802,0.30909637,0.43434227,0.460426,0.41671944,0.4495126,0.39923283,0.43778235,0.41107884,0.50830173,0.52936035,0.3689697,0.38314834,0
515,3.8,1.4,3.4,1.2,107.666015625,0.07593037577279753,1419.4044975302475,-266.79163,136.7248,-32.049427,12.683191,-3.0855234,-1.8937763,-5.489015,-3.2998726,-13.367811,-0.23842193,-7.527435,-2.9948049,-7.7241755,0.1588591,0.48351806,0.677607,0.20611376,0.2242979,0.22262697,0.12132217,0.06342408,0.22275081,0.35726747,0.15281391,0.12062783,0
518,4.1,1.7,3.4,1.11,123.046875,0.06351253582238536,1100.8932893711299,-172.0637,187.43446,-45.005077,13.7562685,-10.839061,24.01166,-0.24520479,-0.72712374,-1.1338756,-8.264508,-9.375262,-2.485484,-3.4473178,0.30814347,0.43206704,0.89422303,0.6242549,0.3036,0.4170018,0.22218953,0.15973638,0.1655622,0.41593865,0.2894894,0.16765511,0
519,6.8,1.83,5.3,1.79,143.5546875,0.08507690744139619,1924.8182606043943,39.489563,108.78737,-11.780049,49.033752,-2.8920407,10.943377,-3.2811167,5.5454874,-0.94582915,5.4917483,-5.3051324,0.12544629,-4.8633766,0.49785572,0.34673828,0.34162584,0.42974952,0.6994968,0.56150794,0.42606306,0.42778558,0.53160846,0.42625752,0.3954905,0.58697593,0
520,4.0,1.55,5.5,1.36,117.45383522727273,0.056206681076120556,1369.3083877789747,-181.648,124.97673,-3.543234,38.855637,19.558245,17.217966,3.755481,14.428973,-2.2303886,5.179761,2.8660343,6.237677,-0.773564,0.24683969,0.39341524,0.43898523,0.37565893,0.51288164,0.3066083,0.35285768,0.28998387,0.31253043,0.44791523,0.3087733,0.3213365,0
521,3.8,1.54,4.6,2.06,172.265625,0.112219364126933,1971.9837636318637,-179.90724,100.1644,-29.104832,35.34805,-20.379389,5.294342,-6.682754,1.8485494,-14.120377,-3.4266913,-7.725548,-1.4688535,-3.6656442,0.16562912,0.22512284,0.67839974,0.19383077,0.107075356,0.14577584,0.32036996,0.7394637,0.28184137,0.23020503,0.12261994,0.16259345,0
522,3.5,2.11,2.7,0.9,123.046875,0.06455450436308603,1512.2111072657701,-208.53421,131.90837,7.0412974,13.490398,-7.6516743,-4.411365,-3.1531105,6.582585,-7.000439,-0.8193144,-5.5586357,-1.1979977,-5.7624826,0.5428124,0.30595616,0.32522342,0.29054555,0.197702,0.19613993,0.18987726,0.29966918,0.2395264,0.22750947,0.2907507,0.45990953,0
523,5.1,1.7,5.9,1.87,112.34714673913044,0.09437840111411644,1935.4522773564229,-38.26959,119.22526,-46.764343,47.25338,4.7313905,17.22123,5.6211553,10.868299,-2.4098446,0.4678852,-4.3384743,2.4964616,2.420341,0.43592924,0.42729014,0.44010833,0.5793369,0.85745203,0.55159134,0.37133592,0.28320518,0.41973552,0.36865994,0.3393224,0.6035787,0
524,3.3,1.27,4.0,1.1,151.99908088235293,0.035386799291237114,1312.4712310310456,-223.60251,131.82828,10.810587,32.33984,22.840929,1.8832593,9.563034,8.797563,6.1353545,3.951407,-3.0196753,-2.333023,-0.4963887,0.62095124,0.48138148,0.38867795,0.43186787,0.59700924,0.8328792,0.6254004,0.42862177,0.25448194,0.20369442,0.22782539,0.33200493,0
525,4.3,1.55,4.8,1.99,112.34714673913044,0.035646041398195875,966.328966815798,-268.93533,144.63988,-2.3817632,31.442997,25.496635,-2.9613476,-2.1329403,6.749883,3.6848972,-7.9543796,-6.624483,-7.4964976,-10.171355,0.2728725,0.099986985,0.08240048,0.15969676,0.39333066,0.71738946,0.34452385,0.2772401,0.2812829,0.22268629,0.13060181,0.16372555,0
527,4.0,1.67,5.7,1.95,89.10290948275862,0.047084550891937145,1249.548490379306,-203.96506,131.22926,-10.408208,36.7301,5.7942243,13.456383,-1.3358886,2.3662355,-6.85981,-7.3764124,-12.98719,-3.1016626,-4.8046823,0.08961346,0.20621881,0.3121232,0.22705786,0.22460225,0.10379469,0.23097177,0.3812502,0.47168866,0.83156395,0.34383345,0.14379266,0
529,4.7,1.55,5.8,1.17,103.359375,0.0455553821681701,1540.8085878259249,-169.41875,114.56128,-20.211756,41.05446,21.171804,20.855284,15.599477,20.523136,9.882587,10.098747,1.6432071,4.3858986,-2.69893,0.33790043,0.24858397,0.17743117,0.23304662,0.45172507,0.73244673,0.6416162,0.5156552,0.4031143,0.432255,0.36616394,0.2890287,0
530,3.3,1.42,3.5,1.57,107.666015625,0.10609596488402062,1773.595150322185,-78.30657,131.95392,-25.300884,32.491455,3.4793115,-10.568476,2.23825,7.910809,-13.384326,10.268703,-4.466454,-2.2150939,3.260846,0.21170701,0.47384182,0.49833593,0.32788,0.37834427,0.37812057,0.74583006,0.5134235,0.44202372,0.5414634,0.3257112,0.33487904,0
535,6.1,2.02,6.5,1.69,103.359375,0.09003000161082474,1888.3668823557696,-99.5881,105.12134,-18.424868,34.207626,-12.732514,9.675451,-10.684606,3.828059,-12.440163,-1.3605772,-3.75402,3.9505658,-8.424931,0.11130201,0.3063399,0.73567384,0.18130392,0.11487073,0.1987789,0.45766008,0.6223849,0.30118445,0.29859036,0.16409302,0.26636693,0
536,5.1,1.37,4.5,0.81,107.666015625,0.15675338273195877,2320.18326719415,-163.70995,60.85215,-61.94561,23.591547,-13.4027815,11.019318,-2.0843334,-0.67367464,8.326477,-2.798892,-3.8195302,8.034912,0.72770363,0.30835128,0.25008416,0.41884312,0.20318632,0.43580392,0.21051033,0.12740837,0.16899867,0.18896402,0.47101066,0.23830031,0.48179185,1
537,5.0,2.45,2.6,1.8,112.34714673913044,0.17932758134664947,2797.3537418790065,-73.41999,72.83328,-41.354736,19.505033,-12.716247,3.268829,-28.042469,11.481543,-22.002762,1.1518621,-9.846642,-12.915387,-23.603197,0.40245813,0.5757815,0.6045438,0.48823234,0.42436144,0.54888,0.7863991,0.5598753,0.4701998,0.47499907,0.54351765,0.6988636,1
540,4.1,1.87,4.4,1.5,129.19921875,0.0373291015625,1543.1840657785667,-205.45985,102.735954,23.292397,18.745142,26.248735,21.628366,13.186092,3.7827742,-7.4233923,-8.032541,-9.572092,3.7257264,-4.484275,0.106568,0.12548861,0.16422063,0.25865066,0.08193328,0.075303815,0.25286442,0.6774781,0.87915397,0.47262743,0.16796939,0.07193213,0
544,4.8,2.14,4.5,1.75,92.28515625,0.07727075950386599,1539.4382739662349,-102.48215,142.52296,-20.729225,30.754465,12.447405,9.906862,-5.9914193,3.7961702,-8.988202,-0.48306105,-1.6388186,3.29748,-1.2204144,0.2650964,0.6536552,0.2614315,0.21178913,0.42202127,0.25175712,0.49552515,0.26665592,0.332018,0.74138176,0.3876743,0.3186918,0
547,3.4,1.85,4.8,2.09,103.359375,0.04624383170723854,1665.0753779336935,-292.9578,91.93621,54.45092,45.097412,6.353757,11.946451,5.809096,10.256858,-10.474085,6.755437,-10.252726,5.3557715,-11.841259,0.48029694,0.5629152,0.31421843,0.17189957,0.20667084,0.1563496,0.14043124,0.14865968,0.21008459,0.2837772,0.26583853,0.3154414,0
550,4.2,1.78,5.9,1.87,89.10290948275862,0.06574363649536322,1628.882449630422,-127.445984,124.09197,-7.2174397,25.404198,6.1867537,10.651245,-6.7432833,2.106994,-8.94488,3.047085,-3.2377512,2.3359668,-6.367743,0.2876412,0.35864782,0.42047083,0.40470725,0.49071565,0.3078376,0.28547117,0.2807366,0.42711738,0.56496525,0.3643428,0.3257547,0
551,3.2,1.47,4.0,1.41,86.1328125,0.041887537834878925,1136.5438848818474,-312.12558,129.11465,23.034107,37.214024,14.829245,14.76759,6.8145294,9.480555,-5.073627,-0.76069444,-3.0460107,-4.8820043,-6.020023,0.20895873,0.2362475,0.3968438,0.2993684,0.22903775,0.21891083,0.28517076,0.3872161,0.23917092,0.33893418,0.46083936,0.259176,0
554,2.8,2.27,5.0,2.37,41.015625,0.06462569632277176,771.7102182037064,-351.45337,233.98206,-20.043703,-56.916603,-9.504089,-19.6593,-24.57381,-9.694914,-14.371099,-18.626328,-10.533117,-8.798297,-11.331711,0.32213834,0.076935664,0.11018719,0.55672246,0.1707514,0.20714244,0.049402878,0.10967157,0.50218844,0.18579462,0.38733888,0.13851753,0
555,5.2,1.6,4.8,1.66,103.359375,0.055519162963678516,1440.5057830075996,-36.170643,130.7155,-7.472726,34.031624,6.1759515,25.115305,7.350431,14.986036,2.0286405,9.568324,1.1317301,1.0118223,-7.601154,0.3197909,0.29242036,0.28287786,0.38994965,0.5406525,0.4020099,0.4252064,0.42836487,0.45708758,0.5296202,0.38651037,0.40131122,1
556,5.6,2.06,6.1,1.64,89.10290948275862,0.1343661450283359,2019.343395283027,-208.26569,89.13827,-25.31672,18.271883,-1.3431362,14.064435,5.457816,7.7759748,11.638556,-0.9242324,1.1867287,2.356069,-2.9830613,0.2825566,0.17638126,0.35252774,0.2574609,0.39758897,0.2565661,0.15635274,0.2778676,0.18747582,0.423644,0.2790946,0.25382602,0
558,2.8,1.83,3.2,1.66,64.599609375,0.09450393039992272,2104.4379478186597,-287.62268,81.630424,2.866139,6.8832874,-7.266819,-23.877293,-10.305548,-18.491028,-8.008138,-10.958459,-9.191421,-8.762268,-19.208712,0.46738103,0.39845705,0.2884254,0.36638388,0.18981516,0.21271555,0.1934082,0.24545807,0.28581637,0.27317744,0.38169366,0.35192943,0
560,2.9,1.22,4.6,1.62,151.99908088235293,0.030711657972694487,844.8552478415564,-304.33743,136.9417,23.796349,45.0625,28.731634,7.6144643,9.787348,10.628944,2.4931054,2.8390996,0.85019827,2.6797771,-0.9515259,0.17051145,0.39974943,0.7272333,0.41358873,0.31655943,0.2236111,0.35583848,0.33083203,0.29883432,0.37216136,0.19215582,0.16494371,0
561,6.9,0.7,7.0,0.89,123.046875,0.07654689513530928,1590.4975130414907,-140.48676,130.70116,-12.486029,29.69939,-3.9793794,10.218652,-2.749133,5.7880754,-3.3504095,0.8435367,0.33191195,0.24479358,-8.8087225,0.47324407,0.39874414,0.38706622,0.32198772,0.4544717,0.46777585,0.37287796,0.41658247,0.3585595,0.48001757,0.39133427,0.40704465,0
564,4.7,1.68,4.9,1.64,129.19921875,0.05325938425747038,1670.6794179524964,-82.54162,121.585526,5.6501975,19.759262,15.404,14.16674,5.7163873,18.281824,-2.8617582,7.9284196,2.9298275,0.88496685,1.4034035,0.4147608,0.4839172,0.3694354,0.3207746,0.369357,0.3742942,0.4915588,0.44132596,0.50136906,0.53060573,0.44801942,0.4934822,0
565,3.1,1.51,3.0,1.0,161.4990234375,0.03441062113601236,1051.750622968619,-226.90842,154.58476,19.88053,24.072071,20.488167,1.4587889,-3.2433393,6.09233,-4.787503,-4.634687,-9.534456,-3.840355,-6.6916623,0.38269326,0.58538216,0.37471896,0.34129894,0.33579087,0.2524177,0.27444205,0.43654642,0.5984501,0.23593034,0.20748919,0.3653079,0
568,5.4,1.5,3.1,1.37,123.046875,0.04715462910760309,997.8910809102772,-203.62675,176.57253,-26.904404,33.435043,3.2312806,12.272327,-7.0512605,-0.2876215,-4.575904,2.9794948,-4.194511,-1.7163401,-6.086713,0.48687154,0.30285043,0.25138825,0.33481553,0.42066705,0.5797953,0.39196318,0.43706128,0.3491001,0.39860523,0.5952201,0.4501219,1
574,4.5,2.06,4.8,1.94,151.99908088235293,0.05132965449510562,1277.0530900991646,-181.35912,121.83621,0.33586523,43.23373,2.2129555,15.659551,-5.054497,-3.0042605,-4.737359,-3.532877,-8.983373,-3.0080767,-7.81757,0.18817087,0.23127498,0.30129647,0.24702305,0.33052054,0.2695569,0.308083,0.32126045,0.27346423,0.38520706,0.2357532,0.26514545,0
577,5.6,1.56,5.5,1.28,129.19921875,0.06913131241945876,1588.7402192000177,-212.18108,130.9781,-16.992813,36.493233,11.287025,-6.6559434,6.1826153,9.929541,-2.9837196,-2.8163657,-4.3899713,4.183863,-9.639226,0.21759629,0.37509835,0.5592218,0.39321655,0.5317223,0.3604412,0.4543462,0.5203683,0.35388672,0.41890544,0.2613261,0.328916,0
579,3.1,1.92,3.2,1.33,112.34714673913044,0.0360583118556701,1114.961807389824,-177.10167,145.60738,-14.8358135,36.909405,10.450292,29.014143,4.947004,7.0969906,10.026607,8.084417,4.962356,4.7274737,-0.9854887,0.16481848,0.12751886,0.14979844,0.3636962,0.75467616,0.7142681,0.54944074,0.50062346,0.48391214,0.58848405,0.4372535,0.38907766,0
580,2.4,1.02,4.4,1.28,135.99917763157896,0.034835508838871716,768.5692231899797,-393.69922,144.86044,41.203472,17.793514,8.161053,12.71903,5.36048,-1.5688806,-6.059715,-5.6635294,-9.271862,-6.4248624,-6.262235,0.15298389,0.08155906,0.31927705,0.6546626,0.20898227,0.13491443,0.123624824,0.27222732,0.15487532,0.13156235,0.25351632,0.12708777,0
581,5.3,1.19,6.0,1.0,123.046875,0.12752165443070582,3011.655921039121,-57.332108,67.191055,32.48638,32.32383,7.6346865,8.343263,-7.327676,3.522522,-4.3653603,-3.0529163,-6.2735825,-3.1716535,-8.703888,0.25411823,0.343079,0.36936304,0.42012686,0.52879214,0.3225261,0.31480983,0.41092113,0.46320876,0.2839433,0.2247666,0.3033668,0
582,3.1,1.37,4.9,1.64,117.45383522727273,0.05519465810244845,1430.655050312146,-131.0019,128.59239,9.89108,39.401024,2.033851,12.688183,0.009132873,2.9221961,-1.8591794,3.8323448,-0.051515117,-0.35723978,-5.2084455,0.25397518,0.39141306,0.2018726,0.2917553,0.22292885,0.34754822,0.67225707,0.38968533,0.42463696,0.35573715,0.4497063,0.31195325,0
584,2.5,1.12,2.4,0.8,103.359375,0.06859911329533745,1078.930684463944,-271.57657,187.79779,-51.487045,7.554033,30.645884,-7.7567916,-2.3660579,-0.42740983,-24.562874,-20.690016,-17.1445,-10.468373,8.675874,0.21931331,0.2539167,0.26928768,0.23699068,0.3132369,0.17066191,0.119659856,0.24962014,0.3285778,0.22056851,0.38193995,0.49455237,0
585,4.0,1.41,4.2,1.66,117.45383522727273,0.042891017436244204,1326.0086440818995,-117.91395,138.49016,17.86541,27.463976,17.609268,10.680797,3.147528,8.642545,-14.118616,5.9877467,-15.342844,10.820701,-2.5447178,0.36988163,0.26279837,0.37650135,0.30304703,0.37132797,0.21217845,0.17589298,0.25834095,0.26145446,0.33397695,0.3297973,0.44532108,0
586,5.2,1.4,5.9,0.7,107.666015625,0.055807201104456465,1574.3879164623445,-174.9824,123.420006,3.3374684,32.522945,9.282224,8.2949705,-1.5705719,8.427828,-6.631525,5.717835,1.6474388,0.7734985,-0.31385672,0.32972878,0.40595642,0.4185567,0.37400052,0.4706265,0.3849535,0.43545243,0.4454466,0.4037028,0.36809716,0.30338264,0.3486951,0
591,5.7,1.68,6.2,2.09,172.265625,0.08370147390463918,1539.700752373609,-139.14319,147.86897,-35.62156,46.703068,-5.048745,-15.881455,8.433126,-4.528235,-29.936872,6.3874483,-15.23063,-7.5730467,-2.2313492,0.33284524,0.24648869,0.32545877,0.308164,0.34169078,0.2944729,0.32781073,0.43899152,0.30021432,0.3152453,0.29177943,0.39069062,0
592,5.45,1.08,5.09,2.11,129.19921875,0.09831081353039671,1766.6899455345194,-162.79504,117.74567,-26.225794,35.739132,0.8349247,9.790815,-5.9720826,5.1625237,1.0964689,0.10707472,-1.3292357,4.459566,-22.085423,0.13352145,0.17183888,0.32648516,0.12703831,0.19755544,0.33519256,0.28385672,0.32071954,0.17821828,0.44215804,0.18483277,0.28878734,0
594,4.2,1.83,3.1,1.51,129.19921875,0.056792568263781554,1471.3883984372594,-170.57875,129.69083,8.037291,33.99568,17.734552,-2.2366838,2.6948733,14.874395,-12.550048,-3.5141408,0.88579476,-1.225821,-4.985035,0.42763633,0.30130076,0.2760966,0.3117268,0.2952098,0.47051805,0.3472669,0.37995595,0.25709155,0.24365702,0.29760823,0.27668586,0
597,4.8,1.78,6.4,0.8,123.046875,0.045561926143685566,1478.7129779067382,-132.19046,115.7443,7.5507994,51.161266,9.624881,16.439024,7.849968,6.080751,1.074229,3.379717,-5.5498357,-0.6688896,-8.32798,0.3706577,0.43244702,0.34014794,0.26032737,0.2598967,0.39391088,0.3398426,0.27498835,0.30099148,0.37712234,0.4063047,0.45126435,0
598,4.0,1.61,5.6,1.02,123.046875,0.05545098974433282,1842.3525246770243,-172.80869,99.13582,7.149168,19.909622,21.346426,20.894665,2.7910478,10.255499,-3.342202,-1.7195115,-5.2981257,-4.848405,-16.8775,0.0562702,0.10544334,0.3120073,0.13082837,0.08901226,0.113606684,0.46624637,0.9835816,0.4639727,0.11356339,0.07185191,0.071749076,0
600,3.5,1.8,4.0,2.1,103.359375,0.08653249838917526,1647.1650622196723,-220.30402,128.62914,-20.301056,27.506294,8.30964,-8.707954,-14.404883,6.126896,0.15552497,-2.4838839,-7.256095,2.171902,-3.9842505,0.25306615,0.3318182,0.40874898,0.30432308,0.2713657,0.17189331,0.22621448,0.15665185,0.31245667,0.33367342,0.28686517,0.41663167,0
605,4.4,1.74,6.0,1.55,123.046875,0.06293620797913446,1895.1383052077638,-143.12999,107.65776,21.820099,17.595022,9.901758,11.979724,-5.8785343,-1.5304458,-16.674423,1.5565995,0.29596245,1.4807411,-8.942146,0.29421473,0.34910488,0.49529204,0.3637035,0.3887715,0.32067445,0.30285335,0.40091985,0.27306536,0.23127814,0.21794231,0.25686803,0
606,4.1,1.76,5.6,1.5,123.046875,0.07513217051455436,1588.1386944018523,-110.77484,131.89189,-21.356598,34.502296,19.122053,-1.0358915,6.780813,3.892046,1.8000975,6.663634,-7.162456,2.2966013,-6.408845,0.3344185,0.39652944,0.25877237,0.4779078,0.669273,0.37699497,0.5322784,0.3847216,0.4626532,0.37049222,0.5049894,0.6277578,0
607,4.4,1.74,6.1,1.3,143.5546875,0.055648457635309276,1302.753021789287,-201.22577,134.00449,-6.274743,15.185694,-2.8911247,4.326047,-11.371221,-5.812979,-20.495285,-5.3126206,-16.085735,-3.1730719,-16.058527,0.48072138,0.18018857,0.15038562,0.2878605,0.745327,0.39341503,0.18561976,0.2903077,0.20959717,0.38285378,0.15694728,0.23210835,0
608,2.9,1.64,3.8,1.89,135.99917763157896,0.04394229220360825,888.9844602268722,-262.68146,188.98744,-46.424507,37.338547,7.7853928,3.6545417,2.492933,-7.9299793,-0.8326021,-15.972129,-10.876676,-16.12867,-18.051958,0.56680673,0.1842283,0.1256229,0.17118914,0.4804966,0.7844757,0.3976021,0.3514895,0.29667726,0.17537989,0.10051685,0.29364517,0
609,5.3,1.82,5.55,1.69,143.5546875,0.06642714038337628,1957.3082373450802,-68.58566,107.139885,15.605671,26.411821,1.2128313,29.915453,-5.947213,17.212734,2.7112424,7.77114,-3.514432,15.140026,1.7720423,0.49912935,0.46821633,0.55549204,0.45728138,0.3974599,0.3961279,0.52214533,0.48334318,0.52744997,0.6775616,0.6117145,0.52454734,0
610,6.3,1.35,6.5,1.75,117.45383522727273,0.038813202360252444,1454.1587958187542,-166.29095,125.95548,11.224709,39.970818,16.018347,19.86645,2.2836256,7.613575,4.5363374,5.3125243,1.896786,5.191491,2.8959227,0.29132766,0.5835482,0.89579946,0.6132207,0.3382785,0.24771406,0.24711725,0.22858584,0.19595766,0.19381438,0.1612978,0.20716716,0
611,5.1,1.58,4.8,1.72,123.046875,0.07469469837306701,1760.5827923581658,-83.810776,119.93407,-24.400871,55.431694,-4.204026,6.019035,12.433413,8.001201,6.3457837,3.4373984,-1.2332162,0.59113795,-4.1720967,0.36774698,0.30418712,0.31456187,0.37312415,0.61154073,0.39296067,0.4838495,0.7378987,0.5487603,0.54767114,0.41572672,0.49275672,1
612,5.6,1.2,6.6,0.49,117.45383522727273,0.14078977291022668,2456.260926989989,-126.197174,81.11998,-10.158886,22.89514,-34.0038,-0.11913094,-19.641508,-15.812243,-20.07032,-11.523583,-10.697478,-1.0224881,-11.436462,0.13086426,0.19439168,0.46573374,0.27964023,0.44014224,0.1444868,0.2814724,0.5329939,0.2908543,0.4132457,0.20964196,0.42235202,0
613,5.2,2.18,6.8,1.4,129.19921875,0.07569542324420103,1596.1236461803217,-124.97386,118.81911,-8.469936,28.97928,2.990748,7.6922436,-6.696077,0.23192573,-4.401011,-1.508283,-7.6988454,1.8724152,-4.931128,0.4428458,0.1928057,0.21884853,0.15398861,0.4893623,0.27593878,0.23679356,0.5958175,0.27844724,0.23595455,0.09082276,0.17277418,0
614,4.3,1.49,3.7,1.35,143.5546875,0.09068094732096857,1878.1188733960728,-121.88703,110.22005,-12.797541,21.68467,14.06482,7.5010004,-6.018708,8.802274,1.9894624,2.3667789,0.7530721,10.348771,-0.63541514,0.2606023,0.263295,0.4129493,0.62426615,0.3031443,0.4260623,0.34267178,0.24441855,0.36949718,0.31662908,0.38655993,0.30358666,0
615,3.2,1.72,5.0,0.77,151.99908088235293,0.10255667181865018,1986.8091104601183,-320.49902,101.936516,0.95148975,19.470997,7.5038943,0.8082211,-6.375515,-7.2998586,-11.729165,-1.6467072,-9.55952,-4.0216064,-6.295228,0.27259505,0.29106084,0.2928137,0.31806636,0.31082356,0.35371813,0.42185616,0.3144893,0.28473738,0.26292554,0.27660918,0.28490606,0
616,3.5,1.43,5.0,1.18,112.34714673913044,0.03671341689206595,1308.0473484007098,-287.85788,112.29508,30.014004,48.414097,16.410704,12.734683,6.2083626,2.171148,-10.050176,1.2117211,-10.045482,-5.6964083,-8.778818,0.26669595,0.37978736,0.3550723,0.3734283,0.22103375,0.19149703,0.25413164,0.41773167,0.48961097,0.29022568,0.22993308,0.20792058,0
617,6.5,1.69,3.0,1.34,112.34714673913044,0.16144701305705822,3403.142194281992,-0.5793697,47.813274,5.987497,31.161211,4.211849,19.42136,-0.40270272,13.025886,3.8540568,7.59156,7.400514,3.3287485,2.0037017,0.5541249,0.5398767,0.4921276,0.49581307,0.56027204,0.6852342,0.75605077,0.6915838,0.6591647,0.6275084,0.56492317,0.53986084,1
620,5.8,1.25,4.4,1.56,143.5546875,0.05515037351880474,1822.0909032524457,-99.4041,112.36126,22.352718,33.54634,2.5750318,22.04025,1.4518527,5.373044,-2.3988054,6.5630193,-1.0117723,8.205645,-4.8165336,0.43535465,0.39636734,0.5072785,0.5376634,0.46926728,0.40655443,0.5387403,0.6538216,0.44505405,0.63728195,0.5816183,0.46746925,1
621,2.9,1.22,4.4,1.11,86.1328125,0.03730584468379701,1217.592832172514,-355.39728,138.12056,9.363497,26.901209,11.933744,11.429957,-2.3175673,-2.3854885,-10.217892,0.8723879,-8.772638,-5.0902114,-9.61751,0.14200647,0.0466432,0.05935181,0.058696326,0.16876188,0.37077796,0.26256144,0.27526286,0.45844576,0.29018626,0.2837486,0.3285141,0
622,4.5,2.11,5.0,1.79,95.703125,0.02675484407199897,1069.8174774271824,-199.6792,142.93384,19.271091,45.117153,13.835479,19.266626,1.0919662,4.8354635,-0.023319423,4.1110916,-6.6946697,1.4641168,-0.2382326,0.42839363,0.54463774,0.48996806,0.41202343,0.27327785,0.23536046,0.28095716,0.4793759,0.50741756,0.37004364,0.32958293,0.29811764,0
623,3.8,1.66,5.9,1.58,117.45383522727273,0.08722943178157216,1710.9257442638145,-170.31937,117.84794,-16.0325,32.338863,4.4468155,3.5696635,-0.06397863,5.789341,-2.735588,0.83788687,-0.40275705,5.6155505,1.6065782,0.21804191,0.49811134,0.30462015,0.19378741,0.37199637,0.21678326,0.17595609,0.13765761,0.23390849,0.4496229,0.21955255,0.25147882,0
625,3.1,1.45,4.4,1.2,129.19921875,0.031164972147089128,942.9191172584027,-382.0148,121.50019,37.60296,44.543125,20.849873,19.143068,5.1767783,9.738925,3.1406915,4.9187913,5.7536616,1.6208903,-1.6234878,0.49230102,0.33450663,0.2721854,0.2970422,0.18949217,0.2076854,0.27176592,0.40024108,0.38055137,0.37457097,0.44456318,0.48633662,0
628,4.9,2.07,6.8,1.66,123.046875,0.03885320066975786,1074.8099930155952,-186.11417,148.44287,-2.744027,24.506927,20.553066,18.25803,-3.9178538,2.5190437,0.8381902,3.8158255,0.68500024,-0.6010916,-2.4811723,0.25816137,0.2968923,0.42677912,0.3471732,0.3040972,0.29759085,0.3904106,0.38553005,0.27220976,0.275919,0.25534612,0.27935925,0
629,7.4,0.92,7.6,0.8,135.99917763157896,0.1169848884503866,2673.9901674220873,-10.471293,78.07626,0.5337411,18.703781,2.5426538,10.633675,-2.354109,5.878091,0.20330434,6.3371563,-0.8259634,2.5671787,-7.452368,0.4934508,0.3197571,0.37108043,0.48446974,0.37469885,0.41153413,0.3409567,0.5244082,0.41053566,0.28899002,0.35858765,0.35626748,0
631,7.6,1.5,3.1,2.34,89.10290948275862,0.08601724505731581,2214.701437071147,-24.924366,90.8485,5.679459,28.920145,12.46677,2.8975244,7.9950085,5.5434933,-2.070499,5.1056237,-1.7585224,-2.1590607,-0.604875,0.4776181,0.46912655,0.41026184,0.40470833,0.48011574,0.50815165,0.48236164,0.47739646,0.44653946,0.46689284,0.40041023,0.35974306,1
632,4.2,2.09,5.4,1.8,99.38401442307692,0.06310607280927835,2130.1926138618487,-76.78938,90.49955,17.932085,31.188288,9.23933,14.758885,2.627745,11.046926,1.8504875,3.5792406,1.1367073,-1.2685381,-6.24276,0.23718949,0.2780268,0.37843856,0.5986122,0.4159495,0.35285336,0.3881714,0.4110965,0.58532035,0.33658046,0.27147657,0.29494786,0
634,4.7,2.33,5.8,1.54,143.5546875,0.05139405428902628,2060.5248556472457,-251.41449,80.09625,23.966246,45.19545,15.558351,17.531912,4.634078,10.809076,1.3141372,13.6662855,5.512856,9.4219055,-0.15107122,0.4091828,0.41569626,0.55764186,0.5094362,0.42700753,0.43023998,0.39514792,0.47722587,0.5006871,0.43982658,0.3155311,0.32661542,0
635,6.6,0.92,7.6,1.02,151.99908088235293,0.10414327142903143,2503.301910235984,-71.7345,79.496315,2.7741673,35.656982,8.832666,7.8558865,3.5835984,4.3765073,1.4566783,3.9309378,-3.2699468,4.0020585,-3.3502629,0.49689695,0.43251574,0.2807265,0.4105592,0.5338291,0.49501583,0.5011346,0.41507065,0.43150565,0.37484536,0.38157573,0.5300512,0
637,2.2,0.87,3.6,1.96,143.5546875,0.06747337471020093,708.2858429792356,-348.0586,166.21762,30.718596,-22.092916,-9.358832,0.073029995,0.786707,6.1731763,7.624096,0.03569409,-5.895276,-4.564641,-3.6472914,0.30600953,0.100194,0.13485685,0.083891034,0.18255462,0.36039492,0.15297894,0.1055627,0.11395418,0.54530746,0.09856952,0.1026514,0
638,3.2,1.47,4.4,1.62,95.703125,0.04113612305190623,555.0013635284942,-389.71103,193.2119,30.929811,-16.118093,4.2562084,-1.3109232,-15.09149,-12.866278,-15.595363,-24.643904,-21.372356,-9.783544,-6.2530465,0.41527784,0.14267568,0.2750764,0.119034894,0.2566809,0.41953886,0.20716418,0.3545032,0.14844194,0.2625372,0.17381226,0.50381655,0
639,6.1,0.94,6.3,1.1,172.265625,0.13287441607603093,3166.7184694092643,-91.54844,59.67931,37.125298,32.2023,-7.413419,7.07073,-5.3652864,4.037242,-8.108246,5.3212466,-1.7025574,-1.7437819,-7.1636662,0.29811126,0.33272275,0.27731076,0.24203458,0.2918653,0.4316086,0.7748055,0.49420595,0.3092155,0.275699,0.25607902,0.30335432,0
640,7.6,0.8,7.8,0.75,103.359375,0.08372325396058733,2177.343082327462,-80.916824,94.079155,22.075544,36.828655,5.838463,4.668975,3.608399,5.9816303,-8.3884,13.361568,-3.1785488,3.8583994,2.1761959,0.40426308,0.34124073,0.48985127,0.44388926,0.3394067,0.45386353,0.41061637,0.47706008,0.3505376,0.3564322,0.3963668,0.37010258,0
643,3.5,1.12,4.2,1.72,129.19921875,0.09389547760953608,2242.420022315502,-191.43471,79.89581,-6.977975,37.072544,-5.914674,4.0363693,-1.2472876,2.2242217,-14.906139,-7.448185,-0.5721177,-8.808871,-3.9058309,0.42628884,0.25725296,0.17649116,0.23852791,0.27479568,0.38860643,0.22104345,0.2725004,0.2681295,0.23570508,0.1979008,0.23919645,0
644,4.3,1.62,5.6,1.96,198.76802884615384,0.08005472976236476,2277.276857203035,-180.72627,92.61592,42.42462,30.278847,5.029628,3.8713593,-6.4707394,2.1329217,-0.352166,5.3502502,-4.670354,0.53922176,-5.0799856,0.48899156,0.38965052,0.36645588,0.37908095,0.25429803,0.32666805,0.2698477,0.44359532,0.3929779,0.31692612,0.41789037,0.36761564,0
645,4.6,1.91,5.7,1.68,184.5703125,0.06295203769329896,1817.5739417403308,-130.28894,106.02099,8.915856,35.734665,6.4989247,21.027258,-6.166614,8.603279,1.3847009,8.33831,-4.482872,1.0141616,-4.855051,0.34089917,0.43606067,0.37432784,0.29187712,0.42733192,0.3098001,0.34115124,0.30098942,0.43960536,0.39825335,0.28440705,0.39662355,0
646,3.1,1.3,3.8,1.4,66.25600961538461,0.013797152724111283,307.3062539476168,-373.44565,131.50226,68.191055,32.571053,24.440083,25.68532,18.88505,7.067242,1.4224561,3.656569,6.052855,4.6380405,0.8169216,0.4142936,0.26603925,0.22395784,0.29282463,0.31373584,0.45371667,0.48540834,0.59315,0.41324264,0.31340536,0.3505767,0.4121127,0
647,3.0,1.0,5.8,0.87,89.10290948275862,0.0528611620942813,2027.3676043515534,-157.95132,91.84137,25.119602,32.29522,-6.755606,19.939882,-0.8882688,9.811202,2.732825,13.960217,6.9864507,5.9828606,2.3947408,0.3750964,0.47805864,0.37525457,0.36214453,0.40587944,0.3692266,0.5480519,0.3084039,0.32072717,0.43020236,0.30228525,0.3622848,0
648,5.1,2.07,6.8,1.54,99.38401442307692,0.052401810439206595,1173.2526837754779,-201.66512,145.12161,-13.092086,18.735899,9.531015,9.380939,-3.3535454,-2.1131847,-2.0980947,1.5452232,3.3433344,9.198017,5.70248,0.1603092,0.21622184,0.40317157,0.36134872,0.3042424,0.2624678,0.21925938,0.24684487,0.1814323,0.31868932,0.299645,0.15793872,0
649,6.2,0.98,6.7,0.64,117.45383522727273,0.0732703769329897,2103.630443450408,-160.76453,91.09539,19.400946,29.729515,6.7868323,3.4359987,0.39996812,-0.02211763,-6.7141542,9.074063,-0.8719136,-0.6501861,1.3248714,0.29382217,0.24053226,0.31283495,0.35777935,0.48586512,0.37258834,0.21717724,0.2100157,0.1931323,0.20542812,0.16122618,0.20051204,0
650,6.0,1.0,4.2,1.66,117.45383522727273,0.11878095803801546,2642.071410011653,-45.427223,77.69631,-6.8555064,33.10987,10.275084,6.9264545,-6.986491,5.251676,-1.1247427,2.1664724,-4.013982,-1.6453973,-1.909643,0.30548298,0.35003212,0.41551733,0.42327726,0.29507405,0.33048522,0.6958812,0.422925,0.25441608,0.37185892,0.3770388,0.34760383,1
651,6.4,1.02,7.1,0.7,135.99917763157896,0.0852341335007728,2147.173109441853,-100.6479,91.92217,5.0281353,29.599293,7.2773156,10.319743,3.817807,6.874544,0.32720548,8.434985,-6.1296034,0.82897806,-4.073474,0.2727831,0.23761025,0.23234363,0.25389624,0.30434638,0.2971916,0.39635116,0.33286107,0.46314958,0.6659323,0.49339718,0.43660837,0
652,3.2,1.72,4.3,1.62,66.25600961538461,0.02173354945231959,1340.1798581060252,-246.76933,93.04627,54.616405,48.809696,25.72127,23.452333,7.717935,12.557561,1.616104,7.3569336,1.4335774,4.1240773,-2.0970824,0.50972104,0.397979,0.3917101,0.32291657,0.24849477,0.27775306,0.26632532,0.32534596,0.35824043,0.401914,0.48684368,0.53276676,0
653,5.3,2.0,6.5,1.02,123.046875,0.06963167485502578,2631.6108366779617,-83.77534,77.885826,42.421753,18.112907,10.863088,7.2917686,4.73342,7.496359,-0.9627681,9.739342,3.6416183,4.5906324,-3.6427495,0.4294408,0.30202717,0.30487016,0.32574776,0.39201993,0.3690466,0.43313032,0.55642986,0.61204284,0.63073814,0.5477745,0.5227299,0
654,5.1,1.81,4.4,1.69,123.046875,0.1310344619397218,3150.55109246257,-120.996735,58.665733,56.145874,27.79775,-3.824322,0.84781617,-3.969664,-2.2870257,-6.1192527,-3.351702,-7.8326035,-2.959344,-2.631588,0.31073195,0.33686778,0.3538682,0.2664643,0.21696398,0.22934212,0.22801052,0.19714062,0.27100506,0.2624242,0.29422352,0.3258874,1
656,2.6,1.11,4.1,1.45,112.34714673913044,0.04033640842349304,647.6369430275744,-382.59494,171.77898,18.792675,-1.8241979,10.009832,-0.64411193,-9.124186,-11.215393,-13.492932,-11.988464,-8.673343,-10.008137,-10.147732,0.20309374,0.102394186,0.17845279,0.20328854,0.35757557,0.30147338,0.1833365,0.3745012,0.2626413,0.2579643,0.24260461,0.23101816,0
657,5.1,0.94,5.6,0.8,123.046875,0.06083390689399794,1796.3132157577502,-88.80021,111.02797,13.508233,25.357616,-1.7806157,9.922303,0.8371682,7.569384,1.1286162,5.448161,-0.6071279,2.7153842,3.3053346,0.46758384,0.30178472,0.41786593,0.32402927,0.26221263,0.46613804,0.37218097,0.5663293,0.3021496,0.256611,0.36178544,0.32451895,0
658,4.4,1.56,5.7,1.27,143.5546875,0.03658761879832474,1707.9317969887557,-236.24287,85.55652,58.148357,56.540077,6.0802774,30.014324,7.0060253,19.269974,-1.2968745,2.5241935,-5.7688456,0.60392886,-1.9415404,0.28266293,0.21648234,0.16778831,0.21190058,0.27339205,0.44038114,0.3205232,0.2744026,0.43120363,0.5152515,0.6618679,0.48004082,0
660,2.1,1.14,2.8,1.4,92.28515625,0.05012064898892324,1051.133474901966,-280.56232,152.7426,3.1664398,36.231205,-4.9011817,0.10020627,-8.368451,-0.24650341,-22.006083,-4.08433,0.65363973,-11.012575,-10.0321665,0.06801929,0.1063997,0.37595072,0.14700146,0.089585915,0.08937297,0.101086855,0.2783101,0.19652049,0.43635023,0.7394912,0.21905115,0
661,2.2,1.72,2.8,1.66,107.666015625,0.23101992167375066,3253.6895304495324,-367.16748,52.97715,-1.640421,33.689323,-20.322182,13.6009035,-7.9235945,-11.53442,18.562874,-0.6211163,3.3987896,9.229233,-16.846756,0.3386966,0.6492381,0.76477414,0.6513852,0.4076922,0.2022216,0.26404452,0.34671053,0.3997273,0.20517193,0.15020245,0.1751513,0
662,5.9,1.22,5.1,2.12,92.28515625,0.06384510038317877,1319.3038481795184,-204.25455,128.10184,-17.930014,22.586264,11.171334,10.878785,9.19627,2.9703183,5.35341,6.3816457,1.3111045,1.4178544,-4.043418,0.159924,0.2830768,0.3587169,0.27086905,0.20380726,0.2043385,0.29338667,0.24502625,0.2063352,0.2748896,0.33628055,0.17696318,0
663,3.3,1.79,4.3,1.49,172.265625,0.062339755200283356,1955.7570248645923,-201.9564,98.376884,23.001368,29.48303,14.075245,12.000724,6.070863,7.1575036,2.571498,5.2565737,3.3108668,3.7531276,0.8341318,0.41172618,0.41518858,0.33033964,0.34486458,0.36605787,0.3978693,0.571494,0.53662723,0.5627537,0.52068514,0.5188381,0.7025182,0
664,7.0,1.0,6.6,1.43,143.5546875,0.0914653166859866,2596.9352792802747,-2.7526002,76.51262,13.563772,28.017433,6.1412005,13.826352,4.080465,7.8845816,-1.5701765,4.687229,2.5812066,8.466665,-1.0855843,0.48040098,0.47932884,0.5326101,0.7392399,0.54093504,0.51301557,0.38523299,0.23805071,0.27809167,0.3034475,0.48693416,0.45482203,0
665,5.7,1.73,6.2,1.6,117.45383522727273,0.055463567829082946,1268.1413571161454,-172.5293,135.75374,-12.224584,28.6206,13.414294,12.940921,3.6967735,5.595534,5.9179664,4.168088,-5.0023766,0.7234669,-4.4739866,0.19401918,0.24068695,0.3138394,0.2784825,0.35301182,0.28740814,0.34441227,0.27904254,0.18871997,0.27202246,0.34214887,0.34435752,0
666,5.3,1.42,5.0,1.9,143.5546875,0.08539762201997422,2078.883297296617,-151.44359,93.593735,-0.90788144,28.951519,6.934968,22.140488,3.4240355,7.509568,-0.9979212,6.4416113,0.44525588,8.745585,0.30523998,0.40393355,0.42128602,0.50206923,0.4881616,0.37400913,0.387172,0.30108035,0.30023804,0.31424963,0.35220605,0.2990224,0.32311812,1
667,4.2,1.4,4.9,1.22,99.38401442307692,0.055906819535677485,1494.352773326096,-264.15997,111.68373,9.313094,41.39452,13.465128,3.63388,5.6971207,-0.020266691,-8.418984,-3.1668866,-9.1427,1.3692465,-10.271049,0.23138347,0.27182138,0.26826444,0.36525303,0.27388632,0.19538434,0.30190167,0.4975257,0.511829,0.3576738,0.33151573,0.2936009,0
668,5.0,1.55,5.3,1.62,161.4990234375,0.06733222253543815,1749.834745862017,-166.52235,111.76643,9.260739,27.724482,4.339428,11.20195,4.697924,13.323762,-5.846244,8.133832,0.43775675,5.8266845,3.982068,0.48341492,0.3805282,0.3791756,0.44659117,0.5743804,0.49102744,0.4643021,0.5258424,0.46988094,0.4203171,0.35153228,0.40129203,0
671,3.1,1.51,3.7,1.55,135.99917763157896,0.05662452505151983,1011.2230252676961,-356.09988,149.907,3.2852197,6.827213,0.995348,-3.0352776,-4.259342,-6.9642086,-0.68911916,-5.2139688,-6.146611,-3.3625965,-12.356019,0.12504484,0.21144535,0.3059569,0.27550972,0.23673464,0.084002644,0.15505326,0.27483514,0.19195727,0.24149328,0.19505987,0.20906885,0
672,4.4,2.33,6.3,1.73,64.599609375,0.023841968025128866,902.0889904425054,-289.67874,141.26022,40.015076,23.619186,13.264896,28.768097,16.002626,6.5786033,-3.2293391,4.571849,4.044024,1.7741984,-1.0362563,0.27593473,0.24343854,0.29734582,0.44565204,0.71270657,0.42087826,0.29820928,0.3019024,0.38763404,0.3964877,0.31878087,0.37248027,0
673,6.6,1.28,6.7,1.35,103.359375,0.18438682949420104,3451.0831129391236,-23.176622,53.284172,20.18908,24.50711,9.258195,12.276589,1.1515481,8.872371,-0.096983165,5.7785583,-3.3308718,3.5248752,-0.1855458,0.527155,0.36395386,0.3843261,0.38979587,0.46576723,0.3901155,0.38742197,0.46592355,0.46009752,0.5906282,0.4431817,0.5202596,0
674,6.8,1.33,7.4,1.36,107.666015625,0.04249984898518041,1058.9615241948904,-181.19496,154.05109,-2.8792174,21.81878,15.25877,11.836856,-0.15788479,2.159701,0.9161856,-0.61906123,-3.7344053,3.2235262,-4.7021394,0.3377484,0.27951393,0.417958,0.44001248,0.2918563,0.33367646,0.29617453,0.3574567,0.31024355,0.2662765,0.25971738,0.2550478,0
675,5.1,1.45,5.8,1.25,117.45383522727273,0.03319079212306701,1160.8620651649003,-209.92563,145.50919,14.43606,26.715137,12.2937155,13.262411,12.038166,2.1820862,-1.369972,2.8960667,-5.389257,4.994576,-5.756475,0.6490424,0.45470572,0.37249792,0.27171338,0.32156992,0.3204483,0.24758095,0.32607687,0.2304804,0.2822098,0.5183551,0.57481676,0
676,6.6,2.37,6.6,2.37,161.4990234375,0.09920310286257084,2239.952329025206,-87.99481,84.31904,1.9894195,33.016907,6.0265265,13.101741,6.302306,9.061008,-1.8128136,2.3905656,-3.2447183,2.498979,-3.670077,0.23368141,0.25072587,0.37992078,0.2090471,0.24678545,0.25849926,0.22822288,0.3263404,0.4436911,0.7734366,0.42962,0.2850561,0
677,6.5,1.91,5.3,1.79,117.45383522727273,0.12430267098145285,2819.7936046531513,-35.63105,67.06102,-1.6241542,19.952131,6.427843,25.895311,6.1647983,11.787386,-3.2844126,2.921489,-4.517502,3.3854835,1.8802646,0.5612919,0.4515956,0.39908087,0.34849414,0.37961465,0.36400104,0.2808554,0.31513774,0.29146242,0.40918642,0.4129082,0.45990363,0
681,4.9,2.12,6.6,1.74,135.99917763157896,0.09299844958118557,2142.469847322333,-117.1143,87.80253,12.92027,31.972704,12.243653,18.93824,8.321171,9.046295,-3.9903598,4.7132196,-5.758028,-3.466319,-5.410695,0.20405519,0.21215318,0.32579064,0.16201413,0.21330015,0.22444913,0.16125321,0.3118974,0.3774485,0.4288096,0.30872262,0.20612074,0
682,4.8,1.33,6.0,0.77,117.45383522727273,0.05085017790443071,1387.8845580004104,-251.05078,129.33911,20.884424,25.765093,8.755165,14.411996,8.059301,8.694369,2.6510534,10.29604,-0.12506843,1.4676539,-1.1978126,0.4806424,0.46828383,0.5813314,0.474634,0.3165936,0.25703487,0.24808908,0.28690162,0.27502972,0.3429002,0.37044802,0.45228913,0
684,4.3,1.62,4.9,1.45,99.38401442307692,0.02838071842783505,859.6355148105858,-192.51714,167.9547,6.013076,36.796345,9.913622,6.1470504,4.59626,5.7074013,-10.241378,-5.575421,-11.036346,-8.789664,-11.318037,0.29615492,0.54004353,0.67006636,0.36095652,0.2834459,0.18645409,0.32738072,0.1459963,0.093855515,0.15728654,0.13665265,0.21236897,0
685,4.5,2.01,3.6,2.01,123.046875,0.0690892799613402,1177.0546221258464,-319.65918,162.55759,-30.608696,4.537714,-17.264572,-12.833266,-8.012486,-1.818439,-6.655952,9.128995,-0.8538098,3.0144258,3.008839,0.18932495,0.4194253,0.4005911,0.28623104,0.19210283,0.3875618,0.46959248,0.15085416,0.1769964,0.32244608,0.30806792,0.16643584,0
686,3.4,1.56,5.5,1.43,172.265625,0.038984012751159196,1011.2121647878881,-274.00992,143.0432,5.4326653,38.326756,12.622519,9.387067,3.1385796,-1.2034192,-11.0961485,-10.798085,-4.212149,-2.1406114,1.7685299,0.3684474,0.19505477,0.23505642,0.11360401,0.19822748,0.31448156,0.37048703,0.5605352,0.30345413,0.20138803,0.16011915,0.41078773,0
687,7.3,1.1,7.4,0.92,135.99917763157896,0.08517702899600721,2081.8856429455614,-119.68346,91.00583,5.573259,29.932585,6.300846,12.75513,5.314915,9.910018,2.290511,10.8072195,-0.5297523,1.8875062,-4.4346123,0.2318771,0.2070627,0.22837292,0.2028564,0.27327785,0.27717867,0.40308544,0.32566693,0.41340187,0.54117185,0.39930576,0.39058453,0
688,4.3,1.42,5.0,1.61,135.99917763157896,0.05094124323802164,1144.4865416072746,-227.29752,139.00833,2.9005084,30.135832,-4.739684,3.1813552,-2.4514196,-10.0627575,-13.493717,-4.252378,-12.246467,-5.6750093,-8.453446,0.44266626,0.23208497,0.12173215,0.15947346,0.25937322,0.22619109,0.11000637,0.14685737,0.19257362,0.19480416,0.25835237,0.22887363,0
689,3.8,1.66,4.6,1.43,99.38401442307692,0.05012593178451829,1779.7624405069807,-165.58911,83.588036,46.680706,36.300716,14.44555,15.670945,-9.115505,-0.16924895,-13.531896,-7.247219,-9.778402,3.2262993,4.9376,0.4074397,0.24597497,0.36702582,0.6757622,0.2846952,0.18796758,0.28449798,0.39370638,0.31331548,0.33708456,0.31412554,0.34438026,0
690,2.4,2.01,4.4,2.06,151.99908088235293,0.04408518080242143,1203.529140164971,-321.14313,117.322,39.632446,24.552683,17.910833,5.4415393,3.1033077,-9.685546,-15.218134,-0.7695317,-20.434528,-13.515454,-19.587362,0.24763279,0.20128246,0.2886162,0.338683,0.19876225,0.23005922,0.19473974,0.33322895,0.2505958,0.16822214,0.29462138,0.21452901,0
691,5.0,1.61,3.7,1.27,112.34714673913044,0.04959262099111283,1496.9071056395674,-149.23709,120.24881,28.762363,39.810368,7.491194,6.6057124,2.2324097,2.3599665,-0.15930389,2.3638215,-5.811754,0.63673127,-2.382566,0.21688214,0.27320674,0.5231859,0.32678047,0.33751902,0.39658782,0.36886272,0.459183,0.27664313,0.2516113,0.36711374,0.2627104,1
692,6.9,1.37,6.1,1.7,161.4990234375,0.20397798203930412,3538.2906237356356,-30.093412,44.100983,13.273816,39.383682,1.9098338,10.448192,-3.5829656,4.950504,3.975836,7.362658,-8.1860485,1.5821418,-4.3064632,0.39493492,0.4367213,0.46121144,0.48811233,0.4106674,0.4699948,0.5035166,0.6650761,0.66145045,0.5968757,0.63126665,0.52853936,0
693,6.2,1.6,5.3,1.95,123.046875,0.1058410015302835,2328.6842560702485,-82.18167,93.82524,23.852034,15.593639,-1.1911031,13.186018,7.630342,5.322468,1.2973263,2.3906598,-2.8772936,2.120188,0.34792456,0.4375446,0.4392682,0.4064629,0.4257175,0.5173995,0.39053488,0.38018125,0.43698862,0.4018071,0.5427332,0.6711082,0.4857282,0
695,5.9,1.58,6.2,1.72,95.703125,0.1323056031845698,2468.201540607675,-130.06096,88.3656,-10.527603,14.311508,-11.472917,8.015537,-6.190905,1.7084337,-7.912328,1.433064,-5.4829564,1.7917551,-4.383379,0.5201329,0.45740893,0.42688945,0.44419026,0.29906234,0.35719785,0.36050835,0.32196826,0.35018733,0.46903816,0.54425514,0.4262295,0
696,5.3,2.24,5.8,2.23,123.046875,0.03626387614309634,1107.9209406904279,-248.43193,116.674255,34.739326,36.204197,13.961769,16.05407,3.6273284,4.8965116,4.7123,9.409094,3.0478344,0.9380352,-2.901703,0.3500229,0.43219182,0.49972445,0.552681,0.40990487,0.3958177,0.4867755,0.42848676,0.42402172,0.36376902,0.46400234,0.4342266,0
697,4.8,1.54,5.8,1.08,89.10290948275862,0.05987611750966495,1932.743032723711,-150.73956,101.522,33.862507,24.939514,9.114243,18.130392,-0.010426598,13.279351,2.1952298,12.854104,3.435469,8.637226,2.7525818,0.47815907,0.51168805,0.55673033,0.50626874,0.5900882,0.54596674,0.56585497,0.5727848,0.5958041,0.6620777,0.53853625,0.5416546,0
698,3.9,1.92,3.7,1.62,172.265625,0.041689151095360824,1220.7888482525566,-262.09863,132.4375,35.13711,31.768265,23.638233,6.6165605,8.638951,2.0619533,1.7983285,7.868138,-4.9174867,0.43547514,-4.2025266,0.61083543,0.36946613,0.2650413,0.30226687,0.22080018,0.20481355,0.19910632,0.32083935,0.23336093,0.18653348,0.30685094,0.3844841,0
699,3.7,1.79,4.5,1.5,112.34714673913044,0.059345803801546394,1498.9922626705134,-152.4183,121.332375,13.720319,24.761133,11.4861145,13.474297,8.585809,8.522664,3.1598995,4.6947403,-0.10891705,-1.2657397,-0.9609169,0.5809173,0.29004022,0.21652707,0.20606297,0.38336638,0.27682018,0.18074526,0.22163701,0.28141198,0.5419929,0.31735468,0.36970398,0
700,4.8,1.4,5.6,1.36,112.34714673913044,0.10958153215159712,2551.8805271462643,-173.7663,90.446075,37.084297,15.079169,-0.44385532,14.265312,-7.561515,-1.2591255,-3.5092258,10.243744,-1.1187029,2.894656,-2.385752,0.30603763,0.5429155,0.52822125,0.32414874,0.38904285,0.31939927,0.51652247,0.3771904,0.4350695,0.66255707,0.32969382,0.29371437,0
702,7.5,1.43,3.3,1.95,161.4990234375,0.15720341882405978,2942.7810828231945,11.7915945,70.88688,-16.342165,9.928488,7.087743,-3.2444305,6.7347693,3.1987934,0.43166676,5.879042,-4.5419283,-4.6307173,0.9586393,0.4211824,0.4775081,0.50467837,0.4679104,0.41729474,0.37653786,0.36166605,0.37492725,0.44733667,0.4926748,0.48360488,0.366986,1
703,5.1,2.02,6.0,1.61,198.76802884615384,0.0531823856314433,1888.6267776042291,-141.70992,88.012405,44.423927,40.19515,17.065418,14.20096,6.9728594,1.4246962,1.5853183,7.721907,3.1679502,9.429963,0.6552357,0.4373013,0.37012917,0.4056469,0.44136274,0.48616716,0.41294405,0.3067091,0.3503991,0.3305476,0.39103758,0.30820996,0.32905057,0
704,4.1,1.04,4.2,1.4,172.265625,0.06883482660355487,1507.3193894713736,-195.43306,130.38277,-44.22531,32.976677,-1.2407596,-1.6205622,-1.1815006,2.5824378,-15.670341,-2.319771,-1.1334152,-3.9352865,0.43503973,0.37360096,0.56389415,0.2583893,0.1995807,0.3465226,0.3897997,0.20965345,0.16470362,0.20363179,0.3624515,0.31764334,0.18326144,0
706,5.5,0.81,6.0,0.89,86.1328125,0.05447744598467285,1604.8361189784328,-189.69536,111.17129,8.3884735,39.340977,13.666584,7.7951975,7.6287756,1.490789,-6.5065536,0.3511741,-8.981421,0.6803218,-11.297786,0.28197905,0.2988028,0.17734474,0.2307164,0.26705444,0.41402903,0.48415723,0.43027556,0.49220252,0.45833603,0.35641357,0.21710736,0
707,3.2,2.52,3.1,1.81,123.046875,0.09732569793276662,1460.9417488523839,-409.68497,135.47638,-47.763603,6.1425066,-12.161515,0.9881096,-3.3185098,-3.8200963,-13.452433,5.3167825,-8.917337,-3.1894872,-4.6263742,0.12517285,0.15336797,0.1145585,0.1702745,0.45339593,0.24222633,0.33700967,0.23286088,0.12442491,0.47819966,0.20314747,0.09267053,0
708,3.2,2.18,3.2,1.6,112.34714673913044,0.024739834895028335,841.3444016178813,-241.86436,125.1544,12.903801,20.814226,32.09907,6.7628717,-2.8073661,7.194728,6.970682,19.062733,6.564197,16.353304,16.508902,0.63076055,0.42641658,0.21473147,0.17425285,0.20504773,0.20835187,0.2815648,0.31114116,0.41358006,0.493253,0.50593483,0.7128649,0
709,5.8,1.47,5.0,1.79,198.76802884615384,0.09678836215224111,1847.2231176328667,-114.42552,103.34761,-13.094103,39.18386,1.98885,11.985941,5.7102537,8.028333,-1.8631829,3.7621357,-2.9420059,4.535103,2.1863105,0.2561372,0.24637341,0.42529655,0.23903695,0.12200241,0.12654619,0.19270435,0.30129507,0.20076182,0.46359602,0.33873415,0.2200763,1
710,5.4,1.36,5.1,1.3,129.19921875,0.07344117280074704,2074.808573769211,-146.287,98.39238,17.96043,33.88327,0.8794413,12.663676,6.7445807,5.287221,-2.970102,8.520117,-5.5268908,0.30699214,-7.5608993,0.31077674,0.31624913,0.39744946,0.50614,0.5063253,0.47552052,0.4333406,0.43605447,0.5347905,0.61985654,0.5655275,0.4653506,0
711,2.9,1.14,3.1,1.14,117.45383522727273,0.024199873147551548,1087.7119962404095,-299.1129,118.52459,61.711487,39.670845,13.773687,10.860047,8.353314,7.3229685,-0.84261537,5.0335803,9.802747,14.028526,2.792309,0.5196534,0.5309157,0.5391842,0.4950088,0.3752889,0.25812933,0.23397437,0.33551762,0.37103698,0.41147554,0.38099197,0.43536332,0
712,3.4,1.11,5.3,1.42,117.45383522727273,0.044736725592478106,1172.6635426264588,-277.12585,143.31743,17.049791,28.925413,11.534895,11.209708,7.2473254,2.0107906,-4.4920626,-2.501238,-4.319657,1.8668773,-1.836813,0.40721056,0.31119996,0.39775774,0.44786063,0.54524356,0.36941826,0.34512118,0.3857902,0.30619538,0.26358628,0.27726492,0.47302213,0
713,4.9,2.17,6.3,2.0,99.38401442307692,0.05420173436695003,1834.721260049363,-144.61325,95.552536,34.487892,41.29127,7.9990764,17.950464,6.744302,11.628948,-4.328206,5.748381,2.3875935,4.092382,3.0572033,0.5416229,0.5236936,0.4924126,0.5138396,0.57442456,0.5116959,0.4385234,0.41743731,0.43816876,0.42644057,0.4440009,0.572448,0
714,4.4,1.8,4.8,1.78,161.4990234375,0.07867441074188562,2057.2425185102315,-177.29881,86.42816,20.655714,42.49623,-0.14197539,12.959251,8.060263,1.9917536,1.5886458,7.968762,-6.208922,-1.1450993,-5.0411654,0.27195552,0.29036492,0.3951018,0.3719624,0.39371344,0.32945418,0.32540974,0.331235,0.29652658,0.45143786,0.37191358,0.36289746,0
715,2.9,1.37,4.3,1.68,99.38401442307692,0.04770968170401855,639.0208264450866,-355.8195,193.24005,16.365747,-20.934727,8.607086,7.8302298,-11.611582,-19.544498,-19.365505,-19.177671,-16.407919,-11.021933,-10.400257,0.31767887,0.31315437,0.15562406,0.3853015,0.14111894,0.23145252,0.24905019,0.0939108,0.14928947,0.09746516,0.30448627,0.13273028,0
717,4.5,1.28,4.9,1.22,112.34714673913044,0.0743030666076031,1902.4971473678206,-261.86505,97.159485,6.449837,23.165901,17.558693,10.1126795,10.252863,10.71808,-3.356841,4.8473973,-2.6989264,-1.1175407,-2.890125,0.31181818,0.38397998,0.427766,0.2956154,0.2310152,0.23731068,0.3168668,0.37564427,0.37882024,0.46755823,0.40048447,0.32070473,0
718,5.9,1.58,6.5,1.63,129.19921875,0.07984455541237113,2034.2689585593855,-122.03703,98.0948,12.3356495,28.678816,4.250882,11.042499,1.7028365,6.5909286,-1.549211,1.2130306,-5.838973,0.98662734,-2.1935058,0.2721008,0.26215094,0.40709943,0.24031055,0.1521643,0.1638107,0.30812967,0.41759786,0.34318596,0.5779159,0.5143296,0.3112457,0
719,7.1,1.14,7.2,1.17,117.45383522727273,0.11442736508243173,2730.075304878121,-43.581387,75.41467,20.115566,28.664398,13.059555,10.507499,2.919943,6.128553,-1.9856535,5.586096,-1.3231081,3.4918187,-2.09684,0.34546375,0.35844222,0.4033928,0.37106088,0.3714792,0.38529003,0.4347597,0.38815057,0.51203436,0.5960204,0.44888988,0.39857972,0
721,5.7,1.79,5.5,1.02,123.046875,0.06123238061888202,1705.3152635825154,-129.50519,114.30447,11.594812,39.74806,11.954702,4.6581125,-6.589408,5.3199873,3.2756875,8.147198,1.3025417,4.2063913,0.21236737,0.4039579,0.29088536,0.31861165,0.3254594,0.3220236,0.4488561,0.38068992,0.30891448,0.19071648,0.22264838,0.29052275,0.27405345,0
722,5.7,1.55,7.0,0.63,107.666015625,0.07085788575476558,2429.7854784773263,-144.58018,80.01172,23.639948,34.484173,5.2075243,9.970057,2.2521293,10.254943,-0.05792837,11.61467,2.4986308,5.1703525,-1.7013551,0.42295483,0.37285206,0.40353295,0.3800553,0.3256116,0.40612507,0.4105898,0.5120888,0.46615854,0.4957414,0.4696308,0.3953196,0
723,6.5,1.75,7.2,1.08,95.703125,0.07388065108191653,1680.13904375017,-106.21212,128.13272,-4.3338027,29.011183,-2.6286006,17.945463,7.771247,3.9425561,-0.31155896,3.2182455,1.1193192,2.8710177,-2.6860025,0.42529398,0.45785362,0.41499552,0.59232646,0.43018618,0.3900457,0.47514567,0.3186302,0.34657457,0.31278247,0.44769004,0.5013774,0
724,6.0,1.0,6.1,1.04,117.45383522727273,0.09669402651661514,2255.141838064713,-114.60504,95.60262,2.4041088,19.828535,-2.9770555,10.7958765,-0.8234128,6.501747,-0.972596,5.3936105,0.5905656,2.505012,-4.4625525,0.2536468,0.31531984,0.493901,0.2892276,0.31188205,0.36599472,0.3324697,0.50814193,0.39806426,0.48035625,0.6604448,0.38399455,0
725,5.1,1.7,5.1,1.45,129.19921875,0.09737651339515714,2520.7603826707245,-87.49362,84.52402,45.251804,24.639719,-1.4023201,14.149717,6.643186,4.4636126,4.3431673,4.9431825,0.7730027,0.9582654,-2.5276663,0.39257637,0.34606704,0.4049734,0.48871318,0.36806455,0.29211602,0.29055133,0.5056498,0.68737847,0.6425977,0.4884531,0.3919248,0
726,7.0,2.14,3.6,1.74,123.046875,0.10026620258565172,1711.9030390407613,-148.20743,123.80944,-63.619904,15.073587,-5.0835137,-10.89787,-2.398681,-12.048784,-11.999123,-3.6953976,-9.249463,0.34573427,-0.73047376,0.33588558,0.36576352,0.39878884,0.37607887,0.33461225,0.3548584,0.34933513,0.3627711,0.3258292,0.24430412,0.26503804,0.26302177,1
727,4.3,1.68,4.5,1.86,99.38401442307692,0.05397043129832474,706.9042440833546,-311.76718,215.17688,1.1314775,-25.764723,9.721434,-0.31286117,-13.617584,-10.366685,-5.840186,-3.3995554,-4.406167,-4.1184506,-2.0175467,0.33793214,0.1594602,0.33759323,0.14024392,0.19737925,0.20891061,0.22416091,0.36128455,0.14186157,0.13158742,0.12794477,0.30130023,0
728,6.9,1.76,7.5,1.2,198.76802884615384,0.07528793492268042,1589.0295419079046,-143.07503,116.35338,-11.422739,36.16189,4.4661937,14.372703,1.6633455,5.5819917,-0.094389796,3.8849208,-3.6986566,3.313278,3.9500904,0.24013726,0.1867994,0.4180658,0.24647552,0.110456236,0.13237697,0.18876399,0.3086613,0.24003612,0.37409523,0.33034804,0.22691667,0
729,6.4,1.02,3.5,1.57,99.38401442307692,0.11802437379188144,2351.7972919479503,-151.65494,86.25895,-16.81486,32.206226,4.840651,10.696973,0.30340225,3.733527,2.6663425,6.2287445,-3.5999792,2.5899427,-7.000416,0.41261277,0.37169853,0.35098535,0.35373434,0.41976807,0.38736582,0.46082157,0.36881712,0.32618818,0.3910705,0.38110834,0.39615917,1
730,3.7,1.62,4.5,1.02,117.45383522727273,0.16139166948415765,2874.020331835018,-156.0614,66.10595,11.169364,17.70615,2.2079709,2.6077895,-2.2438357,4.6741114,-3.6447072,7.4987698,-2.6632922,2.228749,-0.9802384,0.4796463,0.50693583,0.34737042,0.28707978,0.31309086,0.4088778,0.310323,0.38208082,0.46160865,0.5042937,0.5493039,0.4229004,0
731,7.3,1.62,5.8,1.78,99.38401442307692,0.12720116483127253,2950.504694220338,-128.58878,57.37319,17.913464,36.545734,10.736195,14.248336,0.7122415,8.324057,-1.0199853,7.161297,-2.3715553,3.1085017,0.18893717,0.65711933,0.5356884,0.33990657,0.26453698,0.2372125,0.2419591,0.2746056,0.3625284,0.31590024,0.35872665,0.492444,0.5976348,0
732,5.6,1.74,6.3,0.9,198.76802884615384,0.08888932492916023,1910.407714435325,-206.01743,91.29734,-10.092173,33.600002,1.0442394,13.7432995,-7.674638,-6.8661237,-4.186972,0.8176228,-0.036200736,6.2099214,-4.0148044,0.21209714,0.2342955,0.451244,0.19816346,0.2855956,0.3990927,0.22471838,0.23055099,0.25807536,0.59388757,0.3048084,0.18418677,0
733,4.3,1.42,5.0,1.48,135.99917763157896,0.05038710132087629,1341.335214731392,-181.37378,124.53896,8.509474,31.419556,-7.7868447,-2.5848935,-5.808901,0.84486085,-14.066389,-12.333392,-13.887304,-13.626373,-11.747543,0.5550614,0.31421027,0.47434917,0.30011058,0.1403727,0.065164834,0.0869595,0.16256103,0.11112925,0.14560023,0.24599108,0.29385513,0
734,5.7,1.79,6.3,1.55,73.828125,0.17430457675579897,3419.773806956803,-68.63194,41.131584,-0.70188683,29.04718,-2.1306412,3.1725726,-2.1305323,-3.5492587,-10.606665,6.4206305,-7.332585,1.1410592,-7.8611846,0.2703725,0.22889769,0.20653391,0.3044495,0.20309336,0.27088547,0.3434864,0.44732827,0.4238282,0.32434344,0.3838096,0.24976936,0
735,4.3,1.0,4.9,0.94,184.5703125,0.056809926020736735,1869.6719928283746,-174.86684,104.335464,31.651758,35.43456,7.8673496,16.143122,2.8390746,4.1544743,-0.11858744,2.0006664,-2.2498767,3.1276324,0.34015575,0.4027458,0.57615834,0.45097232,0.38887718,0.29112104,0.33971205,0.40813166,0.24861981,0.2833374,0.3716209,0.7143171,0.3892167,0
736,2.7,1.42,3.7,0.9,95.703125,0.04428190204791345,702.6807319097312,-401.1845,160.38315,15.125439,24.777195,10.343208,-11.859919,-6.247329,-7.948855,-10.940286,-6.577131,-9.599222,-11.51573,-13.245959,0.2921694,0.13279122,0.16538465,0.2678123,0.116729386,0.22188543,0.19275707,0.40421608,0.18539076,0.05073906,0.16331512,0.25422496,0
737,4.1,0.94,4.9,1.22,92.28515625,0.05534860413446677,1277.0397939928366,-290.3323,136.34859,14.733588,12.277564,-16.094978,7.0832295,-5.497245,-12.907654,-7.8765736,-8.538773,-12.299755,-6.843066,-9.593171,0.42013952,0.49520797,0.3819876,0.58238846,0.3792732,0.2922903,0.44138476,0.28043222,0.2876383,0.32087758,0.33062547,0.47166124,0
738,5.5,1.43,6.2,1.33,143.5546875,0.09341625724871135,2271.1154006559277,-105.17809,87.66113,5.2048388,28.194633,3.1329308,10.073851,5.030386,5.052086,-0.9786942,6.3746524,-10.1981735,-0.09323457,-6.2427497,0.24101977,0.25108686,0.34496304,0.32479632,0.3364073,0.31539837,0.23272322,0.29442194,0.42321575,0.61575854,0.43735093,0.26737514,0
739,6.2,1.54,6.9,0.94,103.359375,0.1309252841640907,2914.643555016388,-153.3049,61.87017,11.115662,22.451912,4.453163,15.195428,5.9794974,9.845289,0.20096183,3.4783006,-3.8101761,3.096158,-1.1056157,0.4472204,0.35335013,0.2920205,0.33128363,0.2728816,0.2597619,0.335311,0.4388849,0.43382865,0.2766189,0.23324701,0.3307276,0
740,3.7,1.79,4.0,1.34,86.1328125,0.07866686389103555,1871.1960298271906,-210.61237,95.775505,7.2281938,28.090078,-2.5259929,10.197226,4.9775476,0.40647212,5.5838685,7.130254,3.6940832,0.47893977,-4.066706,0.47523057,0.50805414,0.5819058,0.38186738,0.33204055,0.4288279,0.55714184,0.38278526,0.39342695,0.4045517,0.38605583,0.38690695,0
741,4.6,1.5,4.4,1.5,117.45383522727273,0.045325379958784134,1496.6561829674336,-247.76076,114.60818,25.934933,26.99293,15.844195,12.189147,11.611363,8.910723,-6.2048264,0.7086128,-2.4236093,-4.4018726,-3.1672528,0.31472692,0.35428807,0.4116842,0.28512317,0.23635592,0.23200765,0.3406297,0.42708987,0.39717376,0.4558861,0.40997276,0.31787592,0
742,6.1,2.12,6.5,1.63,135.99917763157896,0.07460514876352396,1533.5844909360164,-86.23526,132.9617,-43.52027,67.968636,2.3839698,18.20278,7.943969,0.45435572,-4.1763096,8.531172,-2.4570549,4.338566,-2.2469203,0.27095178,0.2479845,0.29289243,0.34803572,0.403006,0.3509186,0.35932183,0.3283426,0.37220585,0.34931535,0.27811435,0.26610416,0
743,3.1,1.45,5.0,1.95,184.5703125,0.051937930673621846,1520.0644766474593,-201.96147,125.473625,26.736065,34.75462,21.364407,18.340864,8.180049,1.9442095,-3.7955704,-3.8444967,-4.50268,-1.5508201,-9.123066,0.29987144,0.39478233,0.35982925,0.515344,0.29511622,0.32922938,0.3560403,0.27379334,0.43265638,0.33914122,0.3973389,0.29997402,0
744,6.1,1.3,5.5,1.12,95.703125,0.08243924170425258,2146.664859375116,-99.733505,83.50264,14.803678,57.481064,13.660779,0.5830897,-0.86285245,11.963617,-11.076152,3.1110735,-0.42622116,1.9394699,-5.2846007,0.4842778,0.5482415,0.4494062,0.40060368,0.3422908,0.38894987,0.337795,0.33197072,0.27387846,0.2662308,0.3037466,0.47282794,0
745,4.2,1.08,1.6,0.66,73.828125,0.04774741595826893,1243.7562123559528,-233.15385,143.24329,24.557388,62.764744,-9.545338,21.778168,1.8091378,12.150803,-9.045748,6.0332417,3.1215103,13.642362,7.9264045,0.5442702,0.50066787,0.66986006,0.7572254,0.49703372,0.3899048,0.39553702,0.44481623,0.44274747,0.38195378,0.34131727,0.40084204,0
746,3.7,1.73,4.6,1.91,95.703125,0.06071567289734673,1502.201913849697,-146.9506,131.5119,-14.941678,43.070293,-9.92394,8.624884,4.5341063,-6.820341,4.6985717,7.4768157,-5.3980026,0.8610377,-5.9986124,0.2379416,0.2302223,0.32849163,0.3897622,0.3185533,0.3968297,0.30416077,0.27184668,0.20119727,0.24589849,0.32117364,0.2413726,0
747,3.6,1.36,4.9,1.22,172.265625,0.044986023232225655,783.399995825632,-354.07147,175.19418,0.093852386,1.4868417,6.3793583,-8.461579,-10.905224,-6.457351,-4.838386,-6.542375,-11.2674265,-13.414725,-5.9174414,0.24936074,0.16052009,0.35785723,0.13412075,0.20330706,0.21524243,0.08918841,0.1720189,0.17717718,0.5431317,0.34323,0.17293248,0
748,5.1,1.92,4.4,1.56,129.19921875,0.07685093830541237,1243.192751715079,-115.40667,195.6251,-78.6416,34.082253,-25.598743,8.359911,-31.83003,-15.054806,-3.554032,-15.352319,-1.2919412,-4.983939,-4.6803894,0.3018312,0.48498842,0.51314116,0.37134993,0.7186838,0.30804437,0.2598531,0.2765573,0.31068173,0.6334996,0.34945655,0.43187237,1
749,4.2,1.25,4.9,1.37,143.5546875,0.06153627375966495,1553.3347830107614,-142.72255,132.53227,-13.608748,27.798357,2.1861157,3.8910887,-5.5849266,7.916088,-2.806386,-1.4921649,-9.066457,0.27060786,-8.14933,0.19154547,0.2451885,0.24628879,0.18223344,0.18897228,0.27719003,0.46440965,0.41070172,0.5577822,0.5019536,0.33996135,0.2274788,0
750,5.3,2.0,5.7,1.9,129.19921875,0.12882952368302422,2118.8986381169566,-305.42722,91.380394,-46.272644,6.0368447,-28.736015,6.0794845,-18.180122,-5.4504,-14.491466,-5.277085,-14.531692,-0.96572214,-12.252624,0.41903523,0.1549678,0.2590235,0.2047001,0.15605631,0.3150246,0.18621984,0.32436374,0.32537,0.1787701,0.19673151,0.23464437,0
756,5.9,1.87,6.8,0.75,117.45383522727273,0.07739396171432252,1919.7131782120264,-142.70299,117.15622,13.608348,-11.034868,-18.821873,-3.363289,-0.682627,1.7419903,1.0194681,8.782089,7.9193673,7.392236,-3.4543178,0.12765609,0.22381203,0.14364536,0.27842325,0.13117486,0.24235585,0.55317235,0.31642848,0.5642386,0.22742958,0.25021604,0.15962343,0
757,6.0,1.26,6.1,1.37,112.34714673913044,0.15127154478092783,2408.036544340172,-30.319326,91.87217,-45.797768,29.196903,1.4818,-0.13285227,-0.605317,2.560576,-7.020711,1.2694144,-7.6917334,2.8248084,-5.2242465,0.34430882,0.6726731,0.40926367,0.3854553,0.2984934,0.40741098,0.64344376,0.36756167,0.40411395,0.31280127,0.56842655,0.32596695,0
758,4.8,1.89,5.9,1.04,99.38401442307692,0.05397381947127769,1693.2266070546295,-69.357925,119.8535,-1.088815,33.43494,-1.8702681,21.372509,1.7211797,14.170021,2.457801,9.578701,3.2784197,9.82754,3.8745313,0.40558928,0.3999626,0.4758836,0.4353252,0.48774406,0.44227386,0.48288986,0.5418798,0.49592727,0.568187,0.34092382,0.29374507,0
759,6.7,0.9,5.9,1.14,151.99908088235293,0.1145307569390778,2846.7529165378196,9.131849,81.90828,9.651609,8.6165695,14.087859,4.6810784,-2.7796874,4.443303,-2.3447976,2.7938666,-4.924497,-0.100713916,-6.554963,0.3571087,0.31989086,0.30329803,0.42241058,0.5752291,0.42936972,0.41691038,0.32649145,0.41945255,0.42277855,0.4055171,0.5734045,0
763,3.5,1.43,5.5,1.36,107.666015625,0.0718591434439433,1568.1623500008425,-113.578995,134.3091,-17.311443,21.550625,13.727803,-6.5022583,-10.251142,-4.891521,-12.064075,-1.2409228,-6.4377546,-1.6630459,-6.5410166,0.29081127,0.18378703,0.38100287,0.22276558,0.42859364,0.18407129,0.28235382,0.30265808,0.2756601,0.46424067,0.26354188,0.42191026,0
764,6.3,1.62,7.5,0.92,86.1328125,0.09079289227524472,2256.406967701326,-65.42471,90.061035,7.860554,34.30962,13.723966,8.268106,4.227388,4.550319,3.7963586,13.0582905,-2.390546,5.3181753,-0.7686775,0.3017758,0.40978962,0.37343612,0.46816626,0.7060907,0.45306072,0.3422271,0.2831077,0.415175,0.4063465,0.34510607,0.44568035,0
767,5.2,1.25,6.5,0.5,95.703125,0.12356785927035034,2517.2656158064106,-212.68234,70.719,-34.58511,7.5995417,11.7721,-2.7274098,-13.714882,5.699448,-6.861247,-8.434377,-10.219451,0.0397309,-3.728055,0.33338103,0.49277237,0.4239359,0.29278904,0.40595677,0.39664853,0.48143163,0.34934863,0.3273656,0.40149033,0.40708622,0.41550168,0
769,6.2,1.66,5.0,2.05,112.34714673913044,0.13181831910438144,2111.875038852847,-95.96453,105.0864,-47.195354,40.682007,-6.7492075,-9.745285,-8.40824,-1.9762356,0.19540626,0.978039,-7.2547116,-0.05619079,3.891237,0.45163912,0.36737528,0.29745582,0.25959465,0.25913993,0.28079394,0.31204695,0.30438256,0.33242327,0.47406587,0.5005274,0.47619438,1
773,4.5,1.75,4.7,2.0,51.6796875,0.04535103925167439,1090.9427824059187,-219.29187,157.37425,4.1355987,58.11869,0.70376647,18.34285,10.759291,-9.831419,3.904578,1.2974861,-2.7965918,0.053903706,-7.4857717,0.62220854,0.61925876,0.31060064,0.23348673,0.33053136,0.43570265,0.3309351,0.2673872,0.2566313,0.22861491,0.29453534,0.35833088,0
775,3.7,1.55,4.4,1.5,99.38401442307692,0.026961682506443298,730.290390864025,-256.15692,175.45396,27.797213,36.278004,22.695929,3.068169,4.87654,0.7308044,-1.0174618,9.437714,11.775264,7.9086423,1.1530634,0.5935682,0.44726688,0.49317935,0.43134388,0.6573522,0.3591312,0.3323445,0.7211603,0.42628214,0.3381094,0.353101,0.44423026,0
776,3.5,1.75,4.5,2.2,135.99917763157896,0.08848380747681607,1985.0220602395218,-132.04518,124.22889,1.3685137,-9.645137,-0.5611484,0.75398904,-10.125248,-5.2687116,-6.8500843,-1.3664024,-3.3341262,4.804943,-8.374122,0.18195522,0.25397733,0.5362499,0.23152462,0.24017069,0.31489697,0.6233381,0.21989436,0.15710475,0.4074913,0.1405246,0.19439515,0
777,6.2,2.14,5.1,2.17,99.38401442307692,0.0676074570936373,1826.2425102588434,-66.00844,106.85379,6.443673,27.990871,-4.403077,16.22235,7.1718893,7.766357,6.8517165,4.349201,-2.4870436,-1.5356715,-6.866361,0.28432223,0.2927859,0.33495474,0.34996966,0.3849258,0.35780406,0.37706354,0.44259834,0.42100286,0.4123052,0.33467343,0.35886288,0
779,2.8,1.47,5.3,1.42,95.703125,0.024715433410613087,629.5558145494703,-281.56567,168.56006,61.645264,25.229445,30.35982,14.008745,1.3087162,2.8206203,2.2060359,-2.706516,-9.137661,-9.121566,-9.007455,0.29879454,0.29666907,0.5858603,0.31624803,0.22650485,0.35996562,0.22999445,0.1634903,0.18945557,0.3272639,0.1972021,0.15478462,0
780,5.8,1.4,6.2,1.54,99.38401442307692,0.18736818167181865,3514.0010218251186,-160.71355,47.17371,14.892396,11.388083,-2.6961548,3.6001437,-8.55078,7.2560387,-4.6193256,4.556401,1.8820056,3.0011597,-4.702774,0.37119254,0.39906672,0.47554448,0.29150206,0.26278207,0.30833325,0.22879498,0.2749854,0.20764828,0.3416233,0.25584263,0.22802481,0
781,4.9,2.02,6.3,2.1,117.45383522727273,0.09845310486469072,2109.421553095675,-155.61592,93.4678,-6.3409247,45.858727,16.300098,2.8048072,8.536478,4.555101,0.37611544,-3.712111,0.10147016,1.0581077,-9.186921,0.22065319,0.36745492,0.29831138,0.2788968,0.45373762,0.26459914,0.2916198,0.30621395,0.49308768,0.71262735,0.41284424,0.24734545,0
782,7.2,1.4,4.7,2.45,117.45383522727273,0.07318231581658939,1813.4674021465341,-22.515387,116.433205,-20.048557,24.321432,-0.37253374,10.084088,2.9961917,11.2655945,3.3651268,4.82704,-2.0504532,0.17911696,-3.4013987,0.46247473,0.47795668,0.4724057,0.40250772,0.31501764,0.29734617,0.3421375,0.44832933,0.42782298,0.47329774,0.48944944,0.46179137,1
784,4.7,1.68,5.7,1.35,172.265625,0.1801058470987893,3593.6572734284346,-214.805,56.5914,19.984632,6.729773,7.37792,-9.10888,-5.64676,-8.190848,-17.233643,-6.9516397,-9.508634,-8.965294,-9.894094,0.3590903,0.3534154,0.30852577,0.364941,0.3713903,0.36382756,0.48497787,0.54625344,0.4163185,0.3098174,0.27226532,0.27356833,0
787,6.1,1.81,6.3,1.62,117.45383522727273,0.11957655444587628,2461.117042137195,19.842655,88.36564,-6.8741384,30.973536,-7.323984,7.125194,-8.96607,0.3887329,-8.340793,4.4723296,-2.9161553,-0.047337923,-3.256424,0.3072297,0.4201368,0.37574503,0.38609052,0.30112085,0.3132555,0.5392047,0.4499614,0.35258463,0.36213276,0.55819106,0.4038538,0
789,3.9,2.26,5.2,1.94,135.99917763157896,0.061722171239052034,1693.0355516600291,-109.23497,125.12065,16.92363,13.913121,4.4155045,18.052069,1.5341376,5.902852,-3.9417262,3.2904165,-1.6195439,2.179195,-2.7646575,0.27479517,0.23543388,0.49452466,0.29984397,0.26565558,0.24749416,0.3898137,0.6446919,0.3576294,0.30349994,0.26150548,0.39787486,0
790,7.2,1.25,5.4,1.43,95.703125,0.11258366941975785,2762.1938857588516,32.068726,78.82538,-5.296441,14.942003,-1.1076189,7.925995,-3.1129572,-0.33889154,-1.1185856,1.5130705,-3.4078143,-1.4889888,-1.0062165,0.43089363,0.43789244,0.49508235,0.35090092,0.42298543,0.45303923,0.41859806,0.36784765,0.3565014,0.51864856,0.38438356,0.34285444,0
791,2.7,1.27,4.6,1.69,103.359375,0.04466050239889233,767.6771191491775,-385.56995,196.7541,-25.615252,14.305551,13.815489,-8.481742,-6.717772,-9.879816,-6.2186184,-9.5291,-9.875175,-9.549455,-9.849069,0.17185524,0.412632,0.17720558,0.23737867,0.106171995,0.19416188,0.43043432,0.24870922,0.3739232,0.2244737,0.28163671,0.112981625,0
794,2.5,1.02,4.2,1.08,117.45383522727273,0.06449790298171046,960.0744618087506,-232.34009,208.59084,-62.195232,-0.5016398,-7.49617,-26.284824,-13.908882,-22.484716,-8.73183,-8.157222,-11.00311,0.13695312,-5.7353964,0.5557047,0.23139915,0.5284844,0.19459492,0.463366,0.1697728,0.09574393,0.40652338,0.14858243,0.20613837,0.09901445,0.3005614,0
795,2.2,0.98,3.5,1.12,86.1328125,0.03384511044564657,694.2156577380501,-342.98157,166.26743,35.987534,20.963593,15.502663,-4.3756785,-13.321858,-0.7333715,5.127139,3.6729045,0.7993792,-1.4948015,-1.2532718,0.22435546,0.3902005,0.23549138,0.1410599,0.100796014,0.23632765,0.4445196,0.23506781,0.25140575,0.4001871,0.50544614,0.40140027,0
796,5.2,2.27,5.1,1.87,95.703125,0.10118974508698454,2027.6228390012727,-83.7157,112.67853,-22.037727,16.501085,2.2993279,2.4511738,-1.8251767,4.576227,-5.846415,-1.7813562,0.5279772,1.8473346,-1.2069706,0.35841382,0.64639926,0.38351834,0.4706103,0.38809448,0.43511236,0.24290432,0.3138645,0.6228889,0.29529512,0.2930431,0.2850703,0
797,4.9,2.12,5.4,1.85,123.046875,0.04490401411965482,812.0863113014723,-139.19441,207.26111,2.6096377,14.860281,13.317178,-7.5027018,-4.972655,-1.7213691,-13.229628,0.82255244,-0.23861645,2.0607781,-0.058210496,0.32224363,0.14417069,0.26726392,0.2947227,0.453668,0.19183312,0.2385314,0.34582302,0.19537154,0.27899924,0.28684735,0.6594536,0
798,6.5,1.43,5.9,1.76,117.45383522727273,0.0850879761559763,2254.917325745604,-153.1111,105.57039,15.975322,26.660528,1.146382,-8.012483,-1.3051695,8.308257,-11.902015,2.6949701,5.802608,6.9657435,1.5575218,0.39332548,0.58153045,0.39243945,0.5365219,0.5577107,0.5382141,0.51097715,0.4214889,0.5548904,0.46478873,0.5164864,0.37373298,0
799,4.1,1.22,5.6,0.66,123.046875,0.06171286345633694,1346.7430196186392,-136.808,137.58374,-30.780828,48.960747,6.897329,3.5497503,-1.3013867,2.5491652,1.9524906,-0.30256262,-10.167989,-1.9367831,-8.10628,0.29606268,0.46102664,0.33691233,0.39800352,0.33227187,0.4140884,0.55307776,0.42350566,0.36699563,0.3049031,0.5405743,0.23769425,0
800,4.5,1.63,4.5,1.86,80.74951171875,0.08949911047784648,2030.047866689059,-109.49915,103.49802,-14.76034,34.003235,1.0814018,12.047783,-9.21402,2.18159,-0.14676198,-7.3141813,-7.735381,-7.665413,-5.3805494,0.610468,0.27257606,0.28553706,0.21571939,0.16493359,0.21166018,0.3454819,0.5359751,0.2676985,0.21665135,0.33001986,0.4775542,0
801,3.3,2.0,3.5,2.11,103.359375,0.19695469474497682,2833.467308874897,-172.04565,57.615597,-58.06032,32.327988,-11.540232,9.060224,-9.169673,4.8078027,-12.606787,-4.829935,-12.564613,-8.509734,-9.953622,0.38091987,0.35616,0.32200035,0.4057566,0.40646356,0.39223018,0.4965113,0.43535188,0.36435074,0.47806326,0.56549317,0.48521522,0
804,6.9,1.04,6.8,0.6,63.02400914634146,0.10472815236991241,2517.636834365072,-50.82728,83.2683,5.4289126,14.244691,4.8120975,16.934534,1.420881,6.0453696,1.65767,6.3932896,-0.42149866,0.4437632,-5.222294,0.40365577,0.37287477,0.3102858,0.4188353,0.4820214,0.30427775,0.4424389,0.30064598,0.44718298,0.42287663,0.3866921,0.6616429,0
805,2.2,0.98,3.5,1.36,172.265625,0.05059006311179804,693.694151796188,-364.4924,161.46439,64.3949,35.49963,-5.6199355,-19.58061,-17.177595,-8.732527,-1.6059766,-3.266967,-5.0496917,-4.5522437,-16.850515,0.03623493,0.043281704,0.21268642,0.4869796,0.23011112,0.15921696,0.08455618,0.2241537,0.29966208,0.11675168,0.21269375,0.07625121,0
806,6.4,1.69,6.6,1.8,73.828125,0.09630240214239691,2091.3880302934717,-39.32537,107.86848,-4.699271,21.99967,-1.1221256,11.563028,3.5802429,-0.12618993,1.1074312,5.6923842,-3.1875734,9.383698,5.4466023,0.47795627,0.41979858,0.4868587,0.4051496,0.44982418,0.26599875,0.22938062,0.30087402,0.29200694,0.40416136,0.37510744,0.4611214,0
807,4.8,1.6,6.5,0.92,117.45383522727273,0.05198497271058733,1465.4594405189807,-162.2291,130.28233,-4.5942574,44.482117,13.73752,7.056128,-8.683795,-1.3052734,5.4885173,3.515828,-4.027143,-4.6512017,-4.634159,0.20235464,0.36293218,0.4988394,0.38498574,0.22944015,0.31462777,0.7108857,0.45183206,0.27081627,0.40435708,0.28833216,0.19349982,0
808,3.1,1.51,4.3,1.85,99.38401442307692,0.06425112095891293,1860.7650156856582,-279.64062,97.67291,32.767223,19.429117,9.741543,-1.7585983,-11.784748,-12.690233,-9.39115,-1.0387263,-13.988629,0.6632929,-8.346103,0.43805805,0.2214597,0.1717443,0.18036367,0.37866232,0.39674094,0.24703151,0.4370467,0.24584839,0.27469805,0.24918893,0.22403558,0
810,6.5,1.57,6.6,0.66,123.046875,0.12821057506443298,2627.6093794044054,-172.96527,50.149395,17.723396,28.772684,-1.4560717,16.243664,1.3688122,9.161453,1.5513707,6.1296716,-4.1439214,-0.22563729,1.3332416,0.3256236,0.38357577,0.31187087,0.33737963,0.3535801,0.25915504,0.26491466,0.23947744,0.41953316,0.49075162,0.38466406,0.494157,0
811,4.1,1.45,4.9,1.37,83.35433467741936,0.05171273651044353,1156.5212863035258,-218.61475,149.40971,-21.709475,64.47207,22.619385,-11.435841,-0.9922288,7.1204634,12.207193,-0.8912445,-10.158879,-4.510595,-3.3905923,0.3047184,0.3969451,0.51512486,0.45228446,0.4818692,0.29668975,0.22098435,0.18624875,0.25052834,0.478778,0.19699462,0.23111528,0
813,6.2,1.17,6.7,1.0,135.99917763157896,0.06416544176868556,1899.942268565576,-129.53842,97.185005,-1.1052423,24.82976,1.2659672,2.387786,0.15827781,-3.2697468,-9.920417,-1.8693956,-13.499496,-6.6089644,-18.360346,0.23071729,0.44399768,0.5231149,0.27557492,0.21989076,0.2352258,0.292439,0.14850186,0.25143594,0.43112376,0.1587784,0.12590915,0
814,6.1,1.37,5.3,1.62,117.45383522727273,0.14033102448453608,2921.878609525761,19.351196,76.44253,-0.63340384,8.959055,2.6550748,6.876748,-9.640049,10.611849,0.7850085,3.2982895,0.1667688,6.2061777,-5.5021048,0.40584955,0.36095548,0.2880772,0.35404152,0.54991794,0.39048398,0.42928436,0.3459034,0.47253057,0.44405666,0.38217887,0.5859734,0
815,5.5,1.57,5.9,0.94,161.4990234375,0.07399323453608248,2485.585780431373,-41.173477,81.107475,31.473804,19.84903,6.390472,14.598303,3.3573952,12.934567,-3.66806,4.2089186,-3.8530262,12.892711,5.1056037,0.27064142,0.5523726,0.32949126,0.35915726,0.4967318,0.51292723,0.41574433,0.33009925,0.4056531,0.38945785,0.6809373,0.2969839,0
818,5.9,1.3,6.8,1.4,107.666015625,0.11596000120811856,2081.7854532593174,-57.518024,108.06511,-28.024763,9.717856,9.341735,7.665899,-6.440333,8.06198,-5.0883064,4.2746186,-1.9507135,1.0403422,-4.1217732,0.4614965,0.40730938,0.5350684,0.45742947,0.5237771,0.36289436,0.5363448,0.6421219,0.4596577,0.5127953,0.43684682,0.5677079,0
819,4.0,1.84,5.7,1.42,117.45383522727273,0.058595007808475014,1265.7287553721917,-180.00078,156.7431,-12.426732,25.543406,-6.335085,9.5570345,-25.271465,-12.433016,-6.0486903,2.2738025,-6.92558,-0.345986,-2.68259,0.46567932,0.28170577,0.2720276,0.41238442,0.40507787,0.17813547,0.21072198,0.22767536,0.22583205,0.42472434,0.23595102,0.19922054,0
820,6.4,1.43,6.4,1.36,117.45383522727273,0.13513768474690882,2945.2181127433996,-53.479675,68.35192,22.19664,21.106903,2.7037425,8.743605,0.7491706,6.5027013,-2.3021283,4.4221616,0.83064175,3.919119,2.6571014,0.42240798,0.5354935,0.3261092,0.30613586,0.34976146,0.33557233,0.5814282,0.3540254,0.38778907,0.41024923,0.38315743,0.5530014,0
823,4.8,1.54,4.8,1.17,129.19921875,0.06913282256765464,1720.3861439539537,-150.44183,122.79164,-17.866653,25.570326,-0.84939665,4.213546,-4.7725053,4.8636885,-3.8900828,-5.3157434,-1.8300749,-0.1397213,-10.817983,0.30849594,0.338841,0.29738927,0.33525574,0.2864771,0.35732576,0.41973808,0.33950698,0.3182841,0.3664452,0.5682382,0.4179787,0
824,7.2,1.4,7.0,1.0,66.25600961538461,0.0798241684117268,2363.701627875738,44.97592,88.60528,-0.47131535,24.870853,4.086354,12.284069,0.31602028,1.9933298,-0.4619815,0.9653266,-2.1508608,2.0470192,-1.0461466,0.3430726,0.43852213,0.4195407,0.3939458,0.46740872,0.45580906,0.609416,0.43891475,0.4116194,0.44881418,0.35426283,0.35990116,0
825,4.1,2.21,5.7,1.19,129.19921875,0.07587327126803194,1722.099844504359,-269.35608,117.744514,26.834932,-2.5346525,-2.0975351,-3.1131625,-9.676803,-5.270329,-4.846775,-3.6586888,-0.613503,2.0457733,-1.2311068,0.28083923,0.1810024,0.19179648,0.19372055,0.33800676,0.49294606,0.23680374,0.20775923,0.19701713,0.24912268,0.23293094,0.38952908,0
826,4.0,1.55,4.7,1.35,103.359375,0.03941587467783505,1084.4664990617016,-224.92065,147.87372,16.305885,38.82105,3.1188543,10.37579,2.940964,-9.16921,2.0628939,-7.765105,-3.088875,-0.76866907,-6.7122393,0.14497532,0.34008875,0.6398643,0.34332502,0.36158413,0.1650761,0.21746272,0.17760871,0.35154015,0.64443004,0.29814646,0.23282672,0
829,2.3,1.0,4.5,1.36,64.599609375,0.021451420417954663,704.2391602134763,-305.67398,167.00208,40.56023,25.489496,22.64636,17.184471,9.2663355,7.817101,-4.2075973,-2.9033213,-2.9956722,1.1434164,-3.6330776,0.34202245,0.31068364,0.54732764,0.35590777,0.4085656,0.3538624,0.4729802,0.565149,0.3817734,0.31784618,0.30741575,0.48226136,0
830,5.3,1.49,5.9,1.45,95.703125,0.09195493717783505,2419.784387739915,-98.59894,93.01377,-3.7787704,24.802225,7.472437,9.787351,13.599335,15.289062,5.3723383,8.103264,-8.85419,0.8656161,-0.3227281,0.33722803,0.4216661,0.42521116,0.4913393,0.39074764,0.39269,0.3737167,0.3949638,0.47518194,0.45613626,0.7229344,0.41796228,0
831,5.2,1.17,6.2,0.75,95.703125,0.08009221971649484,2471.2008832963184,-59.110672,90.36711,11.809608,23.77646,-0.81293494,0.68633705,3.4001682,3.8732924,1.7712927,5.54401,-2.210918,10.166342,1.4726094,0.6096646,0.4237488,0.47533265,0.40233245,0.46819627,0.38677427,0.26866156,0.37249202,0.33820912,0.54323345,0.33208817,0.36556232,0
833,5.0,1.55,5.8,1.17,117.45383522727273,0.16044670183634022,3154.695881676305,-62.91396,62.39263,8.926262,45.29792,2.3461719,12.727832,1.4109031,7.6832957,-5.7843075,6.4758477,1.9246572,-6.0431237,-3.209065,0.7310618,0.5264677,0.68004966,0.44237542,0.57113516,0.4290563,0.4163705,0.6303675,0.4494224,0.39757958,0.35840175,0.573166,0
834,4.7,1.73,4.3,1.79,103.359375,0.051660458124034005,1628.7074634587261,-167.65994,101.10148,20.954168,46.02025,14.349906,16.701878,6.8395452,7.2655687,2.04601,3.239958,-3.1686223,-0.39901376,-5.5298367,0.3158457,0.2613204,0.2803962,0.30572647,0.37200746,0.3359706,0.32505277,0.4249184,0.35441187,0.3761519,0.3550757,0.36409664,0
836,7.1,1.14,5.7,1.9,161.4990234375,0.08626805206723338,1810.3842219056555,-124.40474,128.97614,11.893482,14.267182,6.441255,7.495929,-4.6900167,0.52615255,-3.2883546,1.111068,-1.8364544,0.80117255,-3.1263013,0.26247975,0.26274696,0.27935898,0.48941016,0.49412972,0.30455825,0.2690385,0.265764,0.36031285,0.2391101,0.29837173,0.45745847,0
839,5.7,1.35,4.4,1.74,117.45383522727273,0.054821582383436374,994.3940845921996,-255.25662,185.09431,-33.25348,8.64213,-4.0903754,0.33239713,-2.3766606,-4.587252,-2.30723,-2.6611261,-2.5596647,-6.350517,-7.803335,0.24475531,0.24718887,0.29306102,0.31740013,0.4183001,0.528626,0.5980666,0.66536015,0.5083967,0.3422399,0.20846339,0.26517576,1
841,4.2,1.4,4.7,1.19,135.99917763157896,0.06568401637364761,1327.2335445660544,-207.63347,146.42972,-13.040364,14.245042,-14.101226,4.161696,-12.627513,-6.5500064,-9.268229,-6.1078258,-14.996393,-7.3096213,-8.633652,0.3830178,0.14969528,0.24799593,0.5590965,0.22051239,0.23478135,0.14347252,0.2204867,0.25046024,0.20201793,0.39549395,0.24670434,0
844,3.8,1.99,3.4,1.2,99.38401442307692,0.05319169821198454,1116.9931762275442,-248.30705,151.98679,-30.24712,47.000443,-4.2268543,28.970997,28.302082,20.790554,5.76132,-20.826254,-15.778727,-1.3307728,14.748996,0.9198564,0.44287094,0.10640095,0.10676133,0.23532683,0.12102248,0.11488355,0.27971134,0.20807259,0.13179892,0.20127416,0.32435378,0
845,5.1,1.87,4.0,1.73,135.99917763157896,0.062034370972938145,971.8658528661449,-238.22966,192.81987,-40.455196,21.434599,-0.9094177,1.2041897,1.44102,-1.6612622,-1.5236923,1.6438162,1.9439058,-1.395368,0.2632201,0.2520554,0.1993912,0.3463701,0.28904608,0.44135147,0.20762339,0.29935133,0.3482338,0.20436177,0.37730223,0.28596288,0.26675016,1
846,6.0,1.1,5.5,1.12,86.1328125,0.0654384921593251,1762.1451354961296,-84.05527,108.543785,10.585441,29.578382,-2.0629056,8.460165,-2.5512967,1.7057712,-9.755395,-3.8986933,-15.905153,-5.8653893,-15.70517,0.31369781,0.33274242,0.59209627,0.3331307,0.34571454,0.37705842,0.3706291,0.27015886,0.17769194,0.3013338,0.18476635,0.27020884,0
848,2.2,1.33,2.7,1.1,143.5546875,0.12496729697964966,2178.555531980665,-253.63904,106.76475,5.446052,31.590069,-13.085025,24.993858,11.642753,-2.0362952,22.867783,-5.948656,2.1400259,18.637094,-16.340109,0.37912294,0.49785408,0.5520405,0.45029134,0.34642217,0.33038256,0.3499491,0.33966726,0.3868537,0.44350094,0.44680175,0.4146125,0
850,3.6,1.91,3.1,1.3,75.99954044117646,0.09974370894513138,2070.708837146241,-126.16018,107.036194,-19.723045,48.141083,2.2609324,0.79514474,4.8513856,7.497389,-4.9396987,11.644296,-9.872047,7.054985,-8.000025,0.25620502,0.2730013,0.3950688,0.4210816,0.58079046,0.53029555,0.59555215,0.67987454,0.45622018,0.42931706,0.3421231,0.41899163,0
851,5.0,0.77,4.4,1.02,143.5546875,0.0587744644007732,1583.2272020646112,-98.75093,123.300514,3.7239015,26.043926,8.507769,7.5117884,-6.500116,-2.7090695,-9.751717,-3.1529715,-6.445673,4.5690136,-3.4206913,0.30680558,0.33551896,0.3641811,0.3838851,0.7513734,0.3509549,0.25685152,0.27766964,0.17424363,0.17304891,0.18126346,0.3771432,1
852,4.5,1.5,4.7,2.05,161.4990234375,0.03745854263266358,619.3413043070157,-327.81708,181.06686,12.94753,20.66993,12.687968,-4.8537874,-8.715373,-5.121946,-0.5915079,-0.2906752,-4.114005,-7.764832,-6.677669,0.21525924,0.17718299,0.40567744,0.1546841,0.1767104,0.3910645,0.1353626,0.13726224,0.15949725,0.4194907,0.31298465,0.22492282,0
854,2.9,1.3,3.8,1.47,86.1328125,0.05628976723582474,1590.0495569849088,-241.41556,110.623695,5.29828,18.405949,-0.9653347,-8.713166,-7.5381694,-9.368077,-10.53546,-7.7575026,-12.58856,-19.28637,-19.172085,0.55783767,0.3258095,0.1939211,0.12108092,0.16031373,0.3243809,0.1955186,0.116037056,0.097805314,0.2026758,0.22351128,0.27639523,0
855,2.9,1.87,4.5,1.36,75.99954044117646,0.11163201152756311,1290.28978884943,-480.8189,135.00932,14.33996,59.94455,36.82757,-35.322086,4.2027617,29.983105,-12.941129,-5.479408,12.864572,-11.057004,-8.74637,0.36983895,0.38931426,0.40599838,0.42939872,0.4572146,0.4902564,0.5150484,0.5092966,0.4839943,0.44606498,0.3621927,0.35945934,0
856,6.7,0.9,5.6,0.8,117.45383522727273,0.09623316549137043,2251.4932811564513,-34.246418,91.33591,1.2235422,34.640156,8.295409,11.525672,2.300907,8.742209,-2.8584428,9.27834,3.1965115,2.646417,-3.473898,0.36273777,0.5418061,0.35502955,0.3902318,0.5523804,0.40893933,0.5591344,0.310926,0.37237534,0.34268054,0.3068431,0.4921749,0
857,4.9,1.87,5.3,1.95,92.28515625,0.08115279656105101,2569.1075487144212,-168.28056,69.215935,24.599789,26.865309,9.643509,14.331643,3.1092236,2.691521,1.4953,3.5375016,0.14074475,2.3489444,-6.724548,0.44319633,0.43583164,0.3775028,0.41492108,0.37148312,0.3057095,0.32259497,0.33265758,0.27863687,0.29490265,0.27122608,0.278299,0
858,4.4,2.01,4.5,2.2,112.34714673913044,0.08283498961553323,1525.8536175424215,-202.31459,142.2656,-22.618692,39.54715,2.0039184,5.0097594,7.0631633,1.6892867,3.0288243,-1.1656244,-1.884759,-0.83751494,0.6881541,0.22063151,0.41206643,0.84483767,0.4728796,0.36661187,0.29336223,0.3549386,0.30955595,0.3265982,0.5619398,0.30993754,0.24832541,0
859,3.6,2.01,5.1,2.02,143.5546875,0.048997426020736735,1529.4245033697948,-145.81795,130.66042,30.619751,22.530222,3.8672972,-2.1376574,-11.576182,-8.599733,-14.130593,-6.917483,-18.04218,-4.4486427,-8.958579,0.09952369,0.12642494,0.11404262,0.24227172,0.13998047,0.34121615,0.42160457,0.14185496,0.18333714,0.17565487,0.41234335,0.23705187,0
860,6.6,0.92,6.7,1.27,117.45383522727273,0.07709080017719072,1811.7531720043612,-48.243717,124.07291,-14.252404,6.12442,5.5436864,17.865892,0.12346519,6.459074,-2.3456538,6.9782047,0.39391965,4.6993327,-0.9294617,0.49276665,0.3875842,0.35177085,0.4321385,0.6667368,0.43445387,0.4401431,0.5339358,0.44913006,0.48837835,0.37957984,0.41590697,0
863,6.4,1.11,7.0,1.0,123.046875,0.14579610220247297,2938.072576832883,-14.154753,66.89364,9.884661,28.538874,0.69925445,11.222612,-0.8247454,3.5157328,-1.4832685,5.959195,-5.0520983,0.9068206,-1.7752887,0.2598562,0.28691748,0.665024,0.3187907,0.21600871,0.3526505,0.31869137,0.5098987,0.3328393,0.4225502,0.5758809,0.31840956,0
864,5.7,1.1,5.9,1.04,89.10290948275862,0.04816224119332818,1278.73017727165,-136.51813,147.69194,-10.697083,31.315575,15.021372,6.8663564,2.7196445,11.872038,4.347543,-0.062180202,-2.8747556,2.8956833,-5.6731853,0.34612578,0.441312,0.4678217,0.41947037,0.616081,0.37584075,0.33527648,0.28597176,0.39233336,0.6662115,0.38936764,0.36781967,0
865,2.8,1.78,4.6,1.5,103.359375,0.048237961263523955,1088.9011800646638,-280.82236,165.80916,-9.5376,34.501144,13.512488,4.2203345,2.9427595,-0.8228622,0.8842019,5.601124,-0.8170505,4.309566,2.0649214,0.27139986,0.280971,0.36199415,0.66116995,0.47111577,0.42845494,0.574415,0.30256242,0.20784056,0.20397532,0.35327205,0.50198644,0
866,5.8,1.17,5.1,1.58,135.99917763157896,0.10133698453608248,2213.580700235198,-156.55487,90.24741,-21.782982,23.164602,-7.5500603,4.490615,-3.7680848,1.2170788,-8.193907,-6.0037484,-12.56519,-4.4450717,-7.246608,0.5142726,0.4072605,0.34032986,0.29942033,0.42158446,0.36194155,0.36675128,0.40303034,0.38691846,0.35167724,0.38038808,0.43883738,0
867,5.8,1.83,6.5,2.01,112.34714673913044,0.1416096124742401,3314.995231965908,-80.232765,63.162704,52.84511,22.031107,3.2729766,7.009857,-7.575137,11.099433,-7.1282196,-1.2894962,-9.541932,-3.184182,-8.98876,0.34032765,0.4051281,0.28222704,0.29922554,0.41020405,0.34674105,0.40702194,0.39928332,0.5729182,0.33224288,0.2639122,0.3855547,0
869,2.6,1.69,4.1,1.92,112.34714673913044,0.044313033585695875,757.6177676086061,-306.64273,169.0461,4.3901935,-7.345827,11.098863,2.4722908,-6.434659,-5.847398,-7.3251343,-8.9011135,-8.695252,-6.1728306,-8.229135,0.16094068,0.2810357,0.24226184,0.2755869,0.32852536,0.2968663,0.44949517,0.35992986,0.3676369,0.20731682,0.19244507,0.22590841,0
871,6.4,1.36,6.0,1.84,107.666015625,0.0915918522185729,2514.6178215977175,24.373573,80.633484,-0.7924192,19.547676,1.5161988,8.745834,-1.5414038,0.824728,-3.6341543,-0.8837009,-4.223823,-2.7562006,-5.183755,0.3833546,0.31784838,0.36781645,0.32914013,0.41478184,0.30738053,0.43892527,0.53583664,0.30384842,0.242582,0.25834352,0.43876812,0
872,3.4,1.62,5.5,1.8,123.046875,0.03396474307345361,858.0219213486129,-319.44406,167.03659,-25.616623,45.830154,22.437195,15.969871,7.633204,3.9376066,6.8304424,5.512503,3.3473547,4.3913827,-8.624036,0.48562297,0.27495667,0.2572955,0.305651,0.4881257,0.32348275,0.20844004,0.311982,0.23906983,0.2600948,0.2389512,0.3608651,0
873,6.8,0.98,7.0,0.77,123.046875,0.16402174700540958,3444.2698030725123,-140.10608,34.855976,12.851399,24.116734,2.0798292,20.571505,3.632711,11.10036,-0.6898248,4.1712737,3.076669,13.026159,5.2797294,0.58509135,0.55492336,0.60925496,0.59359074,0.5086607,0.4784318,0.45273742,0.41320127,0.4264812,0.48172155,0.5256719,0.5066148,0
874,6.3,1.49,4.4,1.96,117.45383522727273,0.12457460917375064,2266.7595532178834,24.0445,101.247955,-34.60801,33.795322,-8.7041855,17.99457,-10.375439,15.120532,-1.7630033,2.899756,-7.942332,-0.5511206,-0.94376284,0.46744594,0.38795206,0.52149415,0.4929335,0.55082613,0.3990636,0.40206105,0.5501039,0.5023621,0.56189716,0.47509703,0.59653234,1
876,6.3,2.19,6.7,1.68,143.5546875,0.11938275209407216,2645.6544390904423,-61.64942,82.43754,-8.451762,23.489307,-7.506209,-1.6795362,0.8046004,4.1765494,0.7787921,5.4918995,-5.423219,4.62732,-4.091824,0.32508063,0.31949943,0.54263407,0.3060694,0.2847433,0.25525448,0.42650527,0.67675924,0.37678024,0.35560578,0.2883816,0.46165878,0
879,5.6,1.02,6.0,1.26,86.1328125,0.034044598869783615,1426.3104121628287,-96.283295,128.37517,16.970457,18.889128,13.454316,13.987319,6.718655,9.931596,1.5729723,4.2148147,0.5480856,6.4740796,0.071286485,0.3386444,0.38204393,0.5043837,0.38036692,0.41138723,0.36183092,0.41458628,0.42672363,0.45599136,0.75191414,0.4885228,0.36657208,0
880,4.9,2.12,3.8,1.66,86.1328125,0.12092117867722824,2363.2259424718727,4.5372663,87.04006,-16.471804,45.769104,-13.73622,19.101997,3.118838,20.151323,-3.8089333,12.85118,-4.143663,6.530036,-6.778174,0.49762055,0.40012366,0.53471565,0.45022637,0.49093917,0.41181684,0.49398783,0.58503205,0.39149937,0.37001956,0.34105712,0.53275573,0
882,5.3,1.68,5.2,1.47,86.1328125,0.14444068778979907,1948.686626498236,-123.59529,120.74771,-70.17838,49.30988,10.784644,-0.7014799,5.664638,6.452386,4.174201,6.87492,-9.048309,1.4444386,-6.368769,0.41145033,0.2819731,0.5951708,0.30223784,0.32689902,0.25485376,0.33366308,0.32042694,0.26508638,0.5679228,0.2866101,0.41221067,0
884,5.5,1.96,5.0,1.48,54.978390957446805,0.06209427351804124,1302.1633555676985,-131.34949,144.82571,-12.059756,18.969109,14.805965,13.517801,3.8104472,5.5280037,-8.153904,10.524515,-4.1428075,9.653727,1.2955878,0.47972077,0.350133,0.39102247,0.24163666,0.2692348,0.41753656,0.28568697,0.3436669,0.3163095,0.3418335,0.4152749,0.4056903,1
886,5.9,0.94,5.4,1.36,123.046875,0.06594287335780526,1700.0535813279416,-52.10356,115.35218,8.187713,27.419249,-8.289456,6.1145434,-1.1937772,2.2002325,-4.509372,3.8525157,-2.5487823,2.7877786,-5.3898187,0.21303342,0.2835533,0.43384853,0.3285243,0.49866804,0.34861082,0.47136542,0.31194615,0.24521737,0.25206485,0.23087965,0.53928965,0
887,5.1,1.64,5.6,1.43,112.34714673913044,0.08386362538639876,1685.6374384799944,-94.964386,132.67279,-45.485203,64.54126,-9.492174,14.380731,-1.1715775,2.3699882,-0.32892343,5.358473,-6.7268696,0.76853466,-4.821219,0.52237606,0.40195468,0.5471671,0.39286342,0.406505,0.32667267,0.2955623,0.38269025,0.28773358,0.40650997,0.34620103,0.42169344,0
889,6.9,1.7,7.2,1.54,135.99917763157896,0.11159869321842783,2254.8583049538915,-25.594452,83.60037,-19.25317,43.998066,7.627137,16.50166,-0.0074164006,13.319357,0.8113776,4.743463,0.70279807,6.772094,-3.4935365,0.47224522,0.3794557,0.5832102,0.48518535,0.33865535,0.42847672,0.3685913,0.4628281,0.40767038,0.43406606,0.4428463,0.3766593,0
890,3.6,1.56,4.7,1.68,161.4990234375,0.04537189916237113,1171.313506547958,-246.04227,142.83563,-14.604685,39.600594,14.358303,5.0992355,-7.969646,7.7760296,6.3344774,2.864256,-0.9168855,-10.01516,1.5005394,0.16570558,0.22098769,0.14499582,0.24767041,0.45708248,0.2621636,0.3283133,0.1919046,0.27544168,0.30504304,0.2735549,0.2859353,0
891,3.4,1.43,5.5,1.02,107.666015625,0.037119689029495105,904.9647078323986,-154.24545,161.41443,-6.1875367,42.172623,15.324837,7.502649,5.237591,1.2672828,-1.538231,-6.9625697,-13.670476,-8.916575,-9.660397,0.25734326,0.6266319,0.22434917,0.13285537,0.10476983,0.22223866,0.40385923,0.17548366,0.1694425,0.17392652,0.3142825,0.16438064,0
892,3.9,2.02,2.9,1.14,107.666015625,0.1517394390302835,2099.1612720556204,-158.67711,96.609024,-111.639915,-15.613061,-38.205322,24.54209,-14.83484,-10.782207,-14.702051,6.6341453,-1.9109172,7.6277947,3.1529844,0.33595425,0.23680939,0.20542298,0.5019014,0.50284153,0.88942146,0.3467782,0.27193186,0.23130116,0.16797149,0.31780732,0.21097566,0
893,7.3,1.85,3.3,2.05,89.10290948275862,0.07458697446842784,2155.937337227064,-23.679981,91.8106,11.426057,30.22547,15.514226,5.884057,9.422016,6.482747,0.08128925,6.9371285,-0.72265214,-1.5753164,-0.5112269,0.48361585,0.48848256,0.457582,0.44364908,0.51304847,0.53420097,0.4798897,0.48752147,0.4454503,0.46724513,0.41864517,0.3630026,1
897,4.9,1.37,4.3,1.35,112.34714673913044,0.03182284954896907,654.4958672760623,-304.64557,157.6214,41.845303,11.823282,5.3683457,2.6683624,3.7190983,3.5508397,2.1743145,0.60369515,-2.6558006,-3.215851,-2.9153996,0.47516108,0.45523003,0.4289588,0.44953346,0.48316717,0.49351826,0.47688553,0.4691698,0.5333936,0.7071509,0.6609744,0.57067955,0
898,6.4,1.91,5.5,1.91,86.1328125,0.1221131000322165,2433.3298748885054,-37.49645,88.46785,-25.353878,34.6524,18.254744,10.312486,-0.013888267,-0.36929718,-7.2794037,0.2514234,-4.5867815,2.7670012,-9.368311,0.39600366,0.3495161,0.4415052,0.37748575,0.39978376,0.55305815,0.51877975,0.469781,0.4545194,0.4755894,0.59523934,0.5178247,0
899,5.3,1.79,6.3,1.55,92.28515625,0.07222258577641752,1131.1731799642046,-229.03189,161.6172,-64.51635,9.859239,-15.5062895,-35.28922,-14.909944,-18.423985,-24.455688,-25.53603,-5.4127874,-11.315476,-20.7088,0.23635046,0.21285821,0.29816064,0.31553745,0.23493733,0.22407241,0.17779104,0.26162213,0.30887082,0.19713701,0.19518287,0.18819697,0
902,7.0,0.77,3.3,1.55,143.5546875,0.06555421053902627,2248.297685477795,-7.4370914,98.10222,14.171539,19.055458,11.447474,6.117586,-3.1289258,13.80304,-1.3239309,4.3447733,3.641892,4.893616,-1.2706057,0.73664117,0.6703794,0.6199617,0.5895909,0.49226034,0.4903397,0.43687347,0.3987209,0.37366173,0.38653558,0.40012008,0.56121475,1
903,5.9,1.14,5.6,1.2,117.45383522727273,0.11297343145940722,2106.4151905206045,-86.67355,104.229706,-24.472517,28.382309,-5.2417455,0.103724025,-8.384781,5.666356,-4.5689254,2.6319504,-6.276445,6.3499026,-6.3271737,0.39755458,0.34425536,0.36210546,0.33271068,0.59182835,0.4752564,0.52399355,0.57094884,0.35677052,0.33256432,0.3369846,0.603543,0
904,5.7,1.19,4.2,1.72,161.4990234375,0.10802889337004122,2540.6981925144323,-68.37166,85.36769,9.510938,30.35365,2.603899,6.5909576,-4.302921,3.5892093,0.05231672,4.228619,-4.0297756,1.4499578,-3.9089441,0.3647109,0.58883625,0.37281016,0.25594926,0.35650566,0.41882494,0.6798346,0.44173884,0.31667647,0.3857734,0.64967626,0.4579412,1
908,5.5,1.12,4.9,1.64,117.45383522727273,0.021973159373390005,795.1230576976134,-214.23294,179.55496,31.95921,20.37877,32.21602,-3.9115226,12.39896,4.3154755,7.601162,5.9652524,-6.9546003,4.1965685,-10.948226,0.2405238,0.35334575,0.4442929,0.49509642,0.5495837,0.45204732,0.33641803,0.33074206,0.42453268,0.54359984,0.4170233,0.28499287,1
909,6.0,1.9,5.5,2.2,129.19921875,0.09854874758376289,2278.7178202237924,-106.926895,90.892975,-7.22305,20.330976,2.738669,12.23786,1.4347014,11.284176,-3.1879206,1.8779854,0.3654156,5.9196754,-8.603531,0.346779,0.28627807,0.36212504,0.5866842,0.68514824,0.49611992,0.37247276,0.37984034,0.35858822,0.3926575,0.43046945,0.52903694,0
910,7.0,1.55,6.6,1.74,143.5546875,0.1281835132502576,2760.561207412165,-70.848854,77.23718,7.810677,23.075247,-1.9376857,2.8056734,-1.1843487,9.330422,-3.3778582,3.6400692,7.4126387,0.4663384,-5.522113,0.4341421,0.4624002,0.5294362,0.49457732,0.5211118,0.5886532,0.57684505,0.5823243,0.5153465,0.50524515,0.42165604,0.3761721,0
911,7.1,1.22,4.0,1.48,92.28515625,0.08978262050811438,1858.0340359636027,-148.50725,116.76663,-17.58432,31.771433,2.5273678,9.089822,4.4191136,6.604033,-1.3277128,9.816059,-1.7010584,4.0638247,-0.18751875,0.34783086,0.314914,0.3795066,0.47994334,0.59369653,0.50686806,0.40492734,0.40154454,0.40163776,0.3387616,0.35294792,0.44375566,1
913,4.8,1.94,3.3,1.55,73.828125,0.019173277708011336,607.5931969328298,-207.89313,177.75302,15.359101,35.817463,19.91125,5.872505,6.3175745,6.6687555,6.0876193,5.8029637,0.5687791,-0.9983674,-0.7968512,0.37602073,0.332065,0.31793004,0.36805516,0.57721233,0.6497931,0.4661398,0.32187876,0.27962148,0.35225955,0.35885558,0.40756106,0
915,5.0,1.9,5.2,1.54,69.83741554054055,0.09187485912545079,2843.8765589236878,-49.699818,69.220314,26.399216,28.199165,18.977158,19.299757,2.7627678,0.2812606,-4.1104307,-0.33092842,-2.6335802,1.3944414,-3.667629,0.29509333,0.2546109,0.21064168,0.29728925,0.2074151,0.1711652,0.23989898,0.44532,0.9646736,0.6297558,0.33462095,0.23228107,0
921,5.9,1.14,6.1,1.3,123.046875,0.1161427642806543,2499.9188830287635,-30.160252,87.60851,-5.5418367,14.385774,-0.14128667,12.763008,2.6518457,9.615081,-0.14818323,2.9269447,-3.4553576,3.9483278,-0.9581355,0.50877213,0.39487717,0.4550123,0.53738075,0.69794774,0.52717876,0.45666653,0.49255958,0.39903498,0.48317036,0.4758891,0.52685237,0
924,5.4,1.8,6.2,1.4,151.99908088235293,0.06165028994845361,1585.4649473257102,-117.971695,128.70714,2.4096408,20.09929,10.2755375,14.502445,4.338415,5.346554,-2.3917203,3.1618004,-1.7070411,3.880745,-1.9930336,0.46792015,0.3877732,0.4049078,0.46879172,0.5885434,0.45109093,0.3413345,0.3533616,0.4612463,0.5123491,0.46467206,0.5017417,0
925,4.9,1.51,5.7,1.62,117.45383522727273,0.051231525853737116,1009.6144421341692,-168.32759,184.7854,-47.27212,39.889385,20.38826,8.745007,-1.3090171,-2.876225,-4.5854015,4.450976,-7.2253876,-5.499613,-0.25085947,0.3174381,0.49972403,0.6131378,0.32434234,0.2516673,0.17607932,0.37813678,0.40928486,0.42200926,0.70015687,0.41449913,0.4605599,0
926,4.0,1.61,5.5,1.02,63.02400914634146,0.030320731098660483,659.3025585664042,-248.68396,181.98581,10.032425,1.2948872,-4.712287,-7.4616704,-14.498096,-12.932648,-2.763758,0.5349631,3.8768847,4.7914104,4.399449,0.5420519,0.4277141,0.80972385,0.40207735,0.17870678,0.20302323,0.12431063,0.15360458,0.17674258,0.29800683,0.5127738,0.43004155,0
928,5.0,1.95,4.0,1.79,117.45383522727273,0.11071374637564432,2378.339795383013,-129.29486,91.3689,-6.1278553,29.777468,0.3421575,6.0420003,-0.7414765,-8.188139,-11.643055,5.7640805,0.624982,8.068827,-2.0080838,0.4967334,0.28080216,0.31061447,0.30498397,0.599573,0.43997663,0.33449104,0.32200631,0.32557783,0.49915394,0.32330933,0.48551944,1
931,6.3,2.19,6.5,1.75,95.703125,0.14850998711340208,2703.2770803091053,-30.386366,68.36568,-19.111286,49.702087,-2.733475,20.056711,-2.8810542,10.005123,-2.2051196,1.0210307,-8.595997,0.17008954,-11.312019,0.4847964,0.6079078,0.63448423,0.5836725,0.4147202,0.4792518,0.36528632,0.3954871,0.49946108,0.4668896,0.60009533,0.43861735,0
932,4.5,1.36,4.9,1.76,99.38401442307692,0.08770185647551547,1668.9180822991075,-160.41852,129.3467,-22.078838,33.30969,3.191773,7.085086,-2.026786,-0.10782911,-5.815975,-7.2704887,-3.6514962,-2.5329876,-7.425707,0.26781824,0.39538592,0.37232623,0.3091995,0.38693395,0.20606835,0.2621632,0.21114841,0.24276732,0.25275952,0.21195059,0.5312627,0
934,6.2,1.78,6.4,1.62,117.45383522727273,0.07721334041731066,2128.5902022246264,-16.130302,93.40917,2.0420952,35.981083,6.0592966,10.643057,-2.8927429,9.495255,2.1481059,6.8665314,-2.4639337,-1.0469103,-5.5402155,0.38710093,0.45764732,0.32023606,0.35275862,0.41996634,0.30309966,0.3571345,0.31606272,0.38308662,0.3052803,0.31480837,0.44451383,0
936,5.4,1.56,4.7,1.68,99.38401442307692,0.06236358327963917,2128.3582069000618,-40.791054,94.122925,-11.985512,34.93031,2.1391685,17.807976,4.186173,13.101276,-0.89552695,8.847526,3.2195055,6.8427944,0.061578166,0.54193634,0.48611078,0.55740803,0.4962974,0.5045616,0.48567677,0.4113955,0.49273282,0.36559474,0.38868806,0.41079545,0.43639576,1
938,7.3,0.78,4.2,1.33,89.10290948275862,0.09701627704791345,2327.7786734921706,-29.638111,76.90262,-18.263817,59.406097,19.264196,-2.488819,-6.6712413,3.8338385,-12.845777,-4.0218368,-9.1413555,-0.18419611,-9.317562,0.28541967,0.39924675,0.27421018,0.29623392,0.57526517,0.3672734,0.249316,0.27247715,0.3632669,0.49233863,0.26029912,0.1991288,1
939,6.2,1.4,2.7,1.1,135.99917763157896,0.17491738713936114,3460.4773194421537,-172.22476,61.215332,23.911608,6.4365125,19.299252,-1.8543266,-8.558351,-4.613661,-0.042472795,4.888513,-7.064291,-6.4071565,-0.4414792,0.54019237,0.46049452,0.31644648,0.30053622,0.28665656,0.2769721,0.28618518,0.29976532,0.3372975,0.3911858,0.43999615,0.46342966,1
941,7.2,0.98,5.9,1.7,107.666015625,0.11490382293276662,2751.5546839108038,-13.151863,69.079704,5.293104,29.459484,10.911168,16.004137,6.168492,13.286862,1.6485349,8.365015,1.0499169,6.9921947,-1.0600466,0.5478978,0.5235779,0.5323627,0.54197,0.54737586,0.4789891,0.50304765,0.63693565,0.6301627,0.60578156,0.59360963,0.58776224,0
942,4.8,1.6,4.1,1.97,99.38401442307692,0.07416290330370943,1371.0253852082174,-170.4327,152.34428,-30.491058,34.657898,-11.659454,6.4938016,-9.804208,-0.43826526,-3.7189586,-13.550622,-3.238243,-9.152867,-12.860916,0.1942254,0.3182942,0.31303623,0.16245604,0.23430194,0.28810018,0.70254093,0.32786217,0.29263356,0.34718877,0.25392327,0.41288325,0
944,7.1,0.94,6.5,1.2,86.1328125,0.14251797076353093,2435.5668377952456,-74.18766,87.58475,-30.796442,24.705933,1.1653063,-0.14989337,-7.442756,5.787527,-8.294931,-0.5280344,0.9227222,2.4308352,-6.592741,0.40065122,0.5874351,0.3677378,0.3878745,0.46154764,0.52858007,0.5865423,0.3821845,0.44905072,0.31153455,0.30781817,0.42587584,0
945,2.3,1.35,2.8,1.47,112.34714673913044,0.030804232676455434,698.880716798824,-281.914,192.59416,-1.3377347,41.566566,-6.640478,-0.21181177,-4.5184426,-7.1773677,6.332837,-5.7879586,-12.744067,-13.7840395,-5.021482,0.3361908,0.20877928,0.48096275,0.7129797,0.26239005,0.32968396,0.15864149,0.034648456,0.036778156,0.2864939,0.68356395,0.33202636,0
949,5.7,1.49,6.1,1.22,117.45383522727273,0.08294693456980938,2076.8581604516708,-93.74335,87.79382,-15.03559,49.171555,8.017237,17.06138,4.4439044,15.512219,-0.7370507,5.2557197,7.895416,7.9155827,-5.778505,0.50697786,0.5301087,0.60733473,0.78533614,0.5115125,0.49338973,0.4290557,0.4555105,0.5467656,0.40596366,0.44821283,0.4319841,0
952,4.2,2.14,3.7,1.35,95.703125,0.053332588710716125,864.8893463440534,-278.60208,188.54675,-10.80023,13.017097,-0.73979944,-8.553919,-12.357976,0.517323,8.5238905,9.457271,3.9312217,2.4915278,3.6705573,0.23440062,0.19233306,0.5070985,0.25460696,0.11901611,0.15608838,0.23700711,0.5492014,0.2148598,0.100639775,0.13304184,0.1628253,0
954,5.1,1.58,5.5,1.02,107.666015625,0.11189942160935085,2327.6824528047887,-124.64424,78.272865,3.9827127,28.464247,4.1771636,14.357154,3.1385672,0.72386146,-1.9883898,3.2551177,-7.8619833,-0.6324066,0.5013099,0.3938622,0.24733841,0.26631364,0.24919112,0.43150422,0.35330996,0.21224426,0.2375784,0.28653494,0.54302603,0.3868769,0.3454238,0
955,3.8,1.4,5.6,0.8,64.599609375,0.05327576312822165,1465.8994811772077,-238.62657,116.24323,33.270157,12.084264,-14.164318,-12.714784,-18.067469,-12.305013,-10.666917,-2.8675163,-6.1351976,-1.9951165,-3.991148,0.16274495,0.41732186,0.13760063,0.1881779,0.5979647,0.20406407,0.29219827,0.16734335,0.36959508,0.5403356,0.17613469,0.13557711,0
956,4.5,1.02,5.4,0.92,184.5703125,0.06659970094345698,1525.610949668599,-72.387375,135.84789,-11.391691,22.981361,-14.265541,11.775333,3.1673176,10.2434435,-0.6044316,5.423045,-5.9177413,2.2609136,2.68283,0.3118302,0.38897017,0.24834102,0.37616694,0.34542906,0.32168654,0.45924687,0.21859632,0.2545361,0.15945958,0.36714894,0.7145148,0
957,2.8,1.08,4.7,1.55,73.828125,0.04016037773840206,1169.4113662583782,-150.25261,123.14722,14.193105,56.59399,22.615282,4.0539694,-7.125489,8.753657,-25.010845,-1.0523102,-8.864465,4.4522896,-5.9773617,0.10703818,0.051491898,0.15449543,0.19050501,0.465496,0.35727942,0.25879037,0.40183285,0.36106062,0.7412602,0.38695568,0.22299333,0
958,5.5,1.86,5.1,1.81,78.30255681818181,0.08894014039155075,2052.5692206989065,-28.891281,99.704384,-10.404592,29.972397,13.745834,18.28143,-6.4758763,5.3535094,-5.349227,5.59226,1.9228987,7.09439,-0.97738206,0.19329341,0.45717305,0.7152131,0.56705177,0.61088085,0.3134652,0.2639435,0.1377452,0.30272317,0.37390083,0.1451539,0.18480846,0
959,6.2,1.94,6.4,2.01,117.45383522727273,0.12125651041666667,2531.7953099242563,-8.826307,81.401535,-28.493044,47.3297,-8.440098,18.579487,-0.073767416,8.045978,14.880804,8.9207,-7.4291563,8.312987,-6.395603,0.29708123,0.3848088,0.39804035,0.2978987,0.45528436,0.26654744,0.21567307,0.38036287,0.43833715,0.7570041,0.46589744,0.39791548,0
960,7.7,1.27,7.7,0.78,151.99908088235293,0.17176481597758886,3189.7848935998445,41.813366,54.008266,-1.1540473,33.53281,13.7368765,8.271057,6.0558105,5.253404,3.0794365,3.3477962,-8.720581,1.7067802,-3.7693148,0.444542,0.50592774,0.44838578,0.588184,0.58602405,0.44109437,0.4700648,0.45496848,0.6936231,0.47932872,0.42071074,0.56336576,0
961,5.6,0.8,5.5,1.2,89.10290948275862,0.07593414919822257,1818.238392688962,-145.84227,114.75392,-34.160767,36.793533,3.3526146,-0.60876423,-0.86882645,-5.760973,-2.6372788,-4.7203035,-3.701107,2.8558486,-2.1887083,0.35339537,0.3784663,0.5704411,0.42224568,0.37455505,0.43724176,0.3053876,0.29597735,0.31235415,0.5347281,0.34581915,0.331847,0
962,7.4,0.92,3.4,1.5,92.28515625,0.14114145615984028,2403.191777322997,-85.055305,86.457,-37.307526,35.32829,4.7711506,6.443958,-3.6016717,7.2088575,-5.111012,-0.36886272,0.05028627,-0.71128553,-3.2646399,0.5319551,0.4962631,0.5061102,0.4502379,0.367453,0.46969023,0.40739736,0.34131324,0.32998478,0.49237898,0.36205235,0.41217557,1
964,7.6,0.92,7.0,1.48,103.359375,0.14007282207946933,2149.5413606362717,-25.62195,110.55548,-53.96503,37.584927,-15.570287,-1.817338,-2.3072228,-4.8053145,-0.694147,-4.835252,-9.333283,5.7353005,-12.08312,0.44344908,0.59663737,0.4741011,0.46734813,0.5815063,0.39693156,0.37823474,0.42059088,0.49182758,0.49945304,0.37529856,0.508883,0
967,2.8,2.09,4.4,2.15,143.5546875,0.04695700911257084,1008.118617888064,-342.2798,171.80846,-37.31968,36.385746,7.2177706,-32.59643,-11.759501,-18.451616,-29.004286,-11.332225,-10.509718,-15.111777,-10.670813,0.32307523,0.22017768,0.32152387,0.4021766,0.2597536,0.26029336,0.20054272,0.27593037,0.30656722,0.32334337,0.17997536,0.18789805,0
968,3.8,2.14,3.2,1.72,112.34714673913044,0.10982980629832474,2504.159616789544,-126.805786,77.83643,-5.3801384,-0.47902644,0.4525539,11.223332,6.781549,2.4475822,3.8629582,8.645043,3.8549078,3.696744,-3.8295963,0.28619692,0.30493736,0.2510721,0.36134574,0.42255127,0.48895264,0.5735356,0.53498584,0.5893936,0.60070086,0.47256318,0.39507243,0
970,6.6,1.56,6.6,1.56,161.4990234375,0.12616020253735188,2315.3588148043914,-65.09173,97.486755,-33.50129,26.678999,-12.395543,3.7423296,-0.76720756,8.231065,-2.543827,1.4977415,-4.3629727,1.2239436,-4.3019147,0.48761946,0.34252816,0.48788267,0.29215512,0.39500114,0.38564992,0.33509532,0.56260926,0.33351937,0.44397783,0.34268397,0.3353726,0
973,6.5,1.8,4.6,2.11,151.99908088235293,0.07552988955435343,2126.6020420019877,-16.459127,100.44144,7.889797,28.513649,0.2551325,5.913178,-5.503294,1.4649533,-4.080937,-4.4834633,-8.432348,-1.2712795,-7.4268913,0.3305445,0.4137096,0.4467654,0.350646,0.3392524,0.3166171,0.19250908,0.24021463,0.32469538,0.43190697,0.5610506,0.3579135,1
974,4.1,1.64,4.2,1.78,103.359375,0.06760141961295724,1307.2188025164246,-102.251366,155.27213,-18.922237,18.806826,-9.681941,6.6793966,-4.1710405,3.3857567,-5.4262276,-3.058169,-13.45199,-4.8706155,-5.590643,0.4283427,0.31136072,0.36122984,0.45918977,0.31987375,0.37619367,0.23095278,0.34346643,0.24382187,0.32455754,0.4773374,0.32373488,0
976,6.2,1.08,5.9,1.22,129.19921875,0.0846198198415765,1702.3616016348142,21.339125,126.6613,-25.241978,41.734882,-1.7821407,0.05411916,3.1165779,3.3036723,-2.5181608,8.960934,-6.024315,3.9892886,-3.981305,0.3068356,0.39836857,0.38337913,0.33894306,0.4947482,0.2974925,0.56363505,0.27905294,0.41151905,0.48727584,0.35399935,0.5153514,0
977,7.3,1.0,3.5,1.63,89.10290948275862,0.1375277724111283,2326.7731834165106,27.539436,97.12199,-52.447533,43.282078,-17.444172,24.55076,1.7902758,16.624771,6.558301,9.529913,-3.1367693,2.075127,-4.2477803,0.81272423,0.47541773,0.3846968,0.32599446,0.3631206,0.4207473,0.44602892,0.67372906,0.48496515,0.42405242,0.37091374,0.5304263,1
978,7.7,1.42,6.1,2.02,123.046875,0.13620732507405978,2974.1784979106924,12.272372,66.102554,10.176801,25.669073,4.5743246,11.528069,-1.3573167,6.7275085,-0.4341183,6.3145337,-2.260726,5.2414007,2.3053803,0.60526043,0.5066755,0.48178002,0.47337598,0.49312547,0.5843263,0.54044044,0.4889426,0.50133044,0.6094541,0.5042667,0.5049397,0
979,3.1,1.58,5.5,1.86,99.38401442307692,0.035989673895543535,1098.6873338334456,-221.40894,137.5442,24.889616,33.84465,15.007576,5.742487,5.1308737,0.11088829,-3.7348309,-5.575572,-3.256196,-2.4568048,-4.094091,0.19659998,0.24289545,0.21426831,0.3669442,0.30675432,0.28509384,0.4194691,0.34954628,0.4292799,0.24888402,0.26422492,0.2860609,0
980,5.8,1.17,4.3,1.73,89.10290948275862,0.08031270135309278,2247.6135120573317,-57.3607,84.44717,-8.647841,56.640087,5.0227623,15.209991,3.5644183,8.104483,1.7494797,11.71896,0.9792681,5.4661345,-0.2635532,0.30743608,0.3317189,0.36687723,0.42607674,0.58243376,0.7261705,0.645111,0.5169891,0.42547196,0.3648832,0.35695586,0.36658636,1
981,6.7,1.79,6.6,1.5,67.99958881578948,0.11438585740275631,3250.999329920265,-29.787703,58.437298,25.374779,23.898615,12.484473,29.124277,8.488889,13.217835,4.7712026,10.000037,2.4020545,7.1581054,-1.9778805,0.64679134,0.6023876,0.5231368,0.47299188,0.47625452,0.4132747,0.41891178,0.518017,0.597816,0.55878806,0.5567583,0.63486665,0
983,4.8,2.23,6.3,1.27,117.45383522727273,0.11641419934956208,2810.8498490061897,-53.17952,71.44243,6.871981,30.2321,3.622639,13.033793,8.535448,15.632321,-4.5956154,5.8328767,-0.7070525,11.380452,-4.26288,0.41876504,0.5281391,0.867509,0.46406946,0.30886686,0.31372744,0.26871762,0.2505647,0.22361183,0.3302092,0.23705038,0.25386497,0
985,3.9,1.81,6.1,1.22,117.45383522727273,0.04856750708397733,1500.1003659270614,-164.79709,127.4672,17.568306,12.266354,3.1628253,-10.077545,-8.624663,-21.150105,-5.227519,-18.965473,-20.2641,-8.9701185,-8.290893,0.35930145,0.35723695,0.211576,0.2352182,0.1370976,0.19260217,0.11355333,0.2683431,0.42908803,0.24101605,0.37101245,0.183708,0
986,5.8,0.98,4.5,1.96,89.10290948275862,0.1043431862113402,2814.3150607320217,-74.1088,64.80344,16.166418,36.252804,5.6239066,19.865625,2.033019,25.645958,-4.618392,7.0987515,10.813581,-2.5137327,2.9834087,0.3722861,0.38979155,0.5649596,0.6835434,0.6939993,0.63267535,0.4504135,0.30800274,0.23806757,0.2629651,0.2552116,0.29142827,1
987,6.3,1.62,3.6,1.56,151.99908088235293,0.12504125611798042,2149.86584923595,-37.05348,108.64634,-48.579597,61.777843,-18.534378,9.371678,4.858875,21.415962,0.47971532,6.1035156,7.712522,3.046656,4.4330926,0.56032723,0.6153737,0.63988346,0.6660203,0.64838123,0.6472467,0.623815,0.6476476,0.593684,0.55385345,0.49849403,0.48110387,1
988,5.4,1.2,5.9,1.51,95.703125,0.06277998816653786,1274.6586137585448,-195.32494,149.56711,-0.794078,15.19839,4.378023,8.164092,-7.3213763,2.1125743,-7.5216303,0.9706732,1.8826709,-4.803973,-11.206978,0.20638345,0.22387436,0.3878789,0.39320144,0.5709156,0.32749602,0.2832893,0.6644161,0.25542602,0.13317135,0.09699602,0.17400217,0
989,6.3,2.0,6.4,1.56,161.4990234375,0.12718959299330243,3016.7880806650737,-14.38992,66.86685,3.3905237,19.653328,12.578661,12.1332,4.474399,10.635799,-0.65974516,4.0400767,-3.9405766,4.9422755,-3.270848,0.7263898,0.68631667,0.5987352,0.50452197,0.484959,0.44553107,0.392773,0.38549906,0.45164368,0.6713711,0.6824608,0.64487135,0
990,6.0,1.61,6.1,1.51,143.5546875,0.10060559983221476,2380.3577555400216,-8.910423,95.12613,6.576792,29.686459,15.404028,3.1251845,5.408909,-6.1230664,13.340792,-2.2952707,-9.189924,-5.90791,-1.333998,0.23236795,0.3103878,0.24449284,0.261026,0.46391794,0.21186662,0.253212,0.14811924,0.29330215,0.47540432,0.2837259,0.46259347,0
991,3.1,1.3,3.5,1.5,99.38401442307692,0.03443250700347759,952.038631219598,-308.07242,125.225204,29.073746,37.05191,22.086634,19.684284,5.3611975,5.499798,-1.9828372,1.5233122,2.4786801,0.9349654,-2.3271065,0.5086823,0.30112633,0.26887202,0.22807476,0.23753907,0.30364004,0.30356315,0.363121,0.38146076,0.3536209,0.36372438,0.39382014,0
993,4.4,1.2,3.8,1.17,117.45383522727273,0.033612123469716496,1289.8033694382761,-127.36361,109.287865,20.343866,64.00614,14.44702,30.917305,-0.009133376,2.4211462,-6.8402214,-7.749843,-2.524761,-7.1046915,-12.177341,0.8278752,0.5375359,0.36851972,0.36900392,0.50629324,0.40075377,0.26057124,0.31875318,0.22889781,0.21505004,0.2969566,0.47090715,0
994,6.6,1.74,5.3,1.55,107.666015625,0.0919138511881762,2396.824104464859,-26.723505,92.4287,8.824764,9.740965,21.925646,13.287892,3.658804,5.8850064,-0.32064193,5.2710185,-4.2508125,0.023722896,-4.0133815,0.4334745,0.46835092,0.45029318,0.7090646,0.6296343,0.49954945,0.52294695,0.5516147,0.5081698,0.48862016,0.56600326,0.3999761,0
995,4.7,1.27,2.4,0.92,123.046875,0.13433170908505154,2498.4542396675697,-98.16096,90.23006,-10.667975,18.809467,-7.063287,6.1955333,-9.107475,6.062778,-0.2512467,0.51863647,-3.6107466,1.9473132,-5.39226,0.23533712,0.37277347,0.3908478,0.26401585,0.2631162,0.33618048,0.6514922,0.7024264,0.3535802,0.2579587,0.34845713,0.46850514,0
996,6.0,1.61,6.7,1.68,103.359375,0.11787954622295209,2125.152597762937,-76.27616,111.0667,-39.919468,37.367756,-0.52188087,6.6200795,-3.3082526,12.159959,-2.230669,1.3334363,-4.784,5.701668,-5.1632056,0.4808644,0.4297547,0.48716035,0.41725898,0.5583879,0.45644265,0.4747251,0.51071256,0.34058607,0.33873352,0.34926447,0.48788366,0
997,6.4,2.11,6.7,1.68,112.34714673913044,0.11090047011849562,2102.5794081764143,-58.836452,100.54868,-29.63478,63.62951,-10.238359,18.450356,-1.4207428,8.534349,8.703054,-2.142539,-1.7823173,4.615276,-2.6152444,0.3553314,0.43487877,0.567579,0.593995,0.50017524,0.46293786,0.42780626,0.449496,0.5042029,0.4779328,0.6016884,0.421252,0
999,4.1,2.3,5.9,1.58,117.45383522727273,0.07819069144652062,1780.8072553679242,-86.68404,117.54607,-10.430732,17.22078,9.284741,1.9821082,6.288353,6.34655,6.009656,5.926614,-3.6186798,6.039402,-4.583905,0.30090863,0.37974527,0.625045,0.31436166,0.37988952,0.23380387,0.4134816,0.42148632,0.38151392,0.72402513,0.40777242,0.4573624,0
1000,6.8,1.6,5.6,2.06,135.99917763157896,0.09205346792890262,2116.1610283662826,-29.00728,102.69288,-6.246353,28.312904,4.6218724,13.930796,-1.9780678,7.338904,-1.1503121,5.5934906,0.75079596,4.2981706,0.7378738,0.44388145,0.31644014,0.37252384,0.30222496,0.44978878,0.3441016,0.39165372,0.48991716,0.41462442,0.6127123,0.38856417,0.43783903,0
1001,4.4,1.5,3.8,1.72,117.45383522727273,0.09455145647897317,1818.4885864151686,-164.74287,125.44719,-19.984291,19.461418,3.9972315,3.891716,-2.4015949,4.7310944,-8.476445,4.8735538,-3.835292,-1.7777135,-0.8144192,0.24297433,0.51468635,0.48302692,0.30158156,0.34348553,0.27121785,0.39180106,0.25764737,0.3390708,0.45960978,0.29656374,0.32517496,0
1002,4.5,1.5,3.2,1.54,143.5546875,0.04111619786302781,1104.3286046503265,-331.60928,116.73684,32.26162,38.52866,23.335499,14.106022,9.018618,9.177715,0.55933374,6.0232644,-1.3545291,2.4228818,0.2511674,0.35875243,0.38950974,0.4249968,0.3370579,0.2882667,0.333887,0.34880796,0.43114784,0.33974653,0.24268468,0.25075328,0.2905862,0
1003,5.3,1.79,3.3,1.35,89.10290948275862,0.07014630334384656,1895.2026590812957,-291.96054,87.938934,12.080688,25.716293,-13.545896,-4.2592278,-3.1283398,-5.271181,-2.7545033,-0.7539167,3.8283317,0.22400571,-5.3186965,0.27469566,0.3135208,0.21859297,0.16128144,0.20636475,0.18604793,0.19882815,0.2505374,0.24994706,0.47447973,0.35980472,0.2895586,1
1004,3.8,0.98,4.7,1.49,112.34714673913044,0.07839635134481424,1745.157647248323,-138.38324,126.29771,-29.608868,45.768658,-17.60585,7.8049965,-8.182134,1.7000326,-5.8945694,3.1837068,-5.718245,-12.118,-10.057914,0.24612334,0.18417302,0.38042971,0.3366713,0.5462992,0.25672105,0.34888324,0.4123677,0.21383652,0.19938727,0.29104722,0.5938632,0
1005,5.4,1.28,5.1,1.22,117.45383522727273,0.07590631853070176,1781.0092347629181,-153.15617,113.900055,-8.6351385,36.028393,-0.5501754,15.307123,-3.9124012,4.969334,-7.340966,6.4069576,-4.4379764,3.1330283,-1.9319521,0.68165755,0.43956873,0.37074122,0.2694253,0.39311284,0.3583716,0.3155785,0.43910173,0.2962259,0.2749608,0.2883938,0.4970266,0
1006,4.6,1.36,4.4,2.11,172.265625,0.08355492887487127,2147.1739589440267,-252.96255,83.188286,11.835513,21.022657,-10.433764,-4.836502,-3.6106825,-10.045252,-11.080305,3.1565871,-13.46972,-3.8784995,-9.933352,0.26008037,0.25362357,0.2375703,0.28163356,0.29275042,0.39980528,0.31062907,0.15791512,0.21594228,0.24147981,0.2596547,0.24072479,0
1007,5.2,1.47,5.4,1.56,135.99917763157896,0.08400675246202369,2275.1140717470334,-231.89905,80.889244,6.9052978,27.507694,0.2937541,0.36823535,-3.686617,-1.6932095,-10.719704,4.0927186,-11.229221,-0.46484107,-9.196733,0.33206162,0.3006084,0.3013713,0.32140407,0.40706533,0.36634266,0.27839255,0.29395497,0.25563845,0.28156513,0.33359763,0.36420015,0
1008,6.0,1.55,5.4,1.5,143.5546875,0.08441356969297116,1761.6774403858024,-216.19173,122.823456,-16.073704,21.796284,9.095706,5.3083735,-13.683169,7.658318,-12.305617,-3.7722194,-7.686057,-8.2674265,-2.260384,0.4178082,0.3039645,0.32119265,0.26816744,0.30879086,0.26760074,0.25141227,0.39088014,0.29670626,0.36735612,0.29229563,0.41461855,0
1009,3.5,1.69,3.7,1.85,135.99917763157896,0.06519209760384417,1194.9306794278436,-279.3035,170.66696,-52.919888,39.280533,1.1301237,-5.2194867,3.6751585,-8.571193,2.874828,-8.235978,-2.4241965,-0.70615584,-8.422147,0.17208418,0.20372742,0.36443242,0.21548826,0.20354755,0.21828412,0.3442741,0.5205293,0.25684586,0.19862974,0.29266602,0.2732447,0
1010,6.5,1.63,6.5,1.5,123.046875,0.11757973416580844,2307.1467289338907,-235.19171,86.94468,-22.503801,5.7893248,-0.20866781,-3.2488096,-4.8152623,-1.0915158,-7.515626,1.9692463,-4.301976,-2.7869055,-1.7224845,0.3719684,0.30849874,0.43606842,0.3458778,0.39629692,0.5016765,0.3800132,0.507606,0.4355415,0.48928913,0.4406474,0.43812835,0
1011,4.5,1.43,3.0,1.1,172.265625,0.03289185198892894,997.4651232833093,-364.40143,131.68639,9.841624,20.069965,11.50531,9.289975,0.939234,-5.761451,-8.732611,-15.140461,-11.847881,-5.7997665,-9.851083,0.40230763,0.23192054,0.20159176,0.22399771,0.4173678,0.30263972,0.19836092,0.18514785,0.1759928,0.20355277,0.2982499,0.50536877,0
1012,4.3,1.62,2.9,1.51,117.45383522727273,0.036637974474329205,849.9033592660886,-285.74628,175.67444,-22.010632,39.666622,39.053726,6.0794983,-4.313363,6.807581,11.758752,7.5053525,6.7069325,-4.047043,-14.476875,0.2716725,0.28330475,0.26972237,0.21655796,0.19020836,0.26252738,0.27573168,0.42361736,0.65942955,0.55473953,0.3970463,0.301027,0
1013,3.2,1.4,3.5,1.75,143.5546875,0.05419518753224974,861.7069008347529,-285.4034,202.82281,-31.170855,41.1178,21.509409,-17.952442,-2.5146432,-9.258935,-6.5985427,6.577212,-1.9325438,-4.805315,-9.723634,0.2437485,0.2271391,0.3464262,0.31450337,0.499814,0.28994602,0.32675454,0.5223671,0.33476403,0.20318845,0.16052678,0.37740976,0
1014,4.9,1.04,4.5,1.28,103.359375,0.06082578487809598,1536.0090138353744,-204.65576,132.03342,20.653028,28.785654,-11.31984,20.539953,6.5357065,6.9939923,1.9261597,-2.7754033,-8.892325,-4.120826,5.127898,0.37743756,0.36065948,0.44000003,0.32107678,0.3957223,0.2655467,0.16513509,0.1894689,0.30677634,0.37785372,0.1881653,0.21372578,0
1015,5.9,1.58,6.3,1.55,92.28515625,0.14146930918511844,2421.6822274860165,-127.11032,92.751495,-31.77242,18.33909,0.23898825,5.847827,-4.951711,1.7494228,-7.267492,1.6536034,-0.2241067,1.5695167,-4.5358744,0.55852324,0.41898432,0.4187567,0.4588931,0.44101012,0.52049214,0.4557911,0.48066676,0.38345736,0.40835148,0.429075,0.38186574,0
1016,3.3,1.42,1.9,0.7,92.28515625,0.039221405123583936,1371.093710464345,-387.02432,71.11242,35.18655,19.183887,9.5841875,0.9905478,-3.696451,-7.9217157,-10.814341,-8.844973,-9.825649,-10.747249,-10.9347105,0.09843043,0.13273811,0.2189828,0.13172016,0.1077464,0.120919876,0.44088802,0.30928093,0.17799318,0.28224632,0.18726476,0.11867579,0
1017,4.1,1.3,3.8,1.66,99.38401442307692,0.048348141011199795,1294.773135334271,-303.87497,131.26942,8.209147,20.431625,14.277498,-1.7431697,-5.6598616,0.5276083,-3.636424,-6.0494323,-7.7139525,-8.500712,-13.458114,0.28034255,0.22384286,0.16399924,0.18166886,0.20062494,0.3216401,0.28413555,0.40828073,0.49629405,0.3609247,0.3308085,0.32388207,0
1018,3.7,1.49,2.5,1.28,123.046875,0.05351884333161689,1499.5069079050702,-259.74283,125.51402,9.618066,19.05566,3.7098145,-2.705503,-0.7552574,-0.22679992,-4.606199,-4.4979095,-9.418633,-6.9044056,-3.7766423,0.25057238,0.1618753,0.1569865,0.20238179,0.37217796,0.24753971,0.20534922,0.26524705,0.28764316,0.376857,0.262764,0.32173625,0
1019,4.3,1.68,2.8,1.08,135.99917763157896,0.041637165293511844,1053.6746625207975,-314.82336,142.26878,28.405083,25.392406,5.470674,4.2916136,1.5096092,0.31224704,-6.110296,-15.340962,-14.880256,-5.46157,-4.219054,0.2830066,0.297259,0.27882287,0.17909254,0.26551768,0.29901016,0.24960764,0.24765632,0.20524114,0.26633,0.29657748,0.3067917,0
1020,3.4,1.43,2.5,0.81,172.265625,0.0592324460623065,1798.4058692198303,-246.86743,102.66816,25.080013,25.429745,-7.4148173,7.9303584,0.4516534,4.6226583,-5.6732435,0.6819906,-9.515254,-7.8002048,-9.003814,0.31527624,0.2110834,0.21035646,0.35062653,0.40742007,0.17525664,0.104517445,0.15846722,0.27548337,0.47268435,0.31911248,0.22485623,0
1021,6.2,1.66,4.8,1.17,143.5546875,0.05993941490731205,1658.1631703416338,-154.6917,115.461525,1.7106941,23.079115,11.30171,12.334644,4.223055,5.007734,-3.7561455,-3.2926738,-10.704326,2.74036,-10.210988,0.46984673,0.28631705,0.36713052,0.25947112,0.35916007,0.8206629,0.4483052,0.17344122,0.10975295,0.18961072,0.1578295,0.15183187,1
1022,3.3,1.19,3.3,1.68,172.265625,0.04744273381179197,1202.8562682444237,-287.11972,142.75084,6.889537,35.494633,17.069525,-2.8799999,3.7999399,5.397418,-5.0933356,5.421142,-7.8044767,-0.9310403,-5.831608,0.46299267,0.2955184,0.1770377,0.19293809,0.20153655,0.33194605,0.32362637,0.35896242,0.21141909,0.21069619,0.34676662,0.44792122,0
1023,2.9,1.37,2.3,0.78,60.09265988372093,0.04560375901132853,795.5429852124889,-302.50482,195.20767,-17.052324,-3.596225,3.4648867,-12.062614,-8.747313,-4.387213,-2.3935592,-5.291781,-3.7713552,-8.821284,-11.269094,0.3469713,0.18362986,0.14926295,0.12976956,0.16367516,0.18246345,0.22116923,0.058934126,0.088088505,0.14595641,0.31549084,0.84761167,0
1024,3.2,1.47,2.9,1.14,103.359375,0.06750652049471104,1130.592812060698,-242.1709,177.0574,-53.81301,60.449844,15.85605,-8.386307,19.57884,-21.752047,3.9274518,4.1670833,-8.424023,6.3504124,-17.446507,0.31333736,0.11878323,0.15605298,0.32506555,0.45630085,0.33672875,0.32664266,0.30254638,0.27341855,0.42216966,0.33865976,0.48443845,0
1025,5.1,2.21,6.1,1.81,135.99917763157896,0.12212417445231959,2288.047704352548,-116.54502,92.453255,-24.748152,30.920078,-3.2711957,-1.9251602,-6.464139,-1.0702916,-10.424446,1.045371,-6.978196,3.2646685,-5.4248466,0.35446852,0.5497468,0.3747537,0.33562833,0.5191214,0.4085526,0.3584867,0.35362542,0.45804533,0.37018284,0.34283766,0.36893612,0
1026,3.7,1.73,2.8,1.83,143.5546875,0.02134303042763158,990.2821445787721,-347.54868,120.77569,51.294716,38.312897,8.578463,7.6845703,11.589951,3.8131757,7.488096,7.425046,-0.100588836,6.451016,-10.090734,0.5147286,0.4778444,0.32070756,0.15989095,0.082880884,0.13805272,0.28521433,0.3126503,0.29880226,0.33822557,0.38967294,0.45481658,0
1027,4.6,0.92,3.8,0.75,107.666015625,0.08775406749871001,2009.8043016544386,-131.40918,109.0366,-15.516586,26.634802,1.1277546,7.2104316,0.6334771,4.834866,-5.524863,5.910415,-8.770469,-1.1520742,-6.872185,0.36570987,0.26999685,0.23808947,0.25265563,0.46321675,0.27151895,0.35019037,0.6228062,0.6360446,0.74104583,0.47595906,0.4332513,0
1028,4.5,1.28,4.8,1.25,103.359375,0.10579729424664602,2028.5660088718844,-116.00774,108.55718,-24.28065,24.27922,2.0351684,2.1037376,-3.1604233,0.85809976,-7.082988,3.4794695,-9.211814,-0.77516747,-5.244067,0.1989119,0.17472513,0.39184195,0.30290282,0.5365838,0.36806482,0.3248486,0.3066708,0.27567476,0.57023305,0.2792819,0.37775066,0
1029,3.9,0.99,4.5,1.08,143.5546875,0.08691935074458483,2090.247102672272,-178.71274,90.80145,-13.7668295,39.20346,15.613957,21.7251,-3.9138913,13.153129,1.5588531,5.154305,-2.088717,6.174221,-4.254005,0.4273509,0.48381808,0.5134938,0.40836695,0.24449487,0.2376284,0.29551867,0.35580918,0.38273758,0.43437627,0.33718964,0.294761,0
1030,5.7,1.42,5.2,1.25,135.99917763157896,0.06061702457196189,1694.140883550225,-205.1074,112.91642,8.91944,30.905584,7.244692,9.627611,1.6396157,8.764744,-3.848786,9.07743,-5.019454,2.586826,-6.7050033,0.31781098,0.28089508,0.30790523,0.3238537,0.38255048,0.47218797,0.41600078,0.42942488,0.4480711,0.30185258,0.2698313,0.29756323,0
1031,4.8,1.4,5.0,1.84,95.703125,0.06694240196078431,1630.56245622967,-151.22029,129.22133,7.4376144,10.654461,2.0497525,12.084125,-2.9742668,6.37439,-0.3414179,1.4688787,-8.250537,-5.756971,-5.9258633,0.32576436,0.37881243,0.29787242,0.4349445,0.26604247,0.2552042,0.5058596,0.44260478,0.6855961,0.42570373,0.4532949,0.4882095,0
1032,3.3,1.42,4.1,1.92,143.5546875,0.0647002890383127,1292.5681426281228,-250.36894,167.66245,-21.786188,0.0960238,9.59838,-20.360725,-7.3213353,-4.2965746,-16.588411,9.66055,-13.506931,-3.3054297,-7.178142,0.31010392,0.13871047,0.17837915,0.19746059,0.49503762,0.20360243,0.2626258,0.13447686,0.15050414,0.23621172,0.27022547,0.73157513,0
1033,5.3,1.19,5.6,0.92,129.19921875,0.0793114377741228,1730.9067068816541,-105.01043,127.201546,-28.99083,29.78298,8.098286,3.7671735,7.989144,5.2329173,-0.21879417,5.4445186,-2.6023512,2.1446712,-1.6696249,0.35468465,0.28285065,0.40175608,0.5529144,0.7885843,0.4902565,0.360346,0.34308347,0.3690025,0.35563564,0.31607607,0.5512085,0
1034,3.3,1.55,2.8,1.08,143.5546875,0.05466079318240454,1111.4830537454854,-291.4796,145.21417,8.2302265,33.751274,14.534409,-0.24525526,-2.6111476,-2.8830514,-8.707174,5.934201,-3.1041262,-0.48101574,-3.5858839,0.31798705,0.1845945,0.24977462,0.22456203,0.20576218,0.16208829,0.37302896,0.24471296,0.10002914,0.16227038,0.3464328,0.6005351,0
1035,4.3,1.49,4.2,1.94,151.99908088235293,0.0940563725490196,1602.6635736441758,-161.9026,135.3879,-39.514133,30.639063,5.975982,4.472247,-3.35229,6.043251,-9.343428,-2.8006794,-6.412547,-3.4573789,-5.8569717,0.47988838,0.2925874,0.5591373,0.3991997,0.45216396,0.28351328,0.17371382,0.39810076,0.27378166,0.18162927,0.18882196,0.274713,0
1036,4.8,1.6,3.0,0.89,69.83741554054055,0.07529382538377193,1726.2267005058804,-210.9611,122.07866,-9.760011,28.365816,-9.592944,6.614371,-4.0876093,-6.906783,-5.37478,2.2132325,-6.382144,-10.594063,-10.133258,0.3880719,0.19616719,0.29136726,0.23770297,0.29595765,0.22176215,0.3441259,0.3616423,0.24030448,0.30519962,0.33082604,0.6360944,0
1037,5.0,0.63,4.4,1.36,112.34714673913044,0.08184127886351909,2201.4668186593753,-149.3523,94.99185,8.944257,24.958548,19.108864,14.2623,4.3540373,16.613317,2.0812263,3.168923,4.043521,-3.3100312,-1.3858021,0.38275596,0.37764403,0.37378597,0.34555042,0.39998487,0.4220372,0.5369044,0.4546798,0.46297497,0.52081156,0.5106915,0.5713675,1
1038,5.0,1.26,4.1,1.64,103.359375,0.0719731097619969,1913.39567979891,-153.98042,113.76322,17.045122,22.8564,7.776862,6.317651,7.873407,12.979907,-0.1381806,11.55522,2.4712675,2.1519897,-3.1809943,0.35452676,0.4083541,0.52700657,0.37325218,0.34882936,0.37969327,0.37109727,0.5144765,0.46340775,0.625596,0.4067744,0.32811946,1
1039,6.3,1.49,4.6,1.5,99.38401442307692,0.06459069030572756,1614.132101818961,-220.597,110.50674,18.0027,38.390747,13.103903,8.702947,5.7860923,15.933743,2.1997037,5.1477633,1.9537504,3.5162404,-3.2702467,0.32935166,0.34117416,0.266842,0.2410279,0.29869738,0.3100748,0.46377984,0.3024871,0.33442783,0.5562856,0.42006296,0.41234684,1
1040,6.2,1.54,5.3,1.35,129.19921875,0.08668377918601651,2118.0712857933718,-159.24297,101.92519,6.331386,24.865221,4.827211,11.326289,-5.3755713,7.6673126,-7.914669,7.531113,-1.3147599,2.425776,0.26172113,0.41358906,0.39666292,0.5146931,0.44153333,0.5424652,0.3339812,0.29121146,0.3936008,0.4176752,0.51956916,0.36720446,0.4002698,0
1041,5.6,1.2,5.4,1.62,135.99917763157896,0.0899347043504902,2484.9045766025984,-166.60988,74.3361,22.829815,36.21358,15.123598,16.146118,-4.0259967,9.156435,-1.2781056,7.9787846,0.4829678,3.141725,-1.8336613,0.4543047,0.38831455,0.4410465,0.4004338,0.38718686,0.33439198,0.31376725,0.31173575,0.29930943,0.40143764,0.41357225,0.4902563,0
1042,5.0,1.18,4.3,1.85,103.359375,0.051309257530895984,1561.244449784096,-202.73802,122.96305,8.171685,21.771591,20.451185,8.152362,2.2487597,7.378113,-5.20673,2.3740249,-2.583983,1.1948229,-2.4901497,0.3976107,0.55315286,0.41689152,0.37620592,0.32475418,0.36701697,0.31927705,0.33808786,0.463104,0.3118605,0.31494868,0.28412622,1
1043,4.9,1.76,5.0,1.41,161.4990234375,0.10107497304647271,2223.4794817648785,-184.01962,105.16774,-13.05855,17.446596,1.7731245,9.496238,-2.2118528,5.164183,0.37151533,3.1363144,-2.8161197,3.0821803,-2.993987,0.4946692,0.511286,0.50892544,0.4865911,0.5067161,0.49203247,0.49687523,0.40712878,0.49157834,0.6538888,0.562934,0.5267571,0
1044,7.1,1.64,6.1,1.81,123.046875,0.10352343548439112,2309.7324390457893,-142.7599,88.751434,-4.3107576,33.474274,-4.1005673,15.278833,-2.0883474,1.6758989,-6.378232,2.1508617,0.010250615,0.32421452,-3.5672147,0.39882442,0.33496487,0.34177637,0.455377,0.43682697,0.39703006,0.33311248,0.3499629,0.25857997,0.21002391,0.26042166,0.2531235,0
1045,4.4,1.43,3.1,1.22,151.99908088235293,0.05623548761609907,1434.7502167414855,-232.45828,120.66339,2.1479206,33.9578,-10.683239,-4.639842,-10.1388035,-1.2689288,-11.063649,-7.6176972,-16.689634,-11.449492,-10.113913,0.16252662,0.2765171,0.64226085,0.29410437,0.12600094,0.13535523,0.11917754,0.22702006,0.12893616,0.26311576,0.30430916,0.122643925,0
1046,5.6,1.69,5.0,2.05,172.265625,0.09327053703882869,2171.3535719432743,-160.05669,96.128296,-1.8016394,11.679948,18.372025,13.545889,2.9367208,14.609333,2.7297094,6.8135943,1.9537355,10.333594,-2.8322523,0.36915955,0.33837008,0.30926958,0.38857245,0.5894679,0.38668975,0.35386026,0.2871962,0.427045,0.32728708,0.34608582,0.5706471,1
1047,5.3,1.19,4.4,1.5,107.666015625,0.10153881659571723,2124.9280144149084,-188.64255,90.76479,-13.040677,9.243129,-12.248117,-0.55328566,-1.5659899,3.8051744,-19.05212,-13.993515,-10.742052,-9.881024,-17.799555,0.16911305,0.17137058,0.24722232,0.21965264,0.31176832,0.17006926,0.26049563,0.2464923,0.3004821,0.29468897,0.25060472,0.47271928,1
1048,5.0,2.19,6.7,1.0,161.4990234375,0.10512181332236842,2165.4982686231533,-88.360855,96.829704,-6.6882987,47.894096,-7.097896,10.703586,0.40445375,6.901187,0.4206956,3.2063801,-3.137598,3.8125293,-9.195206,0.50134623,0.43295136,0.45608655,0.36450064,0.35457987,0.46588257,0.51422226,0.66485906,0.52234244,0.41260374,0.40525588,0.44553304,0
1049,5.3,2.28,6.7,1.95,99.38401442307692,0.1185301474619453,2579.870179111871,-92.2965,77.079124,-14.733737,31.325386,15.858195,4.343064,9.24411,13.663974,-5.3619194,-0.03282896,-0.09878024,5.1014285,-4.4833174,0.41513887,0.42370337,0.4366709,0.43637258,0.5235852,0.36500487,0.27701384,0.42566437,0.47081318,0.56546605,0.4428387,0.35410392,0
1050,6.0,1.26,5.8,1.08,161.4990234375,0.07125404129579463,1840.376139383022,-144.73068,108.06705,-2.885335,36.616432,4.3417406,3.8955219,-3.9386716,11.173246,-4.2180767,-4.6675515,-2.1788678,-1.5788897,-5.375711,0.31562263,0.27286595,0.37514022,0.3114831,0.34929883,0.39582253,0.51424354,0.62680024,0.45355326,0.43324637,0.3477788,0.35600471,0
1051,5.2,1.08,5.3,1.1,161.4990234375,0.04834211130998452,1705.0353458497962,-169.55074,111.77532,36.055454,32.122902,-0.40926257,7.264389,1.8166939,9.363581,-2.4754803,5.482245,-6.0691333,-2.4096994,-6.428322,0.59175366,0.47370183,0.3012311,0.26882067,0.31507546,0.4208542,0.368451,0.48867798,0.30228105,0.15450463,0.27236918,0.3803907,0
1052,5.5,2.25,6.6,1.62,86.1328125,0.08497378700657894,2203.9467768366853,-133.11354,87.34249,9.861448,38.704453,-6.0832705,9.578288,7.0303054,10.145206,4.440133,15.120692,2.722348,10.903275,1.1147752,0.5912367,0.4208681,0.2569962,0.27784172,0.43298802,0.4549024,0.2071549,0.26185068,0.22292848,0.20075315,0.34649348,0.4127137,0
1053,4.5,2.11,6.3,1.19,151.99908088235293,0.08177753523284313,2637.7008895060976,-133.04825,63.589817,27.678188,46.350136,16.386637,19.89885,7.356106,12.495452,7.2956686,8.406718,1.5255594,6.74829,-2.9744225,0.52474797,0.5031021,0.43318927,0.36515024,0.43034345,0.34685937,0.33460355,0.36317113,0.47462642,0.61841375,0.51213074,0.4778033,0
1054,3.7,2.49,6.3,2.49,135.99917763157896,0.10247254740712074,2308.582726713211,-80.41401,90.05045,2.0254865,36.954197,-7.1863604,9.031901,-0.25632638,6.067504,-2.8447328,5.515874,-5.2670097,1.3260936,-7.120474,0.37149757,0.30639312,0.34944806,0.29804373,0.36307603,0.498262,0.50552577,0.5735985,0.47145507,0.45925787,0.53733516,0.46626478,0
1055,3.7,2.53,6.3,2.1,80.74951171875,0.0901874113132095,2148.830284001568,-74.24565,95.19138,0.7678766,44.96746,-1.7336214,9.007446,1.6366812,7.429982,-0.8637428,4.4547734,-1.4892913,5.6012583,-7.4408245,0.40754917,0.3592899,0.4253157,0.4696727,0.52640617,0.43339333,0.49329615,0.40553084,0.39601177,0.47179654,0.42075276,0.5583238,0
1056,4.2,1.47,5.0,1.84,117.45383522727273,0.08984500975554696,2110.246554064264,-146.41772,99.34285,0.033126026,34.491116,4.9059386,10.792299,4.518726,4.8149576,0.12468484,7.372893,-1.82316,4.2628427,-3.152881,0.30823973,0.47536284,0.7058726,0.4353408,0.42342865,0.32787526,0.3897881,0.45420453,0.54701996,0.6238898,0.36332375,0.27009243,0
1057,4.7,2.28,7.1,1.58,112.34714673913044,0.09363762980521156,2508.380009063814,-117.850105,80.82337,10.874545,40.866665,14.139027,13.464787,4.4690857,6.9900923,3.6930435,4.838076,0.65536875,3.8901176,-3.0447114,0.6010568,0.70524555,0.53258795,0.3667178,0.38940415,0.36900076,0.34100568,0.31339952,0.40851137,0.32815284,0.33535916,0.4772391,0
1058,4.0,2.05,5.8,2.04,143.5546875,0.10757103005675954,2853.270449575288,-83.13683,63.530254,7.674865,38.130177,16.453476,12.042784,5.9428077,8.065942,3.8427973,4.5592513,1.8768758,5.615977,-1.516934,0.5726513,0.65668374,0.5341341,0.4423174,0.44060507,0.43559974,0.5006613,0.41600043,0.3971356,0.32195652,0.35031238,0.4628296,0
1059,4.7,2.71,7.5,1.78,99.38401442307692,0.10576050938467492,2983.373941332086,-84.83701,53.639153,10.5360565,45.81183,16.923864,11.277346,8.937892,10.265503,6.289261,7.7656574,4.280374,7.731161,0.51758045,0.645668,0.5054811,0.42075703,0.37524644,0.3639639,0.46277785,0.43773142,0.29247457,0.30666474,0.40451747,0.6168361,0.71071124,0
1060,5.2,2.09,6.1,1.87,64.599609375,0.10422763883513932,2435.4580290464537,-98.31304,88.47014,-4.1224866,23.802866,12.624595,4.799058,4.907471,13.591075,-0.25957847,7.3528824,-0.46607813,7.970918,-3.914709,0.36542964,0.36369732,0.41336465,0.45023978,0.5206336,0.34611747,0.3834546,0.5624598,0.56267184,0.6275346,0.44640955,0.3656451,0
1061,6.5,1.8,6.2,1.83,135.99917763157896,0.13558169464331785,2604.0377069649494,-78.12256,82.97731,-10.7143755,27.857468,3.1784058,13.486308,-5.1850734,7.1517854,-0.15194957,6.617997,-0.15164168,3.5236773,1.5792687,0.41005522,0.40685093,0.44771853,0.44359466,0.49063796,0.3655051,0.36647505,0.37818247,0.4071925,0.58388674,0.46368656,0.50135916,0
1062,4.1,1.64,4.3,1.55,107.666015625,0.11130922866679567,1829.4294370094299,-226.02861,125.98223,-52.005047,13.847705,-8.422019,16.176685,-20.939356,0.29916495,2.4668796,-10.501368,-1.002153,-2.2834399,-10.661578,0.28542292,0.3137803,0.39055195,0.35268787,0.3953729,0.2749064,0.38162553,0.40685034,0.27475297,0.24419872,0.29091212,0.4488763,0
1063,5.2,1.66,6.4,1.5,71.77734375,0.11795620283475232,2427.793409191162,-100.34653,82.12853,-4.073719,41.937046,-11.077161,13.557107,4.4038053,16.349815,-2.8990633,9.90691,-5.199706,2.8465674,-5.4826016,0.4607804,0.29392678,0.24389698,0.29944164,0.31707275,0.4383285,0.35243604,0.3503159,0.4777738,0.49684435,0.49091145,0.47272894,0
1064,5.2,2.25,7.1,1.52,112.34714673913044,0.17149228626483487,3160.138657528284,-86.615005,62.267117,2.3155835,29.76938,-3.7959049,3.9417903,-5.5251164,2.2665684,-11.12423,0.9588554,-8.397999,-2.3803587,-9.939152,0.30104467,0.34918386,0.4125221,0.33845356,0.50815445,0.3048912,0.39388394,0.42343363,0.46276313,0.6809403,0.43483925,0.34158543,0
1065,6.0,1.41,6.4,1.28,143.5546875,0.0563140963622291,1501.7224687661435,-112.68723,126.81675,-20.238289,40.624645,1.5861919,20.810194,24.439922,16.77812,3.2844212,2.5164146,-4.9159284,11.217194,-1.1335604,0.5027295,0.48363566,0.5177042,0.503013,0.5108108,0.6440325,0.5010112,0.4823628,0.3848642,0.32146826,0.38377467,0.37997976,0
1066,6.1,1.37,5.5,1.43,123.046875,0.07839005256707947,2155.0545239297326,-192.44604,97.666084,15.270865,20.852015,15.717048,15.105041,4.52168,6.9715223,-0.41644484,1.1188396,-0.12479974,2.7099342,-3.62816,0.43743607,0.4726536,0.70515156,0.55100906,0.39985478,0.39489666,0.39919275,0.4008987,0.360381,0.38576904,0.3711012,0.39888516,0
1067,4.0,1.34,3.4,1.69,161.4990234375,0.05832718572626419,1323.6440355491275,-229.97879,163.73448,7.575255,2.9058034,6.5477004,-13.940348,-14.41595,-11.684752,-8.281663,0.034569833,-1.7389544,-1.642646,-5.8411617,0.29988262,0.30288967,0.4085554,0.28756285,0.27101168,0.38633353,0.25647047,0.3653689,0.22964978,0.2723158,0.3356905,0.19105306,0
1068,5.9,1.45,5.3,1.62,172.265625,0.06802553978005677,2184.0245844850283,-152.32231,93.087975,37.167416,32.88121,13.4618635,11.434797,2.0165522,1.7720652,-5.511603,4.9004006,-1.3798686,5.738474,-0.72603035,0.3194595,0.34130314,0.42345777,0.33245242,0.37497196,0.33743042,0.38268024,0.39871737,0.32113692,0.42477134,0.35921675,0.32901186,0
1069,4.3,2.41,5.6,1.43,103.359375,0.19039365849135706,2626.3401252857993,-153.94693,73.98242,-56.237995,48.467136,1.4723006,6.9112225,4.7329407,9.191245,-2.9399626,2.9642887,6.0865965,7.7558894,-7.5372434,0.25955322,0.35140136,0.42856428,0.73232603,0.5792221,0.29883417,0.33379522,0.31928435,0.2606192,0.24137695,0.2565728,0.2569102,0
1070,5.2,1.33,5.8,0.98,117.45383522727273,0.09353458180147059,1574.1992315967404,-237.81996,117.01625,-43.31995,55.541836,22.06633,11.800874,5.4548655,6.6087174,3.2565398,-1.9058766,2.3078249,8.4706135,0.5178458,0.3375364,0.40561998,0.6043504,0.42620412,0.5355182,0.38908395,0.3164192,0.2986091,0.34370238,0.38222602,0.28244916,0.31859636,0
1071,6.5,1.2,5.3,1.1,123.046875,0.0651286059242776,1715.1715691871586,-244.5547,118.28506,11.34667,9.597165,1.678632,7.267674,-4.441814,1.2158388,-6.354059,-3.211445,-7.8341255,-2.2539136,-7.469615,0.48633412,0.29317605,0.33382228,0.32815227,0.2615308,0.34269866,0.31778407,0.4886224,0.26797977,0.23724526,0.2528042,0.23485301,0
1072,6.3,1.1,5.5,1.2,117.45383522727273,0.09135192934081528,2177.7638242103317,-202.61423,106.78549,26.995348,13.779521,5.7785597,7.1802554,-8.504499,3.5666857,-5.9007254,0.062397014,-7.0688024,2.923155,-4.040148,0.46408987,0.35862383,0.3579615,0.4420414,0.42591318,0.48356387,0.3766658,0.37218487,0.31513909,0.29851758,0.3751775,0.37612417,0
1073,5.2,1.25,3.8,1.66,83.35433467741936,0.04537085187693499,1400.603224777633,-248.11441,118.614746,22.790453,37.28303,20.28972,13.313283,-0.09972855,4.8082976,6.588812,2.213166,0.86268944,5.0534215,-3.5997412,0.53704923,0.3610026,0.32909203,0.36780557,0.55550414,0.33170554,0.3185392,0.42528114,0.42180565,0.45175627,0.3913068,0.4731191,1
1074,6.8,0.98,6.4,1.69,117.45383522727273,0.0971339553502322,2325.5771572456574,-185.66568,92.4113,9.276336,27.90738,11.450408,8.294352,-1.8904703,3.2177253,-6.7317967,1.7000686,-4.9627213,-1.8884587,-2.3383527,0.51315427,0.41825768,0.41747555,0.51143616,0.4249089,0.45373827,0.41621336,0.45238727,0.44764003,0.3602311,0.39581653,0.3781683,0
1075,6.4,1.74,6.6,0.92,117.45383522727273,0.10157207414215687,2470.508830104683,-172.29515,91.15127,18.951923,17.942059,10.528422,7.4988103,1.9755832,5.9369164,-2.2023811,2.4153094,-6.5589294,6.833027,-2.6576886,0.47843415,0.42589423,0.41645527,0.4301135,0.47003317,0.55715114,0.42954436,0.34688294,0.3574022,0.3916616,0.46246067,0.4348377,0
1076,6.0,1.26,5.0,1.55,123.046875,0.09184827302631579,2346.412164887037,-213.54947,82.95048,24.779074,19.979807,7.957043,13.511329,1.2697607,7.318619,-5.8636885,3.7513196,7.5504255,10.988865,-1.1384002,0.47098684,0.38677418,0.40114042,0.5339465,0.5979791,0.7226741,0.51340836,0.37330443,0.34210688,0.32176572,0.34262118,0.38419417,1
1077,6.4,1.36,4.8,1.66,103.359375,0.07001973281088751,1807.824031034291,-244.29698,113.66081,21.885082,24.178505,4.9016623,6.0269036,-2.5085094,1.3368278,-0.69324046,1.0826749,-12.155411,-4.94992,0.635421,0.5226966,0.394815,0.49020058,0.5638601,0.40775257,0.3357225,0.32266513,0.47105095,0.3469349,0.30328107,0.36666977,0.38490656,1
1078,6.8,0.87,6.0,1.48,112.34714673913044,0.07939558944465944,2343.0004903372974,-183.17662,86.687355,8.705707,26.947662,12.911322,14.253565,3.5172935,6.207771,0.31562868,1.6842902,-2.0533707,1.5768768,-1.4844579,0.598254,0.69795775,0.49373356,0.5025967,0.4864909,0.40770006,0.42794278,0.39793622,0.48619452,0.33962205,0.38872308,0.5200606,0
1079,6.9,1.14,5.6,1.85,117.45383522727273,0.1073112684629773,2142.3624663421765,-130.97878,100.18056,-22.597422,33.721947,0.21359552,6.557725,6.4814153,-1.7089387,-4.5527062,6.8327827,-3.9555316,4.499227,2.3733206,0.62829304,0.392082,0.3524507,0.4036133,0.36382416,0.34281424,0.3364565,0.40465367,0.2930287,0.3047172,0.41529337,0.41712892,0
1080,6.0,1.18,5.0,1.61,112.34714673913044,0.11724746436403509,2793.7938863741497,-183.16881,68.85966,31.327387,29.021688,11.507742,16.521688,4.4349623,11.010397,10.967785,2.7232358,-0.9058024,1.7787759,-0.85179806,0.62881446,0.5105644,0.4325746,0.42361763,0.46164414,0.55813086,0.42826292,0.4399687,0.44456103,0.30888903,0.28831777,0.42479482,1
1081,5.0,1.26,3.5,1.36,83.35433467741936,0.06298097466782766,1275.691364979268,-276.12015,140.27306,-4.1818027,57.15366,-5.729481,9.527295,-1.7675804,2.40001,1.0867908,-4.3846345,-3.2269418,-2.2747605,-4.6523786,0.3697304,0.27810812,0.32410434,0.20662823,0.23600511,0.24883433,0.27897245,0.5194105,0.37281013,0.32449254,0.33086014,0.28803346,1
1082,6.7,1.27,6.4,1.5,117.45383522727273,0.10983304711687307,2161.576367680579,-207.77322,105.1143,-7.9184785,15.380392,14.068952,9.442585,-2.8574255,-0.23132344,-2.014443,2.3043492,3.7349615,2.8802497,-5.6810436,0.36354584,0.3002062,0.31073755,0.36810297,0.536701,0.385325,0.4656595,0.44092005,0.31786448,0.35304123,0.35606396,0.52913696,0
1083,6.1,1.81,6.6,1.69,117.45383522727273,0.11615046923374613,2264.144890142054,-188.52673,100.047134,-17.289244,13.473796,9.290139,1.2639011,-3.6624258,0.77068716,-2.2935638,0.3235869,-0.05177677,2.2714028,-5.6870804,0.34828582,0.2974546,0.37262085,0.41162875,0.5666542,0.34355393,0.35806537,0.39889157,0.3002273,0.29365855,0.30206308,0.5329353,0
1084,5.1,1.22,3.4,1.28,95.703125,0.04219979521413829,1374.7552720296678,-196.82037,128.33235,47.69815,30.78366,4.812592,9.201281,-5.4638906,-4.0284824,-1.1159439,-2.870627,-5.030807,-1.176029,-6.3227725,0.26953578,0.2856551,0.40404987,0.43222263,0.36894822,0.53436697,0.3808399,0.36374417,0.3010555,0.2818193,0.4812822,0.30105093,1
1085,6.1,1.37,5.2,1.78,103.359375,0.07999170576947884,2082.1092855180473,-196.75955,90.49899,-12.237874,36.145706,3.5733821,14.513346,3.3949392,5.941508,-2.922675,1.0383171,-1.8379874,-0.7769947,-4.4614706,0.26893046,0.25986782,0.3419438,0.41770142,0.32653394,0.3308099,0.27336043,0.3416765,0.38736752,0.3832557,0.481265,0.3287937,0
1086,5.9,1.3,4.3,1.0,129.19921875,0.07101393188854489,1814.8780544400768,-237.37367,111.00912,13.92317,24.440552,0.3508462,9.994444,-0.52561337,3.571661,-6.436729,1.0597663,-6.3090854,-0.88595384,-6.8247695,0.29570588,0.22394764,0.3309422,0.3304695,0.19655056,0.19091378,0.20703651,0.3910012,0.24443313,0.38464642,0.7029966,0.37841097,1
1087,6.0,1.73,6.4,1.5,129.19921875,0.08708009828108876,2169.2969036177974,-126.96759,97.13648,-15.5310335,10.648143,14.727814,9.22534,2.9208453,5.8754387,0.110182,3.003646,0.940308,4.950256,2.7290502,0.5908223,0.483564,0.50019103,0.51852846,0.4901142,0.48114967,0.49537176,0.5771467,0.5441169,0.5553914,0.58819234,0.5263063,0
1088,7.3,0.9,6.6,1.11,129.19921875,0.18684316345781735,3139.414619069841,-81.01016,61.37825,1.3394724,14.792378,-3.43932,6.783664,-9.369467,1.0190661,-7.565437,2.3776455,-5.9891315,1.2837055,-3.047822,0.37057015,0.5024977,0.47394565,0.32701424,0.43987426,0.3085117,0.50693196,0.30216402,0.39026597,0.45760024,0.32534537,0.5826159,0
1089,6.4,1.69,6.6,1.5,129.19921875,0.18015789272123323,3227.4088579940576,-114.533806,51.58826,-0.25675052,14.193845,0.20123565,9.228088,-1.4427229,5.8493533,-0.96714324,8.661223,3.8688235,9.097805,1.8922998,0.33373106,0.23589584,0.3649968,0.29088387,0.523705,0.3360409,0.30690646,0.38494593,0.23410219,0.31182513,0.21593383,0.35142985,0
1090,5.6,1.69,6.6,1.36,151.99908088235293,0.1061243267866357,2458.310144442381,-153.2542,72.869934,5.1832905,27.719482,9.476563,9.918418,2.0159848,8.419569,-2.7711654,3.7597287,1.3089958,7.002302,2.0887403,0.5484421,0.49486354,0.5104887,0.50296694,0.47198924,0.47082382,0.42902607,0.45468736,0.38138217,0.37783682,0.38856837,0.41878417,0
1091,5.7,2.15,5.8,1.6,123.046875,0.08242353787732198,1951.7078094353162,-186.37529,114.11737,-5.581422,16.06764,7.9539304,7.7333417,-4.572191,4.427269,-2.180737,1.8818551,-5.193594,1.6284684,-2.9076686,0.42605552,0.3926646,0.48074675,0.4531711,0.4504105,0.39951652,0.42003837,0.51891863,0.46268052,0.5540072,0.40649214,0.36425608,0
1092,5.8,1.54,6.3,1.35,123.046875,0.08220761577657379,2332.641684494109,-164.17586,86.31171,7.187669,20.266556,12.954534,18.939182,7.8748307,11.964944,5.9296756,9.990125,-1.4938694,4.7182775,-2.3869853,0.50494194,0.44396976,0.45780352,0.4773302,0.51297516,0.43908295,0.415413,0.48323745,0.5530139,0.5926556,0.52793443,0.54642797,0
1093,5.8,1.47,6.0,1.61,112.34714673913044,0.10480032370678534,2670.5377821841107,-106.2358,85.96518,21.382252,10.909733,4.6873245,9.427148,1.7886032,7.846619,-3.2096047,6.980984,5.7726173,9.14735,0.8270425,0.5721039,0.42738813,0.43599015,0.39775553,0.4912023,0.33197355,0.3867784,0.4756637,0.43428478,0.565981,0.36477837,0.47022045,0
1094,6.4,1.2,6.3,1.27,117.45383522727273,0.15615677808952527,2751.1985513779955,-200.77995,66.262276,8.511132,21.413921,13.106513,15.974573,8.113649,8.770816,6.621715,10.29294,0.4043889,3.5987806,0.3092042,0.6631567,0.58738804,0.53291905,0.5140338,0.5525113,0.64884955,0.6030191,0.5671874,0.58155584,0.5250741,0.5183079,0.5672486,0
1095,6.2,1.6,6.2,1.47,112.34714673913044,0.13597423447174922,2762.5190214322142,-111.04139,72.68625,-5.144923,26.725382,-3.0120173,3.5303261,-1.8361772,0.47989127,0.025747703,3.8815289,2.0011678,4.111862,0.15540451,0.47893235,0.36045098,0.40100223,0.3524248,0.26892605,0.3265735,0.48622033,0.5589852,0.2711084,0.28628644,0.39355335,0.32836464,0
1096,3.8,1.08,3.6,1.5,135.99917763157896,0.03369745307662539,1112.062811667518,-334.28046,120.82327,49.34587,31.327066,7.497234,2.8321476,-1.6997495,-0.21162677,-6.6805673,-4.8001485,-8.24821,-3.8653395,-0.79466033,0.2916929,0.2760639,0.32753038,0.4110522,0.3487568,0.47087345,0.45960912,0.2831903,0.26155362,0.36506328,0.6409557,0.5246025,0
1097,5.5,1.69,5.4,1.91,103.359375,0.06814874387254902,1716.815256511427,-151.70013,115.46054,-6.6729164,14.165965,-9.465501,2.300531,-9.924802,-2.8462608,-10.62491,-1.8512194,-8.565425,-0.8130758,-3.3272502,0.4064064,0.25422555,0.38587597,0.21786693,0.30139044,0.33389425,0.19455563,0.34371305,0.23878625,0.30098727,0.3371732,0.27689666,0
1098,6.8,1.4,6.3,1.73,135.99917763157896,0.14283108391382868,3218.6532917566587,-110.23859,54.016483,12.24514,17.971754,7.050125,11.592273,2.2978535,5.084828,-0.1308357,7.4427533,-0.9488403,2.3870378,-4.5003114,0.40119252,0.34020165,0.4090019,0.37505352,0.5819677,0.3242597,0.42081726,0.49667594,0.47971642,0.70445806,0.4345804,0.49497372,0
1099,5.7,1.85,5.9,1.76,117.45383522727273,0.11629156185500517,2552.519040008422,-130.99016,84.98157,11.3282175,17.654276,0.7117108,13.992016,-0.8845517,12.800887,-3.747826,7.992497,1.4004447,9.408601,1.6209323,0.32444674,0.41266254,0.3010163,0.433874,0.30648565,0.28259674,0.2822068,0.28526402,0.41327935,0.3485239,0.56742954,0.42442232,0
1100,6.3,1.19,5.6,1.28,117.45383522727273,0.05880564088299794,1736.554229096507,-142.16652,119.828026,24.323078,16.78477,-8.892716,6.2140274,-3.7872632,4.3609605,-2.2058198,4.4552684,-2.0958307,3.3485792,-0.09861327,0.42931068,0.26505402,0.15513422,0.21417092,0.2338454,0.5566636,0.43603277,0.45897514,0.5205349,0.3436239,0.35844433,0.2792229,0
1101,3.7,1.42,2.4,1.43,80.74951171875,0.051476635061919504,833.1900423411591,-284.83972,225.60732,-37.13665,6.8544517,4.492284,-8.820859,-9.444772,-6.99489,-2.8401515,-2.6978853,-1.3461946,-4.3009496,-5.3558426,0.5781479,0.36971456,0.20634711,0.22636148,0.21488318,0.51716655,0.23900841,0.47319838,0.3732635,0.18013489,0.19978027,0.26093608,0
1102,2.3,0.78,4.5,2.16,129.19921875,0.18591749508191435,2622.325352355589,-416.74658,2.6829462,-69.95195,-8.827641,-20.637352,-10.24174,7.180904,3.3217623,-6.4256115,9.239067,8.233108,39.30984,28.399828,0.12614235,0.11486469,0.11438058,0.1693631,0.8151551,0.2198064,0.021339694,0.034358915,0.09087362,0.12032718,0.10911125,0.2707809,0
1103,3.6,1.56,3.5,1.91,60.09265988372093,0.03593267250257467,513.8135033445558,-421.39642,218.43228,75.735756,-9.807149,-14.546919,0.62058634,-2.8667238,-13.089422,-13.498557,-6.968284,-2.346133,-2.7442205,-5.1907225,0.4909171,0.24139754,0.40186846,0.20865111,0.29103324,0.3511709,0.20385134,0.42189187,0.19386779,0.27904227,0.18970625,0.28034586,0
1104,4.2,1.54,4.4,1.28,99.38401442307692,0.07265791287732198,1959.0371891791804,-191.39331,102.80688,13.646423,17.126406,-4.680938,2.3804436,-6.4088926,4.142377,-5.3027825,0.9677896,-10.213646,-7.9514065,-8.685679,0.42535502,0.22207487,0.21191218,0.25361148,0.4328421,0.29322633,0.20291169,0.23456107,0.29015574,0.43478394,0.31181064,0.2481004,0
1105,3.8,1.47,3.7,1.9,117.45383522727273,0.08264601070691434,1614.1348975195403,-255.34567,132.4546,-19.077513,16.793465,3.3511746,4.9411435,-2.6946862,3.6744173,-6.1160808,0.5296366,-3.06965,2.8209143,-0.42862934,0.35317048,0.36093622,0.35988173,0.37594295,0.4002731,0.3579736,0.29560277,0.31006396,0.36786506,0.447749,0.36698946,0.32872415,0
1106,3.0,1.34,3.9,1.97,161.4990234375,0.11935201198077916,1843.3791237672228,-167.89009,112.790855,-13.196734,29.061337,7.547494,7.3687844,-4.322579,-2.771279,-11.528962,-3.336443,-6.213855,0.28813028,-0.5059618,0.24925436,0.48035643,0.26757777,0.16669379,0.17847945,0.27643755,0.45222992,0.35399103,0.27016863,0.3000052,0.2105288,0.16103175,0
1107,3.0,1.26,3.2,1.33,107.666015625,0.04873767455172859,1054.0978671411049,-287.00735,157.0022,-16.513723,41.050907,8.587562,-0.23751815,-3.482114,-0.37741256,-11.117558,-5.77367,-1.840881,-3.4960597,-7.7069974,0.18277526,0.1873503,0.37248346,0.52740264,0.25800052,0.14248101,0.21673849,0.43179345,0.2730356,0.22116,0.1700163,0.07998689,0
1108,4.8,1.17,3.7,1.42,86.1328125,0.0653815648381063,1317.107571622879,-245.30771,147.41525,-30.154085,10.912362,-13.634007,-20.226177,-15.071522,-14.5027275,-26.756466,-3.5122645,-13.989521,-10.766747,-7.4071736,0.32461974,0.40978876,0.16982642,0.2279995,0.18308656,0.4676728,0.3026536,0.15155753,0.27155197,0.24023364,0.3208676,0.17603323,0
1109,4.2,2.18,2.4,1.02,151.99908088235293,0.034790165038054696,608.3181439740176,-424.86035,159.4662,35.77275,-8.616697,-6.571342,-6.2631006,-8.167763,-12.72567,-19.516737,-17.42833,-12.931303,-14.760868,-15.565578,0.052342635,0.045389082,0.054952104,0.20792456,0.7020552,0.39811477,0.10066656,0.088485934,0.13819532,0.39827102,0.1285235,0.11261321,0
1110,5.1,2.17,5.4,1.74,129.19921875,0.08067071400928792,2038.1279795306832,-131.4197,109.70754,-1.2795559,25.795574,17.4524,8.710976,4.7395,10.124819,-3.8634586,9.670557,-3.3134906,3.1122918,-3.5539231,0.3811566,0.51875114,0.42804465,0.3733456,0.39952788,0.3059109,0.262662,0.33020702,0.5889948,0.6116022,0.42818913,0.3545998,0
1111,3.2,1.4,2.9,1.58,92.28515625,0.07602629578076725,1381.9681465620633,-219.02689,150.05847,-25.448666,33.857098,4.6047735,-0.0954879,-8.685076,-4.500464,-5.698077,-5.6812983,-14.877917,3.5867128,-9.858213,0.25869876,0.55709803,0.43914467,0.19859244,0.31119245,0.20927791,0.46544766,0.42473486,0.1992781,0.263267,0.21779196,0.44518244,0
1112,3.1,1.45,2.3,1.27,80.74951171875,0.07226260781410916,1633.0964693810406,-253.36649,114.238106,3.9433312,31.595608,-7.7066464,4.2441792,-4.8287644,4.178501,-2.8356717,3.715062,-4.9190745,0.79758257,-1.2876217,0.21653366,0.32745016,0.633535,0.30498064,0.2464302,0.24801251,0.20174657,0.29469886,0.20973974,0.31284407,0.3377302,0.26844698,0
1113,3.4,1.5,3.0,1.55,129.19921875,0.045245632175567596,884.2420584839892,-294.2373,176.53238,-43.031704,6.5985904,2.1942806,-12.306731,-3.3577893,-10.411565,-5.391538,-15.547333,-9.175098,0.17836724,-12.087426,0.029939994,0.057103544,0.1969079,0.36361343,0.18845241,0.111885,0.28256318,0.2304917,0.29093018,0.26214358,0.3434697,0.13509582,0
1114,3.4,1.56,3.3,2.37,129.19921875,0.027700029367276006,667.4397875236396,-307.06665,184.71695,9.166293,23.151365,23.761831,8.435985,-0.4092678,-5.7907104,-4.002378,-1.5892782,-2.1969032,-6.4570518,-9.66442,0.22099948,0.15392317,0.18939763,0.33144596,0.5369055,0.3863622,0.4908036,0.59721303,0.24314082,0.15716004,0.13876025,0.32837203,0
1115,4.4,2.37,3.9,1.97,92.28515625,0.06990196255457114,1166.9823966141016,-279.6385,169.54985,-24.996525,1.185192,-36.440197,-17.516872,18.612593,-2.8699143,-30.93212,-4.529712,-0.6559054,0.09841412,-3.3067007,0.33950797,0.24493757,0.42853665,0.51015633,0.29740244,0.374993,0.21424825,0.22908728,0.1731924,0.19352306,0.29581484,0.24928474,0
1116,5.7,1.9,3.0,1.41,161.4990234375,0.06119129561985067,816.8124183790238,-410.71652,155.14143,-3.4223928,-30.651812,-11.316669,-18.299776,-21.590794,-14.511964,-10.607645,-10.583408,-12.781219,-13.771188,-8.682919,0.18588391,0.27064088,0.1710622,0.25760117,0.12645862,0.12138027,0.14320673,0.13372873,0.28341648,0.26037276,0.16971788,0.11715463,1
1117,4.2,1.33,3.4,1.5,129.19921875,0.043852090589525286,851.8467199074668,-220.01181,217.57913,-38.038208,27.497213,6.8706746,3.6958618,-1.0271007,1.9765239,-1.4268907,-2.3048458,-3.9096727,-2.7764513,-3.683373,0.71904486,0.39915285,0.23217967,0.3665199,0.29901963,0.3921133,0.27924174,0.5097687,0.658339,0.3921484,0.37271607,0.40394855,0
1118,4.0,1.84,1.9,0.7,184.5703125,0.03854429832324923,538.9534085266727,-395.25406,201.38171,36.207798,10.052401,12.414768,-13.433702,-7.2318788,4.7863865,-7.8200974,-10.735401,-5.6762447,-10.9900465,-10.978055,0.31880352,0.23288362,0.4286729,0.17699903,0.16505787,0.21986239,0.11553158,0.32005763,0.20116138,0.43807697,0.15649149,0.24442482,0
1119,3.4,2.01,2.1,1.04,60.09265988372093,0.051777172776132856,695.1587929766115,-395.1854,158.98224,25.95854,-24.934933,-14.574663,-11.781821,-16.892912,-13.373113,-7.2621737,-4.0536118,-4.1966753,-6.739198,-7.20928,0.20541103,0.5920023,0.1502556,0.17024681,0.16587228,0.13878663,0.28626913,0.16428307,0.40282884,0.17354739,0.0903728,0.18124916,0
1120,3.4,1.56,2.8,1.08,129.19921875,0.057583495590885686,1138.4054043621848,-256.74252,158.25706,-20.919647,16.258356,10.686784,0.050183848,5.903229,7.041763,1.7023286,2.5902016,1.5334446,3.6814747,0.045915376,0.21005026,0.28382435,0.273187,0.14897639,0.23868461,0.7360499,0.24326895,0.1421925,0.3396321,0.28270516,0.5632465,0.23968914,0
1121,3.9,1.76,2.3,1.1,69.83741554054055,0.03685162901509288,680.8021566672145,-354.94995,174.26381,42.66378,36.63754,-5.759752,-8.118967,7.355442,2.499028,-1.1549698,0.943825,-14.73642,-4.0245204,1.8459016,0.73448884,0.36662844,0.2180728,0.14443147,0.27846977,0.33820054,0.18079457,0.09937603,0.06593352,0.19734663,0.098257564,0.34057322,0
1122,6.8,1.94,5.4,1.5,151.99908088235293,0.09377091194207947,2012.8678288598462,-119.88021,110.607574,-11.9142,23.979908,4.005827,1.2657733,1.9279737,7.7556667,-11.562742,4.488936,0.9130566,-0.09464395,-2.4779558,0.53232217,0.28368866,0.27002218,0.2013658,0.36977774,0.5704092,0.3030262,0.3691174,0.26397154,0.38592273,0.33290175,0.25323024,0
1123,3.1,1.64,3.1,1.97,99.38401442307692,0.08936327923439112,1328.9813260554338,-303.28604,145.29808,-17.653017,8.803988,-8.845508,0.7419128,-0.37708429,-10.024427,-15.17984,2.9085038,-11.667757,-7.810077,-0.17534275,0.10698979,0.15996735,0.16145912,0.1639327,0.31792194,0.16042055,0.3763595,0.11563391,0.14622645,0.19677225,0.13441321,0.29776323,0
1124,5.4,1.62,5.1,1.22,99.38401442307692,0.07839704959449022,1668.9171645791512,-155.55075,120.50162,-18.396696,25.046942,-5.209487,11.406091,-4.8376517,-1.2503387,-11.07863,0.06602659,-4.418457,6.6124268,2.405607,0.6420316,0.20478149,0.30006114,0.42383212,0.18794623,0.33410928,0.16200984,0.28511217,0.18525729,0.10673491,0.175711,0.23482525,0
1125,4.9,1.14,3.0,1.41,198.76802884615384,0.04648094846491228,820.4541620234788,-271.24484,193.56647,-20.622509,23.615234,14.460119,3.17937,-4.6474705,-3.86097,-7.157536,-5.2945547,-13.932221,-9.785831,-6.470927,0.14219561,0.18736751,0.5401104,0.26192355,0.16803247,0.13565747,0.49757022,0.66292816,0.34895554,0.3002254,0.18432476,0.1955833,0
1126,3.9,1.81,3.2,1.25,151.99908088235293,0.04141244799729102,820.8995404250454,-357.9372,172.14342,-19.103977,5.155293,11.601651,1.9258786,0.030804897,-12.061924,-13.368817,-19.347084,-11.087729,-4.226042,-10.731918,0.09061743,0.10147931,0.2003972,0.3909433,0.18968527,0.11531604,0.18129304,0.28071252,0.42468438,0.2610938,0.21436636,0.15999913,0
1127,3.4,1.62,3.0,1.55,151.99908088235293,0.06470457220717234,1266.1949499397438,-278.7211,143.87312,-35.9423,20.508307,0.44750372,-2.9492714,-12.669587,-0.5895995,-2.949458,-4.1839485,-10.511912,-6.348009,-5.08438,0.15971449,0.1793867,0.3414558,0.208912,0.34992886,0.31492895,0.32526857,0.521149,0.32479692,0.51443183,0.30770066,0.17714567,0
1128,3.7,1.55,2.7,1.49,80.74951171875,0.043494243209320285,687.3644459977114,-374.30377,190.43594,38.44978,-8.578179,-6.524601,-2.9592288,-7.1192803,-8.804913,-6.3736863,-3.1775436,-2.5043168,-1.9929844,-4.4327374,0.20775612,0.10915379,0.25757426,0.33566445,0.17799878,0.3204703,0.22346011,0.33366054,0.3031371,0.17508632,0.3245669,0.18136118,0
1129,3.5,1.75,2.4,0.66,89.10290948275862,0.04063013980263158,1396.520280052593,-257.55228,116.06837,44.22758,26.360096,16.074133,17.226631,-1.466412,4.844334,-7.1112223,-3.9285645,-10.913147,-8.1938305,-12.682715,0.34035644,0.19592915,0.2892312,0.3828077,0.27828464,0.31973383,0.1925143,0.24494112,0.2567289,0.26935354,0.43712217,0.33557662,0
1130,3.8,1.17,3.1,1.58,143.5546875,0.037652077689628485,733.337581516836,-228.42624,231.95732,-36.894806,25.897966,12.167533,2.6432474,1.86173,2.4336355,1.400466,-3.0938492,-0.60826087,-3.022245,-2.5968173,0.7504015,0.4080678,0.2235613,0.287308,0.2933658,0.41158727,0.307444,0.5391132,0.68763435,0.43580282,0.37404844,0.37823465,0
1131,4.5,1.69,3.4,1.96,135.99917763157896,0.0767027359874871,1502.8179784088143,-256.96167,130.44281,-27.914837,30.024126,13.08854,-22.450583,-11.353922,-6.441363,-25.194895,13.6540165,-8.181065,-8.106209,-0.66983044,0.3833841,0.1937251,0.23878565,0.3786184,0.25965953,0.4500243,0.23189111,0.2964568,0.3582248,0.24685253,0.25182953,0.18112627,0
1132,4.6,1.62,3.4,0.66,129.19921875,0.07006634376612488,1335.4780807507043,-298.47253,144.23521,-20.975433,23.183191,-3.2858229,-23.57458,-0.20177202,6.407955,-28.353148,8.300277,-3.7211876,-8.767129,0.42677408,0.53454125,0.27223608,0.2650716,0.25818858,0.25160226,0.3718211,0.2075617,0.4110126,0.3364083,0.15572843,0.14912568,0.22361018,0
1133,5.0,2.05,2.4,1.96,107.666015625,0.041261525650102986,519.2126714657231,-360.31714,220.74736,43.327145,-10.953986,2.3285666,1.4615346,-4.8229036,-8.825912,-13.193152,-11.107779,-4.793005,-1.8614453,-3.5350142,0.3558203,0.15173721,0.2812992,0.40508515,0.33787072,0.1806359,0.15423834,0.4894287,0.26848537,0.24011204,0.09891295,0.17891425,1
1134,4.1,1.87,2.1,1.04,161.4990234375,0.01751942039151187,322.8357632160928,-478.47397,110.19756,60.53329,42.71804,32.542347,27.90819,20.036768,11.665276,5.7359123,2.688796,2.9866939,1.2359006,-3.0664852,0.1300085,0.13556796,0.18557702,0.33009323,0.56831986,0.489235,0.3457592,0.28137633,0.3574352,0.581787,0.38656592,0.18828435,0
1135,3.1,1.51,2.7,1.35,67.99958881578948,0.0274601514125387,409.71007390591825,-408.67963,214.85812,64.70589,-10.200193,-0.6888725,14.252566,4.8995714,-4.485348,-3.8202832,-2.995645,-4.489024,-4.7726965,-4.247788,0.17649713,0.35871267,0.20036472,0.17436114,0.2464336,0.19055232,0.37994632,0.21247053,0.36309195,0.58012944,0.3517613,0.24885842,0
1136,4.5,1.36,3.4,1.91,95.703125,0.03633286168085655,473.3274621408719,-360.94107,233.51907,40.391144,-3.3608081,10.9308195,-4.2423882,-12.942892,-10.051654,-10.218216,-6.5451336,-2.3007596,-2.2790015,-3.5125895,0.34106043,0.21909614,0.4023834,0.33737087,0.12498745,0.20263097,0.110734,0.2575765,0.25455695,0.12281125,0.21526821,0.15198311,0
1137,4.3,1.42,4.2,1.33,103.359375,0.11888363486842106,1889.052157913353,-233.17719,97.29389,-74.892525,9.1138315,-27.737593,-7.6326113,-12.071183,-12.561224,-13.909707,-7.730273,-5.3718586,-1.9009963,-1.455839,0.2024275,0.28607556,0.3839254,0.28596777,0.3635032,0.16060825,0.23718,0.21619783,0.19783314,0.254006,0.18402725,0.36926755,0
1138,4.4,1.56,3.7,1.79,99.38401442307692,0.05854235197368421,834.1506918203735,-328.14783,226.53357,-21.741598,-28.466951,17.945845,4.324803,-5.8371534,-4.978191,-10.724125,-7.950104,-7.081397,-10.9700165,-8.717951,0.33129573,0.17407802,0.08966813,0.17091869,0.14084946,0.38072342,0.22352116,0.25929257,0.32000938,0.2296985,0.40415326,0.18477106,0
1139,5.1,1.92,2.5,1.02,80.74951171875,0.04675330451957523,668.0138908109648,-383.4792,175.3439,24.21061,-9.64457,2.372158,-6.3440785,-12.580066,-10.055014,-6.7604265,-4.018211,-3.1509395,-2.2034018,-1.3370128,0.15775953,0.248983,0.31524786,0.117497884,0.1766371,0.10724796,0.22521433,0.2109599,0.08299824,0.17048675,0.09991352,0.25928032,1
1140,5.9,1.45,5.4,1.43,99.38401442307692,0.06334857133642931,1482.9545285676447,-133.06067,131.11418,-10.875335,23.63088,-2.9412744,15.433245,-2.028669,3.1142824,-5.8904576,5.466283,0.56635,-0.18787163,-7.7951355,0.32349405,0.20058376,0.3353276,0.30519024,0.46144503,0.38321114,0.2163618,0.39483255,0.3249477,0.29333648,0.3388412,0.2502131,0
1141,4.5,1.36,3.6,1.28,99.38401442307692,0.05574720636609907,1585.8318354206162,-219.10483,120.58241,27.98466,27.483997,5.9521937,13.282475,1.650818,6.7475224,-3.695635,-0.6941549,-7.8657465,-1.7952092,-2.878118,0.23680171,0.39629465,0.27739683,0.28455245,0.28644332,0.3202302,0.38576612,0.39847225,0.51262087,0.6029154,0.38767478,0.32638407,0
1142,3.2,1.66,2.1,1.3,57.421875,0.04542121926493306,579.9736049225526,-444.25186,145.269,50.101974,-1.9538269,-12.289849,-16.265182,-19.371376,-17.481247,-13.855002,-8.8637085,-2.565148,1.2920147,3.7734988,0.30243373,0.06867008,0.1046444,0.07315634,0.24201638,0.12423026,0.037390605,0.070740886,0.10700244,0.3993698,0.14629254,0.35537362,0
1143,3.8,1.4,5.1,1.76,103.359375,0.09886485947174922,1979.3370860831478,-157.08853,118.78109,-21.766146,19.510145,-2.4920137,1.0079653,-0.16535513,-1.1199402,-6.6999006,-0.1728503,-5.6423287,0.59000736,-5.4377184,0.33319086,0.43173596,0.5919858,0.6414802,0.5981049,0.4763673,0.35770512,0.36564687,0.35173246,0.31851414,0.3506808,0.30155522,0
1144,3.7,1.49,4.6,1.62,117.45383522727273,0.057069652457757296,1057.1717780792692,-194.08737,173.89923,-20.804977,39.97057,3.9156451,4.8199515,-6.675796,1.8791798,-10.609803,1.4780043,-6.407812,0.21330225,-2.4085999,0.25455898,0.40615734,0.26354077,0.37202734,0.2919918,0.25046378,0.32371527,0.29962203,0.46152207,0.33250663,0.30374524,0.28432244,0
1145,4.7,1.95,2.4,1.2,112.34714673913044,0.0772648389125387,1400.396626800734,-290.67712,138.45901,-22.924425,16.146297,-19.733267,-24.424976,3.7726514,-0.14232793,-31.97701,6.1901646,-7.4401994,-9.9500675,-2.6121078,0.6521871,0.19572788,0.17964683,0.3107528,0.23186417,0.33758882,0.20148367,0.34296277,0.27704296,0.19330747,0.18060976,0.26213336,0
1146,2.6,1.2,3.4,1.62,112.34714673913044,0.05029246588568486,930.0465694605818,-298.4357,178.10153,4.25807,27.379356,-3.9370413,-0.08762172,-2.379027,-7.9935513,0.14979556,-4.248361,-4.9287624,-1.763426,-6.8059855,0.13344868,0.22092403,0.48387113,0.39736977,0.23032196,0.18236047,0.36619756,0.5211151,0.37556374,0.29603282,0.16543625,0.13829833,0
1147,4.6,1.5,3.6,1.2,129.19921875,0.049697325968717815,713.3700853704123,-315.36185,195.54193,2.8827481,-8.783219,7.596392,-1.652691,-7.020615,-6.3067884,-2.5107844,-3.8146603,-6.775596,-4.997982,-1.2406796,0.34315783,0.12258354,0.14297128,0.21327078,0.37811247,0.15792035,0.32921615,0.3679974,0.18396577,0.28411877,0.21967784,0.6068919,0
1148,3.4,1.85,3.0,1.41,172.265625,0.05717123403637771,777.7896263464213,-347.16223,190.58344,-8.073409,-20.915838,-8.993497,-22.765741,-23.796085,-22.152239,-17.776953,-11.203655,-2.932236,-0.55560035,-4.6338396,0.33865047,0.10704901,0.2709706,0.5381918,0.12726744,0.17404278,0.14454156,0.45399505,0.13925955,0.0567516,0.1402468,0.11193679,0
1149,4.0,1.73,2.6,1.36,83.35433467741936,0.03804310581140351,600.9893342215711,-328.64627,200.08032,4.5156894,4.811229,13.086024,-6.491514,-2.6163383,1.9871668,-11.634069,-18.753979,-9.07773,-4.8631773,-6.517455,0.19020453,0.23749615,0.43823716,0.24448314,0.35085607,0.49456346,0.20953508,0.18474062,0.1801598,0.44400004,0.40554008,0.209158,0
1150,4.1,1.7,2.3,0.64,117.45383522727273,0.0418833173757724,557.1895681815607,-382.68204,186.87775,37.458023,-5.1186194,-0.27446586,-1.5869145,0.98034936,-2.5475595,-13.836011,-13.28179,-4.1445856,-2.351799,-5.482456,0.14874963,0.12330235,0.3543836,0.1472036,0.12607946,0.069561675,0.18986467,0.70717967,0.30799928,0.24672103,0.13324071,0.19173484,0
1151,5.0,1.73,5.6,1.2,117.45383522727273,0.109437483875129,1966.3379041393453,-115.077545,110.41557,-48.188194,52.457245,-2.0640788,11.312911,-4.231898,3.8664737,-4.7175264,-5.876581,-7.1862626,3.5092356,-3.49332,0.3144456,0.33259755,0.8405498,0.3839059,0.33096227,0.27589184,0.19912441,0.34282604,0.36179402,0.6179999,0.3340561,0.22740272,0
1152,6.1,1.58,5.6,1.28,86.1328125,0.07080330076109391,1629.1008913984856,-177.28783,128.45923,-3.770132,27.0375,0.66203755,4.189741,1.1685737,5.460648,-5.7854133,2.0027726,-5.727221,1.6197027,-0.33814564,0.23934135,0.34465024,0.44839376,0.2928787,0.29642594,0.22053836,0.30494037,0.36303702,0.34294096,0.5376687,0.33981544,0.30971837,0
1153,3.9,1.81,2.5,0.67,198.76802884615384,0.046020381836945304,669.820728449338,-318.39026,200.81192,-4.480725,-20.548697,8.363238,-11.207811,-17.166553,-8.333809,-9.280248,-12.875668,-13.823451,-14.719143,-14.512651,0.22602677,0.11495973,0.30022305,0.5110619,0.17303918,0.14059943,0.19739605,0.5366889,0.31883445,0.13650689,0.2550361,0.24301335,0
1154,3.9,1.7,4.4,1.56,161.4990234375,0.052435812935371515,1346.150693400773,-229.57649,136.8603,3.2400372,32.5895,9.238816,5.7696815,0.15919027,5.0866075,-9.132842,-4.829879,-4.03278,-1.3588871,-1.4375592,0.28879938,0.229767,0.34497294,0.27146852,0.23205313,0.23218066,0.21201934,0.27987996,0.22867443,0.4249865,0.48105723,0.25325292,0
1155,4.2,1.66,4.3,1.0,123.046875,0.03864109970391349,856.1952483048055,-322.6778,157.6709,21.331139,14.199148,11.265287,0.88206804,-2.2879965,-3.9222333,-5.2716827,-6.1872134,-5.3850017,-5.471596,-7.455612,0.21096714,0.32658637,0.38478848,0.35020784,0.26266938,0.22889228,0.20210767,0.24153972,0.23414715,0.26469648,0.25112572,0.16549718,0
1156,7.0,1.34,5.6,2.2,172.265625,0.0865336163248194,2180.210093291365,-158.1504,89.13445,1.6152864,22.062874,2.1883671,10.61896,-6.0074673,-0.8804825,4.962167,5.8339677,-3.367622,6.7412853,-0.16721581,0.34941503,0.45239666,0.42869973,0.32595944,0.38361624,0.2828616,0.40382788,0.36530703,0.37469086,0.4196226,0.3937533,0.3774307,0
1157,6.9,0.94,6.1,1.37,172.265625,0.07904840081591848,2134.7662202330353,-143.0238,90.547226,5.1423864,24.669199,6.7137313,13.127125,-0.7757927,0.9052958,3.5758152,6.428947,-1.3813033,7.8574066,2.073554,0.36227283,0.4557926,0.45919746,0.31430283,0.39759904,0.2981878,0.44367248,0.3445406,0.3520864,0.4822838,0.3649126,0.360693,0
1158,6.2,1.33,6.2,1.78,172.265625,0.09183189620420537,2255.88738194988,-147.315,85.399864,0.11749098,20.162994,0.90063614,9.813572,-7.3115296,-2.3766363,3.8729284,4.2989707,-5.24831,5.410598,-0.3371233,0.32693052,0.43074957,0.42583236,0.30891994,0.33869588,0.26085857,0.37676904,0.34863126,0.34761798,0.38030946,0.36465296,0.36371773,0
1159,5.8,1.94,6.0,1.67,172.265625,0.09432117316498968,2288.246746741638,-148.19983,83.85994,-0.46935838,19.498686,0.19071616,9.263914,-7.567428,-2.4720376,3.6199532,3.6597347,-6.1458297,4.693673,-0.67910236,0.32019833,0.42354843,0.41879487,0.29956704,0.3181553,0.25398284,0.381619,0.3513688,0.34377584,0.37575525,0.35731503,0.35520887,0
1160,6.4,0.66,5.4,1.5,172.265625,0.08616601965621776,2173.7934362712385,-140.92467,89.39054,1.7334294,22.14566,2.275104,10.740839,-5.801688,-0.7121975,5.020247,5.9127293,-3.2950513,6.752568,-0.20002645,0.3506904,0.44850785,0.4232889,0.32558316,0.38371235,0.28542766,0.40724725,0.3719929,0.37644193,0.41731733,0.39354125,0.3809774,0
1161,4.1,1.87,2.5,1.5,129.19921875,0.11014915961315654,1584.8268431290264,-420.24188,104.82164,-18.369747,-10.911727,-13.856226,-13.626853,-9.156562,-1.6103989,-7.8387423,-14.0897045,-7.053331,7.728113,4.2970266,0.15361783,0.5230882,0.19276655,0.1079509,0.3250458,0.12195754,0.09407414,0.033361807,0.09538543,0.22442475,0.109556496,0.29443344,0
1162,3.6,1.11,3.8,1.72,123.046875,0.0443923588761586,926.7986902720094,-300.57376,172.83951,30.898731,2.3246727,17.461107,-0.4722009,-1.2422833,6.155087,-9.35984,14.614188,0.8216194,-5.407297,-10.139281,0.4216481,0.21222273,0.23784532,0.22623792,0.30244526,0.33258826,0.65110874,0.25338578,0.2106694,0.2439059,0.3531578,0.74243885,0
1163,6.2,1.89,5.3,1.49,99.38401442307692,0.0911411399330587,2370.795052838862,-183.05374,87.49061,21.746523,23.033953,6.827577,20.110672,6.2083855,8.732201,-7.2887683,3.6338003,-4.2483444,2.133686,-3.2687254,0.2872037,0.18877323,0.19392565,0.35113257,0.5602215,0.41708687,0.42116478,0.33197016,0.32849976,0.3312756,0.3579854,0.56606483,0
1164,3.6,1.56,3.1,1.22,112.34714673913044,0.03604866082946336,480.21964088481786,-348.40067,220.19948,37.561058,-0.058183495,10.038624,-4.285903,-7.3519735,-7.1952987,-13.126418,-9.366103,-2.9975398,-4.2698355,-6.202343,0.18645366,0.15635277,0.06587061,0.08453337,0.25445592,0.4631723,0.16665798,0.28285044,0.51687986,0.1410251,0.16110194,0.13413046,0
1165,3.5,1.43,2.8,1.17,143.5546875,0.07547440219490216,1844.5926679845886,-221.39182,116.424934,13.57734,23.033834,11.513291,4.5055776,-4.314951,2.2332118,-2.5622625,7.6108646,-1.065797,7.348386,-3.2446668,0.18043229,0.14780846,0.19823694,0.14619479,0.2541942,0.71103495,0.41925177,0.7428326,0.26736832,0.11065002,0.15153687,0.13444287,0
1166,4.6,1.85,3.3,1.9,99.38401442307692,0.03327669472394221,740.3643596230862,-296.49588,167.89006,18.887339,28.31597,19.916239,6.2519126,8.285452,3.4990416,-5.8765783,-8.16048,-9.27844,-7.5952673,1.3040813,0.44757634,0.57001525,0.26320297,0.17568447,0.18454815,0.37106496,0.12941523,0.13532571,0.33118623,0.14284955,0.104005195,0.16351043,0
1167,3.6,1.8,2.8,1.25,89.10290948275862,0.039404950598609684,528.6087740322932,-443.89218,140.72514,60.725315,9.16125,-5.0448627,-7.9802995,-10.908227,-11.162493,-8.285274,-4.4840794,-1.7003897,-1.2357506,-1.5248944,0.33972338,0.14501023,0.27994493,0.3988363,0.11548421,0.051782068,0.07966281,0.28568178,0.21305138,0.104149364,0.2608418,0.15980916,0
1168,4.4,2.54,3.3,1.68,99.38401442307692,0.07147084794992276,1185.80796003221,-339.09622,159.96475,7.4420843,17.412395,-0.06592658,-2.9711297,-7.6633515,-4.675516,-9.859211,-4.909442,-6.20807,0.773961,0.92878383,0.38326514,0.22009827,0.2552299,0.19077253,0.22439405,0.4350786,0.16428217,0.08877101,0.10069059,0.2976172,0.27058035,0.17286758,0
1169,3.9,1.7,2.8,1.25,129.19921875,0.01649901839847781,551.4601291642444,-298.44626,178.4021,15.475532,47.214767,17.769032,19.17807,12.543676,6.1798644,4.007478,2.3311353,-1.0734886,-1.3743628,1.85595,0.36030826,0.35508966,0.5229843,0.62559676,0.43586406,0.3174312,0.29034615,0.34136832,0.29093853,0.37808973,0.42231116,0.3310345,0
1170,3.1,1.7,2.1,0.94,80.74951171875,0.053747974313080496,652.1545315031334,-368.35153,166.98697,30.751137,-17.332378,-6.71225,-6.6917443,-12.739594,-9.216037,-5.439316,-6.916,-8.319201,-7.4855785,-8.285224,0.131836,0.091160044,0.24154253,0.12075907,0.26032546,0.32828122,0.12459622,0.19690886,0.13875979,0.50958914,0.2421354,0.095213115,0
1171,3.6,1.56,1.9,1.04,60.09265988372093,0.018336497839267284,249.20618780055312,-507.51157,113.24768,81.95196,52.76703,33.61314,22.18559,14.291028,7.507211,1.5566698,-3.12181,-6.6262307,-8.631676,-8.912926,0.19756158,0.23249315,0.3176534,0.2823116,0.25812134,0.28221112,0.44015354,0.26769018,0.1544904,0.21281245,0.23457253,0.37219602,0
1172,3.9,2.02,2.5,1.5,129.19921875,0.02705234012937693,631.8453227629258,-344.54855,141.5742,47.231216,18.141884,19.241964,12.933535,2.4612663,-1.2250078,-5.234095,-3.6686697,-0.92787415,-3.5232708,-4.62554,0.16781723,0.20478773,0.13249369,0.109220624,0.15109183,0.17396542,0.31457373,0.41300237,0.3988326,0.3782392,0.21649261,0.21943076,0
1173,4.3,1.49,4.0,2.05,129.19921875,0.05895958378926364,1416.7949742727515,-275.60696,119.234695,-7.395873,26.650627,8.709413,0.151071,-0.6192515,-1.7227578,1.2362083,6.7511153,-1.1329151,4.1416903,7.0314517,0.4362233,0.28704393,0.3371517,0.24641421,0.33726662,0.35058767,0.28300357,0.29779702,0.28752717,0.41661197,0.32806063,0.39188007,0
1174,3.6,2.15,3.3,1.79,99.38401442307692,0.03800775196926653,676.7992124335719,-355.3413,150.7881,20.510843,0.065122746,-3.4303713,-16.254663,-19.463598,-14.460066,-23.93674,-32.15861,-35.085854,-21.904455,-8.744593,0.4720125,0.2892577,0.34963435,0.56003225,0.16572893,0.11133416,0.19269311,0.13173872,0.09125815,0.22602479,0.16154566,0.2412681,0
1175,3.7,1.27,3.4,1.02,60.09265988372093,0.05598807162667699,927.3735062287345,-296.77896,192.30904,-2.582506,-8.203118,6.27859,4.9034147,5.8251414,-2.0974183,-5.7762136,12.947849,13.797016,-3.1687994,-15.203016,0.4473824,0.23272024,0.3226767,0.2840504,0.23484121,0.39808288,0.30465934,0.6929964,0.34430546,0.21373175,0.17290327,0.24562243,0
1176,4.9,1.81,2.7,1.62,135.99917763157896,0.060516892817982455,1200.674681616554,-270.69717,160.43327,-3.7524576,7.98702,-9.525963,-22.663095,6.3809843,-4.1977587,-20.999123,-4.241,-6.4408116,-4.081152,-9.341057,0.31722078,0.29661965,0.46467087,0.3024691,0.228695,0.33293557,0.20892577,0.25564453,0.2501897,0.31685206,0.2944568,0.19619884,0
1177,5.2,2.14,3.3,1.9,151.99908088235293,0.05218864889705882,1373.242497313665,-222.40034,122.61607,8.762117,35.996437,18.69363,12.474584,5.9164686,12.124176,0.01831357,-1.8701124,-5.6840825,-2.3446467,-9.920214,0.16563942,0.17130958,0.17609084,0.27163026,0.6123321,0.43845558,0.42407554,0.28469515,0.49003828,0.36552277,0.15629031,0.20880358,1
1178,4.9,2.12,4.5,1.96,151.99908088235293,0.10721746065589598,1582.541752270448,-322.59448,115.9077,0.056211367,34.79428,1.0616592,-1.6306084,2.1880646,5.668782,-2.9909754,3.6790068,2.6618748,5.8090053,0.89120495,0.14833796,0.2563594,0.35480517,0.14646573,0.2159838,0.19473115,0.2791187,0.2539675,0.11777003,0.19405875,0.1407581,0.32015666,0
1179,3.4,1.02,4.1,1.37,69.83741554054055,0.056265721749226005,1155.4308332288138,-203.63144,174.97318,-32.520657,12.573578,2.5353043,-0.06709811,-6.733915,0.7781952,-6.064163,0.8043144,-4.259552,1.6796334,-1.8616383,0.50423014,0.25820965,0.28658614,0.2212396,0.17270166,0.3714966,0.21537703,0.49529818,0.31160933,0.18879823,0.3176133,0.2761901,0
1180,3.3,1.62,2.6,1.02,129.19921875,0.05872325287022704,835.6745853310397,-299.1971,204.5423,-39.86663,-4.8841176,20.53245,-7.166993,-5.2557273,-2.0837045,-2.3235178,-6.2348065,-10.583082,-6.5171275,-2.5065587,0.36197904,0.28191736,0.38007808,0.161787,0.30718526,0.22942594,0.19091904,0.23570327,0.14945196,0.3417079,0.16380003,0.3295739,0
1181,3.7,1.42,4.4,1.91,112.34714673913044,0.07667577721878224,1686.349419107057,-127.28261,126.5359,-9.199739,21.67891,-1.1485963,6.8609934,-4.3886786,5.2452955,-2.578443,1.4867479,1.0804489,7.592065,-0.2925786,0.26392055,0.33643913,0.544085,0.72880095,0.50590855,0.36220157,0.38771486,0.26573235,0.26267526,0.37312967,0.5789365,0.34746486,0
1182,2.7,1.35,2.2,1.17,123.046875,0.03675664344685243,680.7291500426377,-309.12503,195.7105,-0.65368664,-5.9512444,21.37766,18.78029,16.138403,11.984416,-4.7920666,-9.293587,-6.9707093,-10.064281,-7.3150253,0.24064064,0.24606073,0.17883974,0.25981352,0.36568028,0.4000501,0.34076998,0.33702344,0.3509906,0.39228782,0.27956864,0.3047082,0
1183,3.7,2.1,3.2,1.89,117.45383522727273,0.04814473239572606,741.7883700934697,-319.4823,205.10759,-3.401513,3.7522929,-13.363416,-17.951946,-8.980999,-5.17192,-16.726398,-13.892812,-7.1478386,-6.9816933,-10.185403,0.45313254,0.2793827,0.20650274,0.24975076,0.14156084,0.19860505,0.2346237,0.40902254,0.27081025,0.24433881,0.27735853,0.249527,0
1184,4.2,1.6,2.3,1.27,39.75360576923077,0.040771484375,498.3710571033975,-438.48196,156.23413,65.74617,6.4496627,-11.465201,-14.596005,-15.163279,-13.782443,-11.022005,-6.9561486,-3.8482926,-4.3141475,-5.016372,0.08955366,0.10111432,0.03181464,0.06655158,0.05469859,0.16809948,0.10417228,0.092829086,0.33436218,0.17745242,0.47189504,0.12697159,0
1185,6.2,1.6,4.8,1.47,184.5703125,0.08057923589644513,1238.2513023149006,-231.02019,155.60165,-19.35227,27.551247,4.523972,14.354653,-6.272377,3.7877052,-6.9034133,0.2213831,-9.815909,-5.5578914,-6.3714933,0.24148878,0.36372337,0.21138516,0.32312027,0.16017526,0.26902857,0.38316,0.20474935,0.315413,0.17362484,0.37067094,0.2828434,1
1186,3.7,1.55,1.9,0.83,112.34714673913044,0.029277263291709578,518.668285837289,-427.2626,142.04192,62.160973,27.171389,7.2679744,-0.62867445,-7.1339107,-12.63937,-14.928169,-10.302474,-6.407809,-3.9199529,-3.3588686,0.28302854,0.35474426,0.5160687,0.14363381,0.06142406,0.12605669,0.28760016,0.33784744,0.19408871,0.50490737,0.15155311,0.19263558,0
1187,4.4,1.96,4.1,1.81,135.99917763157896,0.08048293077368691,1412.867649031672,-283.41046,144.93773,-17.445852,-2.2284663,4.938475,4.792769,-7.7315035,-9.3926935,-9.492254,-7.378774,-7.1053944,-6.6393175,-2.5196776,0.69412035,0.3790691,0.44183335,0.24946447,0.20197733,0.21893053,0.28554952,0.27192143,0.16962586,0.1814306,0.21139778,0.35650387,0
1188,4.7,1.85,3.3,1.42,103.359375,0.06884866405443757,1150.7805056468765,-316.22488,142.09668,-45.112938,7.7934766,-26.853802,-16.612978,-11.5851555,-16.082666,-15.866223,-3.2675345,-0.88112444,0.6258065,5.239637,0.21438824,0.11781039,0.4398135,0.36652115,0.059091274,0.02037722,0.06807588,0.24750952,0.0535971,0.11204444,0.32257342,0.10568709,0
1189,4.8,1.78,3.2,1.4,103.359375,0.056462747516769864,990.7583915651937,-306.37494,152.83304,-33.238968,20.567966,-7.665545,-15.860108,-12.742603,-18.950333,-14.527753,-7.6241455,-5.421688,-8.672806,-9.5633745,0.13276698,0.117073916,0.4090161,0.26578426,0.09862984,0.11832724,0.23201014,0.32692194,0.13337782,0.27410403,0.3339763,0.101506725,0
1190,3.5,1.75,2.2,0.87,161.4990234375,0.05800187870108136,816.5491465144806,-329.87854,188.52472,-18.727545,-16.963106,8.382009,-13.028867,-13.822741,-7.3017063,-10.0533495,-12.786439,-14.774779,-9.816419,-0.5841034,0.18963332,0.20173433,0.348115,0.2984102,0.11334265,0.105137065,0.20845044,0.3726427,0.13514788,0.25531858,0.32941973,0.1273092,0
1191,4.4,1.85,2.6,1.2,103.359375,0.04418239849393705,672.7669571130316,-343.76868,177.3861,1.3097124,19.469294,11.923475,1.1460296,-0.002535384,-5.15443,1.439755,-1.3713832,-5.5377555,-7.147383,-4.993375,0.29225814,0.15765059,0.162281,0.15455997,0.44577172,0.22251214,0.13504937,0.45199287,0.21579339,0.36843166,0.16245483,0.16172652,0
1192,3.7,1.95,2.9,1.22,103.359375,0.0230343782249742,515.8901384256228,-308.2464,198.54782,37.31414,16.597692,21.268822,11.9069,1.6448041,3.3128276,3.8748775,-4.8025103,-6.776597,-0.31580466,-3.6567526,0.17537443,0.15976879,0.22737673,0.047068223,0.04837321,0.1881385,0.22022568,0.35089612,0.25429264,0.39178982,0.7685516,0.3877845,0
1193,4.4,1.43,3.9,1.45,143.5546875,0.04809141995614035,1330.4209950862075,-267.28467,124.52007,23.016754,19.328674,-7.426838,22.04151,-11.69166,1.3888426,-10.874881,-5.005319,-1.7753105,-2.2870657,-6.3308673,0.34692746,0.3935009,0.53977144,0.30458486,0.11502969,0.083807476,0.14331725,0.3198903,0.256194,0.3082096,0.3276946,0.30012396,0
1194,3.4,1.43,2.5,1.2,123.046875,0.023505022897316822,604.1452201629362,-345.1913,161.56409,45.91973,28.399248,20.236183,9.20354,8.714217,4.1496234,-0.98475385,-1.1473182,-0.060359173,-0.2547659,-3.1189048,0.1808749,0.23785707,0.18116103,0.31153098,0.24416208,0.2912699,0.35962585,0.327762,0.4189511,0.31548893,0.32129255,0.22928861,0
1195,4.2,2.23,4.0,1.48,184.5703125,0.08021065128353973,1985.3432222364286,-264.0782,97.81312,5.4069705,13.121078,-18.204844,-2.890492,-22.136707,-6.066855,-12.360919,-12.308488,-13.074832,-1.9291478,-6.392319,0.29853097,0.2959898,0.3149529,0.29926628,0.36911628,0.3233066,0.23999295,0.24624161,0.24535769,0.31528798,0.26823932,0.30243778,0
1196,3.8,1.6,2.7,1.55,123.046875,0.029741820659184726,826.3989699524535,-379.25058,144.7398,21.671463,24.251682,10.2081785,-0.8406028,-9.519449,-1.7565018,-7.1346097,-5.1377134,-4.4227486,-4.661418,-1.7608117,0.14947233,0.13608375,0.13257325,0.112737805,0.2458106,0.6407805,0.48043728,0.24224597,0.34475344,0.20818686,0.10830413,0.1199032,0
1197,3.9,1.64,2.8,1.54,103.359375,0.14486836058436534,2193.2652744514476,-359.4028,29.008984,-61.919785,-14.149091,-18.751883,-2.0146143,0.3413023,-1.6586,-9.738582,-9.622091,3.3146613,19.74731,18.327332,0.30449423,0.0739018,0.1566196,0.09785057,0.40171367,0.2289277,0.06300378,0.095478,0.038825553,0.074846566,0.060839847,0.39385906,0
1198,3.5,2.06,1.8,0.98,86.1328125,0.03938961323699794,673.0189230151614,-355.0596,183.31946,39.869736,-3.661812,4.9565387,4.1913424,1.9807004,1.6819323,-1.0256628,-2.002387,-1.4175949,-0.28360367,-1.2931745,0.09418374,0.14828902,0.45492095,0.56669563,0.1347511,0.098710164,0.22920412,0.153708,0.23252018,0.19488026,0.36468655,0.18540981,0
1199,4.5,1.96,3.5,1.36,143.5546875,0.046649503757094944,1205.4511053111405,-207.98769,148.5635,-7.6356983,36.66583,8.948884,12.300779,-2.6407526,0.8386097,-4.6347213,6.1548543,3.1202135,6.2869544,8.895856,0.3995757,0.34045914,0.33937785,0.38890815,0.62806636,0.38198262,0.31143463,0.2930655,0.2648483,0.3417776,0.3007566,0.36134288,0
1200,3.2,1.08,3.6,1.43,71.77734375,0.05574355014534884,807.0670550293142,-332.24646,168.65933,5.0737495,25.266962,19.926495,8.351581,-2.7597327,4.5978255,3.9518175,6.6907244,2.0730524,1.1024876,-4.194204,0.17120488,0.23589356,0.23609568,0.28867042,0.29454157,0.17815536,0.29410133,0.26132977,0.47438687,0.4513679,0.31441966,0.2527296,0
1201,6.0,1.61,5.5,1.12,161.4990234375,0.11834647510319918,2575.8732422244025,-116.84025,79.55989,4.387766,29.51404,-6.5749307,7.400856,-5.403012,-3.899684,-6.696663,8.230401,-2.3339527,0.9431255,-3.4927237,0.38938996,0.4180119,0.29565507,0.3682012,0.427955,0.47919115,0.3194774,0.31937656,0.45583546,0.3507924,0.2700874,0.2803533,0
1202,4.1,1.97,2.7,1.35,129.19921875,0.06422687290376677,1056.45254220556,-296.01666,154.31088,-54.891182,-16.501263,10.864598,-36.597103,-23.445599,-11.94263,-36.10598,-24.413223,-15.531484,-26.55073,-17.01059,0.18404035,0.16055648,0.30656254,0.20921265,0.41783887,0.22241546,0.2437443,0.416891,0.24636428,0.2985098,0.14131576,0.29034898,0
1203,4.0,1.41,3.4,1.28,56.17357336956522,0.09466295016413491,1293.010305129053,-238.09854,214.65323,-111.44815,-17.565554,12.336601,-70.32514,-19.101868,-7.544439,-46.281143,-3.4909596,-1.9283524,-33.018658,-4.7532473,0.30317912,0.23909926,0.48450813,0.18270752,0.24528289,0.22031096,0.31683153,0.7358156,0.27597347,0.26382974,0.12556049,0.31775457,0
1204,6.6,0.92,5.5,1.28,99.38401442307692,0.11925375104811661,2462.1624743080947,-99.88499,87.91023,-6.3492346,31.619041,1.8062527,6.6171393,-1.0093688,8.981233,-2.389217,8.08254,0.25820804,1.481168,-2.3670676,0.34279495,0.4614848,0.40998715,0.29213494,0.39235452,0.29603195,0.37942097,0.33971465,0.47731465,0.6362959,0.4531965,0.5289303,0
1205,6.0,1.67,5.7,1.62,95.703125,0.09843477892801858,2008.1694626785988,-115.35238,109.225136,-19.219027,32.63043,4.618261,7.9069285,-4.506116,6.0195413,-5.849584,-0.38196984,-4.3685074,0.8439317,-2.5552943,0.31191397,0.3283582,0.34736097,0.40348575,0.56072456,0.39999986,0.40700203,0.39135107,0.3948806,0.32003838,0.29675686,0.4872502,0
1206,5.1,1.7,5.8,1.6,135.99917763157896,0.13622568167892157,2795.5377835679515,-105.15075,72.680176,-2.2703295,19.472206,-3.2984102,6.012277,-7.9940186,12.15001,0.7599353,6.1325455,0.9649647,3.761764,-6.6739993,0.2837685,0.2330297,0.41957778,0.35130647,0.5269261,0.35295957,0.28844398,0.4396094,0.28540078,0.31580308,0.23463418,0.3542147,0
1207,4.7,1.68,3.4,1.74,117.45383522727273,0.10926086614744582,2433.4763281401197,-244.43457,70.46072,-16.89481,12.509088,-17.031338,-10.771802,-10.77667,-8.076448,-34.609608,2.8661182,-9.725143,-2.5494184,-2.5671968,0.26475707,0.23572987,0.2667959,0.48326695,0.42250738,0.27134117,0.33706847,0.23954186,0.1655448,0.15171425,0.2148486,0.3098681,0
1208,6.2,1.08,4.6,1.11,89.10290948275862,0.050909493114680085,1523.5466733646952,-156.35818,126.72257,9.338939,29.332281,9.91199,12.369338,1.7848712,1.500479,-5.411576,2.343165,-5.4766955,1.9868356,-3.9343047,0.4475605,0.35835847,0.32107756,0.52080494,0.29052544,0.28198043,0.24625073,0.3866279,0.64535683,0.38390034,0.27076766,0.23525259,1
1209,4.4,1.62,2.7,0.78,129.19921875,0.08543813290118679,1211.7489959469326,-264.60797,187.65005,-92.52047,-21.287584,5.8082886,-60.65284,-17.870338,-7.356236,-43.96993,-14.312436,-12.818928,-37.51049,-11.652295,0.14706665,0.16152161,0.5783038,0.1336933,0.077143975,0.12728383,0.29955435,0.41636446,0.15751581,0.37629214,0.1408555,0.3138347,0
1210,3.8,2.04,2.4,1.2,92.28515625,0.03244651581849845,842.6821556582087,-297.91953,161.35593,19.335644,25.896376,6.7676706,10.739415,-2.6444051,-10.896798,-14.217522,-9.415645,-16.00057,-14.50284,-10.644431,0.28440186,0.26030388,0.40980244,0.18743345,0.32670465,0.476028,0.1440415,0.07576693,0.10779549,0.24650595,0.28471935,0.20414823,0
1211,5.5,1.43,4.7,1.55,112.34714673913044,0.07974781709558823,1839.1625203772066,-142.4207,117.11714,-4.447782,23.787415,11.289329,8.2924595,-1.2741292,7.2710443,-1.5929826,1.6602452,-0.10889724,4.8607183,-8.509002,0.28925717,0.26035032,0.49406192,0.29367477,0.36713105,0.23969394,0.39085764,0.5187801,0.34583393,0.3997717,0.25179684,0.3769898,1
1212,3.5,1.43,2.7,1.27,103.359375,0.04359434460461816,1125.725733830694,-302.70383,142.04501,21.182236,21.833075,-0.34882152,5.761501,0.60486317,2.5976703,-2.6569548,-7.7617598,-3.2363446,-8.079273,-8.8357725,0.09925793,0.2285709,0.33299053,0.25532442,0.4064625,0.25063625,0.27101538,0.16223261,0.25944594,0.30479485,0.18678196,0.11482401,0
1213,3.1,1.22,2.8,1.25,103.359375,0.04681150832043344,1147.9258718917058,-240.17805,155.30534,-8.633844,26.242207,-0.08375582,-7.744574,-0.22282109,-20.792536,-12.766545,-3.7523854,-13.3096,-8.960197,-8.554238,0.18938679,0.24624985,0.20164089,0.23148324,0.19825317,0.18534632,0.3870567,0.3368747,0.3450614,0.20104621,0.23688237,0.4105079,0
1214,6.2,1.08,5.3,1.49,92.28515625,0.10027477787990197,2184.06731339221,-144.57361,94.2921,-13.434638,28.620867,11.028249,11.419546,6.4292173,4.2821646,-2.0932775,7.4481244,3.762553,5.0961065,-0.6460191,0.40117514,0.41755944,0.31562713,0.33740076,0.5191748,0.3514552,0.3190051,0.28035295,0.37956107,0.3447548,0.35183108,0.5378756,0
1215,6.2,1.17,5.6,1.36,143.5546875,0.0831441180501806,1884.2624027974553,-173.11496,109.625916,-10.631819,28.400143,1.9551219,4.8279467,6.990809,2.4040086,1.2682426,5.6702485,-6.3679104,2.1105351,-2.6316967,0.24666378,0.28749165,0.48775396,0.30143937,0.27486506,0.30123648,0.49758294,0.60685056,0.3876398,0.38901836,0.35166022,0.3864353,0
1216,5.5,1.36,5.3,1.73,95.703125,0.08426152122033023,1977.1893706856818,-138.76712,101.561356,-0.8698787,35.178326,5.7376647,10.618981,2.2193453,1.7052273,0.5504942,1.2260032,-7.175648,-0.4653636,0.9478671,0.29451942,0.41021422,0.37049672,0.3583883,0.50484073,0.27715993,0.2732208,0.22058608,0.33275494,0.4765873,0.30925223,0.38723835,0
1217,3.9,1.58,2.6,1.02,95.703125,0.030182987051728585,766.4428495725936,-309.7609,168.74092,36.291958,30.441023,3.6956391,3.2790318,0.40590522,-13.672397,-4.6441455,4.1765175,-7.26455,-7.7791324,-10.953034,0.34360677,0.22401707,0.28689587,0.22011922,0.2865303,0.21551494,0.3211558,0.47864312,0.25585657,0.24198599,0.1587184,0.2984469,0
1218,3.9,1.92,4.1,1.81,117.45383522727273,0.10565933557543769,1371.8072925286447,-252.49298,217.23282,-117.83303,-16.276396,14.4818325,-72.35661,-17.663214,-6.9152613,-49.65987,-3.1820214,-0.14008473,-34.201927,-3.3567748,0.19483453,0.33972272,0.21369858,0.34172723,0.35839674,0.23971449,0.4084563,0.25723034,0.36232045,0.36638734,0.2902015,0.44305995,0
1219,4.3,1.27,2.2,1.17,99.38401442307692,0.03607184033152735,968.7183570571017,-268.65762,163.61533,-0.625716,16.423523,10.310041,3.544465,-1.8637027,-7.716514,-9.793326,4.745205,-12.303055,-8.025569,-8.396548,0.19359522,0.2742243,0.21202108,0.17215715,0.30673334,0.1558646,0.11865885,0.10930525,0.3132889,0.5437239,0.2482356,0.2044269,0
1220,3.6,1.56,2.2,1.08,107.666015625,0.030748869243421052,858.3351098737219,-264.72958,157.45195,4.160719,43.345764,11.40279,10.698625,6.030454,0.108931944,-1.6157281,-0.80689913,-10.39163,-10.491647,-8.983463,0.3528876,0.13811511,0.105567954,0.23110706,0.56151253,0.62907684,0.23925894,0.14240521,0.14168619,0.2368052,0.2732355,0.22922324,0
1221,5.4,0.8,5.3,1.0,73.828125,0.07658809823271413,1967.32645918686,-205.40332,98.37619,21.146915,43.85091,0.31492326,11.089723,6.2461996,12.373123,4.9268165,2.7144806,-0.06950197,4.503598,-7.6894445,0.36149406,0.36935583,0.441636,0.46552676,0.5545287,0.43634477,0.367079,0.41656026,0.40910235,0.33636135,0.33480763,0.3881848,0
1222,4.1,2.02,3.2,1.66,123.046875,0.07720940966847266,1159.41992014957,-274.8114,189.32082,-93.32284,-19.23577,12.496038,-53.57856,-18.76522,-5.8216896,-44.619854,-21.80432,-15.497801,-33.140186,-11.630545,0.45587113,0.20050462,0.172374,0.08262716,0.2087369,0.13947476,0.20201294,0.7645928,0.28733012,0.18688121,0.098694906,0.21862034,0
1223,4.6,1.91,5.6,1.74,95.703125,0.09535644027347781,1810.4236172002059,-167.74127,118.140144,-14.013025,26.977446,5.436193,7.4242334,5.1640034,10.155183,2.5216546,5.1433625,8.325867,8.198714,0.5630016,0.23092897,0.34108528,0.433803,0.39649424,0.57628,0.37558913,0.2715982,0.31007424,0.38098314,0.6000029,0.37926668,0.32723716,0
1224,6.2,1.72,6.8,1.33,89.10290948275862,0.07975310806888544,2532.7268582483875,-122.871666,71.01878,-3.8691487,34.416344,11.576547,19.902699,2.9374654,10.981104,-1.1550494,7.691727,0.4019793,6.300731,0.52780443,0.7775015,0.58523744,0.5484727,0.3893648,0.35483018,0.30684653,0.30253503,0.37299946,0.32944763,0.45821247,0.46969756,0.59460694,0
1225,3.4,1.85,4.6,2.15,78.30255681818181,0.07424848023090816,1818.218427350705,-116.05245,120.68816,-13.38198,31.108614,-0.07134925,21.531656,1.8672844,8.538648,-7.526944,8.456385,0.9911647,10.293479,4.287255,0.39670134,0.45077235,0.5118888,0.5509879,0.53000957,0.54635304,0.5307716,0.5902846,0.67047656,0.77517503,0.630831,0.45601514,0
1226,3.9,1.58,3.8,1.66,78.30255681818181,0.0974262186371259,1335.8710973857637,-265.26086,188.57797,-105.301926,-18.670904,13.188501,-55.885296,-18.123089,-1.7825139,-46.64523,-18.65224,-11.238712,-38.54835,-16.798618,0.36033863,0.21042648,0.39285094,0.15689842,0.17352192,0.23673494,0.3547855,0.5962569,0.2529117,0.33209664,0.23397335,0.37818405,0
1227,4.7,1.79,5.7,1.85,151.99908088235293,0.10209663635190919,2238.3483448790876,-94.58939,102.68129,-0.103325814,18.247189,4.077274,4.7787,-5.020087,4.4654665,-9.1730175,7.364376,-4.338717,2.422872,-5.0701814,0.28779122,0.33902368,0.46288177,0.33884308,0.47120276,0.41665885,0.44688848,0.34238437,0.3764953,0.5199065,0.3630842,0.43205264,0
1228,5.4,1.43,3.3,1.19,117.45383522727273,0.0438117784120227,1204.7855550317206,-237.96054,130.98407,8.394179,30.331205,11.634335,19.368176,0.22830997,6.6127663,-1.8641144,-5.620849,-17.049425,-4.125113,-1.4156442,0.61989444,0.33906657,0.26536903,0.17297554,0.33997542,0.2198223,0.16949822,0.24535312,0.30050543,0.3730197,0.2410631,0.41679147,1
1229,5.2,1.66,4.3,1.68,117.45383522727273,0.09818685903637771,2075.4046627769494,-181.1214,97.43307,2.7232342,22.504961,-1.7342649,14.475188,6.4574037,3.1974683,-0.13138604,8.076989,-2.5910957,2.7466495,-5.2200055,0.19904493,0.23113082,0.17972486,0.3087102,0.5276341,0.30882016,0.30424926,0.16554153,0.29563913,0.22785872,0.21737531,0.41501793,1
1230,5.3,1.42,3.7,1.49,107.666015625,0.19137727562242002,1990.7212937357988,-297.4827,169.76428,-153.56223,-10.783823,42.078117,-61.120567,-16.85662,29.167574,-35.302864,-0.67395365,12.567483,-23.279806,7.537847,0.33705366,0.4623694,0.4440394,0.4288795,0.45104456,0.35593686,0.44515106,0.27179924,0.15355456,0.29304168,0.23450097,0.54872113,1
1231,5.5,1.5,6.5,1.2,95.703125,0.12515091871452527,2415.7841777062195,-109.22158,92.25311,-24.612347,6.300879,5.796218,10.49659,6.0069094,8.876458,6.4247394,8.397022,2.597525,5.172386,-2.0524004,0.32469752,0.33313572,0.4124736,0.30031344,0.37149933,0.40261194,0.58244956,0.431723,0.3676569,0.45567235,0.33491373,0.43629554,0
1232,6.9,0.83,6.3,1.42,80.74951171875,0.0857757473877709,2051.5293166328956,-182.69456,91.31189,7.1231465,44.82582,3.323334,14.27385,0.8174987,3.6106343,4.3999386,3.9852083,-5.156356,-0.46101335,-8.078013,0.16618928,0.1885569,0.26135376,0.2801767,0.37037647,0.2652405,0.31873435,0.38162863,0.50714546,0.6896732,0.3056388,0.21896853,0
1233,5.5,1.28,4.8,1.47,112.34714673913044,0.09704652831527348,2085.9297021315374,-128.79498,99.458145,-2.825574,35.417843,-8.700192,10.567636,0.90367997,8.963437,-5.7830286,1.3137378,0.32799894,2.382303,-3.4750204,0.23874418,0.29317403,0.18297717,0.33387706,0.58015,0.28244635,0.39770016,0.23484686,0.37761328,0.42941573,0.29037854,0.43206552,1
1234,4.6,1.43,3.0,0.89,143.5546875,0.0667385735132869,1705.2221654722218,-248.99762,104.57374,12.675209,29.423119,16.752655,16.21083,1.4287694,3.1786852,3.4131186,9.476446,-2.1167612,-0.17834535,-6.376344,0.35871202,0.3727875,0.17582135,0.16633227,0.31276998,0.20633379,0.25400546,0.20655479,0.31243825,0.34639236,0.31834736,0.48338404,0
1235,4.9,1.22,5.8,1.17,129.19921875,0.080498127499355,1867.9892903837147,-149.9079,109.91878,-0.39266732,56.445248,-7.120632,9.445323,2.2611766,-7.669938,4.641415,8.320723,-11.874119,10.656252,-19.893715,0.3893077,0.28346494,0.4444019,0.2841763,0.27075586,0.18995064,0.20450202,0.30565497,0.31046045,0.5111767,0.40321472,0.43458748,0
1236,4.5,1.02,4.9,1.04,89.10290948275862,0.09687318595201239,2138.7144927012587,-129.3843,97.093155,-6.81005,46.18183,12.529224,-3.4869933,-8.301667,9.861326,0.71398747,3.4599917,-6.508043,2.1783164,-4.3092303,0.35468066,0.23821792,0.27841568,0.3532737,0.43690428,0.33467036,0.33809945,0.4467972,0.36525783,0.31021634,0.36803266,0.5427904,0
1237,4.1,1.37,3.3,1.27,92.28515625,0.07006684766834366,1468.9022190202784,-247.29877,136.05424,-19.575964,21.012218,21.808369,2.2962637,-7.043826,-0.03979404,-12.356264,-4.799696,-5.15841,-6.161352,-10.505942,0.27926525,0.36188298,0.21092191,0.33745435,0.41456577,0.22489806,0.31538436,0.24909629,0.44173914,0.2713713,0.24305195,0.38128027,0
1238,5.5,1.36,5.1,1.81,135.99917763157896,0.10839919335332818,2151.670355426595,-114.64644,97.73434,-24.58953,28.394588,18.224346,9.582122,-0.45061854,9.493495,-0.96735114,3.9189036,3.8440948,2.3268201,-4.3816757,0.42787,0.31481478,0.3355408,0.37722316,0.5963146,0.48200548,0.4330303,0.5624019,0.36629385,0.47227445,0.4457136,0.47424617,0
1239,6.3,2.0,6.7,1.73,107.666015625,0.09411255764641382,1966.4597607308283,-107.82717,115.328674,-21.656809,5.6946406,-0.5977824,11.531407,-5.8188047,4.9185843,1.95956,10.7469635,0.94232374,0.9062372,3.4758506,0.3079107,0.3543248,0.5082829,0.46671063,0.51885813,0.37883145,0.34208632,0.38170117,0.3539614,0.3123746,0.3507485,0.46208104,0
1240,2.7,1.19,2.6,0.8,107.666015625,0.06412130538893189,1531.6538531976219,-260.96274,118.86469,17.44059,25.487196,-4.574536,22.50064,1.0650781,7.442255,-1.4839027,2.8862007,7.06501,2.9127307,2.0722556,0.25366727,0.27861947,0.46267796,0.32091254,0.2975024,0.24485958,0.38818875,0.50647813,0.3085101,0.33152148,0.2495641,0.38913462,0
1241,4.1,1.37,3.7,1.62,123.046875,0.05004656056501548,1429.884623944545,-252.86559,117.649704,10.710734,43.1851,7.5517044,12.962494,0.96022576,-3.4097214,-1.4323499,0.8036458,-12.981306,2.2051566,-13.947794,0.30641574,0.1949311,0.26059064,0.15280606,0.15648569,0.106720775,0.29665002,0.60282195,0.40627822,0.34087357,0.23748438,0.37291136,0
1242,4.7,0.9,4.3,1.35,92.28515625,0.04684401001354489,1241.1173587869841,-200.39224,145.51558,15.388728,32.387154,14.38487,3.8680444,4.2429504,15.797852,4.7281275,5.723662,3.0350602,8.062683,-4.3401117,0.37743157,0.24051237,0.20076981,0.23352933,0.35406873,0.35746744,0.4788223,0.25681856,0.3027741,0.41477847,0.49274126,0.65326196,0
1243,5.8,1.4,5.7,1.55,99.38401442307692,0.0999273373000516,2435.2311508574494,-91.25495,88.23333,9.224373,26.248537,2.8302436,18.320044,-3.4636884,4.740336,-6.9226084,2.3538165,-7.4417014,2.6599836,-2.4396625,0.36254215,0.3538401,0.48353335,0.38840312,0.31602022,0.3079095,0.53097004,0.4789048,0.40292495,0.52005607,0.49070445,0.5252316,0
1244,4.6,1.5,3.7,1.27,129.19921875,0.04965276098103715,1345.4231481781205,-180.58665,149.9318,2.3827102,18.22888,7.802642,10.895071,6.0432973,2.600612,2.8005984,5.9094706,3.1344254,7.671214,-0.58976936,0.26087183,0.32421753,0.43931568,0.32373792,0.40275595,0.3114448,0.45465276,0.32133287,0.31803086,0.4753113,0.34679273,0.3500764,0
1245,6.4,1.91,5.3,2.0,99.38401442307692,0.08028346515415377,2022.6950935538373,-154.25703,101.85289,13.704717,29.838655,13.378918,15.946789,-1.145614,0.753178,-8.794291,0.05368039,-0.8460949,1.2085363,-3.4902864,0.30862772,0.31777987,0.51443964,0.37120822,0.33857444,0.34125715,0.3595464,0.53051656,0.36054617,0.32736647,0.29505086,0.3252141,0
1246,4.5,1.8,3.1,1.58,103.359375,0.044978563999613,992.7884540588639,-291.98862,177.53952,25.755785,8.43173,7.9872746,10.795563,-8.490223,10.708057,-15.783838,-4.9785805,4.2745447,-1.1554728,3.3793077,0.28541142,0.27512574,0.29530227,0.24274063,0.25217545,0.23431963,0.33107314,0.31063175,0.32668978,0.34773096,0.22671746,0.33299,0
1247,4.4,1.91,6.3,1.85,184.5703125,0.13082410184468524,2484.8070466097606,-76.40906,88.9687,-13.890306,27.038755,2.7607212,-2.4300628,-1.5307829,4.6497536,-7.918836,6.4387975,-5.683741,-0.08478999,-1.885939,0.40190944,0.331663,0.52096075,0.45744872,0.47474745,0.3236488,0.33463034,0.43902472,0.39758918,0.5479539,0.43029538,0.3672286,0
1248,3.7,1.35,3.0,1.26,107.666015625,0.18481823239164086,1990.3946807500608,-360.33243,140.9892,-129.42831,-10.930627,42.506508,-43.547924,-6.910085,31.682323,-17.234777,-0.54772437,9.129987,-17.818825,3.869804,0.4834167,0.48009908,0.41885814,0.33105138,0.4393704,0.26659456,0.27645367,0.22712094,0.26196897,0.34548298,0.35827717,0.47166508,0
1249,5.1,1.76,5.6,1.8,143.5546875,0.11266447368421052,2229.54728930312,-107.32968,97.149864,-30.699532,29.38939,11.891106,14.247815,4.1373496,7.5720468,2.4251826,4.6614823,-0.85680187,2.2431629,-3.4650393,0.29230165,0.31164265,0.5541032,0.2827734,0.24717979,0.30129802,0.57028145,0.76789063,0.4450296,0.43944052,0.31843996,0.44033495,0
1250,7.0,1.41,7.4,0.92,99.38401442307692,0.14727600538570693,2515.136865065038,-74.93296,83.760185,-46.350014,32.119644,2.9677925,8.651452,4.534818,6.899003,2.3071895,5.7396026,-0.5858509,5.2522388,-1.8736397,0.40448147,0.36679918,0.38121605,0.52161336,0.38497907,0.6048558,0.32720318,0.32473224,0.47093895,0.4240865,0.6379648,0.3203092,0
1251,6.9,0.83,6.3,0.78,143.5546875,0.10359624935500517,2661.5570113573385,-141.69635,75.84427,15.025792,36.54788,9.670486,3.9733493,-5.9498997,5.28496,-5.280367,4.0032587,0.549221,3.413938,-0.88084555,0.39109546,0.32038692,0.31192374,0.4644925,0.3364171,0.38059384,0.29173246,0.3733078,0.490109,0.39514247,0.47662285,0.32230824,0
1252,5.2,0.87,5.1,1.04,129.19921875,0.05848137980521156,1386.9712503614587,-217.61874,136.4336,-0.84863985,53.23232,8.431076,8.649895,-1.7590469,7.676183,-2.325232,13.475502,-2.4239955,6.7833395,0.9979669,0.49274594,0.4323505,0.3576151,0.55367196,0.6941336,0.5987549,0.4821362,0.48874003,0.31152555,0.30497468,0.42128444,0.5122482,0
1253,4.1,1.3,3.0,1.0,89.10290948275862,0.09097803389447884,1493.4230620862304,-238.2744,152.9903,-53.97059,2.365342,8.591495,-15.903085,-10.904234,-0.057116937,-16.324827,-1.1930574,-8.139163,-8.239577,-9.150995,0.23792173,0.26794162,0.47474808,0.25284117,0.42969218,0.20686822,0.25583428,0.24054791,0.40078402,0.61474264,0.17188732,0.23837431,0
1254,4.7,1.79,6.2,2.23,161.4990234375,0.1162250467621259,2309.8644383759674,-121.50711,90.51092,-22.14807,27.375921,9.147429,3.6738865,-9.489478,11.976644,2.882484,1.897603,-0.41027284,3.2180703,0.8388647,0.32751265,0.4391918,0.52938396,0.38949406,0.43176103,0.30968773,0.24590388,0.32690635,0.4658401,0.6290427,0.45636046,0.33747065,0
1255,3.4,2.32,2.0,0.81,78.30255681818181,0.08677574134094428,1913.8624264356158,-240.70035,95.91199,21.01707,14.30406,8.580154,0.19392778,-7.1515746,-2.1985307,-14.580907,-3.3159325,-8.067561,-2.416458,-14.230102,0.22933923,0.32431704,0.14678395,0.09864539,0.24331701,0.121055655,0.23286901,0.12168417,0.23464738,0.41135606,0.2478255,0.34178305,0
1256,5.7,1.27,5.5,1.69,135.99917763157896,0.08964924374355006,2259.601957746537,-113.50367,96.614975,3.2212782,24.237688,3.9411376,1.8989918,-5.347352,0.08903231,-5.8363156,5.1914973,-6.1172485,0.13087787,-2.866104,0.27478138,0.1885355,0.33015525,0.51885736,0.26716664,0.24400853,0.21412197,0.37980163,0.4146717,0.35316163,0.5000758,0.28953835,0
1257,5.0,1.18,3.8,1.25,112.34714673913044,0.0637010509384675,1400.6802966267355,-193.85913,140.14224,-15.042982,-4.5196295,-14.960264,-10.995842,-15.740252,-8.63136,-30.417765,-17.971962,-16.483175,2.666188,-8.506909,0.213994,0.64867634,0.28878805,0.19243076,0.35718888,0.17560235,0.15724313,0.12613621,0.32690442,0.6896885,0.2619885,0.17945525,1
1258,5.7,1.62,5.6,1.74,161.4990234375,0.10231633771929824,2350.2324409377093,-135.08372,87.79667,3.5115554,28.909266,-5.6156807,3.109356,-7.4703875,-5.946191,-8.419243,6.405731,-2.4817476,1.2913804,-2.1622858,0.3978739,0.43318486,0.25692925,0.35098374,0.43674693,0.4316432,0.25968495,0.2780484,0.3912238,0.2829203,0.22408514,0.2248707,0
1259,3.6,1.5,2.8,1.08,117.45383522727273,0.042669432082043345,1567.4943891022199,-242.08437,103.84223,30.044512,51.14001,21.903717,10.934646,12.548793,-0.81006604,-2.6060917,9.069394,-3.2030122,-1.2304755,-6.082514,0.22685759,0.2637462,0.26783332,0.3046834,0.45141327,0.37289098,0.33629686,0.24944498,0.3309875,0.39716938,0.2700549,0.26102605,0
1260,7.2,0.75,6.5,1.43,86.1328125,0.14093918303341074,2589.3066740950458,-100.47556,79.007126,-12.56094,38.619736,9.796879,5.0225196,0.84935933,-0.7368197,-0.20697321,8.911799,-5.3448796,-1.9267851,-3.0681448,0.4047131,0.3794657,0.5429544,0.3961136,0.4718081,0.43845665,0.4700016,0.6271339,0.45901492,0.52516437,0.48558733,0.48864365,0
1261,3.8,1.83,3.1,1.37,198.76802884615384,0.058953788135319915,1026.6086514301135,-290.15836,176.5417,-65.578926,-9.649681,17.838652,-42.12774,-25.142628,-11.680221,-38.695244,-20.666937,-14.20123,-32.25928,-18.552538,0.10482151,0.2556764,0.4610674,0.17951752,0.16423406,0.16262849,0.34957638,0.25783157,0.23904274,0.43147856,0.20965387,0.19116844,0
1262,4.5,1.8,4.8,1.4,143.5546875,0.07982944925503097,1924.6595379854682,-154.51717,106.964355,-18.960644,26.672512,4.2924576,10.088285,5.5588713,6.893827,0.6756504,11.879161,3.766507,8.392302,-1.7102332,0.559415,0.34365416,0.36950025,0.34665418,0.38487703,0.39908916,0.47220826,0.6832459,0.39476305,0.33377257,0.38950026,0.48247397,0
1263,5.8,1.47,5.1,1.22,112.34714673913044,0.1088723575367647,2359.8869228106623,-93.47317,89.32659,-5.911887,40.25816,4.691722,1.6441354,-0.6417784,5.3835616,-6.1624,4.427732,-4.517448,-0.016859135,-3.971921,0.319634,0.29322076,0.29896885,0.42712748,0.66720194,0.3892856,0.36254326,0.29765314,0.43425378,0.47112846,0.39883018,0.52202064,0
1264,4.6,1.96,3.6,1.96,92.28515625,0.09155147461945304,1854.9888211979342,-198.20589,112.74926,-17.686308,32.27448,-12.016195,-0.5492211,-17.510426,-8.962223,-4.4824414,-13.577889,2.2757423,-7.4242506,-8.277767,0.34746405,0.5008815,0.3670914,0.21374072,0.24453706,0.28910977,0.31518096,0.19921595,0.20782098,0.27373397,0.36951962,0.4085253,0
1265,5.8,1.4,5.5,1.12,83.35433467741936,0.07428728070175439,1872.1273973293821,-152.69676,113.71409,-4.3976145,25.981186,10.122292,7.4641657,-0.37958843,3.8397052,-2.38492,1.2098398,-8.707808,2.8197994,-3.9306343,0.3041412,0.43375835,0.4165017,0.28055006,0.4334945,0.31071255,0.22044002,0.24296919,0.33480778,0.529312,0.4093748,0.37285268,0
1266,5.6,0.66,5.1,1.14,112.34714673913044,0.08772080995227038,2185.6843513922286,-120.62537,99.24231,3.3261938,1.5416993,23.825932,10.778756,-2.5092278,5.7699537,-10.730982,6.561,-3.8353698,-1.8982812,0.75952995,0.27494738,0.31785315,0.33499724,0.23449208,0.3153879,0.3023249,0.23574583,0.33296812,0.419673,0.601274,0.3569196,0.2527766,0
1267,4.5,1.69,3.7,1.55,172.265625,0.04910275170923633,1294.542958890998,-202.53458,144.15842,-11.016076,35.298843,4.385863,2.6889517,-11.443979,-7.244689,-14.837413,-6.724136,-7.4588795,-11.473878,-6.3563485,0.23057027,0.3734121,0.41498268,0.27584803,0.39026606,0.2649121,0.378406,0.2592877,0.34356523,0.56540084,0.29647627,0.2507773,0
1268,5.3,1.42,3.7,1.55,103.359375,0.040463600119324046,1032.0638127689576,-221.33217,148.51389,18.885527,26.810183,1.9947728,5.4770722,0.93033165,2.332257,-10.226453,-2.300579,-12.5072365,1.2479585,-0.8044666,0.25002474,0.25037116,0.21627137,0.2851054,0.19799483,0.17805763,0.32446396,0.22349647,0.23484135,0.17427136,0.30340508,0.6190549,1
1269,3.5,1.2,4.4,1.56,151.99908088235293,0.0527996303373323,1876.371860121731,-193.28389,95.395256,22.113317,31.515985,-2.293678,4.6010246,0.21064284,-4.3748217,-11.436673,-8.773659,-10.931773,-4.440573,-15.451331,0.28454596,0.19195697,0.20082621,0.18596646,0.22721528,0.13729893,0.060514115,0.10984834,0.31507686,0.58772016,0.4558709,0.32496846,0
1270,4.6,1.02,5.3,1.49,107.666015625,0.13571044166021673,2459.5592359834995,-140.01978,78.296524,-33.887028,63.96183,-8.677536,24.252512,10.703952,13.655587,17.63784,11.93366,0.22815174,8.033324,1.3225179,0.41005647,0.4205484,0.49705988,0.4307874,0.5006084,0.39943278,0.4872639,0.6755272,0.4818153,0.3884017,0.46600065,0.5792502,0
1271,4.6,1.2,4.7,1.0,123.046875,0.09435090339589783,2103.2010559168534,-115.778076,101.40083,-3.088444,24.648582,10.018724,-1.7366525,1.1161085,4.7118697,-3.2422256,9.620394,-2.245872,5.096326,-4.1450644,0.2539515,0.40377128,0.23290817,0.37291273,0.43800205,0.27404988,0.3988063,0.32444125,0.4624336,0.22452693,0.22392824,0.30136895,0
1272,4.0,1.48,3.2,1.33,123.046875,0.06136521220330237,1389.2685211045352,-235.4177,135.63097,-6.801401,-3.6890087,-16.25275,-14.860367,-19.028145,-9.312409,-18.271044,-12.198419,-17.195585,-5.631094,-6.0711308,0.21373868,0.5590209,0.2944012,0.23157467,0.40776864,0.112374544,0.06368218,0.072274745,0.21858041,0.64683956,0.21560435,0.11145257,0
1273,4.8,2.18,5.6,1.69,129.19921875,0.0793024856851708,1941.0555340313535,-185.7171,108.387115,-2.361671,20.45965,3.6500452,0.39396387,-1.7345728,3.7134411,-6.935739,-0.5816145,-7.47476,-0.98242986,-5.1943936,0.20263788,0.33039153,0.61442447,0.2749156,0.24492419,0.24489789,0.2235143,0.20775296,0.24622938,0.5068209,0.2659468,0.17576617,0
1274,6.0,1.48,5.4,1.11,112.34714673913044,0.14161592371323528,2618.6401879215664,-111.05547,80.375015,-5.327317,38.550755,-0.6870911,17.705072,-7.709789,5.703285,-13.689372,-1.5717841,-7.7260623,-1.5092857,-3.951536,0.55005354,0.2823183,0.28972232,0.31848896,0.3739209,0.32242155,0.3958336,0.5025379,0.34095928,0.32978016,0.3662277,0.5968394,0
1275,3.5,1.63,2.8,1.25,151.99908088235293,0.042791124467879256,1134.6085871012633,-202.43854,159.6887,-0.27599683,35.61479,17.482594,11.3163805,1.6766902,0.16948524,-0.28390217,0.113905236,5.792278,0.24966213,-0.6006813,0.2952881,0.43392387,0.35731953,0.23870896,0.3452244,0.35787892,0.62606645,0.33940974,0.20843096,0.2765006,0.24451831,0.37933758,0
1276,4.8,1.08,5.5,0.81,161.4990234375,0.12093426494775542,2076.1187307526266,-171.42308,107.277214,-47.25839,36.798935,4.39326,-10.551613,1.8913584,-2.6728864,-9.362968,-10.864885,-19.129631,7.091894,0.33151877,0.46803552,0.6240432,0.47714463,0.34363025,0.4398327,0.2843576,0.3085825,0.2268845,0.19459793,0.23704259,0.2884162,0.46101648,0
1277,2.9,1.14,2.2,1.17,112.34714673913044,0.025972128160474717,808.0626442004387,-351.9771,136.23926,74.77576,46.692345,33.595024,17.599945,12.761969,3.0737612,0.8378862,-2.9056861,-12.694181,-8.414195,-7.805989,0.43933272,0.33148193,0.35823265,0.3080912,0.50981736,0.39323664,0.18229653,0.22376907,0.19060045,0.30456278,0.251719,0.2829695,0
1278,5.1,1.58,4.1,1.64,143.5546875,0.06875569409507223,1988.3858748533125,-194.344,101.38915,10.295728,24.800531,6.372722,8.406549,1.2184163,3.3904037,0.4748885,1.0753886,-4.025909,3.4312904,-1.4441538,0.35260063,0.43844178,0.3074852,0.25152448,0.27482638,0.2326077,0.2861476,0.2884403,0.42558423,0.46754438,0.40404987,0.41439092,1
1279,5.6,1.8,4.2,1.33,143.5546875,0.04931439064112487,1668.571760037384,-218.4126,108.18739,29.522432,23.388506,18.349226,14.20013,12.732966,6.7816157,7.1736073,7.4486494,-4.1759014,3.872806,-0.9971262,0.2741227,0.4024607,0.48132446,0.35399303,0.30476248,0.23801896,0.36213997,0.29502714,0.29718345,0.4282542,0.31656787,0.31997317,1
1280,5.9,1.7,5.4,1.43,89.10290948275862,0.1071663965750774,2282.287664301262,-168.95966,90.73099,-9.242786,25.640068,3.6528804,4.6595325,-5.1228,1.0391661,-1.9495076,-0.54056656,-9.247797,0.0695135,-3.3831663,0.3429819,0.3711366,0.5240818,0.31032813,0.28035927,0.22876142,0.3036855,0.41692996,0.33338407,0.40450525,0.34237525,0.40353087,0
1281,5.4,1.36,4.5,1.86,117.45383522727273,0.06304950536958204,1722.335576304022,-214.8988,98.54749,7.8755794,37.139565,-5.175917,13.81885,-3.1911478,4.277878,3.1571972,5.618822,-1.8630004,-1.1099647,-5.9206767,0.21961083,0.17517413,0.17367204,0.14912833,0.2952923,0.18135662,0.26980835,0.17131153,0.13967131,0.3277723,0.24451642,0.40493864,1
1282,6.8,1.54,6.4,1.43,89.10290948275862,0.1300816019253096,2524.4230591653645,-78.36359,80.50692,-12.928529,30.114992,-8.264771,19.450928,6.9216294,3.5956824,-2.838839,10.899873,-0.007813886,12.14466,-0.29217887,0.4525331,0.378966,0.48599088,0.29872274,0.3764179,0.46883896,0.393026,0.4581634,0.37051028,0.44156933,0.3753536,0.40269208,0
1283,3.3,1.79,5.2,1.47,112.34714673913044,0.09544033999290506,2119.429659026871,-151.13925,107.93306,2.89821,5.8878026,-3.93267,9.525573,0.15942417,9.784041,-3.5615249,10.300003,-8.745832,-4.495142,7.0317407,0.6089164,0.30146626,0.36597672,0.38038266,0.42217916,0.33776724,0.31524813,0.34993318,0.32860464,0.5710783,0.7139338,0.59939915,0
1284,6.3,1.42,6.6,1.28,151.99908088235293,0.10234380039022188,2454.625172843252,-90.178276,83.4448,-7.144839,30.47131,11.557233,10.747123,1.1836995,10.854818,3.4687016,11.751231,-0.6570579,2.8795664,-3.6881354,0.5152565,0.3686533,0.36192194,0.44059563,0.58593524,0.44493845,0.3655983,0.5182769,0.4901057,0.3591793,0.4326177,0.70821756,0
1285,5.1,1.81,4.9,1.92,135.99917763157896,0.07162264576883384,1885.0841533328557,-114.963356,113.22214,-7.754287,25.445156,6.922085,16.971453,-2.4800055,10.652163,-3.0157158,2.5152445,-6.542141,1.7069263,-2.952432,0.35807347,0.26108366,0.38298857,0.24858671,0.32584193,0.363004,0.6317036,0.7093625,0.4521307,0.4207671,0.31880772,0.4841752,1
1286,3.8,1.83,3.0,1.34,95.703125,0.08814834296150875,1240.0534385759454,-270.4567,198.63109,-95.298965,-20.10879,4.175409,-64.726875,-14.815041,-4.0520577,-41.77049,-4.2772264,-1.7682844,-31.302,-4.683432,0.12676321,0.19921057,0.5637167,0.16703747,0.102075085,0.11443245,0.34940067,0.46976116,0.16836755,0.30991855,0.16404186,0.34329543,0
1287,4.5,1.36,4.3,2.0,92.28515625,0.12546938491679566,2493.957002656387,-200.64622,85.244804,-2.598789,16.114647,-13.859829,5.7099752,3.3754447,2.7030027,-12.39342,1.0019614,-2.6863086,2.8444753,1.7231742,0.38782874,0.24385203,0.3490944,0.25921196,0.4025028,0.28126374,0.2652896,0.4181034,0.2719791,0.29212874,0.18890053,0.30099803,0
1288,5.2,1.54,3.4,1.36,99.38401442307692,0.12408163820626934,2158.7115966471606,-190.91544,97.0246,-37.87286,25.79912,-14.582442,3.464497,-10.730622,-7.2842965,-12.708704,-6.5833006,-6.236657,-5.982594,-7.5129876,0.22004698,0.27417433,0.5208104,0.22853306,0.21516807,0.32789233,0.3626397,0.38526568,0.22224931,0.3364369,0.4103692,0.30049807,1
1289,5.0,1.41,4.4,1.43,112.34714673913044,0.06094898897058824,1654.1299667693286,-218.26952,107.53491,-4.622852,26.921436,-1.5643712,24.712872,15.185835,2.6542144,-6.1791463,-4.894733,-8.631349,-2.1308784,-6.760609,0.3411279,0.30350736,0.5177263,0.31027877,0.30151087,0.15710276,0.19860709,0.3510986,0.23230053,0.19724533,0.16230309,0.29484308,1
1290,6.6,1.2,6.6,1.36,151.99908088235293,0.13977970402799278,2158.858571555704,-117.29899,106.59756,-62.34955,46.844482,-6.9652863,9.259391,5.5984344,10.272424,3.338188,0.4331281,-7.8632307,-2.9112973,-9.407691,0.30656058,0.31875578,0.34715354,0.30670324,0.54803133,0.26597646,0.24826857,0.36264193,0.47415003,0.7056667,0.40757433,0.38007474,0
1291,3.6,2.01,2.5,1.28,123.046875,0.09873308904153767,1837.0934298787793,-253.0198,102.68221,-16.607447,30.750364,-8.877404,1.5376725,1.0462706,5.1174746,0.9376088,-1.6772857,-10.003052,1.0439293,-10.698265,0.11641306,0.15295357,0.461301,0.17327598,0.13412482,0.06951763,0.16660671,0.33157495,0.16564886,0.23105624,0.093098454,0.18963994,0
1292,5.6,1.91,5.2,1.08,99.38401442307692,0.0700653359616873,1737.9958241855315,-137.77948,120.272995,-2.202248,27.399086,13.2727585,-0.11091291,-0.5788958,-2.522704,-3.148109,3.316694,-1.7751033,1.2848738,-2.6500907,0.32054445,0.3362449,0.21083099,0.29950884,0.5749699,0.23900852,0.21454656,0.20430547,0.36499548,0.5529323,0.29769555,0.30887404,0
1293,5.7,1.1,5.1,1.22,117.45383522727273,0.08273192603521672,1955.4613486676303,-130.52974,111.43715,-8.006021,19.832458,1.1187927,13.263484,-0.4334296,7.1482964,1.3390604,7.5024076,1.303922,3.7082198,1.1244652,0.30424383,0.3625645,0.3365352,0.34751627,0.6184847,0.38610554,0.33475044,0.36120954,0.40888548,0.470435,0.31311095,0.3964703,0
1294,5.9,1.22,5.5,1.28,143.5546875,0.07280933549406604,1810.5484557706013,-108.98355,119.58014,-11.259592,22.316837,13.658037,4.7274404,3.223607,2.5406506,0.81703514,7.179786,-1.1424901,0.19412401,4.7711177,0.40143785,0.38312235,0.36734527,0.4163058,0.59901726,0.47326648,0.4047157,0.29410315,0.2934131,0.27038583,0.31447238,0.62194264,0
1295,6.9,1.04,6.4,1.8,129.19921875,0.0987376241615067,2316.0602528759073,-112.58172,82.34555,-8.915052,38.53288,11.068446,14.97344,5.5793324,14.0365715,4.298937,8.322249,-1.2473106,2.8447025,-0.12765048,0.43776193,0.43235803,0.32632443,0.3575382,0.46873018,0.42329535,0.4556,0.46763727,0.5340757,0.55790174,0.41176534,0.54096216,0
1296,5.0,1.34,5.9,0.83,123.046875,0.08774449335655314,1933.4316926968227,-141.77441,115.47932,-21.751114,31.792933,-4.672398,13.601254,-5.528079,3.2563245,2.8053753,-0.2229948,2.11311,6.7264786,-4.820449,0.40015605,0.37415183,0.5282899,0.49143228,0.656352,0.48174825,0.43168774,0.4056671,0.41846257,0.3389086,0.39224228,0.54183394,0
1297,4.8,1.81,3.7,1.49,135.99917763157896,0.07644574585590816,1710.280116460598,-198.2701,121.927505,-4.42278,39.177395,-7.1398735,3.3863287,-3.8079073,-5.9867887,-4.529438,-8.641372,-0.2987584,-3.6864512,-8.342473,0.39584872,0.4977196,0.38773215,0.34466937,0.26932853,0.2930264,0.36756048,0.32623574,0.3889364,0.433868,0.29048052,0.26183987,0
1298,6.9,0.94,5.6,1.36,107.666015625,0.08649733536506708,1838.753853425609,-185.90178,116.41957,-11.211066,26.882055,8.238525,5.4586883,0.8510159,6.28474,-9.551669,0.44911608,-4.5083156,1.3962377,-2.3829508,0.26357988,0.31712574,0.526574,0.33128795,0.3184511,0.23507057,0.29305422,0.39995885,0.30396172,0.33197424,0.24937382,0.28381076,0
1299,4.5,1.5,4.7,1.27,172.265625,0.08727109616374872,1559.809312341304,-186.67737,130.95857,-49.718864,11.335333,-36.172928,-20.409336,-28.657497,-14.983722,-24.53312,-16.476656,-15.894892,-9.245967,-19.198425,0.15211667,0.2083576,0.39550367,0.23388638,0.5920195,0.27755287,0.38425365,0.38759634,0.258607,0.32021037,0.17280802,0.33369035,0
1300,6.0,1.1,4.5,1.2,161.4990234375,0.06719057380353458,1389.1474528414528,-191.1211,154.57365,-37.80633,53.64373,-12.981381,6.454019,-5.4243064,-3.1786783,-6.4800415,-2.0246346,-3.7674296,-2.492988,-8.822657,0.25953045,0.34482604,0.25739518,0.31792608,0.37819383,0.3499825,0.39724305,0.3311303,0.45468128,0.43749315,0.37080514,0.29684764,1
1301,4.4,0.92,2.8,1.47,99.38401442307692,0.043661948458419156,585.9095171214669,-409.01633,164.78305,34.99922,-5.142619,3.772592,4.606956,3.25557,2.9095387,-1.8995173,-9.137348,-12.191528,-6.9054704,-0.9017227,0.57413137,0.30480164,0.06814773,0.08853914,0.387682,0.44451421,0.1805296,0.058681753,0.05034685,0.049103227,0.08606548,0.28294504,0
1302,4.4,1.62,3.8,1.72,73.828125,0.05180265979747162,1335.1325063961744,-186.37004,149.59845,6.0003448,11.771806,-2.4115703,11.357299,-4.7360134,3.948177,-3.8588417,4.920077,-6.907399,-1.1942308,-6.224227,0.37868202,0.29048952,0.476437,0.26763695,0.22054972,0.19970918,0.13695908,0.17173764,0.30658826,0.84476477,0.5441088,0.21365179,0
1303,6.1,1.81,6.5,1.43,89.10290948275862,0.07106104674600103,1854.7179200689995,-179.74866,132.03062,22.964378,22.299963,9.955618,10.539353,-2.5741377,1.8567345,-0.6674835,1.4494241,2.0186896,4.538231,0.35554978,0.6371053,0.43195972,0.47821555,0.4305742,0.49624795,0.4787784,0.4284946,0.59385306,0.38086385,0.39813954,0.29573315,0.40228793,0
1304,5.2,1.72,6.3,1.68,99.38401442307692,0.17008589517221362,2596.0313879857385,-125.248055,87.02388,-33.05917,45.669662,-14.162414,9.095546,-7.8054934,3.2505443,-5.3009033,6.2418585,0.44994128,3.1139545,-6.344167,0.3547322,0.32705176,0.5584755,0.44622454,0.32383156,0.3768115,0.39502254,0.68143696,0.55233204,0.43049914,0.4059579,0.3396918,0
1305,4.7,2.0,6.2,1.25,135.99917763157896,0.0763250612745098,2855.7850365702616,-123.14651,50.40066,-16.399437,18.921017,6.8783975,22.655989,11.067261,18.52089,1.7846988,14.749919,12.898043,11.241032,10.706721,0.47825405,0.49566334,0.48003647,0.53421277,0.5872538,0.648415,0.6906216,0.699481,0.77768606,0.75370914,0.64774734,0.5329269,0
1306,5.3,1.49,5.3,1.68,89.10290948275862,0.05082534144414345,1869.7523036533828,-185.48865,98.184296,31.628635,25.750332,13.401278,12.709585,-5.1762033,11.731402,13.718556,26.92851,15.004511,17.452301,6.0149937,0.33128884,0.4081687,0.70057374,0.51663107,0.4071316,0.45729542,0.62557995,0.6371138,0.5529008,0.55212796,0.42174038,0.32457483,0
1307,5.1,0.94,5.4,1.69,135.99917763157896,0.05555295206075851,1596.190662270842,-174.3958,119.51173,3.2422266,29.42694,4.144031,16.439526,4.5745907,8.218115,0.24309301,8.278459,-4.9075665,-4.1930923,-11.889108,0.3027324,0.34338787,0.46291313,0.35856402,0.20335178,0.14531201,0.18505427,0.386564,0.4108794,0.5428384,0.41316307,0.27896795,0
1308,5.8,1.08,5.3,1.68,123.046875,0.12924915545988133,2428.8061336754963,-141.73677,82.155266,13.478912,29.794985,-6.2520723,6.0225997,0.84033847,6.7025604,0.22057854,7.234336,-0.21867454,0.46422526,0.13708742,0.46743622,0.3612752,0.310943,0.32691333,0.48160416,0.48453918,0.54063624,0.4837993,0.41017675,0.50054085,0.40867442,0.49765643,0
1309,6.5,1.02,7.4,0.92,92.28515625,0.20112400428921567,3885.7300412282148,-74.076,34.79227,26.369312,27.92566,11.064334,13.834048,-1.0360782,8.663969,2.4755647,7.3298726,0.98422533,4.7064123,-4.894877,0.5553229,0.48228878,0.55484635,0.5351803,0.5151362,0.49323288,0.5203725,0.6975941,0.633348,0.56408364,0.5494088,0.54430366,0
1310,5.1,1.3,4.4,1.62,151.99908088235293,0.07612853940918472,1917.9096211829426,-183.59944,109.71652,2.7751815,22.05177,-9.655394,5.189308,-6.244513,3.3907857,-7.8949485,9.749516,-4.523156,-0.753271,-6.393823,0.3526942,0.25625336,0.23868273,0.59865254,0.3542277,0.26712483,0.18158852,0.30338463,0.59196156,0.3266897,0.2774528,0.2619953,1
1311,4.1,1.3,3.5,1.36,117.45383522727273,0.046955372403895766,1359.1439300361988,-278.4792,120.39817,23.379772,29.036222,4.631797,8.038927,-10.592154,-5.5777893,-3.917155,-10.553784,-20.137356,-14.782437,-9.317898,0.24366784,0.21483037,0.38298187,0.24300948,0.24370642,0.13917992,0.12391043,0.06063491,0.1361564,0.6085119,0.38872227,0.39452177,0
1312,5.3,1.1,4.0,2.19,107.666015625,0.10301625790118679,1958.6765518730233,-130.50444,109.14267,-34.06215,42.376297,-9.656863,2.8796124,-17.966131,-3.2505639,-14.251756,-2.4721262,-10.317826,-8.252615,-14.908074,0.42370832,0.28539884,0.567334,0.3416697,0.54809135,0.27946556,0.21319892,0.4852842,0.28152707,0.46248,0.2814629,0.45551655,1
1313,4.2,1.25,3.0,0.89,92.28515625,0.06017675882030444,1747.5302135759596,-187.94147,108.39504,7.8354545,57.036854,16.859514,6.426896,5.196698,5.956724,-0.6653028,7.2732797,-8.659548,0.5601053,-0.69797575,0.40518516,0.43782473,0.32922393,0.28853926,0.31482303,0.5132455,0.41115096,0.33439535,0.36165938,0.26261383,0.2941256,0.28744605,0
1314,4.1,1.14,4.1,1.64,117.45383522727273,0.12046185661764706,2555.169278784635,-146.46469,82.71483,5.2354436,45.3983,-8.325133,6.5394998,-6.326855,10.406113,2.4714346,4.7112174,-7.8830457,2.864144,-0.39157385,0.51283807,0.6137556,0.43299672,0.32824263,0.27947354,0.26755327,0.30160177,0.33804137,0.38073686,0.37047976,0.40025315,0.5646862,0
1315,7.0,1.1,6.4,1.69,129.19921875,0.10373734197626419,2629.7776556917784,-109.68881,80.532875,9.5012,24.27495,5.1489544,19.302435,2.0200806,4.1313176,-0.1309953,3.2572196,-2.2191565,2.1774693,-2.7402666,0.6787125,0.49290654,0.47989425,0.31121457,0.3066159,0.4846223,0.3473593,0.4200392,0.457174,0.6303409,0.6982048,0.617413,0
1316,5.2,1.6,4.0,1.79,143.5546875,0.05576212104145211,1493.3755619117026,-206.22133,132.88731,11.798907,19.39176,2.736653,11.924803,1.0241427,6.380019,-0.8954736,-1.4487345,-3.3472083,5.503652,-4.7310157,0.49870563,0.63624334,0.5975819,0.62221986,0.53174907,0.2901743,0.24215002,0.31898052,0.49214488,0.32904115,0.32330725,0.5274682,1
1317,5.3,1.73,6.2,1.66,123.046875,0.08585082881836946,2234.0918873105165,-88.40793,97.608116,2.6810966,23.689857,3.2231033,12.315869,4.43774,9.51756,0.45212686,6.3332777,2.570784,6.0351763,-0.8588774,0.41107953,0.37316218,0.47623435,0.46808624,0.52202594,0.6238574,0.5227947,0.4467573,0.39778107,0.55813956,0.392545,0.31315795,0
1318,4.8,1.78,4.3,2.05,143.5546875,0.03824920181888545,1584.9881121758146,-157.89941,116.07817,-6.3736124,47.023888,2.2683723,18.077969,3.290397,12.559609,1.9979419,6.9569073,4.1130533,12.291526,-3.299469,0.30860293,0.41453454,0.61027247,0.8434215,0.5348758,0.43887097,0.33977383,0.28705347,0.26421496,0.2499356,0.33812445,0.28767005,0
1319,6.5,1.02,5.6,1.36,129.19921875,0.1200549555759804,2310.1042433851667,-151.04584,100.07546,-14.259155,10.997218,9.526185,14.5737,12.613114,5.7675366,2.604613,2.601586,2.5010726,5.5437045,1.7959107,0.5252249,0.50347316,0.6251219,0.56537193,0.64795005,0.4646539,0.3816699,0.4367653,0.36246663,0.4733267,0.39351803,0.49830315,0
1320,3.8,2.39,6.5,1.08,103.359375,0.07663067797020123,2509.8132380250768,-75.50426,86.03391,15.710081,24.80747,9.834993,9.025494,4.2850313,6.482113,1.9561304,3.2905123,-1.5688823,0.47306904,-3.6255786,0.62142915,0.69335085,0.5893872,0.538019,0.5305311,0.42546514,0.38769647,0.56973433,0.5255131,0.37008145,0.40337175,0.52310413,0
1321,4.5,1.36,5.7,1.27,95.703125,0.04977092605134159,1253.572700504463,-130.75388,157.1795,-16.422817,18.116518,-4.328282,10.961258,4.360936,23.397476,-0.07720683,2.2385945,-5.1431403,0.9941118,-5.8253284,0.5752487,0.47516543,0.42877495,0.4058071,0.4840503,0.69783074,0.44015762,0.35697332,0.36807698,0.3883694,0.3866376,0.47579798,0
1322,6.5,0.92,5.5,1.63,129.19921875,0.10292026452850878,2651.845826206645,-193.29666,78.86702,34.081005,27.65805,5.213355,18.977982,5.5598626,5.8541846,2.4655626,7.9686704,-0.9497573,3.8581269,-2.068036,0.4665076,0.5500808,0.6529788,0.46388662,0.43939412,0.4568826,0.44677037,0.43691158,0.5366096,0.51899,0.33993694,0.3885304,0
1323,5.5,1.63,5.0,2.0,99.38401442307692,0.06473959341137771,1909.5749106842989,-144.09433,112.04193,27.174963,31.872828,-4.9928856,14.266997,-11.127282,1.9587487,-6.5295105,0.4883363,-5.5364766,1.7364649,-1.8338468,0.29953715,0.3714781,0.34774315,0.57584745,0.38348988,0.45031264,0.50624543,0.40077075,0.41005144,0.4319135,0.7963975,0.45657456,1
1324,6.1,1.51,6.7,1.49,143.5546875,0.10710542440660474,2624.125835193545,-132.54854,78.80389,-13.69831,-8.192608,7.454126,15.824368,15.613171,13.293985,-3.4355502,5.4579177,4.9457016,12.197218,7.0004807,0.3746601,0.5186663,0.43290922,0.54976255,0.49861196,0.33908647,0.33164597,0.37057656,0.48799834,0.4340908,0.35583723,0.35453862,0
1325,5.9,0.94,5.8,1.54,161.4990234375,0.11715021123581011,2468.738244145256,-142.60736,84.18329,-4.5310388,18.83754,-0.7761459,7.1258345,-2.6748304,-0.35054782,-6.173083,-2.472624,3.7602906,3.5478735,-8.642735,0.3141716,0.38185972,0.38387287,0.42037198,0.3926883,0.38718662,0.3336711,0.34738573,0.3285498,0.298287,0.48393807,0.32274705,0
1326,6.1,0.94,5.0,1.18,161.4990234375,0.07608570772058823,1950.9396873852834,-209.5955,97.30634,34.124363,21.74933,-1.646759,6.638262,7.4262,7.3139915,1.4590846,7.5570273,-1.813271,8.151389,2.641462,0.42533404,0.39448708,0.5143192,0.514099,0.4956148,0.6054902,0.39424473,0.36122358,0.41332173,0.43743256,0.49460992,0.40246296,1
1327,5.5,2.06,2.8,1.47,129.19921875,0.07678915521800826,1530.398173414967,-162.7988,124.375854,-4.1665826,33.321953,11.322966,13.768186,-7.122673,1.6451391,-0.4281405,7.683762,-8.362583,0.47499126,1.813796,0.28259543,0.29107773,0.18410765,0.35587803,0.4358054,0.27907425,0.29857028,0.32351014,0.6653673,0.49915653,0.4083427,0.4507374,1
1328,4.4,1.85,2.7,1.1,123.046875,0.05424003482972136,950.0703695795731,-223.10988,181.21707,-7.5747757,-3.005746,-26.89379,-13.81296,-25.65117,-18.41158,-13.0239725,-1.8395156,-6.142322,-7.3627405,-20.587086,0.24454877,0.5126715,0.18666641,0.08624102,0.3476105,0.38306236,0.78921705,0.26213175,0.3831755,0.19665086,0.12963012,0.30278406,0
1329,5.3,1.27,4.2,1.99,123.046875,0.061703582543214654,1922.6929048262214,-130.74837,102.038666,13.856851,32.847847,2.1858063,18.225546,-5.0028195,7.100729,-8.019226,-0.476214,-11.318507,-1.7589746,-11.264089,0.39188665,0.61221945,0.30315793,0.49283937,0.59802043,0.27573916,0.32352364,0.25544292,0.43634492,0.31229708,0.24237439,0.3073075,1
1330,5.7,1.9,7.2,0.98,117.45383522727273,0.10439644607843138,3034.6149663481633,-101.67516,60.395794,13.062449,16.842735,2.7873974,13.925067,4.4640155,15.095344,0.7696649,11.098843,2.1554494,10.405553,2.2509375,0.4288459,0.4414423,0.5262785,0.7503106,0.6321847,0.582506,0.5713628,0.5815991,0.6930344,0.5746206,0.5478143,0.50946754,0
1331,5.3,1.79,4.4,2.15,129.19921875,0.34748703615795573,3369.821527509145,-165.09984,73.25637,-15.787912,-12.235457,-8.587426,-12.391402,-11.809845,-12.070053,-2.1252453,1.9683716,-15.1131525,15.522745,-15.524528,0.40338576,0.3774429,0.46767235,0.5460557,0.2740453,0.31118083,0.22849269,0.43534702,0.44954038,0.275226,0.37778926,0.34707355,1
1332,2.5,1.28,2.3,0.64,117.45383522727273,0.018993939479273945,915.1852017315651,-240.82504,137.82382,-3.4625473,44.763783,26.107868,20.497528,7.7114854,21.046545,4.429903,9.785974,9.535031,2.8324358,3.5351386,0.36682463,0.45403278,0.7241727,0.95540243,0.8836303,0.7780461,0.5990973,0.41985512,0.30975756,0.2704387,0.3182907,0.33310103,0
1333,4.5,1.86,5.7,1.79,135.99917763157896,0.13261623008578433,2841.3729199142617,-111.90354,72.62072,1.3698124,22.087763,12.1371155,12.453208,-1.4512668,18.31408,1.6170758,8.30801,10.161918,-3.6724918,0.70185703,0.4323713,0.32779935,0.38338968,0.5448049,0.74306643,0.69242465,0.5119899,0.41998196,0.45008633,0.43294597,0.41068634,0.5550005,0
1334,3.8,2.71,7.8,1.47,95.703125,0.14468519212783798,2663.4967309945487,-116.412796,73.453255,-16.162539,59.179913,-1.94889,5.008442,6.1044006,10.20068,1.9347726,1.1522989,-1.1149889,1.7733889,-9.1289015,0.33686373,0.43260542,0.6554519,0.55062985,0.5256644,0.47845003,0.38517147,0.36324373,0.42216304,0.57925826,0.42383954,0.31812224,0
1335,5.4,1.02,5.6,0.8,198.76802884615384,0.060256375370872035,1384.2459895810616,-183.71988,149.56287,-18.674358,44.50213,5.2175355,19.871185,1.875628,4.1357327,2.338418,7.5233912,2.525607,9.913342,-3.3595424,0.67357934,0.5417742,0.4554753,0.408696,0.4554843,0.45423776,0.5071128,0.55332327,0.5980813,0.613632,0.65938765,0.68451166,0
1336,3.6,1.8,2.7,1.55,78.30255681818181,0.04999289497871517,1989.0901191147434,-188.01457,88.767624,28.62478,39.502,10.340099,9.3258915,8.017376,6.637376,-2.969331,-3.856256,-7.9522424,-8.331438,-6.7132273,0.5963097,0.351022,0.27633426,0.20406035,0.26793703,0.20960328,0.10170414,0.083348654,0.15780643,0.4608126,0.24593875,0.17421272,0
1337,5.0,1.48,6.5,1.2,92.28515625,0.11772037659636223,2865.4604601185365,-116.6653,68.67825,1.8265941,17.154224,3.035825,9.497998,2.1118054,4.5872254,2.0828805,5.1981153,-0.58998704,2.0777497,-0.2456169,0.31130195,0.30015272,0.34667322,0.4244087,0.50128275,0.53394395,0.45017028,0.46634474,0.3931365,0.38421008,0.34125203,0.3079622,0
1338,6.2,1.25,6.4,0.92,129.19921875,0.10916462082365841,2723.162829468946,-137.4187,74.697464,25.319757,25.022984,8.475659,5.0680523,-9.566641,5.334201,7.3352766,14.446554,4.0625315,6.860454,2.2866776,0.3525387,0.45068303,0.7845989,0.52668387,0.39525136,0.46353582,0.36262476,0.3723477,0.32871547,0.4375075,0.37208468,0.34137216,0
1339,7.2,0.75,6.8,1.78,107.666015625,0.11000462582236842,2777.870727613857,-130.09218,63.527744,9.270418,39.67277,11.828669,8.3610935,9.098638,3.1133916,1.1791991,7.162535,-3.172553,4.1520147,-6.219529,0.5827283,0.39335826,0.3624324,0.38574114,0.32929024,0.35896042,0.35095844,0.44429225,0.439305,0.40232912,0.49849308,0.47164932,0
1340,6.4,0.8,5.7,1.27,184.5703125,0.096015544375645,2402.6598765541653,-114.56259,90.99803,9.34101,20.113813,6.933503,10.03153,9.971489,8.319227,-2.738463,-5.5086913,-6.7022247,4.8099356,-0.4856466,0.5039258,0.38739285,0.62019575,0.38726258,0.40112802,0.38660336,0.26585785,0.29053497,0.27039358,0.4511396,0.29210442,0.29467714,0
1341,3.5,1.57,3.2,1.66,112.34714673913044,0.03158635473103715,1056.0522486801,-201.03603,148.01595,26.041332,18.878796,12.458285,13.411785,1.4892818,-0.22304747,-7.0239635,-6.8017683,-3.6054208,1.5795169,-2.618551,0.11979218,0.14525428,0.24123144,0.29101256,0.8033273,0.64594,0.2727761,0.1929569,0.22727767,0.42845353,0.15397754,0.09517269,0
1342,6.5,1.69,6.4,1.28,129.19921875,0.1034105613873839,2493.3016510510574,-97.117294,84.93007,-5.251605,30.273342,3.3133185,6.9017262,2.4094522,10.6981125,-1.4518012,4.845142,1.6919782,4.752734,-1.5994939,0.45232815,0.3534117,0.38748232,0.4384761,0.3611804,0.4132967,0.32655743,0.45249036,0.50291544,0.36464745,0.38487658,0.3869634,0
1343,6.0,1.0,5.4,1.62,129.19921875,0.08215520994582043,2158.778464331875,-149.67873,99.32859,3.2637231,17.005987,3.4178622,4.555324,-10.032268,-3.3814194,-10.576778,0.47553667,-4.857871,1.5127021,-7.4863977,0.37808558,0.17685267,0.30878985,0.19166896,0.3275367,0.41042376,0.2999698,0.46100327,0.29376674,0.4345735,0.21625207,0.40210623,0
1344,6.3,1.35,5.5,1.43,129.19921875,0.04415090460526316,1442.301127799336,-220.71872,136.4466,4.9127483,16.259148,9.669614,2.857586,-1.3525486,10.504531,12.520579,12.473607,4.9984174,3.1977232,1.5282309,0.530185,0.40454662,0.42042413,0.3298009,0.38618672,0.31826073,0.35826543,0.6432105,0.46559092,0.43770838,0.43144628,0.5485576,0
1345,4.5,1.12,2.9,0.83,129.19921875,0.034617326577012386,1469.5481200656723,-235.4481,119.52314,40.443516,27.192495,13.649487,19.14654,2.7134423,3.4607303,1.6853583,6.275701,0.351279,4.6802177,-0.85127026,0.4100165,0.35303876,0.3485467,0.38111776,0.3689167,0.4805526,0.39383724,0.37235284,0.46637174,0.4866246,0.46456155,0.37530297,0
1346,6.5,1.12,5.6,1.69,117.45383522727273,0.07154403702270382,1895.0815740976832,-228.3112,114.77871,3.4403512,17.947695,46.370567,-3.7077847,13.307183,-2.4319153,-3.3590093,7.157707,-2.6344738,11.161452,-2.032337,0.41795602,0.37762794,0.37463883,0.3683337,0.30069,0.37453908,0.3503333,0.42182362,0.58370394,0.58506864,0.65946716,0.5022879,0
1347,4.6,1.02,4.0,1.0,117.45383522727273,0.06410341686016512,1598.6593119689992,-203.7399,131.02902,6.9133344,19.638243,3.5681078,3.6570253,-6.4312577,0.83100206,-7.316159,2.618067,0.6023101,2.1954355,0.63109857,0.11737986,0.14905308,0.4227893,0.3108925,0.123884365,0.17610049,0.2147102,0.08355497,0.11108574,0.18916062,0.44266656,0.23592962,0
1348,5.8,1.25,6.3,1.42,92.28515625,0.11395194385319918,2675.9422873611975,-106.23926,72.45448,-2.4456153,38.719597,9.421066,3.6743355,6.6022286,5.3228307,0.4893433,5.553693,-5.295882,4.2102475,-3.2169123,0.5878552,0.5595333,0.40600565,0.40178648,0.3476274,0.46286222,0.6276009,0.54099417,0.45301813,0.40634635,0.5792221,0.57462806,0
1349,5.2,0.87,5.2,0.98,103.359375,0.08584553784507223,2013.903498459675,-138.98401,119.77411,-4.4360085,43.777008,6.943801,9.008833,1.2961947,6.2735715,-3.8568926,4.6868935,-3.0276356,3.5204892,-1.9320498,0.563945,0.76287043,0.43961638,0.27837816,0.31035078,0.34348896,0.5636706,0.35892478,0.2577429,0.25789073,0.35938826,0.5678089,0
1350,4.0,0.89,2.6,1.02,92.28515625,0.06231179252128483,1165.6448273557273,-272.5133,159.29715,-29.653646,9.4233465,2.3943803,-3.8046336,-15.306168,-0.13034344,-10.645031,-5.9852834,-13.581084,-7.304862,-1.8438692,0.664504,0.21528,0.23599122,0.105711944,0.21316017,0.10551895,0.09596716,0.2265223,0.049860947,0.026862051,0.12560911,0.54694474,0
1351,6.3,1.27,5.9,1.22,129.19921875,0.10971236253547471,2960.769897065778,-104.89626,60.673676,16.128418,23.149223,6.7269897,14.270077,5.24388,5.6383066,-0.6235478,3.987415,-1.644123,4.331774,-1.8851504,0.458485,0.5468668,0.35279095,0.30132607,0.3031267,0.43601185,0.41585344,0.43293512,0.55610883,0.39944074,0.38999563,0.34136757,0
1352,6.7,1.49,6.4,1.43,63.02400914634146,0.12248577987938597,3539.1425662809106,-124.68995,40.239716,40.747826,30.043587,13.456265,18.535818,6.210133,16.83392,3.0273836,13.947185,-3.1601658,10.963341,3.1333835,0.5461808,0.4034989,0.29273263,0.2714684,0.44047263,0.34187362,0.3772068,0.5785971,0.74993896,0.86059284,0.70912004,0.60687953,0
1353,5.3,1.19,6.4,1.28,117.45383522727273,0.06417723853521672,2012.1840532338824,-132.45201,108.21706,21.502401,23.176172,2.7605345,12.708909,1.4231672,12.045673,1.7849308,7.4338813,1.8898417,7.6571913,1.3104519,0.6576522,0.572108,0.52385944,0.47199917,0.4797859,0.43376362,0.42247978,0.6365249,0.45636433,0.40050367,0.43808246,0.50641567,0
1354,4.6,1.2,2.0,1.1,71.77734375,0.020204715315402477,709.735655095139,-297.11642,135.60175,20.401594,47.811848,34.523834,12.602334,10.28255,6.460614,-4.2136254,-8.159876,-7.0635715,-1.447095,-2.44842,0.27472955,0.20949621,0.23211724,0.40577173,0.8912573,0.4106723,0.27148613,0.44773525,0.32212076,0.34484893,0.28038204,0.3291286,0
1355,6.3,1.35,3.8,2.18,117.45383522727273,0.04011137246839525,1638.0878568539147,-221.01045,110.58586,46.575367,31.231398,2.009538,11.661635,-5.7096243,7.4066415,1.7311684,3.2725139,0.3098341,6.051533,2.1727312,0.7057319,0.32318807,0.15417838,0.20698869,0.49049315,0.24919675,0.17995274,0.35687363,0.39664873,0.51447463,0.4080549,0.52268153,1
1356,5.2,1.94,5.2,2.27,99.38401442307692,0.04574550317659959,1716.922636042372,-208.81018,100.37219,32.777386,29.970596,18.48581,26.569696,8.106481,-0.10829967,-2.5927129,9.389827,10.318267,7.083115,-0.2367628,0.44738913,0.40963414,0.38778034,0.43422484,0.46715754,0.52097905,0.48635414,0.6039089,0.81705105,0.719337,0.5525011,0.46983454,0
1357,4.5,1.5,6.0,1.79,117.45383522727273,0.1438270466492518,3153.7394663398204,-88.34305,63.72679,8.811902,23.471527,3.9074621,19.188152,1.8474371,11.90827,-1.3285094,8.244232,1.599354,11.789128,3.2530622,0.5265928,0.6640507,0.8003855,0.6154043,0.50802356,0.5298236,0.48570687,0.5647283,0.51857054,0.51255685,0.5298272,0.5015146,0
1358,6.0,1.34,6.0,1.48,117.45383522727273,0.127480710623065,3417.630561731571,-112.06613,39.223404,10.352254,26.331564,6.5900393,14.78287,1.0715438,8.183168,1.9645916,6.317766,0.020421786,3.9228199,-0.73334444,0.49071267,0.45333794,0.55298316,0.3941615,0.33926916,0.3603559,0.3885387,0.27327845,0.309573,0.5502309,0.35301772,0.33943027,0
1359,3.6,1.74,3.4,1.69,129.19921875,0.1562215295246388,2634.282785066337,-169.04755,115.42167,33.021824,-0.4459056,12.338235,18.361862,2.6369805,15.761786,-9.555668,8.949862,-0.34016478,5.1271024,3.4474394,0.7953329,0.67796046,0.5666042,0.4914839,0.41792116,0.30359688,0.36217847,0.5013534,0.45214015,0.4033069,0.49429885,0.59882,0
1360,5.5,1.36,2.9,1.04,86.1328125,0.04452102078495872,1338.5600998133946,-186.51671,137.21336,17.636003,31.42403,13.384532,19.86441,-6.181263,-1.6173087,-8.579191,2.5735626,-5.61701,-3.6159925,-5.651511,0.23730515,0.27497727,0.27897766,0.522458,0.27520606,0.35473368,0.31133538,0.2749614,0.33401433,0.36488312,0.7246867,0.35039496,1
1361,4.4,1.56,2.5,1.43,123.046875,0.03748350605046344,1195.5424164400831,-268.3471,121.874405,30.705462,42.033344,14.184592,14.950729,15.047557,15.962279,-5.3319173,3.4477036,4.4906745,-3.1748855,-3.3136744,0.10697198,0.20238306,0.5621218,0.7645959,0.6164322,0.41882032,0.33106062,0.5238755,0.19923861,0.052479804,0.080294885,0.07390873,0
1362,4.4,1.56,5.4,1.28,198.76802884615384,0.064873127499355,1418.8364142904359,-188.18712,142.54564,-16.698841,45.933296,5.307603,18.13282,5.7349596,5.2750793,5.0071945,7.328563,4.108685,10.035701,-4.0142374,0.5899429,0.48601478,0.4237425,0.4057997,0.4841238,0.46151802,0.4804603,0.5120432,0.5881976,0.62659127,0.64278924,0.62260205,0
1363,5.1,1.37,3.6,1.02,123.046875,0.1400518112261352,2140.2624616978633,-115.95864,104.429924,-58.67669,37.647007,0.66130793,1.5726874,-1.1697685,2.6626005,-8.822695,1.6652911,-7.605505,9.000125,2.8329182,0.6011717,0.28048673,0.35434085,0.28676742,0.6054836,0.29374838,0.25295833,0.4220783,0.23470597,0.2388727,0.2728061,0.50729656,1
1364,4.3,1.68,6.2,0.98,123.046875,0.055447384545923635,1709.5806473041976,-122.50695,111.22185,7.5558224,20.884998,21.487066,23.657461,11.057515,8.675971,0.2669776,3.4791036,0.9782984,9.308058,1.9399807,0.4536773,0.46962687,0.4930895,0.441798,0.46936014,0.45341703,0.539219,0.40783563,0.34805912,0.2897146,0.27714315,0.6263664,0
1365,6.5,1.5,6.4,1.69,129.19921875,0.10036522832817338,2772.608277773077,-135.62929,67.53535,8.997396,20.994703,7.19991,12.767781,2.06209,4.576202,-1.8312153,3.533143,-2.025595,5.0815797,-0.48243222,0.5043155,0.4544055,0.5000323,0.44393125,0.46822518,0.4200047,0.40976906,0.53335935,0.44460645,0.40458152,0.40956476,0.47047532,0
1366,5.4,1.69,6.3,0.9,129.19921875,0.0771088811758256,2086.154010181078,-142.43697,100.382515,-2.8534627,28.117302,3.58715,10.190532,6.384478,11.03642,2.903782,7.0169687,0.07838426,2.3133757,-1.7735482,0.42730588,0.38080212,0.31143677,0.3840515,0.61667126,0.4588728,0.32806465,0.3870134,0.49240318,0.6573462,0.5309434,0.5277947,0
1367,7.1,1.37,7.2,1.54,95.703125,0.08495413482004643,2557.4929300306817,-98.73349,76.63397,10.096493,22.011784,4.5160346,10.615164,3.1008232,6.91143,2.1274827,4.7237024,-1.8052447,5.922644,-1.4624897,0.4136015,0.33020785,0.36517102,0.32070354,0.38663605,0.2983423,0.40364343,0.44671237,0.3082586,0.32716006,0.34467652,0.5256194,0
1368,3.4,1.36,3.3,2.15,143.5546875,0.03766101715370752,790.1514282507234,-258.6796,179.55002,50.499947,-2.5119927,6.3500943,3.8393407,9.125193,10.3486185,2.5801547,5.0095453,2.901327,3.2383058,-1.3123057,0.22608934,0.39534748,0.37202516,0.26900992,0.32261065,0.3040628,0.40137878,0.25580066,0.29496595,0.5696915,0.28701112,0.22670917,0
1369,6.8,1.47,6.6,1.62,129.19921875,0.08043413191756967,2602.65622961264,-92.75534,78.85997,13.031091,20.246708,5.131768,10.486907,1.0096343,5.442152,0.0050777597,4.0350604,-1.8696375,4.0832105,-1.1922857,0.44627938,0.36235797,0.37819067,0.3455421,0.5155876,0.51503354,0.43190825,0.49659544,0.42028046,0.42132133,0.32222942,0.35999167,0
1370,4.3,1.19,4.1,1.22,135.99917763157896,0.05313648897058824,1052.3376589718223,-281.89734,144.15309,-2.8196387,9.694374,28.46689,6.9811525,-2.4611962,5.716365,-4.0910597,-7.418063,-4.93656,-0.38492334,-1.9624325,0.5063088,0.32246605,0.26392373,0.29375672,0.56134826,0.2455631,0.2359453,0.27696973,0.27841732,0.39882767,0.37847763,0.6518713,0
1371,5.7,1.68,5.4,1.69,123.046875,0.14786976618820805,2609.4972038647757,-102.43298,79.02977,-0.4660033,29.627243,1.0903581,14.228952,2.3595207,0.49373737,-3.4900322,9.498294,-3.4866698,2.8465757,-1.17734,0.7454462,0.45592397,0.35818583,0.33402035,0.48417535,0.44408348,0.42936042,0.63399255,0.49627367,0.45432532,0.32717127,0.44005275,0
1372,4.8,1.47,5.2,1.25,99.38401442307692,0.14606538030508256,1844.1106041861606,-221.41628,114.24046,-36.592896,30.588749,-0.08242026,5.1283436,-7.233849,-1.8536285,3.9203115,3.061259,-3.6239135,-1.1752859,-1.2484069,0.2045163,0.10919774,0.13914995,0.2679338,0.26664627,0.118509725,0.12132431,0.20323977,0.29470697,0.6126609,0.33442807,0.27407834,0
1373,6.6,1.11,5.7,1.73,123.046875,0.08036308170472137,2249.003278260497,-134.39409,88.772545,0.64189935,17.854162,-1.9156805,9.205754,-3.918599,3.9744732,-3.4723144,2.9177928,-2.2422264,3.3421228,-3.2127793,0.27984217,0.33710498,0.27418876,0.3959131,0.49383676,0.31029376,0.39641482,0.28623837,0.41673225,0.40205324,0.30859932,0.4079591,0
1374,6.0,1.1,4.1,1.37,117.45383522727273,0.023874887125902994,535.9290491217844,-289.008,212.0241,11.446784,26.156456,21.799587,8.703409,8.901348,13.329748,2.9488049,-2.9833803,-6.5966387,-2.2035484,-2.5143697,0.4261197,0.5044322,0.6712584,0.542674,0.47248602,0.39117086,0.4955073,0.48814026,0.31750596,0.34489122,0.30875552,0.45163113,1
1375,5.6,1.69,5.6,1.74,117.45383522727273,0.04477523945433436,2153.4891648470007,-158.26106,76.675285,37.317467,25.427832,25.155565,29.34576,25.754583,21.239248,7.770748,5.7512274,4.244191,4.366151,0.25865054,0.69643766,0.5819113,0.49130708,0.44103482,0.38048446,0.39203066,0.4830108,0.58642566,0.6323177,0.6243875,0.624808,0.6698674,0
1376,7.0,1.48,6.6,1.43,135.99917763157896,0.0940536010868163,2427.562896225726,-142.636,81.30684,16.534393,20.82592,3.136798,14.977793,3.5247128,7.538851,2.4226394,10.648983,4.1628776,10.465207,1.5802422,0.22103107,0.2798951,0.70986223,0.32467768,0.38971007,0.37440696,0.22198665,0.2842286,0.21144575,0.34310248,0.21332215,0.2017515,0
1377,3.7,1.85,3.1,1.58,117.45383522727273,0.07811114268898349,1352.7510981986336,-255.49333,141.90376,3.7914052,40.120274,-1.606748,0.702338,-2.3610716,4.0069957,-1.873309,-0.70819676,-9.581622,-2.3610897,-3.734693,0.5622918,0.15925328,0.10448812,0.12590063,0.3982053,0.48099625,0.2529811,0.35408485,0.1877861,0.2995537,0.103669934,0.2687311,0
1378,5.5,1.69,5.7,1.62,151.99908088235293,0.09771520655959752,2185.786463389411,-166.25348,105.99864,-5.0500655,53.97054,24.336836,14.301267,-5.8115478,4.577288,3.7356594,7.9510856,-4.382074,-0.5342336,-2.2285173,0.31815368,0.34183863,0.5099473,0.5189423,0.51209307,0.33860913,0.19351614,0.33607203,0.6228012,0.6005763,0.4110629,0.29834783,0
1379,5.8,1.33,5.7,1.49,117.45383522727273,0.1090487233133385,2523.07644229881,-126.32367,78.17089,4.408712,35.931416,4.7130237,9.609801,-1.7813172,6.799631,-1.3292477,5.9864216,3.8960953,6.4081674,0.10715638,0.5415176,0.42329714,0.57297164,0.34754038,0.36778775,0.38138658,0.2808778,0.43639913,0.32481194,0.5074643,0.2590383,0.3026207,0
1380,4.1,1.37,4.5,1.57,78.30255681818181,0.08692464444659442,1617.5961544006395,-273.28012,106.76522,-0.63838464,55.961678,10.498627,-6.7296395,4.3629117,13.730629,-2.194171,-3.637131,1.6584581,5.4496965,-2.515407,0.27454245,0.23862939,0.40155324,0.39187145,0.52866393,0.49836934,0.47282255,0.3915129,0.23750366,0.15722907,0.18059334,0.28411493,0
1381,6.1,1.92,7.1,1.14,151.99908088235293,0.10526114228586171,2777.6133642716454,-80.69052,81.399124,16.182161,12.395306,10.142805,8.570637,6.4479795,7.9178166,4.65379,9.101154,2.0853987,7.576236,0.93432647,0.4136163,0.52515715,0.46049345,0.6399544,0.43303922,0.45492238,0.4269614,0.36726373,0.46226615,0.4298663,0.6328268,0.43718573,0
1382,4.8,0.98,4.7,1.55,129.19921875,0.05431637601586687,1126.828319141118,-197.37697,170.19966,-20.38056,20.320505,-0.011686249,0.5299475,7.6766386,3.890133,-5.3315983,1.4847087,-1.9610224,0.08267864,1.7379473,0.3217388,0.37563473,0.42982334,0.4893575,0.4990929,0.42561153,0.45438004,0.37586156,0.3726711,0.33213198,0.37369242,0.40221182,0
1383,5.6,1.28,3.0,1.48,95.703125,0.046580721104231164,1410.1201068298878,-138.12167,136.32736,1.0214683,24.246887,1.3225199,16.667246,-4.8457413,2.0925562,-3.9721727,4.092764,-4.382828,-0.17937678,0.08486356,0.32071775,0.49940544,0.27299023,0.22614491,0.20595655,0.4071098,0.6918228,0.36477488,0.44550452,0.34905094,0.73903143,0.41617993,1
1384,5.8,1.33,5.4,1.2,143.5546875,0.06386456720846233,1758.3988306389067,-143.08061,128.95143,7.963326,4.2597823,10.536446,10.982034,-0.27063724,5.8499136,-10.84423,0.8733864,-7.850271,8.602713,-4.699399,0.38584775,0.48238713,0.42421716,0.71373284,0.4300074,0.21701305,0.26078293,0.367247,0.81240267,0.3150233,0.2290524,0.30696622,0
1385,6.0,1.41,6.0,1.1,92.28515625,0.0901473510868163,2277.1878558219337,-104.155716,95.443085,-6.4252844,15.810055,-0.43102196,4.2051296,-7.1539946,4.3471704,-1.4457144,4.94333,-0.34121576,-0.7086266,-10.162956,0.3186446,0.52102166,0.32719046,0.43887198,0.33503926,0.47134355,0.7254148,0.37544996,0.55863476,0.31712383,0.36950022,0.25405502,0
1386,5.9,1.81,5.0,1.95,123.046875,0.08761473853521672,1623.0745045193953,-111.26718,133.26018,-17.80897,36.649555,1.1187594,-1.6650931,-5.041963,1.5030693,-1.8305304,-2.0052664,-2.0598533,2.7974555,-1.8921399,0.5104714,0.26747665,0.42244518,0.2745708,0.52003753,0.4143173,0.29524145,0.5995452,0.26720226,0.243029,0.20273332,0.45224196,1
1387,6.1,0.94,4.5,2.11,60.09265988372093,0.04013304026380289,1920.4420999322579,-138.04591,81.92376,10.730336,27.528088,5.0360265,9.976016,-3.7006786,1.9571902,-1.6027697,4.9294667,-1.7218496,1.7376406,-2.445219,0.53191215,0.23646376,0.27583364,0.22779147,0.4175364,0.282877,0.22009958,0.27625448,0.19764183,0.19971702,0.16421695,0.34433672,1
1388,6.8,1.47,7.8,1.08,123.046875,0.11859867816369969,2885.2964384220204,-78.87563,67.687256,-1.7130816,22.841356,18.444723,12.379728,5.7451577,10.331285,2.076269,2.2181785,-1.5878617,3.362321,-1.7232375,0.5036093,0.4900564,0.5955066,0.54051405,0.52396345,0.5603343,0.46215856,0.5066217,0.49684528,0.5811123,0.544553,0.47021157,0
1389,4.2,1.47,3.3,1.27,95.703125,0.05020705342169763,1163.9497551535694,-240.85815,154.23138,6.5325513,30.169426,16.957584,9.054381,-5.1318955,3.8470407,-7.7211146,2.235758,-7.5589166,-7.050722,-6.3158207,0.55057925,0.29476812,0.18045866,0.23815387,0.59370893,0.33214203,0.22739309,0.42884928,0.3451216,0.46432224,0.35030067,0.3592562,0
1390,6.1,1.3,6.3,1.49,69.83741554054055,0.20344548181114552,3570.844349287536,-129.97882,34.42329,6.131436,40.48627,13.231361,19.309221,1.4001633,9.277711,-1.5012326,3.2502038,-3.6440334,2.256693,-1.6821152,0.57634544,0.56653523,0.62291086,0.57887733,0.5348173,0.5275736,0.51270515,0.51306176,0.5026094,0.59787744,0.566025,0.5104172,0
1391,4.3,1.55,5.7,1.19,161.4990234375,0.08452909329850361,1770.2831253859329,-117.26872,126.01103,-27.23568,23.59051,0.41096187,20.118332,1.5439041,13.489263,3.1166399,11.082104,-3.3913765,4.5880966,-2.2583528,0.3701964,0.35106543,0.38532618,0.3581879,0.4775137,0.33163524,0.3306378,0.46401262,0.4882947,0.6298054,0.4177851,0.39724264,0
1392,6.2,1.72,6.7,1.68,92.28515625,0.15720590250902994,3097.8200116927915,-61.018414,53.122116,-9.205266,32.944805,15.061032,7.0719852,8.548951,6.0997486,3.7069905,3.3604145,-4.0077076,7.2782164,-2.495096,0.47490883,0.5100026,0.5511551,0.5571318,0.43315765,0.47736242,0.40315107,0.602936,0.4869228,0.4276844,0.54341036,0.47497335,0
1393,6.2,0.75,4.1,1.45,89.10290948275862,0.045545957897961814,1770.9044888998426,-190.69295,107.02113,55.356457,20.393436,7.8752522,2.1927788,12.303885,7.2154818,12.644834,11.889524,4.4928975,4.822677,3.4179566,0.52829415,0.32366127,0.26437822,0.26655284,0.43642095,0.30172688,0.2892148,0.46939412,0.5463245,0.7217676,0.499975,0.46322677,1
1394,6.0,1.34,4.1,1.58,112.34714673913044,0.0931906685371517,2004.6871633604183,-173.75711,121.395424,-2.7932742,9.116527,6.298074,3.6652446,-3.8600693,10.236605,-1.7953753,-5.2736487,-1.1088533,2.2702656,-8.1915865,0.458199,0.32518974,0.4227205,0.53908384,0.5053789,0.47993046,0.28374445,0.42860922,0.30027306,0.5858918,0.36721426,0.25432217,1
1395,4.7,1.55,3.5,1.2,60.09265988372093,0.06694794488519092,1417.2017865711794,-186.43443,152.05305,-6.943155,15.495882,-13.313832,-9.164632,-17.158028,-7.99055,-6.298255,-7.6865005,-10.471364,-1.8551251,-0.8458403,0.6839327,0.2218128,0.3169619,0.1793458,0.4613132,0.22134356,0.17808193,0.5651667,0.15069515,0.09355537,0.07927505,0.27662525,0
1396,6.1,1.7,6.0,2.05,95.703125,0.08670544698142414,2395.878378154667,-129.63657,83.259094,22.588118,32.349968,5.996243,17.23211,3.4353695,6.2481227,-0.8690795,4.348899,-2.603874,1.8465497,-1.5629884,0.45127282,0.43701395,0.4818572,0.44811273,0.46574375,0.5659864,0.44707048,0.4357339,0.50670624,0.49769768,0.42846614,0.48119783,0
1397,4.3,1.49,3.3,1.62,117.45383522727273,0.04022172705430856,903.8563170498799,-313.89365,158.52567,57.55687,4.0268593,-10.534961,-10.822703,-9.432954,-1.1493113,0.30599153,5.7577066,0.55212563,2.0333135,-0.42360753,0.18748991,0.30578873,0.34451446,0.6818965,0.3122756,0.34827426,0.2710128,0.25164837,0.29626265,0.2159621,0.3369701,0.19668645,0
1398,6.9,1.51,7.6,1.69,129.19921875,0.07408320030314758,2167.7417728735973,-110.96597,88.26308,5.241093,29.468494,7.2439475,18.431036,2.154679,6.351244,1.741743,6.6573935,1.2638849,0.561933,-0.77307487,0.5310416,0.4725606,0.5207184,0.47213632,0.44171697,0.5302381,0.5450637,0.62560844,0.49378374,0.47189948,0.5046981,0.4675711,0
1399,6.1,1.7,6.4,1.62,117.45383522727273,0.17372482504514963,2944.998695737899,-174.51317,71.03512,7.6279187,19.395996,-8.900314,12.492744,7.2064133,5.4435782,-2.1000535,0.69469464,-1.7554104,7.7733946,1.7424681,0.5211998,0.5927584,0.6818477,0.5632089,0.43494296,0.4613901,0.4802717,0.51269007,0.5081616,0.5234768,0.49919936,0.52311385,0
1400,5.6,1.85,5.8,2.27,129.19921875,0.04925644188596491,1886.3388387643713,-112.52077,97.85144,10.248396,33.70237,6.6747746,13.257706,0.25344196,7.9594116,4.1077924,7.1521063,-0.30235404,-0.0050531314,2.3575952,0.45510945,0.41336998,0.3262125,0.38252175,0.39532295,0.61113364,0.5687103,0.4664453,0.42037797,0.39086404,0.37995398,0.31558117,0
1401,5.8,1.54,5.3,2.1,135.99917763157896,0.07717640407314241,1731.1770331675323,-161.94804,116.881,-12.252297,35.329254,-8.770519,4.3773975,-3.1960924,9.5153265,7.187053,8.052024,2.181631,7.080086,-3.5195105,0.24003157,0.19277443,0.15689005,0.28538728,0.531585,0.27117217,0.4306053,0.22946118,0.33958298,0.25329813,0.3311166,0.49155015,0
1402,5.6,1.2,2.5,1.28,135.99917763157896,0.034649324367905056,898.6135082635033,-312.57452,159.4834,23.664303,29.30195,-5.7385926,-6.9228578,-2.3419895,-3.7785006,-3.1341698,-3.7928276,-10.417102,-7.755558,-11.400486,0.074994974,0.20225522,0.4065079,0.28022176,0.2539101,0.22054927,0.3662058,0.28515399,0.18741791,0.4207532,0.31784987,0.10573358,1
1403,5.6,1.2,5.1,1.37,112.34714673913044,0.07835855867840558,1874.3691460570242,-135.10799,117.750885,-0.96606445,14.829506,-3.9689567,-2.088647,-11.899527,2.218182,-5.6061444,2.5185208,-2.7744012,5.009772,0.8162571,0.21615168,0.5376846,0.2326513,0.24979953,0.189316,0.19189046,0.42969224,0.18092886,0.22707671,0.14360844,0.2931314,0.27546075,0
1404,3.8,0.98,2.7,0.78,161.4990234375,0.06614274909886715,1472.3498998920084,-270.51147,155.9218,10.921659,-24.98306,-18.501791,3.3692634,-9.208885,-19.169292,-14.8421955,-3.5800357,-12.750764,-5.5495763,-3.273931,0.33525074,0.27331907,0.38298568,0.5977636,0.3775926,0.16944689,0.2596101,0.29675692,0.7410228,0.2974418,0.23373385,0.5582141,0
1405,3.7,1.73,2.2,0.75,117.45383522727273,0.04808033410732714,1287.935145139947,-349.28564,113.66562,18.368933,20.84834,10.267309,7.0107346,-0.19863065,0.9148318,-8.820084,-7.5417457,2.3798664,-8.007262,-7.013815,0.44430572,0.31716564,0.31456897,0.20827971,0.2554731,0.25579035,0.18446228,0.19923052,0.16009678,0.17760676,0.17962281,0.33494312,0
1406,3.9,1.7,3.7,1.73,80.74951171875,0.05903264883255934,1766.513099478195,-271.0538,101.64344,20.874569,31.508335,9.859024,18.105497,-5.5434656,3.882814,-8.234245,-0.19293182,-5.421637,-7.646069,-5.5972195,0.25092962,0.21295659,0.21419033,0.20225453,0.2603366,0.34573624,0.3605263,0.56144804,0.3763845,0.2243794,0.15056382,0.15739857,0
1407,3.6,1.36,3.8,1.25,99.38401442307692,0.0739516818240454,1380.0544407257971,-183.79459,149.29274,-27.182362,11.900881,0.32397926,2.240032,-1.4556302,7.0016074,-8.908492,7.2870626,-1.4684676,2.9502573,-3.8062553,0.22958206,0.25893307,0.27881795,0.25341025,0.4245495,0.34952983,0.58248097,0.4530569,0.31897104,0.27155745,0.22096778,0.38401625,0
1408,4.2,1.54,5.0,1.1,117.45383522727273,0.04025165264423077,1341.221720123878,-186.77364,137.99461,10.77731,25.322569,9.883987,13.016818,0.4274705,5.0324254,-6.191621,1.822836,-3.502797,2.8210084,-2.0902584,0.48584196,0.37909636,0.35410455,0.33318865,0.4266576,0.4662271,0.3870928,0.5309061,0.47952792,0.5968679,0.40722153,0.36475214,0
1409,4.9,1.22,3.7,2.0,123.046875,0.06502127475167699,1403.9515898240197,-156.44424,147.34595,-1.1940979,13.186566,11.5039,-11.19917,-1.4696875,1.7431215,-6.451044,4.323386,-4.792628,3.047408,-0.5251452,0.38803166,0.22259733,0.35557568,0.42606977,0.21307467,0.23914544,0.21831647,0.40177414,0.39109924,0.3210468,0.54104143,0.3137745,0
1410,6.0,1.0,4.4,1.62,123.046875,0.07162239381772446,1676.5088536859855,-221.39476,123.466,1.4210881,22.058268,5.7909193,-0.89457864,-0.9759823,-9.603965,-11.245878,7.6871796,-7.290643,-5.4235706,-15.170728,0.4019227,0.2819497,0.26702902,0.21416283,0.3640918,0.2994579,0.2660092,0.37946057,0.2135173,0.37883446,0.18808584,0.30300918,1
1411,3.9,1.87,2.7,0.46,123.046875,0.07560851231940144,1668.1238982190894,-143.34685,130.55084,-17.984907,33.474335,10.29117,0.14795521,-6.4927125,10.238253,-16.382128,3.2516754,-6.2388277,-1.9846708,-1.7979003,0.37748644,0.53930306,0.3415299,0.26627702,0.20886205,0.362789,0.4589036,0.3015189,0.21863554,0.23638451,0.46704894,0.40435126,0
1412,4.6,1.11,3.2,1.25,95.703125,0.047662599167956655,1453.7499404697976,-158.91249,125.2798,12.811651,36.485897,5.9773297,8.754693,-2.2788217,8.771779,-10.846798,0.20383097,-5.7263603,-8.775941,-11.924379,0.27147478,0.51445425,0.63791394,0.39973974,0.40498284,0.25905225,0.18375073,0.2914414,0.3622698,0.4753263,0.23686515,0.1882157,0
1413,4.3,1.42,4.1,1.22,143.5546875,0.07597736874355006,1427.1163996801815,-156.9629,146.63652,-46.32861,38.69405,21.290989,1.6894624,-0.035283264,-2.3905146,-12.303408,-3.9174356,-13.093961,-8.823759,-3.5877588,0.42616004,0.31065378,0.33153167,0.33919245,0.48489627,0.25722036,0.26922217,0.3521827,0.34731472,0.42752475,0.32873815,0.5141902,0
1414,3.7,1.1,4.0,1.26,172.265625,0.06234253055663055,1573.2026481119437,-218.18108,123.83374,6.3453684,21.863358,19.072369,14.133924,-0.5897944,9.08392,6.0821443,-0.45142773,2.307499,13.459652,7.3177485,0.46364957,0.46820885,0.2613931,0.19217117,0.29975742,0.32746807,0.7190729,0.54800624,0.28256157,0.25799948,0.37742928,0.34864792,0
1415,5.7,1.1,4.7,1.27,99.38401442307692,0.09102943192079463,2973.37074450649,-150.22896,56.073055,25.56221,35.17455,11.834874,19.765722,4.901122,16.603127,6.4605465,2.9637399,0.40284866,6.0192323,-2.0404828,0.32697067,0.30171046,0.43145603,0.523432,0.69051194,0.85939604,0.4174456,0.2141017,0.13486856,0.16330238,0.19669124,0.209487,1
1416,4.4,1.8,2.7,1.1,107.666015625,0.043505306224253346,1145.6906403260887,-265.7213,138.45532,25.630081,31.43174,7.7378044,16.419193,-6.372263,-1.2751249,0.18176709,-7.440745,-5.331644,-9.70463,-5.976948,0.25030696,0.12019493,0.14993058,0.2270772,0.1969268,0.52137303,0.24503092,0.3180323,0.21258122,0.20071974,0.43782055,0.2397519,0
1417,4.6,2.2,2.4,1.11,123.046875,0.027361350251029867,597.3971732039317,-345.67798,167.14537,57.557907,42.595905,12.4605255,10.106154,-4.101947,-10.223922,-6.191148,-10.302133,-9.374073,-8.308931,-4.4786925,0.2759587,0.1402121,0.24121562,0.15757927,0.19012995,0.091993466,0.23779632,0.34970447,0.21130852,0.24919666,0.23091017,0.48493963,0
1418,4.3,2.0,3.8,2.27,151.99908088235293,0.0688237701950309,1366.859277175113,-264.46115,144.9813,-36.284554,-7.2371516,-16.554726,-12.031926,-28.825897,-13.650263,-17.747665,-24.48757,-18.5578,-12.804645,-3.233342,0.1901486,0.26064274,0.22672495,0.16801834,0.12632516,0.17734715,0.59126043,0.55887985,0.10667786,0.20638931,0.5320372,0.24290174,0
1419,3.7,1.0,2.5,0.81,143.5546875,0.03462623101184346,1266.501220419788,-221.14871,132.34793,3.8421986,33.03382,11.784376,8.173827,17.315195,10.441071,-3.6838787,2.273685,3.4132714,-2.1486952,-7.919788,0.5855746,0.52273864,0.43018696,0.33540955,0.25019413,0.22287473,0.2941018,0.46010882,0.3615011,0.39419398,0.5766296,0.68459773,0
1420,4.8,1.54,3.1,1.37,135.99917763157896,0.05660761940466976,1571.6689341697324,-241.89325,116.25982,8.64975,24.371119,8.326612,2.7551548,8.954903,-0.25441182,-7.811166,-7.2781,-12.163045,-3.729313,-15.951317,0.18144503,0.47030732,0.34140095,0.2766641,0.47219113,0.2954775,0.26025596,0.25781494,0.32019928,0.42101353,0.25201398,0.20313147,0
1421,4.2,1.89,3.2,1.6,143.5546875,0.08754842583354788,1601.5954007026344,-241.62083,117.11346,-13.631597,46.699955,10.300971,-0.9956788,-5.8585854,-8.188251,-5.7091966,2.3262153,-0.32622153,7.4338613,-1.1796483,0.16306314,0.10114009,0.2049447,0.23318131,0.0818761,0.1465219,0.13229103,0.45118096,0.39495242,0.25446227,0.4010941,0.18823814,0
1422,4.1,1.58,2.8,0.75,89.10290948275862,0.05588754313402993,1663.4200701842042,-220.85812,116.39358,14.586565,19.267906,2.8892593,-3.978737,7.883134,-10.511751,-7.7765903,-4.7320743,-16.162464,-7.6156816,-14.715807,0.15595672,0.39462358,0.3868256,0.24511601,0.5266764,0.27044863,0.24694021,0.39288974,0.28789213,0.32637814,0.16854331,0.15515424,0
1423,4.2,1.33,5.5,1.96,86.1328125,0.0972501048116615,2356.4760966359368,-109.51761,87.04504,-24.441776,47.76015,21.686705,17.603792,-3.636434,7.838047,11.604081,6.4890585,-2.3484163,3.6004407,-4.6017346,0.43135968,0.32063675,0.37602696,0.43905187,0.6399358,0.6882703,0.4407849,0.40605506,0.50005275,0.45142958,0.40936118,0.43979815,0
1424,4.5,1.36,3.5,0.92,172.265625,0.07255083365583076,1788.416462267775,-139.5248,112.4489,25.632092,30.603563,-0.98202026,9.315696,1.1515378,-0.17170122,0.89223325,4.755673,-5.020145,4.5845633,-8.4266205,0.5949753,0.37632704,0.28668225,0.3148057,0.7201805,0.34584257,0.21156567,0.32969353,0.19557817,0.20798244,0.22278556,0.42807087,0
1425,5.1,1.76,5.2,1.89,89.10290948275862,0.05900140689499484,1945.260228183277,-165.32382,98.99167,20.086216,38.77233,15.384067,20.848768,3.7667916,10.3812685,6.1230288,4.7303405,-0.83431697,1.684493,-3.7770734,0.41607282,0.38577566,0.46317977,0.48607635,0.40501618,0.38199946,0.41800845,0.5131451,0.44190693,0.34127623,0.3333619,0.4045297,0
1426,6.6,1.62,6.4,1.28,99.38401442307692,0.11331778291086171,2392.97576309621,-109.95479,91.8697,-5.9043775,21.428745,16.861668,6.467396,-2.5346086,7.604191,-3.0426714,9.644482,-3.1886244,2.9402525,-2.5359251,0.40760225,0.26656204,0.33634445,0.25165477,0.37426668,0.51782185,0.36248147,0.47177288,0.41213158,0.57293636,0.3959112,0.3165454,0
1427,5.0,1.79,4.9,2.17,89.10290948275862,0.10243324303405572,2800.5665221124427,-118.559944,64.81121,-0.15894039,10.2930565,-4.0739856,20.114952,13.737161,13.741808,-2.1909752,15.366065,12.504807,13.701143,4.9671717,0.26841393,0.27857658,0.42216292,0.36096436,0.44840935,0.38099414,0.41124535,0.4667383,0.39703622,0.3766359,0.3126228,0.3438384,1
1428,4.7,1.9,3.5,1.8,129.19921875,0.06091539858550947,1441.426936265727,-354.63113,122.10023,-9.171034,2.4938948,-11.225336,-15.98475,-9.473126,-18.689907,-16.845886,-10.956565,-20.382313,-18.820198,-6.8842344,0.40224773,0.21177647,0.2966647,0.18934229,0.17049138,0.39507213,0.14223643,0.17507683,0.24397512,0.19327028,0.32289076,0.21804233,0
1429,3.0,1.26,2.3,0.9,135.99917763157896,0.056799530123583936,943.8263575586419,-418.298,154.69478,24.861929,-13.474787,-16.525621,-14.190617,-13.701564,-7.8278522,-6.043325,-4.9220095,3.0654955,6.6043983,4.953516,0.16308978,0.08631683,0.23480198,0.2057943,0.06998063,0.1289469,0.1833324,0.26080975,0.075926095,0.20057423,0.35528404,0.09768116,0
1430,4.6,1.36,3.2,1.66,89.10290948275862,0.046011059645897835,690.0452403839934,-305.6761,231.74693,-10.242901,-18.545013,5.1679726,-6.2774534,-7.405031,3.830348,-3.314869,-12.110336,-9.789364,-7.634355,-4.0078325,0.06961149,0.18455017,0.406189,0.25331712,0.2854446,0.17503858,0.41622722,0.2389445,0.187058,0.50413865,0.28537542,0.0822807,0
1431,4.1,1.37,4.1,1.14,78.30255681818181,0.05779078181437049,1325.276818424048,-240.81996,135.18465,9.816931,24.950485,9.883094,4.5081673,3.4940114,2.0610383,-7.9709287,8.946102,-5.566188,2.1622307,-7.743608,0.33258766,0.25075513,0.261412,0.24468458,0.37680182,0.28695247,0.2784522,0.20599957,0.19637373,0.29035014,0.33853373,0.4933777,0
1432,3.7,1.27,2.6,0.92,112.34714673913044,0.03482543819336945,1008.9352406075001,-207.92734,148.1122,21.85865,34.66567,3.972564,18.344446,-9.014452,-7.168512,-5.16178,-7.2425,-2.8407547,-0.07030403,-14.812719,0.24295649,0.391078,0.4600523,0.39244887,0.543461,0.30113477,0.20502742,0.18596327,0.14387862,0.15695904,0.14014609,0.2624445,0
1433,4.0,1.48,3.6,1.43,78.30255681818181,0.037089974764576886,738.5604232700557,-311.29114,205.26581,8.363857,1.4478922,9.064032,-3.968344,-1.968967,-1.9996579,-6.612715,-5.046873,-7.41091,-9.480569,-7.6596475,0.6058334,0.3115959,0.20289472,0.14319359,0.31112653,0.22833095,0.16240253,0.23389122,0.15518159,0.19930142,0.17872012,0.33481032,0
1434,3.7,1.68,2.8,1.17,123.046875,0.04222599812951496,1248.0755930443447,-258.253,135.76414,26.219408,26.079584,19.848627,3.6463885,1.1815506,2.6816192,-5.1657696,3.6577113,-9.767368,-4.716377,-9.496757,0.27201158,0.4136291,0.25362012,0.172874,0.25018632,0.21255153,0.30019763,0.2005239,0.30365565,0.36798218,0.27534813,0.3119495,0
1435,3.6,1.5,5.3,1.68,107.666015625,0.09416571933049536,2138.6043669959754,-105.233055,114.39115,-6.715295,16.567095,-3.1053085,4.5743146,3.4153135,10.195307,6.1351986,10.990396,4.73244,1.7589393,-4.998617,0.33524042,0.2908232,0.26274619,0.32627305,0.6129602,0.38112804,0.32734373,0.598031,0.39967418,0.50088847,0.37164846,0.3221634,0
1436,4.7,1.27,3.8,1.47,135.99917763157896,0.056417900219298246,1390.3808392930528,-223.75558,133.40385,-4.1134067,47.153435,5.27104,6.837146,6.8311725,-9.811267,6.916691,-2.6771274,-12.16218,-10.421747,-9.138797,0.22499605,0.39145783,0.4429674,0.24184313,0.25696155,0.2433114,0.36592975,0.30266872,0.26887488,0.2627948,0.20435442,0.30486408,0
1437,5.1,1.37,4.5,1.5,103.359375,0.06729034644285346,1872.9830369955998,-237.74294,111.509155,30.698767,22.202087,9.910617,1.9570215,-2.9602032,-2.8747725,-6.508972,1.0198011,-6.8995824,1.2268034,-7.565199,0.30541763,0.25293967,0.45906165,0.45676547,0.2361165,0.2342556,0.20293772,0.2743896,0.278848,0.27473223,0.40531683,0.2548016,1
1438,3.6,1.91,2.9,1.22,80.74951171875,0.05158533003990731,902.3385924423136,-333.25357,176.17374,-1.9545709,34.48101,47.92073,-11.448042,-24.768225,-11.651829,-9.952717,-6.5043793,-10.882374,-14.280067,-21.088821,0.2883293,0.20084868,0.15029149,0.096989706,0.17681366,0.5866041,0.31700072,0.17688419,0.13225389,0.35586426,0.5135237,0.25399044,0
1439,4.1,1.45,2.9,1.14,66.25600961538461,0.05149175212848297,1187.1898200394205,-260.59692,144.63177,16.588446,30.674404,-1.3176861,3.545884,-1.3411738,-5.809135,-13.065859,4.614829,-6.969989,0.1944257,-15.18683,0.19293405,0.13736969,0.20039415,0.20469159,0.5580495,0.24890138,0.15287085,0.19810745,0.25802445,0.29347354,0.20449243,0.38668266,0
1440,5.1,1.97,4.9,1.97,151.99908088235293,0.07607764528508772,2209.385082340234,-104.76378,97.86466,12.714069,26.273466,12.271259,8.87038,3.2201428,9.552811,-4.4167233,4.549231,-0.70998913,4.475581,-3.2167304,0.28953204,0.26870573,0.45756188,0.5425464,0.47001883,0.46261182,0.31659102,0.38319942,0.3147518,0.4509044,0.7008765,0.3642593,1
1441,5.0,1.18,4.0,1.55,112.34714673913044,0.0694553623258514,1501.9790757663839,-164.96431,138.07018,-8.091102,21.655956,-1.9755669,2.4015386,-1.3957461,-1.4961528,-11.260149,6.62785,-2.0657597,-3.0092418,-4.2521214,0.2959387,0.40024212,0.31726962,0.24806617,0.38832507,0.25154212,0.38575065,0.27265742,0.378132,0.3914768,0.2775231,0.38832423,1
1442,5.3,2.19,2.8,1.33,123.046875,0.061900837168511844,1585.5238487316465,-313.9169,109.99233,8.690161,19.073046,-10.864246,-21.535942,-20.171844,-22.873463,-16.701454,-4.057003,-9.803451,-6.833659,-2.2833514,0.31403697,0.09889568,0.12106139,0.11057302,0.34940463,0.28797475,0.16346154,0.28022668,0.12132691,0.21970257,0.09319343,0.20213442,1
1443,5.8,1.89,2.9,1.7,123.046875,0.04566739833268834,1169.4050277329488,-276.43167,125.6085,-10.161689,18.955988,-9.61293,-11.486885,-28.932566,-27.510256,-22.42745,-26.101868,-21.429123,-21.973713,-16.11027,0.25504106,0.12613398,0.21379314,0.13463761,0.27543345,0.26742667,0.23512849,0.50209427,0.20606194,0.30546707,0.07681356,0.10642745,1
1444,4.6,1.02,3.1,1.22,103.359375,0.03956083853630278,1468.5702185194361,-229.76413,110.548485,21.518614,34.196392,11.2507925,10.5075655,0.8756453,-0.67741233,-7.2770877,0.8904175,-12.539824,-7.8589997,-9.655064,0.34559196,0.19375639,0.24066307,0.16475038,0.18188639,0.11785093,0.16075785,0.21587491,0.21401797,0.41313028,0.3448681,0.36817494,0
1445,5.1,1.76,3.6,1.36,123.046875,0.053992290084320285,1565.4325565667446,-194.48582,110.82424,11.840622,30.380842,3.1084614,-5.1370482,-2.5515938,4.5902824,-11.984317,-7.9609804,-15.640755,-7.5302906,-11.538065,0.56264675,0.24277017,0.13271049,0.1729007,0.60831404,0.3485774,0.14572458,0.19789174,0.21685395,0.48099583,0.3849609,0.42835957,1
1446,5.8,0.75,3.2,1.25,172.265625,0.060998119436919504,1318.7325316842773,-267.0567,132.84799,-13.723619,3.898548,-16.029348,-22.368177,-16.620796,-17.165833,-18.223427,-12.397769,-16.002974,-16.354057,-13.786632,0.2803333,0.1194288,0.27046248,0.18032342,0.27761433,0.14682412,0.12518468,0.44076285,0.2339359,0.1554812,0.10877548,0.3587974,1
1447,4.4,1.62,4.1,1.7,103.359375,0.0507928158792482,1100.754627950944,-274.00598,155.11725,-6.5501323,34.484173,-7.2688565,11.701252,10.893118,0.2336879,-12.918496,-10.760844,-5.0873384,-19.575546,-5.3641148,0.29208162,0.20576161,0.21157636,0.13905582,0.2093445,0.20322947,0.31110543,0.63582325,0.39298427,0.33528715,0.22849138,0.22619404,0
1448,4.4,1.43,4.4,2.15,73.828125,0.06227823683702369,1336.994230021437,-258.6016,140.98927,-22.43163,34.650627,-6.8324275,17.019718,12.756803,3.1000092,-4.179759,-6.372452,-9.676068,-17.577957,0.9345594,0.19969669,0.19324934,0.25307673,0.15158749,0.18437956,0.1652286,0.32760623,0.37153903,0.36429563,0.41909617,0.32819188,0.41020533,0
1449,4.6,1.2,4.1,1.22,86.1328125,0.10628104037667699,2329.650779414007,-226.14235,88.60795,-0.8207126,37.35736,11.075256,14.939243,-1.8918676,11.226776,-8.323633,1.727002,-1.5792543,2.3704996,-2.6588202,0.19722562,0.20362376,0.28445134,0.3660078,0.53179854,0.49074626,0.37673444,0.3824479,0.3648796,0.3903772,0.32237414,0.31251267,0
1450,5.7,1.42,5.0,1.79,112.34714673913044,0.08891405040634674,2022.2799318539867,-154.27054,110.07517,-2.06923,21.838062,-0.8140723,6.0749974,-1.1858455,6.0368824,-5.056466,2.0702493,0.031901702,0.5903819,-1.3109748,0.30796668,0.4898685,0.4136054,0.31261915,0.25805703,0.26707727,0.37242407,0.3429078,0.3186103,0.24843194,0.24511658,0.2852521,1
1451,5.1,1.58,4.8,1.83,123.046875,0.06425257191692467,1651.6896135929153,-212.79689,123.48056,10.749478,26.234892,5.980481,3.2529235,-3.4810119,-0.2222574,-6.7178125,-4.5223613,-7.1217537,-3.944143,-8.009161,0.34515005,0.24971853,0.2720421,0.2978867,0.4882508,0.26246598,0.15504383,0.19079039,0.21895568,0.2795744,0.1528652,0.27081844,1
1452,4.2,1.25,3.9,1.45,107.666015625,0.08442856480585656,1612.6665059347931,-208.97498,130.19998,-37.918663,43.211136,-5.2508507,12.164933,-3.7573779,-5.3862886,-6.0672736,2.1210833,-2.1646752,0.9949603,-9.482575,0.25340214,0.25502586,0.16990945,0.252664,0.42332104,0.44821897,0.4656845,0.26906398,0.34426874,0.5237045,0.42234206,0.40771723,0
1453,4.0,1.79,3.8,1.72,151.99908088235293,0.038021570867662204,1308.1188928034494,-256.9406,123.60035,18.410748,40.897873,8.568385,15.131418,7.6292133,7.937519,1.9288332,-2.7675586,-4.983094,-3.5079474,-6.825719,0.24529484,0.3559429,0.29782355,0.25535107,0.40299708,0.43703038,0.39390942,0.3799255,0.39455545,0.33599657,0.21120906,0.25116992,0
1454,5.2,1.6,3.6,1.43,151.99908088235293,0.14951761440595976,2092.8037457911887,-170.40826,99.850105,-50.053535,37.964825,-22.225904,6.0304494,-25.320253,-5.549023,-1.5548059,2.6192212,-11.29259,-3.7102456,-4.889726,0.15374848,0.17745762,0.44569215,0.15949242,0.21760663,0.156504,0.5146728,0.71362156,0.27881724,0.25958887,0.18908265,0.6644174,1
1455,4.1,1.87,4.2,1.33,129.19921875,0.07314896558952529,1943.3087041520128,-219.69046,98.21689,-2.7813663,36.611134,13.148327,17.87837,4.700658,3.5871341,-13.801362,-3.7571838,-9.158953,0.41462663,-9.562786,0.31929472,0.18028742,0.13849218,0.21226947,0.3323374,0.23815148,0.16659486,0.2704713,0.5015038,0.52403086,0.4244634,0.54455906,0
1456,4.3,1.62,2.2,0.75,86.1328125,0.041134797874742,1481.8239235385308,-225.07776,106.31119,43.724037,53.201595,21.116776,15.121233,-6.372829,19.457684,-11.158306,-1.6049354,-6.728771,9.780337,-3.5030546,0.27699903,0.17302771,0.16333237,0.22641303,0.39574707,0.2775799,0.20464694,0.26033404,0.49403256,0.668153,0.4475364,0.4668555,0
1457,5.4,1.56,4.8,1.6,117.45383522727273,0.064458919875516,1536.216090115536,-156.18869,133.79736,-12.808022,39.88176,-1.0902408,9.588481,4.80953,3.2351365,-3.6618936,3.2036188,1.6561004,-0.22301985,-10.898182,0.19882214,0.34286934,0.5500488,0.31407273,0.28162217,0.21635075,0.31028056,0.5751493,0.46977758,0.62343514,0.3029094,0.18794857,1
1458,4.2,1.54,4.7,1.35,95.703125,0.06114954205366357,1550.8764910535863,-218.6089,122.88311,6.177732,29.451399,-2.84254,-2.4866405,6.7013526,-0.45798388,-11.047921,-6.857691,1.9919307,2.4770958,-9.69682,0.19621608,0.17457867,0.3281187,0.47152314,0.22325,0.31173992,0.23394223,0.5176687,0.33931327,0.1526655,0.11888287,0.11234098,0
1459,5.4,1.85,5.1,1.87,143.5546875,0.07994106359649122,1861.180585362167,-173.50049,114.08099,-6.0170784,29.154118,11.8102045,1.2281855,1.3422564,2.6394668,-12.096838,5.8583603,-13.234062,-4.834497,-8.971041,0.2723389,0.29060826,0.19175032,0.33311158,0.47930783,0.3034645,0.39939684,0.2891983,0.3140757,0.31124538,0.32637572,0.48083502,0
1460,4.8,1.4,3.9,1.51,99.38401442307692,0.11141303252386481,2593.328500125704,-130.90158,62.710415,1.420703,53.620052,10.968185,15.3628235,6.156949,11.222516,-4.2207093,3.5366333,-5.4568295,-2.3486586,-5.043435,0.5577824,0.2524404,0.18622477,0.25557023,0.51990736,0.49075204,0.43131998,0.49347252,0.37926403,0.41083375,0.35244688,0.46302193,0
1461,5.3,1.35,4.2,1.72,73.828125,0.0774920988132095,1886.1952236970658,-132.74318,109.53379,-10.840872,34.057686,16.141169,2.6953235,4.563131,3.908508,-3.5055425,7.7725415,-8.525198,-3.4702575,-3.5927474,0.4188777,0.30367568,0.50054646,0.2709251,0.2617866,0.20821556,0.30312178,0.57465607,0.41717023,0.44358233,0.31453794,0.4785007,1
1462,4.8,1.17,3.9,0.83,117.45383522727273,0.06685598273026316,1845.220810407297,-138.19781,104.84611,7.0710754,48.418056,15.985939,-1.3673882,-0.957223,10.594929,-4.1541247,8.086271,0.3839565,4.737665,-1.1065056,0.3076877,0.23983864,0.22076434,0.3234457,0.40867433,0.36163232,0.49344423,0.35644075,0.45220664,0.45987916,0.4465971,0.7024906,0
1463,3.3,1.42,3.0,1.79,184.5703125,0.08518391423181114,1665.5279383697434,-181.52792,128.07854,-23.417278,20.441988,-11.505792,-2.5340245,-24.062927,-12.37313,-8.844606,4.270799,4.783794,10.48185,0.79939276,0.22878405,0.38222286,0.37950513,0.13729875,0.19106786,0.18026638,0.35840747,0.46866885,0.18736833,0.0518231,0.18228449,0.5072001,0
1464,4.8,1.6,4.4,1.62,112.34714673913044,0.07156041384481424,2115.04021088857,-176.91629,96.462074,18.033812,23.854897,1.5502614,9.173142,-2.3182366,7.902552,-5.072878,-3.4777274,-10.492548,-1.3389754,-9.662595,0.27547112,0.37605208,0.25853685,0.20229787,0.1565202,0.2959859,0.51197004,0.41812184,0.5437603,0.36450082,0.21257107,0.26040486,0
1465,5.2,1.17,3.7,1.1,86.1328125,0.0958820102876677,1940.1960195973481,-125.92189,114.33124,-30.253878,18.431915,4.3337145,22.475582,1.0903882,12.041087,1.7857445,4.6598253,-4.68824,-0.49533814,-4.48526,0.31455764,0.48581707,0.5960258,0.365428,0.32650536,0.2817513,0.48477566,0.29029644,0.29859588,0.56300926,0.45099276,0.39212406,1
1466,6.1,0.7,4.5,1.36,107.666015625,0.04794705197045924,1535.807781889657,-192.73877,118.75621,12.843985,33.939617,9.19858,10.201198,3.803215,9.930859,-1.6403661,-3.0410483,-11.169706,-4.2779536,-5.3215756,0.2318617,0.20756713,0.30027944,0.21036844,0.2174332,0.20503902,0.40052626,0.5974306,0.53499746,0.57960683,0.3549603,0.23018163,1
1467,4.0,1.1,4.2,1.08,117.45383522727273,0.046161222507094944,1774.4011467788355,-154.17577,102.87345,23.951654,32.064144,9.560395,20.693655,15.972933,13.688657,0.19542512,7.605367,0.024276748,2.9112065,-4.079654,0.22849295,0.18356732,0.3063402,0.36083817,0.2806239,0.25810114,0.35435942,0.5128837,0.6229391,0.56093633,0.5160275,0.41114533,0
1468,3.7,1.42,2.0,1.0,83.35433467741936,0.046004005014834884,1149.7550549621744,-233.69989,157.08936,0.66783977,22.647491,7.510971,-5.526582,-11.2117,-4.864264,-11.579973,-5.516442,-11.325148,-11.88913,-13.933077,0.14268717,0.3797637,0.25502416,0.21418284,0.51413333,0.2222252,0.23730153,0.16872221,0.43696976,0.29482573,0.10230235,0.05246615,0
1469,3.1,1.64,3.2,1.6,129.19921875,0.03819881159700722,1001.7123444155432,-289.69568,146.44392,22.85629,28.37268,12.886324,13.190253,7.0767865,1.4177328,1.0201682,-7.0446324,-6.217806,-2.3040702,-7.8791027,0.14582618,0.17362176,0.25645036,0.43582776,0.28134465,0.14684995,0.22851807,0.34845293,0.56751525,0.43313316,0.29923093,0.29248425,0
1470,5.1,1.37,3.2,1.6,135.99917763157896,0.04751168045343137,1287.4203445512535,-243.9813,148.4073,27.562798,16.815086,14.283715,4.9457097,1.0405905,1.4358419,-8.874224,1.4625651,-8.91097,-2.2918215,-4.81686,0.17812303,0.12644191,0.33564052,0.31100652,0.20767021,0.17145017,0.36162552,0.60502714,0.41559115,0.2548244,0.20150636,0.32787123,1
1471,7.3,1.19,6.8,0.98,161.4990234375,0.1176614200367647,2426.334989757694,-75.12002,95.067,-9.634457,19.888226,-0.3906922,4.01533,-5.08471,4.004611,-0.0053245774,3.4004774,-7.454867,3.9637043,-5.571412,0.74797666,0.48053518,0.36440152,0.3142333,0.30305174,0.30921122,0.31935558,0.56979746,0.35308552,0.28317294,0.33435163,0.45430532,0
1472,5.0,1.48,5.2,1.08,80.74951171875,0.08444368187242002,1951.7321779347255,-138.24039,109.153175,-6.8319173,27.079496,5.431964,9.006212,-2.0841088,6.7636547,-4.598389,2.5642545,-2.5113997,-2.8625767,1.27966,0.46202928,0.33683345,0.37090296,0.31594416,0.40589577,0.39584106,0.36300492,0.49917737,0.39770734,0.374171,0.28385133,0.336541,0
1473,6.1,1.7,6.0,1.79,99.38401442307692,0.08492213702915377,2071.4130408821,-131.07921,104.65992,-0.20473887,26.715618,4.237733,10.388762,-2.6073573,8.77166,-3.4863262,4.5926385,1.3986591,0.5880206,3.335055,0.3556425,0.3563104,0.33202955,0.34502488,0.47892776,0.33490807,0.34155443,0.3415035,0.44115552,0.5446933,0.3885016,0.4223944,0
1474,6.6,0.92,6.4,1.11,80.74951171875,0.09633703399122807,2410.7962657361736,-106.11107,88.81124,2.285619,24.120678,2.9875498,2.8260217,0.28278622,14.500347,-3.2407796,1.6404557,-3.4238584,-1.0771292,-0.27811667,0.3282633,0.31561127,0.29187942,0.5239444,0.6309815,0.44167435,0.4116946,0.33132428,0.4216508,0.4261665,0.38653365,0.44994417,0
1475,4.3,1.19,3.2,0.98,135.99917763157896,0.04000001007804438,1410.0783748920019,-246.94984,118.28414,31.69218,35.23339,18.768396,24.087679,-3.5412374,0.9411103,-14.190425,-9.810967,-5.370257,-9.142982,-4.136579,0.43112335,0.20137376,0.17704427,0.14860718,0.19509198,0.18988039,0.29600927,0.5561135,0.44875902,0.44442385,0.36999604,0.52617395,0
1476,4.5,2.11,5.1,1.87,112.34714673913044,0.06486934823271413,1711.2720325744592,-212.50691,118.68889,29.193586,15.9124565,-12.812463,-2.3720143,-12.175854,-0.75270796,-10.145412,-2.5601997,-1.8535358,-6.2833147,-8.931374,0.26195908,0.24519199,0.5130554,0.30370903,0.39940372,0.38986403,0.20031312,0.27876136,0.30858725,0.61783934,0.26871356,0.22702882,0
1477,5.1,1.45,4.5,1.36,75.99954044117646,0.0705480742872807,1664.4978472371918,-168.24184,125.7998,-11.476673,20.03208,11.943398,9.035415,5.5009785,8.412166,0.6528462,7.335223,-1.6309881,4.2853427,-1.7835466,0.6106499,0.39589342,0.37841982,0.33349437,0.36313865,0.3734175,0.27205327,0.44639662,0.31246972,0.30982336,0.34632,0.4056009,1
1478,5.1,1.14,3.5,1.36,107.666015625,0.05017479563594233,1336.586641891731,-259.4371,133.67528,24.516796,29.70932,20.252035,6.0411315,-2.5705116,-5.073187,-3.6546872,-4.5967016,-11.387533,-3.620285,-11.08492,0.23016061,0.3949354,0.35286692,0.23848747,0.22671086,0.16219962,0.31405127,0.34449503,0.28330842,0.25034887,0.19207913,0.18796685,1
1479,5.0,1.18,5.1,1.51,66.25600961538461,0.07689724224393704,1694.99861049192,-184.01042,117.970184,-9.217715,42.780655,5.2300425,1.3245023,2.6292546,0.45070451,-11.224541,7.589775,-3.3259487,2.0266778,-3.5938642,0.24475807,0.18748438,0.28904963,0.31601048,0.45306456,0.58293563,0.34570095,0.32019317,0.26915798,0.25919625,0.21842548,0.18887186,0
1480,4.8,1.89,5.3,1.42,135.99917763157896,0.0674281636996904,1837.5224453509475,-127.74083,108.7629,5.048372,42.56455,6.1865525,2.8448033,-4.3893747,-3.4956946,-13.911218,-3.6165025,-10.319229,6.083952,-6.006287,0.45658013,0.3236433,0.380117,0.23884201,0.36551186,0.1981279,0.29071528,0.50393116,0.40998048,0.49789992,0.37870538,0.53366417,0
1481,3.9,1.45,3.7,1.49,117.45383522727273,0.038816599349897014,1164.6237102616724,-234.86595,142.6691,24.151384,36.25537,8.226158,11.501762,-3.7396352,2.320564,-3.9218688,-2.279404,-3.9310212,0.7609154,-6.3333044,0.21501279,0.25772282,0.29602158,0.46510062,0.34017795,0.29858828,0.33034813,0.38801554,0.320415,0.20158988,0.21901004,0.21432528,0
1482,4.3,1.68,3.4,1.43,99.38401442307692,0.06335260255417957,1698.7284950513915,-233.19969,120.407295,-1.5899949,23.20601,10.745808,-4.627624,4.78066,-5.8063884,1.4892756,1.8540359,-2.416055,-4.210333,-4.059038,0.18008737,0.16246487,0.2589236,0.2090464,0.34294263,0.32946903,0.20667827,0.23915958,0.20379454,0.34225023,0.46653548,0.22208782,0
1483,3.9,1.87,3.8,1.17,89.10290948275862,0.049132106478501546,1349.3041316180934,-239.65456,131.47426,-0.92717403,26.007719,7.2706857,8.53341,1.8742541,3.975517,-6.3177547,-2.9190838,-8.096641,-7.414239,-19.937233,0.2851188,0.16126117,0.1942118,0.15626961,0.25643644,0.25050712,0.23242126,0.40651584,0.3647465,0.53968275,0.31737366,0.3032371,0
1484,4.4,1.36,3.8,1.4,161.4990234375,0.06602759317070031,1511.420579412968,-219.82309,126.128235,-9.9782,23.516172,-0.88172984,8.84555,7.6845,6.177793,-13.437798,-0.59888005,-7.5175266,-6.012582,-14.324222,0.31728092,0.17957453,0.20010087,0.21816239,0.39858103,0.27709967,0.28476042,0.46874225,0.39615193,0.39320737,0.2736927,0.38403025,0
1485,4.7,1.35,3.8,1.17,95.703125,0.04194935581140351,831.972088515164,-238.84297,194.43433,-2.0493724,24.309122,-9.097483,-13.708188,10.685948,-8.875943,-22.754757,-1.632554,-11.162845,-14.13636,-19.079693,0.38884342,0.24619052,0.14085832,0.27472833,0.17947084,0.20069282,0.17547679,0.51474893,0.6936274,0.3205285,0.19065666,0.15496336,0
1486,3.7,1.62,2.9,1.04,92.28515625,0.05062655201883385,1477.457680057516,-258.16125,125.70903,17.96534,19.175146,14.244201,1.472416,-6.3893514,-1.5339841,0.10162618,-0.86038154,-3.91975,-10.085794,-7.447441,0.34186798,0.22415733,0.34571993,0.2787696,0.31406567,0.47258762,0.27459928,0.20856874,0.13840055,0.259367,0.41772118,0.2366056,0
1487,4.3,1.85,2.4,0.8,89.10290948275862,0.024798791844040248,733.1277093359488,-306.4431,152.86626,17.82056,45.93593,20.81177,12.307842,6.25121,3.0853531,1.4143219,-7.066407,-14.459205,-13.9218855,-9.253721,0.317725,0.10979616,0.08740374,0.1038041,0.1957601,0.23762867,0.42350593,0.3064558,0.3739675,0.612517,0.5070448,0.5113596,0
1488,4.9,1.64,3.9,0.94,129.19921875,0.06987324802072606,1674.862366759063,-193.8571,121.72763,-10.379454,26.607594,2.9654737,8.941567,3.2490036,5.0330253,-14.790455,-2.1893983,-8.2186365,-8.96236,-13.473143,0.27417582,0.18781385,0.2536109,0.2495427,0.32082587,0.26911506,0.39834982,0.5519015,0.4198413,0.43429986,0.3748398,0.47888017,0
1489,4.9,1.37,4.6,1.43,143.5546875,0.08427235511803406,1993.3477013611737,-145.88615,104.96015,-11.989572,19.100655,-0.20714164,15.247557,-5.874478,-2.2811744,-17.347143,-1.3104217,-9.64978,-3.0933473,-4.676412,0.2900478,0.2713917,0.45943654,0.27062643,0.28811148,0.2013237,0.26548472,0.46340895,0.3308389,0.35069308,0.28908682,0.3048441,0
1490,3.8,1.47,3.1,1.76,92.28515625,0.055806373101184345,1225.5188040509988,-230.62012,156.65236,-8.443606,14.568936,-8.290406,5.6106052,-9.607318,-8.449734,-4.766435,-0.51655173,-4.8562894,-10.099862,-9.129898,0.048304938,0.17566995,0.66726595,0.37663952,0.11823737,0.12436717,0.2051133,0.6058888,0.24694683,0.12710162,0.2472434,0.14768893,0
1491,4.8,1.33,5.2,1.83,184.5703125,0.07367579535926212,1677.545849460757,-136.47768,124.33514,-16.945938,26.313913,11.946695,16.701015,11.60403,5.8313355,-8.178179,-3.6482687,5.4350724,6.1105895,3.4678638,0.45837837,0.49188948,0.6627049,0.441688,0.472616,0.39511994,0.41323665,0.40701059,0.36406898,0.3639175,0.29587257,0.33807436,0
1492,3.3,1.85,2.8,0.75,95.703125,0.045336838477167185,1186.8043215196465,-285.671,139.0932,-1.0200765,51.979076,11.433907,1.2020459,11.786721,1.1515809,-8.730293,-3.3734066,4.916665,3.9741156,-8.152102,0.4005864,0.2043387,0.14100996,0.10785183,0.1820967,0.29405165,0.2033151,0.23156457,0.270615,0.38224483,0.5799169,0.55047876,0
1493,4.0,1.34,6.1,1.7,92.28515625,0.19533018219736162,4138.681082356963,-163.2721,17.231642,1.5519353,-5.0514455,-6.282385,12.365388,6.772728,9.726318,3.1385565,0.1750535,-3.222263,5.9580297,10.424832,0.31373808,0.5803535,0.30563113,0.14212316,0.11586655,0.085323654,0.08241598,0.17476854,0.50058043,0.19517365,0.11111916,0.11428905,0
1494,4.9,1.45,3.8,1.54,172.265625,0.05900056723094748,1200.3518328370221,-229.14801,137.5868,-11.508386,18.026056,-12.617514,-2.3415902,-6.5992193,-4.105647,-9.47431,-7.915175,-10.318051,-9.582259,-6.629833,0.2862296,0.22809371,0.5914656,0.22929032,0.101497434,0.16800913,0.2469873,0.5343455,0.16811712,0.16924742,0.08490431,0.10682256,0
1495,4.4,1.11,3.9,1.51,151.99908088235293,0.07952710792376161,1786.1115417827652,-203.88406,110.79873,-5.4578238,41.655315,6.1304,-0.9052771,1.4310578,5.870475,-10.122362,-1.963185,-10.370188,-7.1146846,-8.624971,0.19486062,0.20230496,0.23328626,0.26828623,0.3911676,0.24683611,0.34788197,0.17330168,0.26044443,0.39469963,0.28746438,0.395032,0
1496,6.1,1.64,5.8,1.47,86.1328125,0.10002635408604231,2249.726056378823,-146.81583,99.6662,-1.6552361,18.200558,10.842487,11.873409,1.9553359,4.156442,0.6738412,1.468785,-1.470626,0.9816071,-3.715307,0.30203882,0.3732698,0.2513843,0.38911793,0.5063343,0.31021723,0.28482533,0.30158478,0.474793,0.42862368,0.34547958,0.40613827,0
1497,4.4,1.74,3.6,1.36,103.359375,0.05095272673146241,1280.9840035238622,-193.8999,143.85191,-0.20853506,31.318413,6.2405214,3.515688,-2.463312,2.9893436,-5.7382603,1.897374,-5.2857924,2.2521415,-2.2445364,0.57227176,0.36732402,0.39282873,0.32576862,0.44487342,0.3402404,0.25248668,0.3216768,0.25335678,0.29820228,0.27524808,0.49383092,0
1498,4.8,1.25,3.8,1.78,89.10290948275862,0.050045804711687306,1352.6687002708165,-170.86739,138.77592,-2.4939613,34.190308,11.327501,6.7499604,-0.31748238,6.3794665,-4.6603856,7.078438,-0.44181946,3.7640245,-1.2748076,0.38801515,0.44572324,0.6346694,0.39526293,0.32368818,0.32091457,0.392837,0.511876,0.32564655,0.29406413,0.2516792,0.41190347,0
1499,4.8,1.33,4.5,1.2,151.99908088235293,0.08754520002902477,1738.6915254884923,-185.28543,122.47951,-38.96525,32.030815,21.68987,20.54748,-0.8820592,5.5637784,1.0275701,-3.711781,-5.140669,-1.6147524,1.2985837,0.3775548,0.38405216,0.64747435,0.41834864,0.319763,0.34417328,0.24155372,0.40996853,0.3349365,0.4921268,0.2707156,0.2818927,0
1500,3.8,1.72,3.2,1.94,112.34714673913044,0.09971040739486584,2067.7935811680923,-224.82602,99.30134,-6.328921,21.76644,-0.7699933,0.087963946,-9.848658,-3.0235972,-15.673591,-1.2640584,-5.3419285,-0.23477869,-1.9145114,0.18027739,0.2448848,0.5291559,0.21944632,0.13039032,0.13373417,0.1487621,0.24704091,0.19403563,0.4081169,0.32509285,0.12451545,0
1501,5.0,1.95,4.9,1.97,92.28515625,0.08731466476393189,2351.169533945894,-166.1735,89.45747,19.475607,22.208158,6.9280043,5.407037,-6.050935,0.538649,-2.4172814,3.456365,-2.6220891,7.3290553,1.1619427,0.5774827,0.46471635,0.3722884,0.4943571,0.3808049,0.4252801,0.33457243,0.40425384,0.47781408,0.25659075,0.24999855,0.2818465,1
1502,7.2,0.98,7.0,1.34,143.5546875,0.14499206857907637,3095.7830915224486,-92.899864,64.92966,-0.6839664,16.362465,4.1742873,4.242113,-0.5021819,2.4567475,-3.428511,3.0271997,-3.7671113,2.807103,-1.4920549,0.5068207,0.4046296,0.44944388,0.47099605,0.40633935,0.42389986,0.3525095,0.43224365,0.41040543,0.41783047,0.48180306,0.42971557,0
1503,5.9,1.14,4.1,2.3,78.30255681818181,0.0477097140254128,1524.2610535266247,-182.4475,124.7577,8.507919,34.130066,1.8774793,17.592138,-1.1846218,6.7670474,-6.626951,5.329264,4.4133296,2.7927618,5.5987506,0.6317605,0.36370233,0.37746862,0.27006853,0.3585546,0.2541401,0.2505498,0.32808113,0.44100487,0.5617134,0.48173958,0.49642646,1
1504,6.0,1.79,5.9,1.51,103.359375,0.08077905298632611,2215.8457302914153,-104.590996,91.99655,-3.0015156,30.60958,13.28422,12.052569,0.650426,6.0536575,1.4092104,8.980902,1.822625,7.639799,3.5647626,0.4926413,0.4319847,0.4158531,0.40847394,0.4375,0.5607736,0.47230023,0.49043214,0.5323951,0.5544419,0.55546165,0.47451746,0
1505,4.2,1.08,4.9,1.58,86.1328125,0.038613019220846236,1221.217635991111,-201.69962,139.98123,-5.4771643,38.811356,18.690708,18.290377,8.503568,5.575345,-1.2520654,7.878719,3.3781836,0.070103236,-2.3220222,0.6280303,0.57308924,0.46265852,0.41852596,0.54129374,0.5173169,0.43478942,0.5004393,0.57194597,0.54833686,0.52139,0.55556726,0
1506,5.0,1.18,4.8,0.87,95.703125,0.16187596857425868,2733.0911596497267,-149.56055,77.885376,-22.968315,12.532611,-4.640704,10.230856,-10.816172,9.867687,-2.8292253,4.6822357,-5.0804415,2.165873,-5.868184,0.29821426,0.38403386,0.45251924,0.38576823,0.42856106,0.41538486,0.71877503,0.49384037,0.22807065,0.24175583,0.29130015,0.44481876,1
1507,5.5,0.92,5.7,0.9,117.45383522727273,0.08151071900799793,2212.594873938405,-169.71608,81.689064,4.377757,45.845203,14.326418,10.42206,4.1124964,12.219236,-3.2659657,3.5283515,1.3458314,5.14004,-1.5890977,0.45968473,0.45990127,0.45637098,0.43938208,0.43946993,0.4396673,0.52399343,0.5406902,0.57498634,0.5467728,0.52912456,0.49922252,0
1508,5.9,1.64,5.3,1.49,89.10290948275862,0.12227666045859133,2478.297453373675,-200.60695,83.00307,-11.119091,27.342417,13.329035,15.735526,4.125431,6.7927904,0.68214136,-3.4974582,-7.592091,1.7975316,-1.189112,0.35419366,0.3950902,0.47312793,0.33165082,0.32404414,0.28525883,0.3472323,0.36079028,0.43911308,0.50411004,0.43740436,0.5003112,0
1509,5.9,1.14,5.4,1.8,129.19921875,0.0998806702980175,2280.4593861516296,-161.29047,93.92393,11.881443,32.67517,-0.71760005,8.146121,2.4995081,4.5877185,-3.7468863,6.5699735,-2.4139605,1.6566038,-2.6898372,0.36444098,0.25589857,0.45355564,0.31459165,0.30417314,0.29498157,0.31837478,0.55809826,0.31813058,0.32187656,0.27344376,0.39115942,0
1510,4.1,1.45,5.6,1.02,161.4990234375,0.07837921866937564,1918.430796569315,-181.89803,111.15529,-0.8362925,23.000235,0.020237941,3.82868,-13.055391,9.100841,-5.205076,2.0380263,-3.6592824,1.5736516,-6.4898443,0.4678925,0.6207518,0.43034852,0.30988887,0.31630266,0.29391745,0.40621844,0.40524322,0.5234288,0.38856715,0.28440207,0.3359516,0
1511,5.5,1.57,5.6,1.91,92.28515625,0.10255090420214139,2438.8477763995525,-139.06345,81.132126,-13.195604,12.15596,6.281456,5.8556156,0.88833857,5.441444,1.7087674,5.897824,-0.6167448,4.4407544,-0.18373786,0.4116435,0.36118495,0.44936156,0.38495296,0.28676698,0.24584952,0.27313584,0.34695515,0.40286946,0.41715539,0.35015315,0.3824136,0
1512,3.8,1.72,5.2,1.25,143.5546875,0.10465721547665119,2680.6017130907785,-137.2727,82.459114,20.736399,11.618608,-9.034068,9.730614,-2.6262279,1.1271524,1.7759837,-0.03009386,-3.3962808,3.2773721,-5.8151493,0.26678988,0.30494076,0.27026322,0.3240725,0.5093725,0.5144993,0.35925773,0.23818141,0.25614852,0.24899411,0.22210489,0.23623253,0
1513,6.1,1.22,6.3,1.19,172.265625,0.10746798205301858,2598.120954990868,-156.43086,71.075066,5.0357103,23.384247,4.914645,12.136316,-5.7493625,8.779752,0.2172548,7.89091,0.12702605,10.080211,3.560663,0.41100225,0.28153726,0.2387776,0.24265046,0.2183188,0.19132213,0.23572315,0.3193744,0.40679067,0.48300102,0.43438008,0.41739148,0
1514,4.6,1.96,5.4,1.36,89.10290948275862,0.08934665046117131,2106.700482175305,-157.51642,86.39938,-23.351667,34.82848,9.615497,19.423891,0.5185092,11.447973,1.7891754,6.32293,1.9359859,4.139406,0.14824255,0.69165564,0.6759126,0.671994,0.6267293,0.60354435,0.56259954,0.51086825,0.5481494,0.5038135,0.5748031,0.59940153,0.6537,0
1515,4.4,1.28,4.8,1.4,161.4990234375,0.1323587360519866,2299.752248614795,-119.81525,96.35195,-50.873,45.117695,-6.4199767,20.501957,-6.240277,11.680672,9.30201,6.2379913,3.8382106,4.899,5.4341545,0.3874305,0.48026225,0.35830203,0.2784113,0.29698378,0.37825295,0.5576788,0.36274943,0.35008076,0.5164412,0.55220085,0.52509016,0
1516,5.6,1.62,4.9,1.76,89.10290948275862,0.06198828729682663,1995.462355258392,-231.72087,106.1071,50.48951,22.85453,25.367798,16.747755,9.668519,2.2811942,-0.48135966,1.9505595,-2.7713175,1.7123647,-0.2757431,0.3466342,0.4035509,0.4424,0.61192346,0.5524528,0.48502204,0.5725232,0.54753184,0.6283225,0.5005299,0.4433717,0.43825853,1
1517,6.0,1.67,5.0,1.67,99.38401442307692,0.0674992139125387,2123.4381595109767,-303.14484,58.190155,44.605762,32.623768,7.987832,5.467081,-7.2837167,-3.0258648,-6.486467,-0.0718557,0.35148957,8.368641,7.2882314,0.5579847,0.38151824,0.37282345,0.3283413,0.29677418,0.26499563,0.26962504,0.33348092,0.37624043,0.5441408,0.31340536,0.36370084,1
1518,6.1,1.45,6.3,1.55,161.4990234375,0.06390185597265222,1827.0321896821042,-149.04979,114.4901,-15.398577,25.314342,3.7621765,7.059263,-4.563003,2.8681479,-5.5650024,-0.070551604,-1.0125322,1.6349467,-4.1297345,0.5233075,0.32945266,0.21848296,0.31845886,0.69934636,0.41087735,0.33979547,0.60107565,0.44702834,0.26981845,0.26355016,0.48506355,0
1519,5.0,1.48,5.6,1.02,117.45383522727273,0.17426248871259029,3117.410349947282,-128.91055,58.92954,4.851719,36.407795,-4.906727,15.53129,-2.8063781,10.838235,-8.699673,6.059784,0.81354785,-4.393513,-2.8640583,0.4616017,0.39072618,0.39278907,0.46184477,0.6008187,0.52992105,0.45925593,0.43861097,0.4355512,0.390072,0.44121137,0.61565816,0
1520,5.3,1.27,5.3,1.0,184.5703125,0.08493397873129514,2336.7667503781313,-144.11848,91.77714,12.927503,23.7391,15.277912,13.885433,-11.937975,17.235277,0.69996816,7.448991,-1.9444672,2.755549,-4.249344,0.5404235,0.5952359,0.48143157,0.3756141,0.34388363,0.3505208,0.4206712,0.4202864,0.5853222,0.5732942,0.5215544,0.55765903,0
1521,4.8,1.08,4.9,0.83,198.76802884615384,0.05810874411442209,1588.5091767827314,-201.09877,127.79618,17.818071,16.091501,7.0025134,12.38684,-3.8242893,16.742775,-6.001792,1.0865608,-3.8329566,-0.5190325,-4.540003,0.5170482,0.40742463,0.39311498,0.34525934,0.36094835,0.4012661,0.45418948,0.45001945,0.4711483,0.46773663,0.4563955,0.5219809,0
1522,5.2,1.4,5.7,1.1,151.99908088235293,0.14031787159765222,2860.9526225796226,-99.22765,76.29402,2.308878,19.876665,3.2746656,8.137457,-8.342399,10.297423,-6.4330516,2.825919,-4.4171677,3.165193,-3.1245236,0.492076,0.45322227,0.3772213,0.37881908,0.3678206,0.4743104,0.44419345,0.43017587,0.47222844,0.44643044,0.50427526,0.46830133,0
1523,6.9,1.45,4.8,1.72,89.10290948275862,0.11039053448442328,2751.040789848705,-169.10353,72.03244,43.389565,23.285345,6.143826,20.45779,-4.5877104,-0.09056885,1.5561037,-2.1281404,-3.2058923,-1.8755583,-5.2869816,0.34558302,0.3696111,0.64712435,0.45092386,0.34412742,0.3668321,0.48546782,0.4771582,0.450288,0.5841392,0.46262977,0.42689693,1
1524,5.6,1.43,4.4,2.11,172.265625,0.03958303099200206,1594.8930827521947,-162.57507,113.5523,12.324578,56.730125,18.061975,11.88565,5.6883,2.146154,-8.457639,3.3844855,5.3508763,9.927809,4.196266,0.13493404,0.14994761,0.28806496,0.35525492,0.5806246,0.69560474,0.6483397,0.6483762,0.42670318,0.30925646,0.22315516,0.16655427,1
1525,4.5,1.12,4.5,1.5,73.828125,0.0620600933630031,2186.201224791639,-158.06834,84.10997,22.439821,39.933357,12.261979,21.42998,4.22224,9.518409,-3.6061802,2.1713936,-6.1665354,0.13044423,-6.2110987,0.25556684,0.23579249,0.37551636,0.38570625,0.38996196,0.46811143,0.72039264,0.77847505,0.46034887,0.23227936,0.20034063,0.24299899,0
1526,5.9,1.45,5.9,1.7,117.45383522727273,0.09492182460977812,2611.9676754149514,-109.797264,70.17143,-2.1838691,31.196163,10.865821,10.506994,1.6431836,9.885927,0.29059893,3.144926,1.573638,4.600294,-2.1593385,0.47883576,0.44022182,0.527054,0.4224404,0.4383028,0.3663998,0.33256787,0.46918532,0.36881265,0.39050454,0.33495262,0.44975814,0
1527,4.5,1.02,4.7,1.0,80.74951171875,0.047991143414602686,1386.7239089082782,-176.56422,140.22766,-6.05801,28.791578,15.501143,25.52146,7.002556,11.519713,0.45638743,6.5129037,-0.9136076,2.7415702,2.0246127,0.5670886,0.47040734,0.37136492,0.4003129,0.55135614,0.63375247,0.48157325,0.5043233,0.5127264,0.5886324,0.63627344,0.6000856,0
1528,5.5,1.86,4.6,2.11,92.28515625,0.10308730811403509,2508.62469506719,-188.49176,79.768776,19.432196,34.3702,0.52462745,19.10147,-1.7722818,3.0683072,-12.664837,-11.676134,-17.217884,-2.865424,-3.1656342,0.34380934,0.54329383,0.40635642,0.42769125,0.3924156,0.44992986,0.47855964,0.3348173,0.3813856,0.32342604,0.47214955,0.35226294,1
1529,5.4,1.96,5.7,1.73,107.666015625,0.08814232415828173,2208.1252697801283,-162.7442,98.06429,7.2586317,41.23338,4.8640623,20.285273,-4.878809,5.572769,0.82048106,4.7793503,-1.2934597,-0.20861797,-4.8233128,0.3321974,0.29932854,0.34945512,0.30106068,0.41686565,0.27962738,0.29520118,0.4249379,0.41521093,0.45566547,0.31093338,0.31639773,0
1530,6.2,0.98,4.2,1.33,184.5703125,0.11367983665505677,2348.278794452994,-224.47168,83.870895,-12.862606,33.08651,19.878668,15.465643,3.3212762,10.028189,1.8061181,2.3961017,0.71419644,11.419798,2.9296038,0.53035027,0.5534424,0.4364835,0.42299828,0.47728407,0.59970814,0.5120277,0.44965622,0.4984324,0.46629512,0.5309978,0.47181264,1
1531,5.1,1.92,4.8,2.14,92.28515625,0.07585995952657379,2029.809367488321,-212.2779,105.42027,21.05522,24.984276,10.231082,22.32462,-3.6005864,7.26031,-3.3728278,2.3158944,1.4142416,3.3941488,-1.0582678,0.18597908,0.21139303,0.25867677,0.35431275,0.28131005,0.41623908,0.69311625,0.6329942,0.68875617,0.5246374,0.43351233,0.23404023,1
1532,5.8,1.33,5.6,1.8,95.703125,0.12343160434404024,2391.456120206231,-178.95346,74.18298,2.3930585,39.362736,-6.2617717,14.375336,3.792099,18.233364,-0.6237552,15.068531,-0.054312848,3.7501624,-0.16710697,0.41432458,0.3536943,0.36002907,0.50119156,0.3244224,0.34937635,0.4387351,0.370667,0.40097657,0.39542544,0.5619234,0.509192,0
1533,5.2,1.83,5.3,1.95,89.10290948275862,0.0984541791634417,2248.430758919277,-199.42456,70.35441,-43.382225,83.75426,-0.5281298,39.940838,25.687052,8.744068,26.878197,-2.610833,16.91248,-2.606223,13.911096,0.6414257,0.64702773,0.52350503,0.4181407,0.4118145,0.48330817,0.5014873,0.4837791,0.571126,0.56698215,0.5843297,0.6483995,0
1534,5.7,0.9,5.7,1.35,92.28515625,0.12382792343911249,2904.6188308879478,-129.1928,67.68406,15.068425,23.193708,18.834232,6.875891,-0.61232245,5.360099,-6.047004,0.11864857,0.24934241,-0.930914,-2.9406414,0.39953357,0.40458366,0.31542343,0.28587848,0.35847977,0.3742794,0.51948667,0.39335784,0.37457535,0.40239865,0.40909466,0.52730566,0
1535,5.4,1.2,5.3,1.1,89.10290948275862,0.07246400497232235,1822.1596367157033,-174.79883,118.640045,1.3655283,28.991287,-4.5954103,3.569519,-5.8540754,4.906364,-3.3251612,6.4289727,-1.5227913,6.819652,-0.22249968,0.29644212,0.3269336,0.32328367,0.44860718,0.43095022,0.5818546,0.47487622,0.45528302,0.49534175,0.4248554,0.33955333,0.25944456,0
1536,4.8,1.08,3.4,1.69,64.599609375,0.062026050382981465,1736.4086424069637,-314.2486,114.815056,59.35677,38.508633,17.757812,-0.3348065,-3.3985834,1.8989514,3.2038577,-5.021404,-17.977146,-3.7590122,10.3455305,0.78620243,0.5799019,0.3044701,0.2951257,0.1892794,0.21260525,0.17925249,0.25843003,0.35450947,0.28223133,0.31280717,0.37536606,0
1537,5.9,1.14,3.4,1.11,89.10290948275862,0.0762938193369453,2089.041130181881,-304.4164,62.184002,44.86201,40.585358,8.773755,8.553093,-0.05893363,9.606809,5.9950347,4.727433,1.5074439,4.525171,4.5983195,0.5271503,0.5043647,0.40048945,0.42221767,0.49095693,0.32885277,0.33393365,0.303668,0.32380137,0.3307749,0.38672826,0.64799374,1
1538,6.3,1.19,4.7,1.35,172.265625,0.09861190055792053,2740.985775335166,-193.07726,59.23136,21.374361,39.01646,0.8152358,24.877811,3.5465863,20.543993,-1.5740556,4.7073035,-3.7131262,4.1114287,-0.0034619658,0.4213271,0.40321335,0.4099956,0.3536452,0.4132021,0.56019753,0.53071237,0.47035447,0.49061662,0.5255467,0.5806939,0.5759874,1
1539,4.4,2.01,4.7,2.0,151.99908088235293,0.04708159990970072,1188.852087068618,-173.51561,133.53706,-53.880566,30.10043,17.47995,44.623337,19.665243,10.298987,-4.7241874,3.8853009,2.4820616,4.651674,-0.40606388,0.28449544,0.49642718,0.74125737,0.5917944,0.66647494,0.65588415,0.7533124,0.59481114,0.29712555,0.22411977,0.2046487,0.214573,0
1540,5.7,1.9,5.1,1.92,112.34714673913044,0.07269343798374613,1862.4314412264594,-182.14595,135.42793,20.980814,-10.867686,-0.49351358,-0.21776739,4.4515963,15.98882,6.9352636,-1.1234505,-3.6376433,-1.2924742,-5.262647,0.3307408,0.2957179,0.38218924,0.36667737,0.28326425,0.24475977,0.30353782,0.511324,0.516996,0.67872673,0.68068516,0.4238528,0
1541,5.2,1.08,4.6,1.56,89.10290948275862,0.036624873016640865,1391.8016004072117,-250.60219,122.44619,30.301483,40.66166,6.2587647,19.210085,11.720238,7.032223,-3.4831634,-0.4661888,-6.5776916,1.9254394,-1.976539,0.45215878,0.412141,0.4677126,0.40220886,0.37708467,0.4543808,0.5327111,0.5620198,0.49467808,0.5437127,0.44399965,0.44458085,1
1542,5.5,1.8,5.5,1.43,83.35433467741936,0.06998244404669762,2713.727786673481,-173.867,69.382545,46.92523,29.944675,8.3547735,17.702892,1.9695276,11.277831,1.2926586,7.1452994,0.35185626,6.11653,3.768106,0.56891555,0.46570957,0.41390386,0.3962286,0.39893135,0.33715054,0.32239354,0.5042138,0.3845674,0.34481356,0.34726,0.5011187,0
1543,6.1,1.45,5.4,1.8,92.28515625,0.07404969080559856,2348.5622869009553,-145.56062,83.025764,24.01669,30.498472,4.3428345,5.2657485,6.990284,15.635768,0.5887103,12.890601,5.2288947,3.3356104,0.99817336,0.40414914,0.41843048,0.57589066,0.48604634,0.4638429,0.41327915,0.34873632,0.3392323,0.37370738,0.5403665,0.3755104,0.36329392,0
1544,6.4,1.74,5.4,1.62,92.28515625,0.07565386351909184,2143.0272706469736,-213.24078,95.398186,23.183628,18.367273,4.649046,-0.3806073,-3.619534,4.0313487,2.4570048,1.2432585,-1.7092434,3.38637,4.495192,0.2551605,0.35197163,0.3026859,0.30341142,0.3456895,0.35473642,0.49505338,0.50089794,0.57239443,0.5032938,0.38828492,0.37169474,0
1545,4.8,1.47,4.8,1.25,89.10290948275862,0.14699961501870484,3057.3819679174985,-132.5483,71.022835,20.023275,14.521496,13.42068,13.064341,0.37139294,7.435078,4.7729197,7.992775,0.654635,3.5266106,-1.7874423,0.42257375,0.32143608,0.2886232,0.32434547,0.3475798,0.42824918,0.38239267,0.4945285,0.51902074,0.4204093,0.40617284,0.3194538,0
1546,5.3,1.19,4.4,1.02,95.703125,0.1394670327012384,3238.348967855194,-197.86526,49.108948,20.361046,27.10503,3.8132281,12.472458,8.757543,19.018703,6.882221,9.422027,1.7115082,3.6837928,3.3401897,0.47882968,0.34512916,0.37708557,0.4250255,0.50020224,0.6020073,0.54579866,0.7270745,0.5568044,0.3225406,0.2723464,0.29411414,1
1547,4.0,1.67,5.8,1.89,89.10290948275862,0.12459763407830238,2660.7940443377843,-162.79654,79.58263,2.7085354,20.936775,18.957806,10.056375,-4.0154533,10.4787655,3.226048,5.551439,-1.5192125,7.084977,-0.17035642,0.46004236,0.5163747,0.5577939,0.47565016,0.4941637,0.37288743,0.3550573,0.390814,0.49601313,0.61668193,0.49185434,0.4584647,0
1548,4.6,1.02,3.7,1.35,95.703125,0.041484506014576886,1311.4170531805562,-281.94696,107.221054,32.752544,37.244713,17.779957,23.362278,15.525903,9.430202,3.966751,1.7774911,-3.3469567,2.185557,3.3565476,0.54007185,0.4904887,0.5401253,0.5891804,0.59395933,0.5938501,0.4515562,0.3835541,0.38741186,0.5416078,0.4494702,0.42866144,0
1549,4.9,1.81,5.2,1.72,89.10290948275862,0.03053118348490712,1208.2431457092005,-164.41599,137.73607,13.912187,30.7223,9.740756,10.951301,8.1195345,15.06115,5.550118,5.3922367,0.0027317326,2.0805638,2.154559,0.40279123,0.38673878,0.55688375,0.60298437,0.7038284,0.6691663,0.46497864,0.42040485,0.36714497,0.3375853,0.31528816,0.42556134,0
1550,4.8,1.66,3.7,1.1,95.703125,0.14479378305598556,2634.3512526257186,-209.425,87.06645,-1.6172098,10.977896,-11.408495,0.68040997,-11.287144,-6.8244047,-17.125648,-7.7140417,-16.64517,1.3278202,-0.82895935,0.6119592,0.29931155,0.23163755,0.40380812,0.21113338,0.29606754,0.22424667,0.40956107,0.64536786,0.24830917,0.18064708,0.32508677,0
1551,5.6,1.8,5.4,1.56,123.046875,0.06944780379256967,2017.0555807796352,-170.29912,99.76472,-8.536432,31.964064,7.69586,29.801937,0.9111269,16.903767,1.8065889,9.034015,3.5241897,10.396563,-1.899865,0.28517464,0.40894476,0.5223677,0.4168734,0.4160025,0.50525063,0.62004524,0.679483,0.5259351,0.41371346,0.35987765,0.29516578,0
1552,5.6,1.56,5.6,1.36,161.4990234375,0.10123395575335398,2431.0313420059774,-114.69465,78.74058,-8.046303,41.690914,5.486454,24.901749,4.436374,14.482367,0.09241844,13.407407,6.8178787,1.3438092,1.4725457,0.50492084,0.46352947,0.4504795,0.38675627,0.36008516,0.42823303,0.41285032,0.54592186,0.602955,0.6651288,0.6886627,0.57550585,0
1553,5.6,1.69,5.9,1.58,112.34714673913044,0.07139563781927244,2037.2998274291815,-199.7691,103.12376,24.708942,16.103306,-5.8156967,8.372883,1.0766042,0.83060104,-2.3446808,5.828204,-1.2829893,0.6936631,-2.5903683,0.48184022,0.5239571,0.46831438,0.48158935,0.36958212,0.43754062,0.5368633,0.43967184,0.44746667,0.3548245,0.415621,0.44299564,0
1554,5.8,1.47,4.5,2.16,86.1328125,0.031219765866873066,1478.4541824994055,-298.15363,89.54139,35.46175,37.416943,32.3032,24.533777,17.754894,13.296663,6.7537117,3.340386,7.2298207,7.8558273,1.3451946,0.4228381,0.354555,0.35837737,0.41967165,0.47103348,0.57730126,0.46291536,0.42620093,0.32232815,0.2674635,0.27951956,0.33919445,1
1555,4.4,1.36,2.9,1.04,123.046875,0.03830311935629515,1147.4299004879729,-290.4099,125.75754,44.19359,61.321575,15.731558,-4.6597176,5.265606,-16.55996,-10.864362,-15.472155,-12.468413,-14.594407,-16.588358,0.081054226,0.14574684,0.39923784,0.3674001,0.1397313,0.13301302,0.17691733,0.3765651,0.33977306,0.5931939,0.4337934,0.09833746,0
1556,4.7,2.0,6.1,1.45,99.38401442307692,0.08970139762319401,2575.7516015859155,-156.6214,79.85312,28.759317,29.230814,13.9192505,15.171737,-2.5967195,10.132207,-5.774549,2.0693634,-0.92779547,-0.21800242,-3.0082173,0.38700023,0.42512083,0.49133542,0.53844064,0.5064659,0.4787837,0.4428625,0.43737507,0.41462618,0.37218067,0.33523357,0.34518707,0
1557,5.5,1.86,6.3,1.42,92.28515625,0.10445313507804438,2351.8132611977016,-115.10442,91.14334,-9.09526,13.739486,8.273313,3.376715,8.4457,13.348084,-9.86875,12.7660055,0.8346025,0.910944,0.30295298,0.5202467,0.47821212,0.38994518,0.3550349,0.39877778,0.6205698,0.44543183,0.4015656,0.44774577,0.48224777,0.45383224,0.43016082,0
1558,3.4,1.56,5.9,1.14,161.4990234375,0.1653968330753354,2734.4813972726697,-110.94903,77.30371,-40.94257,44.342064,0.118879855,10.603652,-9.113391,3.5760036,3.823364,10.557892,1.2038631,3.854265,-0.796489,0.5387717,0.4323334,0.374221,0.3302514,0.35080796,0.68173933,0.49860495,0.41329175,0.39043048,0.47816908,0.43195263,0.4763866,0
1559,5.8,0.98,5.2,1.6,161.4990234375,0.07560952012383901,2213.7193299621135,-165.82857,90.26089,5.8323336,27.563673,10.118348,4.4246216,7.1573796,10.299766,-2.7958586,4.882119,0.36768597,-2.3133247,-2.4240181,0.40248263,0.3152021,0.40700144,0.31515467,0.2674227,0.3851209,0.30037287,0.5162554,0.3452898,0.25612804,0.44775456,0.33707494,0
1560,5.2,0.98,5.2,1.4,99.38401442307692,0.10667761142285861,2259.392357025801,-176.48506,96.418526,4.942329,24.32122,1.7340388,6.307615,1.892534,1.7382079,-4.400274,-1.8451967,-1.5096792,1.4083632,-5.588222,0.4193487,0.47337574,0.49329787,0.58612,0.53826386,0.5096792,0.43838757,0.38638145,0.40798816,0.48447865,0.55551547,0.47747374,0
1561,5.0,1.9,6.0,1.41,184.5703125,0.1113203346146423,2532.1976611372897,-134.90767,79.821495,25.93136,36.886517,6.881568,18.723835,-2.8045042,8.449472,3.3904037,2.8360293,3.6743846,5.643728,0.40498927,0.3209191,0.3922005,0.4483633,0.49094048,0.47017768,0.3963135,0.36016375,0.4361235,0.6170212,0.64415735,0.5020813,0.387483,0
1562,4.8,2.04,6.3,1.42,86.1328125,0.1110245239131837,3104.4781523893607,-91.27278,58.001556,4.535601,26.512104,8.756506,22.534975,3.3861213,17.50917,0.6020981,18.01771,2.8491092,-0.5118637,8.803641,0.68749136,0.55253595,0.45085633,0.38913706,0.3512461,0.42045176,0.45364997,0.49144918,0.6453914,0.78577596,0.7605044,0.7224786,0
1563,5.1,2.07,5.7,1.79,95.703125,0.045771202189757484,2411.230163800227,-153.51517,65.47363,22.812277,29.59276,15.004972,23.900787,11.7680235,18.72338,14.0685425,10.831278,4.243409,7.362204,5.110013,0.5921149,0.5313377,0.52867794,0.60015404,0.6670114,0.59227073,0.48864132,0.43046427,0.40790367,0.420131,0.4592099,0.57892394,0
1564,6.1,1.81,6.4,1.43,99.38401442307692,0.1138602336493808,2760.282426631018,-148.5746,74.77142,6.428971,11.792558,-4.1054773,-0.8975926,-7.443957,1.0451614,-6.9947624,2.156064,-8.682694,3.0027146,-5.512412,0.33219138,0.32731804,0.3677131,0.40622494,0.5053431,0.3406387,0.35993922,0.44235915,0.45114273,0.45924896,0.34823665,0.35708347,0
1565,4.6,1.36,4.9,1.76,135.99917763157896,0.04795637416150671,1326.2920575084859,-203.69579,138.275,-8.49679,15.077039,0.7187742,3.9310849,5.3740997,8.887048,0.56563115,8.399156,4.5040193,3.8269033,-0.3062227,0.46576807,0.3934828,0.4189481,0.3925166,0.41589123,0.39665866,0.41457945,0.4933216,0.4689847,0.43639538,0.34692085,0.40398946,0
1566,6.2,0.98,5.3,1.0,95.703125,0.14323042642221362,2334.38684275503,-263.81955,74.15997,-57.008728,7.713105,-22.03679,0.82977355,-11.929555,0.44530118,-12.177305,5.561438,-5.59884,-4.25325,-2.4744768,0.29706928,0.3286948,0.28214484,0.36544612,0.38865444,0.31445128,0.3834486,0.3110606,0.45427436,0.46893257,0.40167496,0.33181885,0
1567,4.0,1.48,5.0,1.26,129.19921875,0.06150378531346749,1580.5779606499761,-200.42296,120.30284,5.4061375,40.274414,15.2686405,4.807809,0.15739231,6.024032,3.8255029,6.3397713,3.7950995,5.0769634,4.3244305,0.31143248,0.40351444,0.3639651,0.38835394,0.45578173,0.53192604,0.4426946,0.38528213,0.3740145,0.33167484,0.3079482,0.26873246,0
1568,5.4,2.2,6.0,1.61,95.703125,0.0970006732133643,2855.5736558884996,-143.75449,54.83626,18.727293,43.760464,10.393825,17.777632,11.17393,13.252117,6.9203014,11.447114,3.495549,8.801328,-1.3261983,0.3193607,0.47434002,0.6828818,0.80351,0.6841907,0.4683911,0.28925607,0.2435699,0.22144787,0.19082703,0.20684318,0.23751448,0
1569,5.6,1.5,5.8,1.25,83.35433467741936,0.12044396808888029,2756.989210098224,-92.01332,64.44159,-7.556353,31.755926,4.332654,5.3883896,-4.5631895,8.488765,2.3373117,2.3819656,-0.7975497,2.5436063,-0.9864647,0.5826849,0.50255084,0.47981626,0.50106704,0.63196415,0.47713906,0.4013204,0.5209854,0.5071266,0.42294192,0.4413952,0.5879357,0
1570,5.2,1.47,4.6,1.74,95.703125,0.05874240115454076,1449.3221559275535,-185.03198,128.14153,-18.241106,50.051117,-2.519931,10.702529,8.266768,3.2250774,-0.09424392,4.0020537,3.2854939,5.9446573,4.70239,0.34662673,0.45825404,0.54442006,0.74397165,0.57347053,0.54918164,0.50508034,0.33141324,0.27112913,0.3245441,0.56186956,0.35205838,1
1571,4.4,2.06,6.9,1.14,135.99917763157896,0.11731977433243033,2895.2902546927126,-119.540245,73.30505,7.4818897,20.88824,9.473721,12.72876,2.568763,6.21996,2.6323328,6.7735686,-1.7916105,3.9581676,-0.44214496,0.52676225,0.5707744,0.539742,0.49070394,0.47454828,0.52624214,0.51635396,0.5122416,0.5195777,0.47745407,0.5162854,0.50102985,0
1572,5.5,2.16,5.0,2.45,143.5546875,0.10975292666408669,3308.513484663761,-187.01755,34.707558,31.54313,20.572828,19.742947,20.514217,8.330817,17.225914,3.4098043,11.368138,-0.31517258,9.305135,2.5878942,0.47833323,0.39230615,0.41607568,0.49115863,0.6124031,0.5701568,0.5617397,0.5473126,0.5578775,0.62061125,0.54449254,0.5128257,1
1573,4.9,1.37,3.6,1.8,89.10290948275862,0.08013305034184727,2290.465534229395,-174.86716,89.172966,40.485035,36.113914,3.9547086,20.94693,-4.272884,6.7874804,0.25387853,9.761859,-0.24646941,-2.3730016,-7.6067686,0.77393615,0.42610297,0.25129178,0.20090275,0.18768808,0.23490572,0.35966584,0.40294215,0.38199648,0.331762,0.3573899,0.5963235,0
1574,5.9,1.64,5.4,1.69,123.046875,0.06019792271349329,2221.9473615393727,-89.17794,89.71035,25.197485,40.50308,3.6794593,11.4148855,-2.8583388,12.082625,-2.8858047,7.2772956,-0.23713425,2.2854636,3.9927137,0.55471784,0.46862516,0.44545174,0.4889173,0.5672082,0.71536624,0.5517302,0.5414914,0.54204166,0.4705363,0.47518125,0.49866298,0
1575,5.2,1.47,5.1,1.51,117.45383522727273,0.059135444885190916,1439.5519224087138,-168.60033,146.03264,-16.154728,32.423584,12.417013,6.6529894,3.605422,3.3792765,-4.1668363,6.176854,2.7000368,5.5951324,0.30997467,0.40865555,0.5179287,0.46929267,0.4441037,0.38872796,0.4122008,0.34560522,0.3724489,0.40999478,0.46927682,0.6079307,0.4417414,0
1576,5.4,0.8,3.9,1.45,75.99954044117646,0.07369947876354489,2010.7185515261956,-217.60767,94.502426,23.012867,40.795444,9.081604,27.18465,4.166595,1.6662012,-0.684634,-1.6398613,-10.480096,-3.0189788,-16.425217,0.29000294,0.19092964,0.21335828,0.28642896,0.25862217,0.22623894,0.24652465,0.36112487,0.6357723,0.38217208,0.3141633,0.5195537,1
1577,5.2,1.89,4.7,1.73,89.10290948275862,0.04847737714019053,1353.134064981782,-242.09047,119.40827,18.106796,47.69305,16.761131,20.987226,8.467472,3.233334,3.6275609,4.029687,-0.6062882,-0.11462465,-3.820009,0.43681413,0.4856384,0.70663244,0.5452934,0.40428954,0.3944896,0.31121534,0.35849255,0.4189693,0.48231992,0.40976137,0.3852559,1
1578,5.9,0.3,4.8,1.54,184.5703125,0.08253716782765738,2043.4106647855442,-149.54388,102.518234,4.542479,29.136536,7.423018,16.66584,3.5354323,6.4079094,2.8686974,5.7273307,-4.465154,5.4109726,-2.2415879,0.45306215,0.5066203,0.5322679,0.6080791,0.5472556,0.58320934,0.575053,0.50869334,0.48760116,0.4037216,0.4670156,0.42718112,1
1579,5.8,1.72,4.9,1.92,83.35433467741936,0.08768024582365841,2273.5015940953585,-167.38039,92.08637,1.6295561,24.491053,7.593327,8.245967,2.9774427,5.0616927,-3.283898,0.5578546,-5.41386,1.7442107,-4.8917537,0.3403527,0.38835308,0.41625795,0.48360264,0.38139167,0.38576993,0.39010376,0.41433075,0.4906081,0.41153508,0.474781,0.42341006,1
1580,6.1,1.04,5.2,1.08,117.45383522727273,0.054768880208333336,1796.455965218172,-181.4274,122.05272,25.596579,17.298834,9.833035,4.3115625,-4.268725,2.7437706,-0.950865,1.1829103,-7.979742,-5.165483,-6.435437,0.21366704,0.275802,0.50067425,0.330098,0.4405216,0.44655564,0.2547576,0.2984488,0.31342298,0.66571057,0.4255261,0.19853245,0
1581,6.5,1.28,6.1,1.37,112.34714673913044,0.05940906378998968,1841.2749089019178,-185.69104,98.06561,4.9472275,32.99573,-0.12576316,14.166495,-0.21956928,6.1743813,2.213315,6.3762317,1.311928,1.02276,-4.513458,0.42716077,0.39444724,0.36363927,0.37905237,0.5023744,0.47769344,0.47098514,0.5175404,0.46678025,0.4425793,0.43780255,0.42002997,0
1582,5.9,1.22,5.4,1.5,135.99917763157896,0.10300492010126419,3360.165702434864,-101.76966,59.401306,30.891138,20.516186,13.71783,7.801939,5.0532217,15.551022,3.45841,4.1691647,2.9737835,4.556439,1.4826441,0.60788643,0.5090198,0.41390252,0.3727304,0.38142604,0.36599168,0.40859452,0.487125,0.6586922,0.7749049,0.66583735,0.62741655,0
1583,5.6,1.56,5.2,1.99,172.265625,0.06325963259481424,1825.3688100360966,-136.65364,110.60638,-0.8272768,34.73205,5.8520794,7.359891,4.3360996,12.626881,-0.8231893,5.6592546,1.9189818,5.2913632,-1.8338746,0.48112524,0.6001195,0.65702474,0.51894003,0.5246212,0.4162963,0.5507048,0.41548866,0.48760632,0.6732079,0.47357175,0.4085879,0
1584,4.9,1.37,4.6,1.8,172.265625,0.09532746589589783,2309.82334141083,-132.05038,86.723946,-3.1165965,33.917133,1.7109753,11.36247,-0.8186145,9.133707,2.8896663,9.77794,-0.4377032,5.0867662,0.15442783,0.44317275,0.40494803,0.46821022,0.4514781,0.45593357,0.4225397,0.37530285,0.40357855,0.51924646,0.6857895,0.53966725,0.43807247,0
1585,5.0,1.95,3.9,1.64,99.38401442307692,0.06836869719104748,1863.8738322058641,-180.2124,114.29679,15.384226,30.276522,3.8100848,4.4079967,-1.4326018,2.1162057,-6.1880946,-0.174497,-7.9519105,-0.56705815,-9.629758,0.29371065,0.23647709,0.6855926,0.30454314,0.1745887,0.24930994,0.23743613,0.46777955,0.2628829,0.22486235,0.21459703,0.43237296,1
1586,4.3,1.62,5.0,1.1,143.5546875,0.13920853086300308,2720.535453949159,-122.16523,73.69326,-12.726142,15.011876,-5.3694057,10.688393,11.286143,5.8585896,3.8639777,7.953433,4.219512,11.43011,2.397613,0.49948585,0.4289195,0.42977825,0.48846886,0.61839336,0.5551358,0.41992673,0.36429942,0.38601598,0.39818943,0.38584432,0.47428945,0
1587,5.0,1.0,5.5,1.28,86.1328125,0.07785440450851393,2016.9253123980411,-164.31183,99.331696,14.355332,31.21606,14.012595,2.0890722,-1.2463738,3.827106,5.2307014,9.603394,4.418674,3.0351713,4.0301347,0.3289525,0.34614706,0.5129834,0.45568585,0.56525147,0.5244128,0.3672397,0.35606766,0.40161774,0.50094646,0.4045178,0.33324823,0
1588,4.9,1.64,5.8,1.54,151.99908088235293,0.0829254244872291,2275.381031499353,-163.4551,82.49952,-0.6124065,17.138468,7.638272,13.0318365,2.1224275,12.610544,-0.51889384,5.445118,-0.7573063,9.12196,3.0947804,0.39322853,0.44534865,0.47785473,0.57179576,0.46154484,0.52073044,0.497885,0.46141675,0.5047938,0.5106539,0.66213596,0.4328728,0
1589,5.8,1.47,6.1,1.04,95.703125,0.06945838573916409,2014.5010383423846,-169.5904,107.04038,5.184556,27.18159,11.84169,1.5130684,5.780881,11.784559,-5.7913065,7.1702375,6.2724695,1.3593643,6.3820243,0.67998904,0.5980612,0.5770725,0.52547735,0.40881076,0.33931926,0.36956847,0.41499615,0.31324902,0.31247053,0.39739707,0.51609474,0
1590,4.2,1.6,6.2,1.17,95.703125,0.09875274563916066,2222.5412897410274,-192.04234,84.85862,-14.053527,26.763857,4.177194,9.195804,-6.2639775,-4.668498,-2.1412108,5.994018,-1.9706233,9.936104,-1.4421568,0.43861338,0.5414605,0.5927797,0.49779558,0.381572,0.2943891,0.2657787,0.2679966,0.2711918,0.2802512,0.28804785,0.3453373,0
1591,5.9,0.94,4.7,1.42,112.34714673913044,0.06550602868614551,1972.088588722783,-114.382286,108.83659,-5.5190725,16.488047,-2.1093898,19.093725,-19.14324,-10.4076805,-4.9386873,-6.006711,-2.5143688,-0.098266475,-1.596761,0.474144,0.33895472,0.5576437,0.2894016,0.23642829,0.26687327,0.23891073,0.36239934,0.29418278,0.6827539,0.25310168,0.22025922,1
1592,6.1,1.92,6.4,1.8,95.703125,0.16192444288570693,3298.386360023691,-128.954,52.714237,0.8662384,18.265656,8.995163,14.243367,6.579806,14.603087,3.5951297,5.141158,-1.8161148,1.331292,2.0598905,0.35980237,0.38012466,0.4347005,0.42029846,0.4126646,0.42134473,0.4496621,0.4900783,0.50998914,0.5394743,0.53139436,0.46482652,0
1593,4.7,1.62,3.5,1.57,89.10290948275862,0.03879064475296698,968.9951590467851,-261.5713,149.15034,39.02912,6.002986,1.8451165,11.865111,4.06021,1.8595549,1.0709182,0.4829276,-0.28697282,1.1298692,-3.0725029,0.4128727,0.26948628,0.39143738,0.5663381,0.4366095,0.40859795,0.31918713,0.51181036,0.43479437,0.22032973,0.23128414,0.264336,0
1594,5.6,1.43,5.4,1.69,184.5703125,0.08545954874548503,1938.4099209308324,-199.43286,105.252594,5.396796,40.478584,-12.184358,19.260988,-0.009738698,1.1254957,-1.8276523,-0.51290816,-0.23908082,6.076012,-1.6131191,0.5126817,0.36487338,0.462505,0.5427908,0.59651816,0.33167133,0.29682636,0.50066984,0.2889756,0.25373575,0.2415062,0.33193606,0
1595,5.6,1.85,5.9,1.51,151.99908088235293,0.11456317724458204,2578.897811462261,-116.16464,91.06373,15.373636,12.52578,7.076736,20.866486,8.413307,6.5575614,-2.174022,1.3209312,0.739062,4.158085,-3.5029535,0.4111868,0.4437507,0.5595958,0.4897617,0.45501828,0.42464527,0.3859863,0.38099077,0.381079,0.40919447,0.46301767,0.41401726,0
1596,5.5,1.8,5.1,1.87,95.703125,0.0635846495259288,2118.179185834273,-182.5786,86.459595,42.699642,40.197838,8.2174425,12.66398,5.3983016,-1.6037492,-4.7201886,2.5544267,1.5242016,13.196416,9.278314,0.42035362,0.3954606,0.5552021,0.39219114,0.36334956,0.41847965,0.40147027,0.40468642,0.40087065,0.53488314,0.45136538,0.44413728,0
1597,5.5,1.02,5.0,0.89,83.35433467741936,0.10005432065918472,2134.9498112423307,-142.31409,103.16776,-11.525345,15.915576,1.6219071,6.009409,-3.5950737,6.3838506,-11.546198,2.854584,-7.690873,-1.8777211,-2.982621,0.3272649,0.49420574,0.34142137,0.36798006,0.24919671,0.32933575,0.3852594,0.30096382,0.39262596,0.3182851,0.44143772,0.3223273,1
1598,4.3,2.19,5.5,1.57,172.265625,0.13103725248323014,2531.530753643076,-116.69002,81.61256,-26.617619,50.351433,-2.8978636,12.062075,-3.2772763,8.285238,4.566782,11.275513,4.9048448,6.708275,3.508087,0.59584564,0.59807855,0.3687153,0.30288652,0.26898324,0.38801345,0.5196684,0.45599702,0.49821392,0.50849366,0.51364875,0.5875559,0
1599,3.6,1.74,4.1,1.45,151.99908088235293,0.036618327996266735,1488.4477390571958,-202.84729,138.59436,8.548944,26.772032,-1.0135895,6.1229672,-4.1323543,7.714566,-2.3819716,0.39154437,-2.302472,-0.9391129,-5.351851,0.2752559,0.20381078,0.17117594,0.15539406,0.19714136,0.15953669,0.20612292,0.32875112,0.60608757,0.8177375,0.58793527,0.42405787,0
1600,5.6,1.11,5.6,1.11,89.10290948275862,0.16468280363132096,3261.2926723573923,-159.38261,56.830643,25.115866,19.475817,13.238048,23.39633,-1.1459931,4.4861836,-3.3102913,2.0200229,-0.88354445,3.319727,-1.7598048,0.39806145,0.3804422,0.5152008,0.44356453,0.4778575,0.53588504,0.5748805,0.688479,0.5793054,0.7036207,0.4471135,0.31348225,0
1601,5.0,1.67,5.3,1.73,129.19921875,0.08608086018124356,2375.031830407562,-170.35442,95.469025,6.7564983,8.086259,-8.954933,8.072849,2.876988,9.192835,-0.4021233,7.1659107,7.1537576,9.474287,-2.3650632,0.48477063,0.44565085,0.3232694,0.36965448,0.42805725,0.31705585,0.5842231,0.46291605,0.30496645,0.37476614,0.43273205,0.56447357,0
1602,5.0,1.95,3.7,1.9,117.45383522727273,0.09364695199625903,2698.663029729133,-204.09901,77.27698,44.26003,17.478966,13.161785,15.637957,12.53063,6.753024,-0.9871989,11.5292225,-4.6987824,-1.0686926,-4.905332,0.5267205,0.331016,0.370104,0.26790616,0.39897287,0.24622662,0.18868802,0.3775228,0.22204986,0.338076,0.25805378,0.39764342,1
1603,5.4,0.92,3.9,1.3,129.19921875,0.0412995739002838,1727.8430602603814,-170.6733,108.62137,48.76146,35.664158,13.98381,10.538974,4.335408,0.16592026,7.3955092,2.763389,-3.6221757,-0.58305615,2.2737687,0.25119758,0.43438262,0.55431163,0.843429,0.50191087,0.2769174,0.3580368,0.30078968,0.34695718,0.34776998,0.39400256,0.23055959,1
1604,4.5,1.5,3.6,0.8,161.4990234375,0.05288126249677503,1662.0238881013029,-206.34282,118.06135,17.046438,35.93001,13.310034,-0.4542065,18.386057,3.6444235,5.3546,2.8968499,-10.716715,3.6876926,-0.8820597,0.33322218,0.25250003,0.32807687,0.25695243,0.3625104,0.3035884,0.3269375,0.41518334,0.39488316,0.4897773,0.3364653,0.33687153,0
1605,5.6,1.85,4.0,1.95,107.666015625,0.08295263520704334,2158.8004015305182,-217.42708,102.032425,27.324575,13.180802,11.012776,-3.95925,4.1237044,-1.4969445,-4.0982485,2.0408525,-9.341708,-5.2315226,-6.8156667,0.23190123,0.27154505,0.20807476,0.32441327,0.5879799,0.3120451,0.26737228,0.22092393,0.38900468,0.289272,0.23343429,0.32550088,1
1606,5.6,0.8,4.9,1.04,75.99954044117646,0.0584773485874613,1395.909263436297,-182.73085,138.32927,-21.51735,42.235245,-10.540501,6.727269,-8.059489,-5.8179293,-8.360259,-8.570346,-4.655591,-11.371099,-6.257619,0.50577825,0.27774152,0.24368,0.187505,0.31511888,0.27967232,0.29757342,0.4023925,0.41420332,0.45993328,0.2896061,0.4490707,1
1607,4.5,2.01,3.0,1.67,151.99908088235293,0.06230660134089737,1542.6398796718295,-271.84744,110.63179,16.804285,38.867016,12.213343,-0.16686112,1.5158782,-9.825842,-2.042018,0.22700539,-21.240984,-8.900333,-6.971269,0.19539008,0.294993,0.23303643,0.13117516,0.12751386,0.15452428,0.2838926,0.2939877,0.29903919,0.34435406,0.2089806,0.1718772,0
1608,4.5,2.29,7.0,1.34,135.99917763157896,0.14277313515866874,2899.1803469038114,-99.46662,65.37827,-7.9672556,31.331423,8.226027,8.832471,1.5715128,14.447139,1.053963,9.3017645,4.936993,5.2779536,-0.20740679,0.43207988,0.46340135,0.45195493,0.35769135,0.39849222,0.42580318,0.5621773,0.51625806,0.4396314,0.42834225,0.45720294,0.49747187,0
1609,6.4,1.43,6.5,1.57,92.28515625,0.12630687040441177,2668.173936111153,-123.38817,70.16087,-8.124684,31.265633,9.157917,8.060396,3.91268,13.427433,-0.9780163,11.925322,6.207908,4.1050634,-2.6544352,0.33657888,0.39931545,0.39339632,0.33588588,0.33296907,0.381707,0.4655383,0.41499197,0.43790355,0.46226928,0.34658164,0.29881367,0
1610,6.4,1.2,4.1,1.45,117.45383522727273,0.06393813693240454,1795.8995845395384,-208.30942,106.14309,34.753178,27.59676,3.6913834,8.149683,12.003207,-1.4303399,-4.242008,1.8590266,-16.755356,-9.464408,-12.067228,0.26384246,0.20255399,0.338169,0.261518,0.495208,0.27162823,0.15936133,0.30517766,0.25066632,0.5467241,0.24922013,0.16980843,1
1611,5.7,2.0,6.2,1.6,161.4990234375,0.10534554590750773,2413.99574843562,-84.59712,89.754364,-7.181168,21.267506,3.7164578,11.840428,-7.0645247,2.5513504,-0.49148646,3.0821714,-6.2422867,4.077082,1.4873616,0.55505735,0.35952258,0.329669,0.38436756,0.26864007,0.2205732,0.52716523,0.38696554,0.25229913,0.2950686,0.3968116,0.80279046,0
1612,3.8,0.98,3.1,1.45,103.359375,0.07653468459752322,1512.6048979103625,-249.86935,134.153,-12.929089,32.01998,19.15583,-0.60229343,9.399316,3.9951375,-12.769011,1.1100746,-8.040196,-4.444152,-4.9620314,0.17193988,0.17108034,0.3193997,0.21890274,0.12590685,0.13584566,0.27554166,0.4491495,0.32987487,0.4470009,0.46159646,0.23119272,0
1613,6.2,2.09,6.6,1.62,71.77734375,0.09774978276261587,2500.8082188401127,-100.76529,88.98658,3.6842303,14.099017,0.67316663,8.86197,0.28160375,2.268799,-4.4909797,-0.9546047,-2.303646,2.1965034,1.6550883,0.5944951,0.531023,0.5820057,0.46462086,0.43849647,0.39194772,0.44017142,0.6542198,0.5350282,0.4833914,0.58875847,0.58037627,0
1614,6.6,0.97,4.6,1.35,92.28515625,0.043882324722652216,1413.1291316698407,-188.07484,129.51231,18.270624,34.134426,0.5083516,17.842316,4.517718,10.91014,-0.74126565,0.8428506,-2.0477366,-0.446201,-3.090851,0.35189682,0.3525487,0.4754454,0.44894743,0.44479153,0.3155487,0.32641494,0.4185635,0.36768416,0.43776184,0.39650494,0.45094454,1
1615,5.7,0.78,4.6,1.62,78.30255681818181,0.053585969749742,1584.3923501709098,-194.34709,115.65702,22.001354,30.084051,4.8708963,12.777021,-5.9216905,2.3267844,-3.5571644,4.847325,-5.179226,0.82162595,-7.3363247,0.24288556,0.34533557,0.46501815,0.38055387,0.372424,0.37029064,0.4232517,0.45179185,0.3498233,0.3697981,0.27343675,0.24485208,1
1616,4.8,2.04,5.5,1.86,161.4990234375,0.10605579608488132,2382.3889808239906,-129.29887,89.38586,-14.066569,12.861824,-3.395082,10.363331,-2.7687755,5.987404,-5.6503444,0.3692865,-5.4539714,-0.10179933,-3.857009,0.44510219,0.37584203,0.46918562,0.40451795,0.41063914,0.4477732,0.31681812,0.3132816,0.40247482,0.6266004,0.6794145,0.5685222,0
1617,6.1,1.64,5.9,1.81,66.25600961538461,0.06305580414731682,2740.930919036177,-119.39545,72.00745,26.334913,13.095568,10.91612,11.808586,-2.479752,12.953905,3.0681705,10.838644,1.5053482,6.4487343,4.9857893,0.5331104,0.3885797,0.35685644,0.50377345,0.44109145,0.43674496,0.44614965,0.50312066,0.69373363,0.713852,0.6913287,0.5209326,0
1618,6.1,1.64,3.9,1.22,112.34714673913044,0.0729612620130289,1797.3890298879544,-138.1954,114.752235,4.2540846,16.626081,0.5392378,7.650558,-0.23484445,7.6004953,3.0342355,8.644011,-0.8379527,6.2955403,-3.5718389,0.3160204,0.23412369,0.32914206,0.24557485,0.30834106,0.37711447,0.2690746,0.39194158,0.26591727,0.43227142,0.4370927,0.28632295,1
1619,5.2,1.54,5.3,1.55,172.265625,0.08871803244324046,2186.542201982097,-145.79773,88.11483,5.6762676,27.353523,7.3790865,14.762967,1.1785873,0.83562636,1.2336421,2.4552464,2.3964322,9.108346,1.9908841,0.4014592,0.29585582,0.41207975,0.40752026,0.23772638,0.26451346,0.28709882,0.5523086,0.34070092,0.3914905,0.43083584,0.37230667,0
1620,6.3,1.49,5.7,1.68,117.45383522727273,0.1226180542118163,2544.0157423519922,-110.336754,75.78174,-16.969809,42.666626,10.048511,11.545768,-2.330149,1.8897796,-6.9064736,-0.084973186,-9.339938,-0.27196723,-8.194209,0.30112207,0.4580251,0.7221306,0.43933052,0.34327924,0.24244365,0.32491398,0.28032035,0.40363744,0.75280136,0.40793067,0.3123581,0
1621,6.1,1.7,6.0,1.55,123.046875,0.10256602126870486,1995.2294975507737,-104.35302,113.44071,-20.16482,16.794628,-1.2007016,7.6660833,-6.7579274,5.570626,-9.311047,2.115905,-3.4677718,-2.0654988,-2.8417659,0.26972064,0.33271304,0.43411884,0.34623888,0.4076994,0.30047354,0.46361873,0.30916446,0.2934027,0.44303253,0.39735195,0.53827465,0
1622,6.0,1.73,5.9,1.81,95.703125,0.11251683033410732,2370.6943839711716,-172.22179,85.26409,-2.3712234,40.028564,7.8254633,8.949495,-4.11451,6.0745254,-12.208747,-0.84462845,-1.737116,0.7032468,1.2621531,0.36019015,0.29753464,0.2988265,0.36308667,0.579122,0.40807408,0.2766514,0.29838514,0.39910486,0.4935207,0.3550824,0.37472266,0
1623,5.6,1.69,5.3,1.95,112.34714673913044,0.09618132820562436,2067.805154905102,-133.7676,101.51116,-34.44842,30.059605,-6.8209143,18.911173,-7.438599,7.315983,-0.19030006,8.321645,-0.5512082,4.5310345,2.865986,0.60421187,0.5883318,0.49218404,0.5272941,0.390614,0.41538227,0.5075966,0.4379407,0.65514696,0.65663064,0.56528974,0.6360337,0
1624,5.7,1.73,6.4,1.62,129.19921875,0.10904368429115067,2574.0678145606594,-117.06879,78.997116,-9.896075,20.65467,-3.7707386,19.722889,-5.1174173,2.4632576,0.8393909,14.578863,1.9795926,1.4416146,-1.3081154,0.5165184,0.45868334,0.47421062,0.36636525,0.31783468,0.42190337,0.43929273,0.5540345,0.8688096,0.54837555,0.54000974,0.55946463,0
1625,4.9,1.22,4.4,1.56,112.34714673913044,0.07711593580688854,2083.6152321515947,-162.93073,99.616325,12.749472,21.778053,0.030217946,10.275749,-2.993721,3.0314088,-0.34288752,-1.725113,-1.9131966,0.6746808,-2.64688,0.2994658,0.28078955,0.28414544,0.41927725,0.44425255,0.273601,0.3826659,0.3106989,0.20014766,0.18847716,0.29668418,0.48383108,0
1626,6.1,1.64,6.0,1.55,99.38401442307692,0.248966748500387,3875.772512641056,-127.25496,31.059734,-4.1508813,15.228979,2.3422604,22.44995,-2.3839452,12.203439,-3.0847535,9.442708,-0.41525936,4.711385,-1.0866416,0.5468381,0.4761473,0.5044998,0.6053623,0.63851684,0.60400134,0.57891476,0.57104576,0.57417893,0.582365,0.58488905,0.5317699,0
1627,4.4,1.56,3.9,1.64,107.666015625,0.09247347893601957,2049.182009597831,-224.23813,91.81492,-5.518593,44.32959,-5.2020764,22.82336,-12.132909,-1.8925872,-8.995892,-7.4873347,-9.114095,-2.1989858,-2.417472,0.22876918,0.293654,0.3035655,0.37272167,0.23245053,0.17664407,0.22855335,0.35558498,0.5234896,0.48341516,0.37518483,0.30005264,0
1628,4.7,1.49,4.8,1.4,135.99917763157896,0.10755969225683694,2240.8249747694626,-254.09404,78.572914,-25.061045,3.146694,-15.802472,-3.4031265,-14.625454,-12.181999,-24.00651,-5.8644814,-11.238005,-10.878375,-10.870366,0.20612666,0.2532379,0.4310163,0.22756265,0.31526044,0.5160081,0.29178098,0.18182476,0.24657734,0.36537218,0.1931609,0.19851835,0
1629,6.4,0.8,6.3,1.0,112.34714673913044,0.08213858117260062,1790.6570753654692,-152.40385,122.03364,-10.7981205,28.989815,0.8614288,7.231017,-7.4291453,5.8719344,-8.5077095,1.837301,-4.438959,-4.135174,-0.89669967,0.2738361,0.48161277,0.48140264,0.29901996,0.38193816,0.37048817,0.2836026,0.32331637,0.41295937,0.60157776,0.3348837,0.24297233,0
1630,6.0,1.0,5.4,1.5,103.359375,0.13746376943046956,2335.4593921981086,-120.48038,93.07788,-51.763985,27.887205,-6.889807,13.264649,-11.401435,1.8230041,-6.1241865,3.4071083,-5.890207,-2.2637599,-8.840343,0.5598899,0.30414206,0.3329673,0.22742383,0.34348232,0.7277741,0.36192498,0.3187168,0.30283192,0.45327213,0.45766363,0.34108302,0
1631,5.7,1.27,4.8,1.4,151.99908088235293,0.13795557799600103,2394.3946155486897,-166.15454,104.23575,-11.2717905,4.9182105,-1.5168282,22.448797,-3.923563,9.109882,-3.3666112,5.8536415,-8.775274,3.3271348,-5.335258,0.4620006,0.5027919,0.59380424,0.56757253,0.5183897,0.50676423,0.5142965,0.6125817,0.5762955,0.553726,0.5346315,0.49883807,1
1632,5.2,0.87,3.4,0.8,117.45383522727273,0.10078959754763131,1692.1859281502386,-194.30768,113.87674,-62.131363,15.852498,-15.719743,-13.312149,-13.799996,-12.720302,-22.742296,-0.99391544,-8.268246,-9.29492,-10.877015,0.08794788,0.055889025,0.17405613,0.19422388,0.6625235,0.61628664,0.31511936,0.48424742,0.19534118,0.3299935,0.10358644,0.1719524,1
1633,6.5,1.36,6.3,1.35,103.359375,0.10502783555856553,2131.769620766153,-83.05379,105.63266,-24.524345,21.882061,3.3809118,4.6919365,-4.5371914,7.732867,0.40431595,3.999959,0.86585265,4.8954825,-2.185741,0.57147914,0.42268598,0.5324299,0.5207335,0.43066797,0.5029726,0.30782422,0.42332295,0.48950148,0.67554396,0.57955796,0.44304296,0
1634,5.5,1.8,6.1,1.7,129.19921875,0.11944926510900412,2732.135295873559,-138.11801,70.591446,-22.378624,18.858377,13.655758,16.992407,3.90205,14.693634,3.351627,2.6303453,1.8636914,8.15831,1.7865037,0.62147194,0.5325542,0.5928468,0.48682615,0.5414164,0.7023114,0.5739386,0.54707426,0.5335968,0.55175066,0.61458,0.55304796,0
1635,6.8,1.08,6.1,1.3,129.19921875,0.12637892842169762,2619.124419845431,-141.9188,80.35613,2.148,30.73258,6.213624,5.549517,-0.70098937,6.0682287,0.16415355,2.4683928,-1.8658487,3.5642858,-2.2563586,0.51087743,0.42013806,0.49810398,0.4414683,0.50230384,0.32280812,0.32714108,0.50457793,0.43544716,0.48735988,0.37098923,0.47864917,0
1636,4.6,1.8,5.2,1.83,151.99908088235293,0.12948674535603716,2382.6232869942432,-142.81635,95.87071,2.8287694,49.38849,-21.411015,19.987701,-2.9608748,-1.2456801,1.8733412,-6.2494287,-2.4589653,-0.6588324,-4.724971,0.34180465,0.24104548,0.30477893,0.4310819,0.7653369,0.38907355,0.27333322,0.2858304,0.40809,0.3008537,0.33161885,0.61132276,0
1637,5.5,0.92,3.6,1.02,151.99908088235293,0.06626742493872549,2014.9453183240041,-149.45692,100.32956,18.59914,20.548016,10.399677,10.537235,2.6520076,3.8948712,-9.482985,-2.1957827,-8.352381,-2.7852726,-6.6294603,0.33765444,0.29179978,0.5817838,0.41725007,0.31198224,0.34666216,0.27172932,0.3908544,0.28147468,0.46821937,0.55273366,0.30562705,1
1638,5.9,2.12,3.9,1.76,143.5546875,0.0837147873129515,1627.3034385362855,-230.94318,125.664055,-34.572926,34.937103,1.9858159,3.6889064,-3.5028327,6.243819,5.619233,6.1721153,1.3439876,3.2919447,-3.6069112,0.23295406,0.38332856,0.5818421,0.37665913,0.33569348,0.36070693,0.1742972,0.13422278,0.22213666,0.6406837,0.24587654,0.17116207,1
1639,5.3,1.42,5.3,1.62,151.99908088235293,0.14344382901186792,2567.5527477813903,-198.28433,77.16785,-9.080656,25.469627,5.500272,16.227076,-16.780336,3.269085,-4.80128,2.758912,-2.7864454,3.2579143,-3.1654701,0.4203179,0.41379014,0.5161938,0.41717982,0.49898645,0.36348632,0.39261964,0.5092618,0.4381753,0.5427409,0.3909419,0.46711126,0
1640,6.6,1.74,6.1,1.76,117.45383522727273,0.11286477481617647,2264.118855109646,-140.46826,89.80265,-25.21635,56.317474,-6.0884047,31.060291,-5.4527893,20.113417,-10.8452015,18.621473,-4.9606237,11.319133,-4.6949754,0.59863746,0.4118926,0.4359638,0.41120818,0.44259807,0.39950603,0.30819833,0.33191705,0.52978295,0.5203177,0.45868245,0.5863352,0
1641,4.6,1.11,5.3,1.19,99.38401442307692,0.10855011206785346,2860.2079113848486,-84.902695,60.114986,5.8308053,37.554344,28.760195,18.702797,2.648742,9.918969,3.0310256,1.5721021,-3.0691907,1.6318543,-2.0329661,0.46059316,0.69681937,0.48124385,0.37584296,0.5398615,0.46286497,0.553999,0.40155652,0.33581313,0.39880818,0.32966202,0.38123736,0
1642,5.1,1.45,4.9,1.51,143.5546875,0.06964634126676987,1889.8755237610483,-175.36118,87.73475,1.4106742,42.063496,11.796965,21.918737,9.357195,12.904462,10.354515,10.546576,2.8001122,6.7876453,8.669286,0.47166097,0.40673107,0.4116625,0.5123667,0.5748221,0.6287247,0.6000395,0.56094587,0.55956775,0.59494585,0.71654475,0.635659,1
1643,4.4,1.56,4.3,1.79,103.359375,0.07116611035861713,1845.0876223507132,-160.91176,111.33845,15.059841,27.15879,0.6071646,8.885501,3.1765716,-0.41615805,-2.956505,4.2352796,-6.807744,2.7714183,-0.94682497,0.41033942,0.26498696,0.3103666,0.29899028,0.49468118,0.34373456,0.30555755,0.29921746,0.3815681,0.56633145,0.29564804,0.40152287,0
1644,5.0,1.18,5.9,0.94,112.34714673913044,0.07217114333397832,2060.8805784227734,-145.83543,97.61538,5.185154,39.907032,7.196862,11.737298,3.5389526,9.760861,-4.807196,-0.029924296,2.652304,5.087667,0.56746864,0.3647375,0.42091045,0.4981168,0.3493282,0.4092364,0.5907587,0.6954027,0.46048886,0.311862,0.2993549,0.27704823,0.30905032,0
1645,5.8,1.99,5.7,1.68,151.99908088235293,0.0879956886126161,2238.8050345241245,-189.1601,95.15038,13.3384075,13.236343,9.123121,9.375207,-5.0705934,6.701457,-9.138319,2.402939,-7.09985,1.9032332,-2.129936,0.52355546,0.41760108,0.40043023,0.3747195,0.42324337,0.39179808,0.26150414,0.36819473,0.35730433,0.42619306,0.40341198,0.44414216,0
1646,4.5,1.36,3.7,1.73,103.359375,0.03472516165183179,795.256865529261,-243.11101,182.07576,-17.604872,50.07485,15.7406435,9.6588545,12.125943,-4.9928465,2.741883,1.3896971,2.1347978,1.7294542,-1.1008369,0.45145202,0.37262645,0.46014416,0.3716682,0.37260848,0.24879068,0.35278478,0.40246636,0.21682306,0.2557874,0.30391163,0.60978574,0
1647,7.1,0.83,5.8,1.54,172.265625,0.09276361140673374,2163.6331807523843,-164.38899,89.5435,-3.299168,35.870487,18.021997,12.908956,3.6781743,8.153839,1.4669672,4.9207835,0.78615373,7.1238813,-3.1973677,0.28617263,0.37075087,0.5063602,0.3574729,0.3399557,0.38405225,0.4989444,0.37190098,0.33018473,0.34979957,0.29648829,0.34738213,0
1648,3.9,1.58,2.5,1.02,172.265625,0.03553540969361483,960.8334294735064,-327.6474,151.09898,38.17306,29.836315,-5.6364822,-18.416302,-19.656849,4.584016,0.7768254,-6.6951337,-4.641083,-7.8749666,-19.491583,0.18437609,0.25408888,0.60866934,0.36593056,0.2008166,0.18711002,0.06616673,0.05771065,0.19404125,0.5627348,0.24129842,0.091521055,0
1649,6.1,1.22,6.0,1.67,80.74951171875,0.17486616357069143,2728.708916998953,-78.62987,74.80261,-47.338776,28.646011,-3.6298163,29.787813,-10.247387,11.23936,-6.289361,6.799922,5.1031127,-8.801592,-1.0731397,0.50158685,0.32851556,0.32531673,0.423849,0.43725455,0.71307784,0.56282926,0.568593,0.5411112,0.4878487,0.5166428,0.39276674,0
1650,5.9,1.04,4.7,1.19,135.99917763157896,0.04485964307598039,1664.094382206366,-199.38863,109.270294,31.98778,31.56175,6.7147226,18.782446,2.2099621,8.231618,-5.1838117,4.1937404,-1.270292,3.5071487,-7.1528964,0.28119597,0.44349852,0.659219,0.54967886,0.31851566,0.26127642,0.2081808,0.21574548,0.2621746,0.5475328,0.309472,0.19456095,1
1651,4.8,0.98,6.0,1.18,151.99908088235293,0.08636783249484004,2007.496443220488,-131.23628,105.65244,-6.5740986,34.655727,11.207788,14.148749,1.4164445,7.0446258,0.95437264,6.479413,-0.1840077,3.5545812,-3.030152,0.4542351,0.48374042,0.5397335,0.523419,0.566546,0.48909628,0.44658536,0.42230278,0.36775216,0.41303435,0.34323484,0.41293344,0
1652,7.2,0.98,6.3,1.62,151.99908088235293,0.10842237285539216,2440.7047800853343,-130.99554,78.18617,-4.667216,38.01911,5.393215,17.134195,1.7983323,12.140878,0.24127166,6.2524786,1.0181386,3.0497692,-1.5541319,0.4440456,0.467863,0.6809094,0.52406317,0.3439766,0.3020736,0.30083364,0.3886961,0.35141197,0.42821974,0.3826624,0.349831,0
1653,4.3,1.0,3.1,0.94,112.34714673913044,0.05798554002192982,1548.0273149082782,-215.9886,130.53044,5.659676,14.651402,13.416114,0.10140806,-1.0766537,-12.374351,-0.5566263,-4.216146,-1.5988173,0.7833241,-4.023639,0.32855746,0.19666778,0.10149641,0.15480585,0.33349612,0.25182408,0.42632106,0.24926032,0.18584801,0.44931287,0.42536187,0.5362705,0
1654,4.8,1.13,3.1,0.74,99.38401442307692,0.08395388891576368,1773.1694788578338,-226.26294,113.30033,-32.232483,39.82656,-15.569778,-1.0821437,8.558847,3.5843716,-1.6735129,3.6473083,3.5227795,1.1096323,5.7215323,0.3036453,0.22025515,0.24524535,0.48858196,0.52941126,0.68048745,0.6864876,0.38355336,0.2840625,0.25383618,0.3212852,0.250423,0
1655,6.1,1.45,6.1,1.45,129.19921875,0.09393997113648091,2331.1581790950504,-105.97755,89.118,-12.604694,24.002192,19.946371,12.014135,2.5600748,11.779385,7.158825,13.69839,0.122705735,4.523342,3.3423955,0.3794125,0.3856123,0.42723274,0.4912032,0.59781706,0.3321103,0.34977043,0.25648805,0.3929347,0.34173772,0.3664607,0.617463,0
1656,4.7,1.79,4.0,1.41,135.99917763157896,0.06363982681888544,1388.1221960466964,-235.39609,135.28496,-19.591309,40.71901,-11.956406,3.6218886,-3.925277,-6.725976,-10.513971,-12.53777,-3.5111806,-6.1578283,-3.4494019,0.5287368,0.30607864,0.28133863,0.1951807,0.28888538,0.2655264,0.2599371,0.40851015,0.30180314,0.2442631,0.16179317,0.33514422,0
1657,5.6,1.69,5.7,1.85,103.359375,0.13437081761158412,2477.4395795857727,-130.55774,85.8777,-13.343935,40.63494,0.47911415,-3.0983794,-7.1433067,7.0107903,2.0425096,4.837075,5.2421002,6.9292846,0.0022446325,0.29388717,0.2996262,0.3748558,0.35586295,0.6717397,0.36718103,0.4993698,0.4148912,0.25915194,0.21177351,0.27741513,0.47219062,0
1658,6.2,1.83,5.9,1.81,123.046875,0.08134308018473224,1570.2830525366144,-198.39337,126.61251,-19.201628,30.315243,-0.73305756,3.7431345,-7.7434754,0.13597527,-11.166918,0.6699989,-8.895949,-1.4199874,-2.4622972,0.2533956,0.36630332,0.367829,0.23320289,0.22375302,0.31527403,0.23674953,0.3588301,0.25155997,0.31931248,0.54240745,0.34584266,0
1659,4.6,1.91,4.6,1.91,143.5546875,0.12304561524445304,2744.5474394388034,-152.5644,54.56038,-12.973805,52.726482,-10.66007,25.316113,7.1167474,17.969526,10.184443,12.62835,7.686403,11.37615,1.1704825,0.57579094,0.51076764,0.5372921,0.546447,0.5461726,0.49112433,0.4515139,0.3819432,0.40860116,0.5527023,0.67964464,0.70875835,0
1660,5.2,1.47,5.5,1.43,107.666015625,0.0787526102134933,2148.7660956199556,-168.9428,113.89209,34.51748,7.434287,3.1607776,14.716279,-0.3684567,9.957015,0.20058647,4.4256954,-4.0387526,1.3212519,0.22711784,0.34291008,0.28334418,0.30106163,0.32534388,0.4727942,0.34000507,0.24793191,0.30699468,0.3779486,0.548443,0.4270448,0.47033477,0
1661,5.7,1.62,6.3,1.42,123.046875,0.05606970378611971,2472.561771009895,-119.177505,72.00601,7.167051,25.796358,2.6659803,13.583313,-0.050872456,7.9841647,-0.029317409,7.3433123,0.15304789,6.772653,-0.9139716,0.38773626,0.3518947,0.43463826,0.4113071,0.4851275,0.4538824,0.49802697,0.5739621,0.4660451,0.42477924,0.37488002,0.41374528,0
1662,6.1,1.45,6.0,1.84,83.35433467741936,0.08201616407054584,2123.0684438782346,-160.97676,88.06928,10.524073,34.821735,12.556087,14.464851,8.434578,11.064578,-8.322951,5.9998474,9.275337,8.817526,-5.5281987,0.24779637,0.47007614,0.9023137,0.47604758,0.3574404,0.22554798,0.16962902,0.19377483,0.24903943,0.38299254,0.19012448,0.16062915,0
1663,4.6,1.69,4.9,1.76,123.046875,0.06893634304050568,1751.6346008973665,-184.20879,117.12128,2.6885526,34.15269,9.2252865,11.611981,-0.18124178,4.5504136,0.45605168,3.5861397,-5.7329717,-3.0089695,-4.982088,0.3861348,0.34912643,0.5949365,0.5727948,0.37474835,0.33310965,0.3046945,0.39398372,0.30938128,0.43633613,0.48234072,0.34610224,0
1664,4.2,1.72,4.0,1.48,143.5546875,0.058357923761609906,1305.3585168144673,-232.61603,144.47466,-19.51374,44.79165,-16.191244,3.9273036,-9.087735,-9.565877,-9.53285,-12.399736,-9.852986,-11.003801,-7.3138614,0.39810267,0.22862968,0.2995677,0.18477666,0.33613524,0.23955716,0.21237674,0.30959076,0.30472553,0.43134758,0.2156261,0.40197402,0
1665,5.6,1.62,5.7,1.79,161.4990234375,0.18305317086122555,3480.7516879400696,-170.30147,46.744297,29.437847,30.857643,11.6320305,13.339329,4.2232237,11.2011,-1.3998208,7.5364523,0.11511919,-0.54742324,-1.3617319,0.31186435,0.36134657,0.63919544,0.42852485,0.3818967,0.44816515,0.47871995,0.4532857,0.43543625,0.63306016,0.38008952,0.31463242,0
1666,3.8,1.47,3.3,1.42,161.4990234375,0.058628267301986586,1196.991366204076,-235.04292,148.25,-5.3535376,33.495083,0.40615723,-6.7472186,-2.1598287,-10.260135,-13.130925,-7.0181456,-10.993592,-1.8626946,-5.83376,0.3159226,0.25013515,0.45500204,0.230763,0.18604925,0.2433733,0.2305294,0.31378913,0.20721228,0.28984982,0.28941354,0.21566582,0
1667,6.0,1.41,7.5,1.02,172.265625,0.15766193401702785,2629.843903849396,-130.32457,81.81998,-23.416039,55.206005,-7.951687,26.2806,-7.4699664,22.401955,-18.081488,18.88382,-10.9908905,14.300642,-10.051786,0.29104972,0.36703813,0.41435885,0.3670212,0.5162188,0.41644594,0.51793176,0.37919992,0.44207522,0.58281696,0.5096689,0.47046557,0
1668,5.5,1.63,5.5,1.5,92.28515625,0.14327502176857584,3273.5677201493427,-150.30316,52.029484,21.26455,22.114277,1.9667844,19.163574,-9.465111,6.9245586,-3.8491886,3.927689,-6.2871423,0.2933013,-4.9310784,0.25517103,0.18098968,0.27693334,0.27080488,0.30075234,0.46561217,0.40783808,0.3217756,0.2714655,0.3399512,0.6212917,0.5146979,0
1669,5.5,1.36,4.9,2.02,161.4990234375,0.06912832978586171,1924.1027986602185,-239.96875,93.81315,7.6343575,34.18903,8.482813,22.28076,-2.285301,4.687479,-11.812324,-2.1824248,-6.768462,-3.3337035,-10.998888,0.3305801,0.26174557,0.26394615,0.23984396,0.2977856,0.20848478,0.20784485,0.28669414,0.3414722,0.47718653,0.37218463,0.27795795,1
1670,5.9,1.04,5.4,1.28,112.34714673913044,0.05568195102876677,1794.7171067014533,-162.99342,105.30912,7.1496067,24.72881,10.454689,21.956347,1.9183978,13.7656145,4.343996,6.6863136,0.057441704,7.615593,0.5916893,0.49940002,0.4338545,0.41274107,0.45973754,0.4179382,0.36231086,0.45777267,0.40615687,0.44052997,0.51185775,0.4825417,0.59733677,0
1671,4.2,1.08,3.3,1.0,99.38401442307692,0.05144640092879257,1595.1633079515022,-234.64093,115.78684,24.195547,30.977972,8.489389,7.7692146,0.96566963,0.40805334,-13.513351,-0.7435842,-11.20228,-8.840888,-5.4963923,0.3257878,0.25589004,0.25324246,0.38391852,0.29536027,0.48528716,0.36193454,0.24331397,0.34350765,0.29569572,0.4010869,0.33957997,0
1672,4.4,1.5,2.6,1.2,89.10290948275862,0.044738958494582044,1107.6244310440652,-206.08957,155.50401,30.31059,28.434282,5.6049733,19.238253,-6.50978,6.608999,-9.794355,4.011987,-6.042737,4.159282,-12.3786,0.42579862,0.24785061,0.3311779,0.2848875,0.23801462,0.66911656,0.33560267,0.4655641,0.59139997,0.35206792,0.19229876,0.17942126,0
1673,6.1,1.14,5.9,1.87,103.359375,0.096611408749355,1772.0148378081765,-165.5387,117.48052,-41.99493,17.793404,-28.51468,-2.3369076,-11.006575,-10.238404,-5.326777,-0.3333606,-10.911386,0.96580166,-13.415828,0.30882058,0.1889562,0.3077949,0.18342625,0.1960588,0.24505468,0.18446158,0.2749425,0.29853204,0.42390448,0.1892844,0.2932321,0
1674,5.0,1.48,5.3,1.42,129.19921875,0.10842917553534571,2437.143571162458,-157.90332,76.49042,-15.832776,62.8963,11.766414,12.760824,21.927275,10.628586,8.775693,7.337884,-4.121033,3.029776,-1.8005797,0.3242297,0.30810198,0.32206595,0.27416173,0.33074597,0.26505253,0.30184463,0.4679273,0.5370403,0.67821777,0.5219396,0.37175032,0
1675,5.5,1.96,5.7,1.85,112.34714673913044,0.13509366534442724,2339.553649205438,-105.75052,86.31981,-41.37628,18.198395,11.373929,18.971628,-11.990267,-1.874905,3.293953,2.0925992,-4.0000787,5.432215,-5.8333244,0.4186236,0.3979831,0.42412388,0.44590023,0.49060774,0.3959357,0.38950244,0.41897544,0.41908407,0.4854391,0.64308983,0.5607133,0
1676,5.6,1.11,4.9,1.3,151.99908088235293,0.0571117735745614,1802.3090229157533,-180.69705,109.50359,11.176557,16.162674,16.491623,20.227621,1.3706604,15.360235,9.51678,13.14924,4.6885147,10.379087,-1.2712959,0.64222556,0.70412934,0.572394,0.47880134,0.5226924,0.33032674,0.26579687,0.28314754,0.4151068,0.32900214,0.41349655,0.57020074,1
1677,6.8,1.54,6.4,1.11,83.35433467741936,0.07208850337009803,1918.1085722364967,-187.50679,96.193695,4.0650034,36.582268,32.36957,25.02289,8.893506,14.350975,3.5130415,9.558698,6.2298007,7.6831603,0.824351,0.40004408,0.4682553,0.38332075,0.3829217,0.5076604,0.49653953,0.55285877,0.5026475,0.5800987,0.48594078,0.43327513,0.42798594,0
1678,5.1,1.7,4.2,1.25,129.19921875,0.09486740317014963,1866.9549643576704,-163.40083,112.6338,-17.019701,19.819485,0.08734994,7.833934,-2.3511071,-1.6199641,-7.181932,1.0551502,-7.959521,5.3277025,-4.504203,0.1910304,0.2564759,0.40148026,0.2178765,0.26174375,0.23063509,0.41902867,0.30589938,0.17272775,0.27465868,0.26627138,0.34143692,1
1679,5.4,1.2,5.6,1.2,129.19921875,0.05323726941434469,1771.8253589143633,-162.24632,107.09724,-3.8762343,40.98577,13.256356,14.4358,5.064098,7.746408,-0.6493753,0.6672485,5.8802376,8.9414425,3.262441,0.42401695,0.66245437,0.8627205,0.61378706,0.4335953,0.28635463,0.24859491,0.23228395,0.2427306,0.2601874,0.2098644,0.27875042,0
1680,6.8,1.17,6.1,1.37,103.359375,0.106138687999871,2458.777282052972,-109.40822,85.397156,-4.5686846,38.465816,-1.599377,7.5633583,-5.822882,3.0941713,0.4320292,4.77662,-6.3689632,3.4631307,-3.7206974,0.5736169,0.39873675,0.42086607,0.3094015,0.35787,0.49457476,0.39595807,0.44895622,0.39975762,0.5070761,0.5428212,0.492454,0
1681,5.0,1.73,3.5,1.28,161.4990234375,0.08780622137835398,1750.0473944813757,-225.39925,124.94843,-2.1483543,16.43563,-2.5920238,6.39089,-0.6792102,9.09418,-1.5314658,1.7116654,-2.0288484,-0.37480202,-5.6093154,0.23019338,0.21354918,0.32701913,0.24833606,0.23689623,0.41750792,0.23666905,0.18696979,0.45172393,0.4499832,0.21089287,0.21372329,1
1682,6.1,1.04,5.8,1.17,107.666015625,0.16528043166279668,2528.140779316725,-124.93611,80.542885,-47.274284,35.10548,6.508387,15.910724,7.366598,4.73205,0.8609632,5.305476,2.4381776,7.008282,1.3113937,0.26069704,0.19640481,0.5329587,0.31202278,0.476725,0.25081557,0.16007537,0.33924264,0.2706642,0.3828392,0.26739535,0.31833625,0
1683,6.0,0.77,4.8,1.33,117.45383522727273,0.06470784757159442,1338.0413152191868,-181.93304,137.4307,-12.1367855,31.026295,-0.76851475,-5.1354427,-7.8191175,-12.996642,-17.056585,-6.1219473,-7.189238,-8.366844,-7.694455,0.26316696,0.26607051,0.5598043,0.23425367,0.22702211,0.15264112,0.3078262,0.40563753,0.25768209,0.29049417,0.2569084,0.34485635,1
1684,5.1,1.51,5.0,2.19,117.45383522727273,0.0889495755127709,1648.1680138995505,-161.31866,115.78448,-3.242614,30.306139,-1.7641151,-6.0588717,4.081129,-12.5871105,-14.876295,-8.564638,-12.963089,-6.2518735,1.3502047,0.31888404,0.3034655,0.48908404,0.18791735,0.17859307,0.26199916,0.19692199,0.36829248,0.19137114,0.31434515,0.29198235,0.16912211,1
1685,5.4,2.06,4.5,1.57,117.45383522727273,0.09064092331011352,1627.373402648643,-246.61827,107.508385,-40.389004,5.51821,-5.7541094,-5.0294275,4.187612,10.062461,-0.87692237,1.0945401,-1.8356705,-1.0510534,-4.149901,0.47426015,0.34924808,0.47075903,0.32724842,0.3280374,0.2844944,0.29621497,0.3720182,0.30385673,0.4267173,0.32535344,0.35044515,1
1686,3.7,1.62,3.3,1.62,129.19921875,0.08459686814692982,1902.1754245791492,-269.1915,94.32411,2.993985,45.367783,-10.428988,22.92399,2.7171652,-0.69483733,-15.158977,-6.880324,-6.768486,-7.839143,-8.28673,0.34463885,0.24524039,0.19446805,0.22520587,0.26704141,0.24311465,0.20274583,0.23168525,0.40546155,0.4792218,0.39752087,0.43143612,0
1687,5.1,1.76,4.7,1.55,161.4990234375,0.1752587033991228,3160.0568811917437,-204.34897,40.216114,14.536729,61.829647,-3.8259552,20.270866,-1.9133573,22.833168,2.654702,7.934934,2.0596445,3.3981817,-3.8128612,0.40231198,0.5131126,0.692162,0.5470167,0.594824,0.49328223,0.39786014,0.40429595,0.4226814,0.5153239,0.38141254,0.37753138,1
1688,5.2,1.89,4.7,1.62,172.265625,0.12116983923503612,2603.054818387608,-168.54381,81.4438,1.768516,32.53982,6.582416,8.512158,-3.3195152,11.603125,-2.137839,-1.046142,-3.0123389,7.814848,0.92626125,0.29087523,0.42545873,0.65340424,0.45313022,0.2953026,0.21632858,0.34749582,0.23380083,0.2992383,0.55418754,0.3645496,0.22151111,1
1689,7.1,0.83,6.4,1.11,135.99917763157896,0.08610303187886997,2361.655054224408,-111.23366,97.493546,12.684965,3.4789743,5.7903547,21.264355,1.6713716,10.11761,-2.051379,8.878414,2.074434,2.6464233,-2.4023082,0.3250637,0.38183418,0.3122207,0.41014507,0.3011622,0.38392165,0.4702764,0.5914685,0.78829074,0.48603702,0.3014726,0.28131422,0
1690,5.4,1.91,4.6,1.8,123.046875,0.07338000475683694,1661.373243310026,-219.66245,129.09053,-19.418312,19.972813,8.342789,3.714256,-0.38947308,-5.8310356,-9.393722,-5.8462305,-8.343924,-3.1156037,-8.423886,0.22886077,0.12886773,0.12103511,0.19814189,0.4532442,0.25399688,0.3489628,0.3328715,0.18249944,0.32304853,0.1467472,0.2187819,1
1691,3.7,1.27,3.6,1.02,89.10290948275862,0.06925102997613519,1358.7256235117818,-209.75168,146.3841,-13.967268,22.338917,-13.956045,-1.1490996,-3.642555,-4.8323026,-5.6208124,-0.08343912,-3.696154,0.604146,1.05846,0.23696381,0.1089981,0.14011781,0.18744989,0.4353483,0.14495161,0.2534316,0.3221291,0.16057402,0.24016228,0.19839478,0.36882058,0
1692,3.8,1.47,3.3,1.9,129.19921875,0.05334510448916409,1265.1668558981103,-255.228,144.008,6.282011,24.020784,3.5806806,4.7399764,-4.673896,-3.9108129,-2.417545,1.9500593,-4.293786,-1.4817878,-4.496739,0.48881856,0.44384208,0.43159908,0.24183023,0.13050234,0.22479667,0.1596069,0.24415362,0.29698077,0.2588248,0.19091484,0.24129505,0
1693,4.4,1.62,3.8,0.75,117.45383522727273,0.0414273131127451,956.1174525441796,-222.46472,183.49823,-16.77404,27.678131,9.222893,1.4643091,2.9134574,-0.45924118,-3.6911986,-7.16742,-13.573351,-0.41615784,0.394742,0.26459888,0.5226491,0.40466177,0.2841924,0.34340197,0.35381943,0.57765573,0.32912526,0.36453322,0.45316502,0.30401242,0.27882692,0
1694,4.5,2.84,6.1,2.17,143.5546875,0.11308296447690919,2611.9064180020073,-145.66031,82.342705,3.8262749,18.211115,5.8990717,11.587125,-5.309166,7.2133956,-2.2802343,2.819997,-4.849518,7.470133,-0.43973827,0.4269153,0.41000438,0.46523115,0.3834715,0.3335374,0.30807498,0.28633195,0.3459967,0.3443642,0.37169093,0.3687069,0.36219594,0
1695,5.7,1.49,5.6,1.74,135.99917763157896,0.09121713549729102,1787.54570732347,-137.68146,126.07286,-41.21583,46.303566,-1.2478328,21.699154,-12.635078,7.0860624,-5.712802,0.9213064,-5.055772,6.2497845,1.5530037,0.49624193,0.49041358,0.33128625,0.48799938,0.47924682,0.38891143,0.4880288,0.37404564,0.35021517,0.35443375,0.47301972,0.68250996,0
1696,3.8,1.17,3.3,1.35,75.99954044117646,0.07682165691111971,1650.4970548620308,-228.52832,132.08383,-1.7111726,1.4047987,-2.2869003,4.4258986,0.12777781,-9.664877,-9.485241,9.366163,-13.714945,-1.6940935,-6.146034,0.29295734,0.20674543,0.39396438,0.2281346,0.40438715,0.20342922,0.3438436,0.24888496,0.13795008,0.24435373,0.15161689,0.27949432,0
1697,3.3,1.27,2.8,0.87,89.10290948275862,0.03754978553921569,1205.1427090286054,-249.3997,137.38448,34.273582,31.603153,12.108065,8.037902,4.5388384,2.64512,-5.5089803,-0.15623784,-5.1256566,-0.095209554,-5.9575047,0.2348482,0.37492898,0.37406394,0.17874251,0.19060077,0.26846626,0.51553637,0.4532704,0.29601496,0.27208918,0.28477466,0.39709502,0
1698,4.5,1.36,4.5,1.43,135.99917763157896,0.05109291352231682,1321.1230821951576,-190.74751,151.19922,-18.019432,38.908386,-3.9782424,5.8079967,-3.2233284,-2.8445697,-2.1911502,-3.1679935,1.3716354,-2.2661383,-1.7649716,0.42161253,0.32353935,0.24731193,0.2218443,0.21558367,0.3211488,0.4726413,0.2994341,0.3179174,0.38571858,0.39490458,0.3269142,0
1699,5.1,1.76,5.0,1.95,103.359375,0.0602430219620743,1583.7603788264619,-155.92009,134.9737,-18.281734,35.329884,5.6479025,27.198202,3.4869628,12.908016,0.6414942,10.016374,-1.0788859,6.0195594,-0.97674274,0.7421774,0.6033084,0.48215097,0.45480224,0.45379516,0.41864023,0.46993443,0.6264856,0.51978385,0.39457387,0.46199012,0.56775755,1
1700,5.6,1.5,5.0,1.79,123.046875,0.06739163078882869,2229.782351133499,-127.41643,75.71425,12.916866,53.45858,12.036184,20.879124,2.4823856,15.281899,-1.988796,5.2900906,3.2437031,5.1400785,4.022198,0.4736147,0.42944923,0.4786347,0.4769349,0.561925,0.40372524,0.35046634,0.30481997,0.40092584,0.40992314,0.34759986,0.43392655,1
1701,4.0,1.55,3.1,1.51,103.359375,0.10130453060633368,2436.400044431561,-290.43765,90.59448,12.43099,9.026005,0.9948323,3.6471817,-9.802105,-5.3369746,-9.865359,-4.697209,-6.5365963,-7.582358,-0.029976968,0.24646464,0.26858693,0.25910026,0.14945553,0.11458597,0.1280933,0.12848204,0.17516111,0.2476491,0.2973758,0.40025845,0.33936623,0
1702,4.1,1.3,3.9,1.81,129.19921875,0.08602449552651906,2005.4702591109867,-326.81744,103.93576,17.849476,11.8522005,1.8777809,0.8071906,1.0037568,-0.035756797,-2.4312503,1.2175508,-4.555529,-5.5557337,-2.376393,0.3838589,0.38085026,0.36134407,0.3480378,0.3286744,0.32527924,0.2760556,0.33739525,0.39405414,0.39665616,0.3717057,0.34972912,0
1703,5.3,1.42,6.7,2.1,112.34714673913044,0.09430706390286378,2237.8125341172235,-137.82898,83.858955,-31.030918,25.223032,0.90517116,13.437877,-0.30187377,6.9383335,1.6596587,8.291226,0.50752765,13.032078,8.93048,0.4200525,0.4159149,0.42807105,0.42332694,0.3736185,0.33355218,0.26633623,0.29189485,0.3120407,0.3936008,0.39894497,0.45166028,0
1704,5.3,1.62,6.4,1.11,107.666015625,0.09392435016769866,2124.0333047088325,-139.8123,100.055824,-13.879475,28.724413,-2.4921,5.4403553,-3.8364565,4.353805,2.555667,4.1816297,-3.6521542,7.9661717,0.029221904,0.5175356,0.47301754,0.50641954,0.5261063,0.3552884,0.31808433,0.3914223,0.43702817,0.47122118,0.39565217,0.44184825,0.5286167,0
1705,4.0,1.34,4.4,1.43,135.99917763157896,0.09878171560565016,2084.27158214923,-140.57314,104.45847,-14.047493,30.470785,-6.876606,7.1667514,-5.709522,3.8435636,-0.80850863,-0.07293717,-3.1503055,3.730077,-1.285714,0.3685571,0.45563397,0.3933317,0.51825273,0.31217167,0.39073184,0.3390312,0.27171656,0.3594063,0.32313284,0.5550653,0.40453362,0
1706,4.9,1.81,4.0,1.9,135.99917763157896,0.08461823546923275,1767.6305778807414,-206.59032,121.59093,3.3684993,4.413903,-6.1588783,6.415332,5.3352966,-6.7255287,-10.486557,11.124098,-10.542406,4.666975,2.198468,0.37060365,0.39006683,0.35996136,0.30772898,0.2038863,0.32714367,0.25828114,0.285984,0.44373888,0.27367604,0.28112578,0.19350713,0
1707,3.5,1.28,4.0,1.26,107.666015625,0.06781037353263673,1507.375216221105,-295.25058,119.16662,-13.22825,8.477187,-18.710087,-3.1727567,-9.494036,-15.048503,-7.509392,0.9028635,-3.6836457,-5.4463267,-11.824832,0.22177212,0.15919171,0.27450424,0.20563778,0.32009074,0.24705859,0.20973319,0.20409545,0.17308927,0.1350259,0.14258844,0.23264316,0
1708,4.2,1.4,3.6,1.43,107.666015625,0.0560170732492276,995.7457937223855,-300.6604,197.84348,-59.48724,-5.617687,24.96591,-34.8251,-7.6496944,4.392443,-28.521545,-8.73024,-3.3949306,-25.941715,-12.707784,0.08883908,0.20740223,0.2546379,0.37707022,0.28030866,0.2761488,0.32711646,0.60885257,0.49678332,0.24120931,0.30217928,0.11000883,0
1709,4.0,2.0,3.8,1.94,99.38401442307692,0.15714644204721362,2891.3484024700006,-210.03206,7.736524,-69.694405,1.4766275,-22.00915,16.334557,-1.9673693,1.649881,12.158132,45.154648,28.73574,19.980509,-10.444402,0.05359098,0.060133263,0.15423276,0.17804962,0.1672264,0.21349701,0.24180785,0.33533126,0.38083208,0.08627939,0.03558219,0.049060818,0
1710,3.6,1.02,2.9,0.94,107.666015625,0.05749927438080495,1421.526125779462,-239.46219,136.27739,8.267494,33.31008,-5.10956,9.757351,-0.51724166,0.26072448,-3.5795953,1.1766096,-4.6332464,-2.0258644,-3.7740135,0.4452629,0.4169851,0.37683883,0.3493634,0.38883904,0.40491423,0.38260385,0.37703222,0.3953496,0.44368437,0.45416114,0.43371347,0
1711,5.0,1.1,3.2,1.47,117.45383522727273,0.05299766390931373,1672.0157558274286,-204.37402,100.55232,24.687521,46.76228,12.278995,19.315872,1.272835,3.8106966,0.6980169,6.9884415,0.39605862,9.207642,-3.5438817,0.5387184,0.6484505,0.47949824,0.4741254,0.30977416,0.22611076,0.2961808,0.23735423,0.3507089,0.31666315,0.3442154,0.4891074,1
1712,4.4,1.69,2.9,1.22,112.34714673913044,0.027430169230521155,1124.6430311422316,-309.69254,109.115364,21.715492,49.50149,8.712492,-2.7092645,5.8506746,-2.2849138,-7.8235984,6.477958,-1.2733468,-1.7270567,-4.8403816,0.25765035,0.4304003,0.39260048,0.25285825,0.24664289,0.1735151,0.22089295,0.161663,0.21530274,0.22933668,0.24690743,0.24645786,0
1713,6.2,1.4,5.7,1.27,112.34714673913044,0.0872859423374613,1993.4254631027168,-126.7301,108.28261,-5.390913,34.861027,3.1206996,-0.49578297,-7.639083,-1.1210198,-7.822572,8.126431,-3.9415193,4.0384336,-2.2023087,0.37571838,0.27432343,0.28195587,0.37327674,0.73830265,0.39369616,0.39275798,0.31907946,0.29796842,0.24421571,0.22898011,0.5313681,0
1714,6.1,0.7,4.0,1.61,129.19921875,0.04873238357843137,1731.6456961096626,-245.78424,118.17296,76.102615,29.044239,7.4465137,-2.4843736,2.696335,-0.97226644,-8.439382,-1.1582783,-0.72643006,-2.2988772,-5.574495,0.654946,0.43119064,0.49447286,0.36866394,0.20651226,0.29698297,0.29233894,0.5222729,0.40162984,0.47328827,0.65454924,0.48438457,1
1715,5.9,1.22,5.6,1.62,117.45383522727273,0.05829317232649639,2024.4693638481751,-167.3161,104.69386,45.4095,21.541855,6.769755,12.833534,1.0728611,10.605301,6.2684608,9.6035,2.9553864,4.596506,0.26320282,0.21293944,0.28163743,0.24868454,0.3342934,0.33047596,0.41241863,0.62195486,0.5425922,0.65640014,0.41651353,0.26534492,0.18253832,0
1716,5.8,1.47,5.4,1.28,117.45383522727273,0.059686210010319915,1825.3893854766782,-182.95248,118.8149,22.238417,10.809675,6.9330544,10.901049,3.7770355,6.1113067,1.6678079,4.808541,-1.8720707,4.8339906,0.74502224,0.3395285,0.35618943,0.5568236,0.27086806,0.2209185,0.20374496,0.50922346,0.47034216,0.28095505,0.40903866,0.31222185,0.32414448,0
1717,6.0,0.89,4.8,1.33,143.5546875,0.07162466137770898,2026.275813629719,-232.9463,95.80394,19.059795,30.642,-3.8614545,19.882101,-4.441631,5.36983,0.2026399,3.8519452,-7.224444,-4.3762445,-1.1793584,0.2346776,0.2077708,0.3130064,0.20058621,0.16363022,0.21274662,0.2667055,0.43185225,0.25891817,0.28819883,0.51023775,0.21432805,1
1718,4.7,1.49,3.5,1.91,161.4990234375,0.03672716516705366,1445.3498295456227,-231.47336,116.82923,55.61564,36.456406,-4.096428,11.405037,3.3272183,9.1327305,2.2207184,12.29113,2.5353565,5.6912365,-3.4681535,0.60900897,0.40528417,0.45798436,0.31569967,0.21665594,0.22525217,0.27385145,0.48266968,0.3814432,0.46285686,0.54463536,0.4738121,0
1719,5.0,1.61,3.3,1.49,117.45383522727273,0.05139223144027348,616.1178485016841,-371.69022,232.68147,31.87713,-30.827343,-20.509857,-8.280599,-4.6298094,-18.625654,-24.465033,-16.470415,-16.710241,-18.539406,-11.327605,0.57213336,0.1578618,0.10064862,0.24789676,0.15403861,0.38729826,0.13782166,0.26924375,0.34273183,0.12707597,0.14908986,0.1614617,1
1720,7.5,0.92,6.0,1.48,123.046875,0.06463075053212074,1400.4237859936395,-226.06212,136.02731,-2.9719822,20.609861,3.9461918,15.409585,-7.807871,3.2755013,-15.044783,-1.2018423,-11.996739,2.5413003,-8.016828,0.27707967,0.34218195,0.41590098,0.2940611,0.5113999,0.4819046,0.2522321,0.2943137,0.28148618,0.43056047,0.247575,0.21419592,0
1721,4.2,1.25,2.9,1.14,89.10290948275862,0.04891864057672503,983.215539958592,-314.1271,183.76186,-18.24308,5.3411083,7.140378,-16.653608,-8.282483,-7.6198397,-14.126146,-3.9505117,-8.108585,-3.9857733,-3.5361636,0.46526334,0.26716837,0.48926726,0.38897932,0.22691122,0.43334335,0.23560816,0.40275484,0.18074292,0.21304333,0.45151773,0.2794209,0
1722,5.0,1.48,3.1,1.22,117.45383522727273,0.039241889189886484,828.3272042225371,-295.57114,191.63446,-1.9222307,10.797463,0.41491497,3.2293277,-0.1381401,-3.0800357,-1.4609841,-4.530403,-6.0195274,-5.3921223,-2.3637688,0.33536938,0.32056183,0.3346557,0.21882594,0.33659318,0.24159944,0.34091398,0.37436223,0.25336543,0.36244577,0.30834028,0.40035024,1
1723,4.3,1.27,3.4,1.28,107.666015625,0.060892845648815655,1632.1565959726572,-249.65805,123.70146,23.059212,23.37444,2.592726,5.7311,-3.11121,3.212462,-3.813923,1.3161337,-5.539779,-0.52134,-4.0530834,0.3666028,0.38888127,0.5471189,0.32951024,0.28142756,0.34532335,0.32469854,0.46499988,0.32445887,0.38271564,0.288607,0.26096684,0
1724,3.7,1.79,3.3,1.49,63.02400914634146,0.07143015512125903,922.6894646756782,-334.76492,196.78079,-38.020332,-6.289106,6.865199,-5.329167,-7.1093802,-2.4849463,-8.750554,-14.263848,-5.7898755,-8.891115,-6.8781796,0.5056704,0.18590699,0.39036304,0.1414105,0.14126927,0.41607824,0.23334615,0.302143,0.1008654,0.2648694,0.29148316,0.14686754,0
1725,5.2,1.33,4.4,1.36,99.38401442307692,0.030680338541666668,1096.9903832840175,-241.05464,147.50679,32.20591,20.9333,7.976973,9.761807,-2.065096,4.8375354,4.739927,2.8873484,-3.4013555,1.9496738,-1.1153095,0.52108467,0.4801731,0.69653654,0.44178912,0.25685292,0.28108588,0.27875292,0.3444581,0.40255803,0.30171406,0.34226376,0.5106574,1
1726,4.6,1.28,3.2,1.17,117.45383522727273,0.04353924956552523,1571.021775130899,-231.87723,116.96806,23.209455,28.970778,15.3339205,17.622671,3.8704255,4.9684033,-5.3921766,-0.9090909,-3.892727,3.8940263,-5.7267857,0.2721108,0.24090168,0.38603756,0.50080776,0.34892452,0.37491792,0.31473008,0.48499423,0.42959926,0.29882708,0.3853953,0.2577159,0
1727,4.9,1.3,4.7,1.42,172.265625,0.06788343935436017,2137.0150840078068,-192.29903,74.7902,37.499386,52.239464,5.8165655,15.309519,6.959582,6.3520827,1.4580319,11.230552,5.96736,11.297734,1.7917374,0.40735322,0.38625568,0.38778287,0.41877547,0.4579661,0.41138962,0.3637986,0.41922095,0.45936087,0.5189594,0.5517019,0.47273177,0
1728,3.1,1.45,4.7,2.28,83.35433467741936,0.0868432642382611,2095.6962960883866,-175.46695,108.11217,-9.155996,32.172417,0.31456903,-9.868435,4.605956,-2.2527177,-10.940981,-5.783178,-8.815931,-11.499656,-7.2246575,0.45553014,0.33922997,0.31775227,0.3870692,0.40657002,0.3474718,0.33407554,0.36581728,0.4285983,0.46443558,0.4580307,0.46529004,0
1729,5.1,1.97,5.4,1.56,123.046875,0.07222632062693499,2254.187923103826,-137.94365,101.2599,36.70417,16.001352,3.793501,1.0301405,-3.6362052,8.618961,-9.097457,12.170693,-2.7034123,9.416658,-4.705698,0.31620416,0.26115727,0.34358257,0.30757076,0.35196373,0.61471504,0.39876494,0.576133,0.3277974,0.27144572,0.48845375,0.28726634,0
1730,5.3,0.9,3.9,1.51,161.4990234375,0.048416940789473686,1255.7924349157945,-173.06636,144.43854,4.4295526,43.504646,-4.304121,6.964772,-6.1610723,0.29301038,-9.879256,3.0080485,-2.2439258,10.718466,3.5454378,0.3143131,0.28454775,0.53226435,0.4513082,0.23499487,0.29173487,0.29676142,0.60034037,0.26924828,0.25269437,0.54508364,0.31981865,1
1731,4.2,1.08,3.6,1.5,151.99908088235293,0.053605084561663234,958.327661670334,-220.01385,194.00494,-26.407629,10.710734,4.572932,1.4264671,11.451648,11.799627,1.735476,-2.8994014,1.2549042,0.68620163,-2.4498951,0.41765347,0.6006747,0.39751187,0.21664096,0.20833217,0.22916834,0.36104596,0.51159424,0.47961497,0.48439652,0.41382462,0.4221088,0
1732,4.2,1.6,3.0,1.1,129.19921875,0.06598171238067596,1664.799337775209,-254.05925,112.28297,7.691319,25.751411,3.736243,0.92743826,5.5308113,3.3263886,-12.905204,6.796364,-16.219545,-2.9387255,-10.188036,0.29287815,0.25450101,0.33894858,0.2230918,0.12113372,0.14053512,0.23725607,0.32027042,0.26396078,0.30057472,0.301706,0.26559275,0
1733,3.8,1.83,3.3,1.55,107.666015625,0.06948433670343138,1155.9208180397777,-298.1072,153.9649,-0.10683408,22.579967,-2.9520009,-4.3539457,-9.582535,-8.626666,-1.3273981,-5.336695,-9.299802,-4.1582146,3.1019626,0.34359357,0.14311258,0.12312511,0.1599912,0.36459804,0.12782514,0.20958629,0.25025177,0.23144701,0.4496317,0.19136415,0.2841526,0
1734,5.1,1.58,5.2,1.72,135.99917763157896,0.05823897922566941,1671.1832430676016,-203.0528,112.78682,39.412125,44.433784,1.587728,32.20637,-3.057595,17.221575,-8.535399,5.275983,-7.245553,3.8554523,0.16894387,0.42819652,0.53118926,0.7145096,0.6384095,0.4041934,0.3106797,0.3531858,0.42543507,0.43677714,0.5924925,0.52863836,0.3862164,0
1735,4.7,1.49,3.0,1.18,123.046875,0.07167299940460865,1871.4917444705263,-224.32538,88.97892,9.488762,62.900593,3.644542,11.892464,-5.6688366,10.280188,0.8246072,2.5310466,-2.6167223,2.7748733,2.6616206,0.3420329,0.3562693,0.42288506,0.29645443,0.30908585,0.37896574,0.40780216,0.6386522,0.31149518,0.31655017,0.31123194,0.3060279,0
1736,4.7,1.49,3.1,0.94,123.046875,0.08514738132094943,2597.6653314830332,-175.31166,73.21128,20.111282,31.384789,6.4214597,2.0552392,-7.887756,-1.9413998,-0.7723657,-0.62164235,-2.0312855,-1.1851778,-1.7656865,0.33359078,0.32531178,0.31865957,0.3225947,0.2211236,0.32750553,0.43508276,0.2906461,0.60364556,0.19859342,0.23432493,0.39166442,0
1737,3.6,1.62,3.6,1.36,86.1328125,0.09139526493163054,1388.8950122409474,-263.07648,161.01215,-48.03854,16.58433,-10.145351,-18.021461,-0.98909104,-3.9731748,-5.6232896,-4.3441086,-13.173829,-6.264325,-3.7867215,0.28179714,0.31407732,0.3044475,0.30677354,0.2304314,0.25591558,0.21074626,0.42112234,0.3060815,0.43277493,0.37021473,0.38826427,0
1738,2.8,1.6,4.8,1.72,135.99917763157896,0.10799380401831786,1518.3058335929688,-219.89397,147.20311,-43.343533,28.26605,-14.205511,-5.867353,-12.959782,-7.5527916,-16.735086,-9.972654,-14.32559,-9.444464,-5.0126104,0.3702278,0.27163938,0.45254278,0.45863214,0.36660272,0.34550563,0.34441692,0.37922794,0.35128334,0.3499229,0.507438,0.42078245,0
1739,3.7,1.55,2.8,1.17,99.38401442307692,0.050941160852214215,1478.716535653289,-292.2028,112.526276,32.15833,40.813023,7.7767806,4.7564273,1.8643152,6.4143815,3.924972,4.886766,-0.91072327,-2.5870364,-0.9040731,0.3193229,0.20236337,0.19837278,0.21812275,0.3453569,0.2873376,0.23677544,0.28356495,0.3327941,0.51374733,0.3846469,0.330445,0
1740,5.3,1.49,4.3,1.55,172.265625,0.07502700915892672,2062.3158314078514,-160.27545,96.4791,18.008152,32.970512,4.4182987,12.988848,-4.5799785,17.469683,-2.2945364,-1.3550296,-16.183443,-0.60508883,-3.837653,0.4177114,0.4201942,0.63267756,0.34465423,0.22252324,0.2551352,0.31070927,0.36553103,0.35249344,0.38231653,0.26972637,0.29271024,1
1741,3.3,1.49,3.5,1.36,151.99908088235293,0.027620392318111454,567.7156585764848,-261.70932,219.20117,20.394167,-3.4031007,-4.513045,-3.0729465,16.314566,21.355839,4.752814,-4.264973,5.399546,-2.3505807,-6.387668,0.28683898,0.3924769,0.61369777,0.61910415,0.543147,0.36605626,0.26466024,0.26831508,0.3542346,0.4159435,0.30818242,0.32018274,0
1742,6.8,0.98,5.1,1.58,99.38401442307692,0.0653859383045829,2335.7492404344216,-157.66414,72.54539,8.438579,44.76965,9.400165,11.741696,3.9065437,9.292455,-3.1537256,14.299395,4.318807,6.2535663,-0.7602308,0.41278484,0.48470503,0.5331296,0.62851465,0.4252698,0.3625109,0.44702742,0.35297123,0.46319938,0.3692943,0.35164326,0.34383017,0
1743,6.8,0.98,6.5,1.2,95.703125,0.07588591049084108,1688.3512844503196,-183.87978,119.64575,-24.596092,29.380863,-1.0111747,5.8729773,-10.520019,-0.5613743,-9.056581,-1.7538316,-13.250313,-4.6472692,-9.071971,0.15942569,0.22899504,0.30255115,0.23528022,0.30058977,0.25748497,0.1599227,0.218984,0.39290124,0.6633196,0.34239784,0.17294134,0
1744,4.9,0.94,4.3,0.9,112.34714673913044,0.07067682130417957,1672.5640548563172,-230.91182,115.21102,-7.280936,19.403511,0.12884106,7.0446978,-1.2041407,5.581513,8.243676,11.474686,4.1380258,0.5422182,-2.1344454,0.20474689,0.20752765,0.19646117,0.21976396,0.27942824,0.32679754,0.271801,0.3763661,0.2648201,0.30738834,0.317642,0.21992028,0
1745,7.1,0.94,5.9,1.7,99.38401442307692,0.07275869332107843,1783.0428965142394,-155.48611,112.51922,-4.7768106,32.0715,8.66025,12.5328045,3.9290187,8.289309,-0.8535372,2.9857838,-0.3959061,-0.20727047,-6.133703,0.3746309,0.5130025,0.37562373,0.4432593,0.43774366,0.32637653,0.32001474,0.37261912,0.58656526,0.46400023,0.35527042,0.35650036,0
1746,5.7,1.19,4.8,1.17,112.34714673913044,0.08521540812048503,2373.577564477338,-182.70474,81.82298,23.243877,34.029716,4.3139977,21.005007,-0.9084859,5.124435,-5.1875696,2.4458418,-0.33149838,5.421736,3.3646688,0.27646822,0.4881072,0.4888753,0.42214853,0.38891485,0.36721584,0.3836615,0.39136627,0.31178612,0.27515778,0.20742658,0.26048788,1
1747,4.3,1.35,2.9,1.14,143.5546875,0.04826173890608875,1594.5263230978483,-250.54637,125.54143,31.761766,15.374136,6.129556,8.034303,-0.3045328,5.515501,-11.545739,-2.0113995,-3.9710612,-4.912253,-2.7056737,0.33551112,0.46161345,0.4138749,0.3314954,0.18400185,0.1187266,0.22053295,0.40955818,0.33009627,0.26168114,0.2696846,0.22669779,0
1748,5.4,0.66,4.1,1.22,103.359375,0.08313176855368178,2203.5269023039177,-204.52348,97.05652,35.535442,30.491644,14.3261595,10.431889,-2.660046,4.117102,-8.140832,9.007212,-5.9656363,-6.441026,-10.482201,0.39657995,0.31079626,0.29775178,0.2858679,0.37851372,0.34942165,0.36485747,0.49911097,0.40527612,0.40531892,0.32379663,0.33949402,1
1749,6.7,1.42,4.6,0.92,129.19921875,0.050316904105392156,1783.4951391427865,-164.30814,105.78031,26.225523,29.457405,4.889619,13.654087,3.2799482,9.199713,2.8392673,8.691165,-2.6314414,7.473728,-1.4751424,0.4608566,0.3536768,0.4403869,0.3495394,0.26405016,0.30133158,0.30813286,0.4287838,0.30280134,0.3844639,0.37345082,0.29341045,1
1750,4.7,1.35,5.3,1.49,129.19921875,0.08757341855327658,2134.6343421574447,-183.36562,102.232506,5.0949435,24.084425,-2.3258836,6.1174965,-0.055729,-5.6080785,-3.5727146,-0.8863157,-1.704323,2.2608862,-1.0769892,0.3691593,0.6849987,0.50664926,0.30487758,0.31727716,0.30736962,0.25101557,0.23187083,0.29582837,0.25286037,0.21744487,0.32777336,0
1751,4.1,1.14,4.3,1.55,103.359375,0.057498179883512544,1720.136179504887,-216.30096,103.27187,9.0638,27.712687,15.997094,7.376679,7.0054345,9.570314,2.5787404,8.00942,6.8751187,7.563742,2.571393,0.34008977,0.38945648,0.42900565,0.5112452,0.6450759,0.485924,0.40572563,0.40017036,0.40152034,0.46206012,0.38992032,0.4255378,0
1752,5.5,2.25,6.1,1.81,112.34714673913044,0.11056698069852941,2487.5959341251337,-137.8173,84.94313,4.276338,23.075073,6.37391,21.918581,6.0419903,11.823858,3.6525838,7.259429,1.7637721,5.2405953,-1.308366,0.47860342,0.4300678,0.49848187,0.4894776,0.49646714,0.49458265,0.51382065,0.6078406,0.62144214,0.5278419,0.52376336,0.56393564,0
1753,3.2,1.25,3.4,1.5,103.359375,0.05289654874163234,1210.5676671758636,-203.81352,156.67989,-35.572742,35.466106,23.992952,-0.19131158,6.027018,8.476684,3.4509904,2.0772934,-5.286836,0.69971746,1.9233794,0.46458,0.4851604,0.57739943,0.7124531,0.7146959,0.6828677,0.556017,0.4383361,0.38467827,0.3934692,0.4134575,0.46561402,0
1754,4.2,1.54,2.4,1.02,57.421875,0.031040054148429454,1039.9127823172473,-259.13287,139.33072,38.004707,31.846905,12.552524,8.00471,4.3459535,5.1918607,1.665023,1.6590326,1.4141062,5.648154,-5.134981,0.263488,0.34385145,0.15563968,0.16017674,0.39281422,0.42345092,0.66210544,0.41827732,0.3827427,0.34057707,0.28699544,0.25267115,0
1755,6.4,1.62,5.7,1.19,112.34714673913044,0.0579749580753354,1597.090210459902,-196.45007,124.55217,14.979473,30.620455,3.2087555,20.02415,7.2573347,9.105524,-2.6894836,4.2045264,-3.3806164,2.7596788,-3.9382615,0.43338463,0.3871034,0.43604383,0.5695172,0.50889945,0.5553225,0.4042197,0.409797,0.41054812,0.3682655,0.36980912,0.39577088,0
1756,4.4,1.36,3.9,1.22,86.1328125,0.042518261416408666,771.6617483621035,-316.29523,169.45363,25.329218,29.467857,8.44735,7.754715,5.543416,-6.173963,-0.4635649,-0.5633848,-0.17819734,-1.671517,-5.0311394,0.18175416,0.24339828,0.4205147,0.308752,0.35088587,0.22324604,0.1452613,0.21407416,0.21226616,0.36812335,0.16460378,0.155127,0
1757,5.0,0.77,3.1,0.83,117.45383522727273,0.0329703221749226,662.8817166387958,-354.51385,163.79964,40.42249,11.450287,6.484414,2.9880433,-0.4776644,3.3402293,3.851581,0.4585303,-3.9665766,-4.8788004,-2.322337,0.25474593,0.23625666,0.2588581,0.2919496,0.23746106,0.26254863,0.26268017,0.26409093,0.32681382,0.28295034,0.4093318,0.27252954,1
1758,5.4,1.02,3.0,1.0,89.10290948275862,0.06202253033277549,1757.7446506980248,-206.55185,111.15315,17.088266,22.590155,12.296786,19.352352,2.5168464,5.7516503,-7.4039516,1.3889635,-3.4649916,-4.28635,-6.168921,0.3259801,0.40018216,0.3408547,0.2653332,0.29568973,0.47525302,0.26968804,0.2905255,0.3079363,0.30820063,0.41091082,0.2961174,1
1759,5.4,1.28,4.7,1.55,151.99908088235293,0.06377551533535016,1921.3504178079029,-252.17513,95.49367,16.66234,31.698944,3.6595604,17.350866,-0.8231515,6.133188,0.46129972,5.433377,0.26996332,2.6620278,2.5712602,0.300919,0.37599516,0.3639485,0.35354546,0.5351306,0.33201516,0.20938449,0.21950494,0.2870202,0.4306098,0.23977564,0.26694554,1
1760,4.3,1.68,4.1,1.64,107.666015625,0.12956500225283213,2639.4849453153424,-149.57858,73.10884,-17.624226,13.168569,-12.228029,4.5747766,3.5815554,10.303695,0.43548426,1.5829383,-3.7076297,6.815437,-1.6346284,0.27513993,0.16828047,0.2910652,0.2812115,0.33567634,0.20175755,0.3830166,0.30419755,0.21726142,0.3968905,0.3239253,0.66840893,0
1761,7.9,0.83,7.1,1.22,112.34714673913044,0.11129234794246647,2390.8445581162073,-142.17223,81.49776,2.8128412,32.616398,-5.611825,19.344368,-0.03203848,8.9707575,0.51832074,6.2187696,-1.7224472,-1.3504357,-6.741822,0.42299324,0.42639434,0.47847116,0.5475644,0.45915607,0.5047118,0.48087326,0.48029912,0.53592384,0.51593256,0.4462017,0.4435336,0
1762,6.1,1.81,5.4,1.91,89.10290948275862,0.061148552153063855,1545.5466508538352,-166.8546,131.58817,7.569449,18.893381,2.0892615,15.3859,-2.5428224,3.5798714,-7.078329,-1.1372193,-7.8098836,-5.016276,-4.598007,0.49061257,0.29873553,0.3775714,0.31622866,0.4882433,0.38989758,0.20610227,0.3647593,0.27232492,0.5582,0.296906,0.44810012,0
1763,4.4,1.11,3.5,1.02,112.34714673913044,0.05210626088428793,845.7775026416207,-290.03714,167.83737,4.28233,43.296463,25.792416,4.637207,6.4187427,2.54079,0.5109924,0.8886047,1.919797,-0.36317846,-1.4275615,0.36894026,0.24114987,0.30335486,0.4585203,0.67023075,0.31634155,0.20827949,0.2620099,0.2578246,0.4571442,0.39637706,0.4637984,0
1764,4.9,1.81,4.0,1.61,117.45383522727273,0.06085211363928939,1336.1051790552983,-275.7257,127.4397,-11.959536,33.390385,9.860063,14.002686,13.771921,1.4440682,1.6176311,6.377192,1.9238933,6.3735986,5.3248825,0.35575303,0.26706144,0.45615503,0.42985106,0.26846066,0.3793786,0.37050602,0.45080385,0.42449605,0.39767456,0.38385066,0.47973326,0
1765,5.8,0.98,4.6,1.02,112.34714673913044,0.08347392205237358,1997.463251434296,-192.81888,91.20373,1.5257359,34.251923,7.484271,18.328814,4.053521,4.7417974,-2.7771592,3.8400612,-6.5935597,-6.6202455,-5.894769,0.28071037,0.43873453,0.20510744,0.17591466,0.25800273,0.2641742,0.3653378,0.31266543,0.49686843,0.31157878,0.24785526,0.35556743,1
1766,3.7,1.19,3.0,1.1,129.19921875,0.03211140657183316,722.7191036351672,-332.20178,162.25897,11.889979,39.172108,22.243431,8.245606,10.455754,2.907859,-3.8990333,-4.0530443,-3.6643884,-4.0659833,-4.8584237,0.31663352,0.17513278,0.25352862,0.3960284,0.6439103,0.47223976,0.22519648,0.2954045,0.29987958,0.21821906,0.17911933,0.32622996,0
1767,3.8,1.78,2.4,1.36,103.359375,0.0467785027251032,986.1289443309115,-347.48026,148.85405,33.545162,9.2148285,6.133567,4.5347786,-0.61006045,-4.1049695,-1.1894861,-3.2413702,-17.433605,-11.335653,-1.9712901,0.17727844,0.14979555,0.16143018,0.1283024,0.28737393,0.201563,0.17778404,0.64345145,0.29361215,0.23846918,0.35115632,0.21133733,0
1768,4.1,1.64,3.1,1.37,78.30255681818181,0.04997188988478373,1334.0365265458895,-267.30313,124.223434,26.66406,37.234283,9.01105,11.222843,-4.7942157,-1.6215001,-5.415664,0.47020403,2.2329133,9.531301,-1.6604713,0.32222235,0.18020092,0.2935212,0.18714494,0.38888264,0.35088372,0.19019209,0.26470107,0.21969536,0.24514855,0.17068893,0.22666943,0
1769,5.9,1.37,5.3,1.42,129.19921875,0.04493951157765738,1606.435098752561,-204.96727,110.77566,33.427567,24.896387,14.7719965,20.395191,-3.9540937,5.2126436,-1.230529,-3.853822,-7.9387646,0.8401867,-0.6293853,0.2595312,0.23086162,0.2702119,0.25529337,0.19828317,0.2110887,0.22926077,0.28354657,0.28845116,0.22003748,0.22943397,0.24604388,0
1770,4.5,1.63,2.9,1.37,107.666015625,0.13304432044927908,2233.4159584661606,-301.23608,93.290695,-5.4721413,15.156168,-14.072151,0.5917554,-7.6216583,2.5085588,-8.535279,-3.6316411,-2.2965171,1.2352077,1.1322113,0.24896069,0.21536824,0.32424793,0.2289569,0.1867827,0.30005157,0.24601759,0.26899922,0.18199804,0.26779383,0.26022926,0.20921153,0
1771,4.9,0.94,5.3,1.0,83.35433467741936,0.06148010190918473,1397.904234555122,-126.2597,141.50336,-8.386729,22.075449,-18.13405,-1.1639524,-0.5768442,6.064015,-2.0901594,8.460334,1.9222277,7.741782,-2.9667048,0.4134321,0.25747705,0.46010393,0.2842298,0.34263906,0.44330606,0.24800004,0.38208067,0.3037114,0.83819026,0.24434225,0.21213987,0
1772,5.6,1.62,4.3,1.35,95.703125,0.06363932291666667,1296.4508985368473,-300.67343,133.27637,-22.743021,49.32093,1.7166181,-6.6429534,4.3120456,-12.610314,-21.830627,-1.4328352,-4.8283777,-6.99428,-0.57121044,0.16035306,0.17805193,0.16493452,0.21793185,0.50764424,0.1652335,0.10085696,0.08920135,0.24453048,0.3322144,0.25597763,0.3220016,1
1773,5.4,1.56,4.1,1.58,151.99908088235293,0.05512539102812178,807.9133126839471,-284.9949,214.9114,-32.406044,-3.5437357,6.459893,-18.714727,-8.138497,-6.8137193,-11.196028,-4.865776,-4.667888,-6.6729937,-5.9072104,0.17317943,0.4128511,0.10483559,0.08974437,0.35105795,0.21733736,0.38511005,0.15054993,0.3049388,0.52265877,0.21542491,0.30177894,1
1774,4.9,1.58,4.8,1.47,117.45383522727273,0.06629587128282698,1505.486385997627,-225.30101,123.80554,-8.5807295,45.94022,7.1001744,19.139395,-0.012792601,10.259778,-10.742551,16.917362,-7.634842,1.9978435,-8.531286,0.3819582,0.34252983,0.2186926,0.23771061,0.40218705,0.36507994,0.32556778,0.44919512,0.48321703,0.4298674,0.3720548,0.3215331,0
1775,4.6,1.02,3.0,0.77,78.30255681818181,0.06596206019414344,989.5211189706696,-331.83347,173.44603,-33.447647,-12.485684,1.259969,-13.91813,-19.261602,-13.745524,-15.475817,-14.309623,-12.239575,-13.252757,-2.9896524,0.23898679,0.16073711,0.17193893,0.26829425,0.32397705,0.3216183,0.17232896,0.28548226,0.22968686,0.21467464,0.28251395,0.22988555,0
1776,4.8,1.94,3.8,1.66,143.5546875,0.05619089226973684,820.224505778709,-347.21503,205.24023,-26.39476,-31.392138,4.9829903,-3.7218437,-9.995797,-12.580825,-19.930094,-14.556416,-5.8193965,-12.643713,-16.757599,0.28734532,0.20318449,0.39940995,0.26362383,0.20149136,0.20558162,0.15872505,0.3130162,0.2509937,0.22909614,0.21907021,0.17721109,0
1777,5.3,1.73,4.4,1.8,135.99917763157896,0.06461034249226007,909.4587850677881,-295.68246,207.45813,-42.18422,-26.830374,3.883975,-4.8135223,-10.681575,-10.473822,-17.145662,-15.297158,-6.458023,-13.384657,-15.704725,0.2958392,0.14422114,0.30899605,0.34492025,0.14487961,0.19179662,0.21766563,0.43582556,0.3104602,0.18366933,0.28473392,0.19235237,1
1778,4.4,1.5,3.2,1.99,107.666015625,0.05490624597708548,820.5482391749864,-360.7261,175.20897,1.8520724,-28.417917,-2.2926397,-4.11233,-16.005175,-14.146784,-11.447455,-11.416547,-9.051017,-9.578843,-10.721799,0.18003199,0.48226532,0.3675954,0.20457432,0.20141453,0.12882903,0.24923229,0.17280628,0.21086411,0.2755554,0.2016624,0.19490677,0
1779,5.7,1.9,2.9,0.94,143.5546875,0.05974718217879257,861.8170617762347,-326.60748,193.77821,-14.164085,-27.890627,8.418386,0.307912,-10.692241,-5.663389,-8.428067,-14.660351,-11.553601,-9.022272,-8.375989,0.27757376,0.375351,0.20575193,0.375972,0.18472397,0.19179957,0.27422816,0.23228712,0.36127925,0.18864873,0.34067106,0.25834337,1
1780,4.8,1.33,3.5,1.2,184.5703125,0.04937637061403509,1111.3345359689924,-285.5039,146.21606,13.007385,14.873138,3.8264894,1.7524,1.5341263,-5.937367,-8.4494505,-10.530342,-5.7391715,-6.4854136,-8.067673,0.09848073,0.24808104,0.58284616,0.42593077,0.3877259,0.2714417,0.3155798,0.17793496,0.18961325,0.32942712,0.18275239,0.093501,0
1781,4.2,1.83,2.7,1.1,123.046875,0.029957638710092688,732.8718737804728,-398.8251,152.49716,46.743378,21.479593,11.49081,7.5302978,3.1027522,1.3912483,0.2726428,-3.6971836,-4.388206,-3.704092,-3.578914,0.41276714,0.40310034,0.38830447,0.32165235,0.33555928,0.36435017,0.30599993,0.29581058,0.3751045,0.51150423,0.37836382,0.40671015,0
1782,4.7,1.68,5.2,1.89,89.10290948275862,0.07086477683178534,1837.757827337352,-123.45162,111.63244,-27.14553,49.180218,10.897697,3.788605,-6.333237,0.112405345,0.36969095,3.8101459,-9.161612,1.0555106,-1.9158199,0.2703193,0.15772799,0.20220682,0.30059972,0.5601994,0.6078485,0.36239788,0.34258243,0.33745226,0.21474034,0.23275663,0.32836404,0
1783,4.2,1.47,3.3,1.1,112.34714673913044,0.0782754148123065,1970.7732314804368,-211.83089,99.6275,17.461409,28.449942,8.028876,17.783453,4.518318,11.193521,3.3957512,1.6835139,-6.985723,-1.1174886,-6.861035,0.2091814,0.27079955,0.28288388,0.5082509,0.31997594,0.22174627,0.22194503,0.4520795,0.49405402,0.34228757,0.48441115,0.35477638,0
1784,5.5,1.2,5.1,1.58,123.046875,0.07571080446981424,1961.514953507318,-216.23543,103.01279,31.5792,28.833302,6.337525,14.650787,-2.6093543,1.3679161,-2.0188906,-0.17890781,-3.6365798,2.7744157,-3.793418,0.29280284,0.36184254,0.36974424,0.30977097,0.35175833,0.31865644,0.3798806,0.35151225,0.32185075,0.35298398,0.28068215,0.3054369,0
1785,5.6,0.8,5.2,1.17,107.666015625,0.04410227804115067,1192.133362648056,-176.33069,151.74869,-0.38849407,22.537865,8.632673,10.211518,1.9742032,7.9867783,3.445846,7.0726013,2.7016566,7.65388,2.0027971,0.24662654,0.25901854,0.43612972,0.6784448,0.43562785,0.3133582,0.32036278,0.30518228,0.32233766,0.3204588,0.36513442,0.35745183,0
1786,4.2,1.94,3.1,1.58,99.38401442307692,0.020904635497291022,476.1676508910207,-388.95593,161.32285,63.185745,29.869572,23.52931,17.524296,6.8382683,-4.0203443,-7.8843684,-2.3281171,4.922891,0.9379394,-3.7389777,0.3401616,0.3516959,0.41401905,0.3919354,0.50561255,0.44229606,0.3541093,0.31112337,0.31009543,0.4582884,0.30593526,0.2695366,0
1787,3.9,1.64,3.4,1.2,107.666015625,0.05073514294698142,1559.4506871109247,-178.46556,118.75935,11.512135,29.269701,4.7173066,11.900082,3.71726,6.1962957,-3.422275,8.496787,2.3205264,5.237379,-6.3215203,0.3834434,0.3478518,0.3916286,0.3472684,0.5288728,0.38229427,0.24996789,0.3857581,0.27687842,0.37963548,0.29912695,0.27446565,0
1788,3.6,1.74,6.0,2.37,161.4990234375,0.12479239228586171,2335.993231917604,-124.829666,87.45808,-30.633112,5.46715,-9.409971,-5.833346,-13.915077,-10.036182,-9.969988,1.8275423,-8.102128,-2.6392348,-6.882656,0.28487557,0.26303992,0.2917196,0.30512962,0.2605564,0.2794849,0.43076938,0.48612633,0.41997728,0.3466726,0.28755817,0.30709612,0
1789,5.9,1.04,5.1,0.94,117.45383522727273,0.049283904556888546,1426.6049705098787,-224.83212,128.37845,19.346666,42.727055,6.3998814,10.851248,7.163864,4.8351674,0.17349303,-0.59099793,-8.281716,7.592938,-1.3713995,0.30198634,0.34274578,0.36675447,0.26919344,0.21995002,0.23631626,0.35964847,0.5969672,0.35774407,0.30168104,0.25204828,0.28017744,0
1790,3.8,1.99,3.3,1.49,107.666015625,0.058781569821704426,964.63672621227,-325.29382,156.53983,-1.0359839,15.064139,7.1824937,-14.488434,1.8505155,7.173798,1.9972016,3.8437908,3.882395,7.108112,-1.6918559,0.225678,0.24471721,0.25357002,0.3215499,0.30231303,0.2849271,0.38970137,0.22585604,0.16139255,0.15685858,0.19205618,0.1748442,0
1791,5.3,1.79,3.3,1.1,117.45383522727273,0.06991366139383384,1421.6459861903954,-267.44287,104.87816,-8.777929,75.991615,15.014041,29.552711,15.629048,11.791573,1.6383252,5.135789,3.9384713,-3.2718956,-2.951168,0.410458,0.29840335,0.20459735,0.17631365,0.28016344,0.18101546,0.25210726,0.42953014,0.3971464,0.56240857,0.56912804,0.5186709,1
1792,6.1,0.54,5.1,1.04,103.359375,0.08642754490776573,2569.9646150169865,-136.31326,73.099,17.988966,33.152325,7.813361,15.944951,-0.74922436,8.865215,2.8352528,8.3475485,0.47668442,5.4462276,-0.3980647,0.5019611,0.49720594,0.42379087,0.43436572,0.33670098,0.37068617,0.30793673,0.43928868,0.41492778,0.33456922,0.3592463,0.34825763,0
1793,5.1,0.83,4.2,0.87,99.38401442307692,0.04210506159700722,1646.7169393961326,-163.20146,108.201805,-4.1545396,40.073456,7.7208443,19.632471,11.629634,16.565853,4.073049,17.817558,0.8933178,3.30238,0.72031575,0.62963015,0.70932215,0.5242222,0.41746768,0.33997235,0.30509683,0.29977566,0.34350973,0.43379828,0.46140993,0.47475907,0.5589199,1
1794,4.2,0.98,3.7,1.1,129.19921875,0.0461226739873581,1364.8754906839977,-244.44083,125.93905,0.11234525,44.12545,-9.552256,25.99417,11.373429,11.702088,-4.690092,-8.201522,-0.55398256,4.7960544,-2.533529,0.52655715,0.43106714,0.4514415,0.40565422,0.3399041,0.20240763,0.21095812,0.22981982,0.14397956,0.23871297,0.400848,0.6056213,0
1795,3.9,1.3,3.0,1.0,83.35433467741936,0.08470974224393704,1563.2593952117838,-246.31209,106.7083,-17.478712,35.82761,13.858035,13.42307,-5.101245,2.5059223,-0.9322403,-1.411026,-5.3289666,-2.5533063,-1.972473,0.1998746,0.27903214,0.3389042,0.24655294,0.28090474,0.19955322,0.30916753,0.3383684,0.39297134,0.32730132,0.21625058,0.24838594,0
1796,5.8,1.6,6.0,1.55,143.5546875,0.10295956890157379,2355.783712920672,-111.500084,91.741516,-4.5163264,34.43949,6.779803,5.530983,-1.5518205,7.275974,10.562768,15.019955,-9.649296,-0.5310818,-4.1066384,0.3758715,0.31009653,0.3026282,0.35561687,0.49902165,0.4895557,0.4897701,0.5655519,0.4431947,0.644074,0.39473805,0.47011882,0
1797,3.6,1.11,4.1,1.81,135.99917763157896,0.08035098805147059,1850.1512436625292,-253.77876,100.65096,-0.040274385,30.99269,2.6451309,10.577748,-6.1487346,-0.78349483,-3.780286,-0.36650988,-5.855137,1.745661,-1.6493683,0.24329357,0.14593063,0.25043213,0.34314892,0.45883682,0.35198066,0.15544656,0.13406116,0.1524424,0.29173464,0.2886496,0.26866376,0
1798,5.7,0.64,4.0,1.48,151.99908088235293,0.05205360310242518,1665.3411255427877,-190.05539,117.619446,31.208632,25.289558,10.960612,16.451958,4.0684843,10.247622,-2.6207702,-0.1363591,-2.1552866,3.465524,3.1217535,0.54182845,0.3446101,0.384789,0.39230585,0.5270337,0.37959895,0.27095494,0.2282599,0.26242378,0.30746287,0.2957362,0.48151743,1
1799,5.8,0.87,4.5,1.28,117.45383522727273,0.04472056606359649,1074.4421981194234,-226.54729,161.73001,6.1018505,22.293043,-6.4148827,9.418483,-11.454652,7.407273,-3.7074227,-3.2416236,5.735021,12.438002,12.386279,0.26748234,0.615248,0.39164323,0.5483348,0.2605039,0.14704327,0.1911838,0.2495988,0.5052044,0.3620296,0.25373983,0.26052502,1
1800,3.4,1.62,2.6,1.02,92.28515625,0.02700582518022657,699.8263857073168,-340.14648,151.93079,42.010002,21.534666,8.412868,10.875236,9.264231,5.1891775,-0.3361417,2.9655564,0.5947216,-1.4401951,4.7894588,0.43572474,0.32058316,0.30503973,0.3298212,0.28293952,0.31197545,0.27224797,0.30252856,0.2551478,0.24328625,0.3449721,0.31658754,0
1801,3.4,1.5,2.8,1.6,143.5546875,0.06429439580108359,1181.4458375505908,-249.38264,174.26115,-59.605595,11.854775,-2.5316844,-15.745235,-9.686671,-28.970299,-5.7001066,-10.689824,-8.663084,-11.370567,-13.985851,0.21327046,0.4590471,0.378964,0.21284257,0.22453687,0.15044382,0.2851158,0.15097998,0.26550847,0.36118892,0.21215956,0.20067404,0
1802,5.7,1.55,6.6,1.69,117.45383522727273,0.15737647341008773,2827.5624832831245,-156.2916,66.39653,-20.732214,19.4102,-7.601952,0.33490032,0.9334428,7.700185,-2.1035242,5.37529,-2.9772296,5.358216,-4.692932,0.5534106,0.3567075,0.34503192,0.45313513,0.37968042,0.38071498,0.3141404,0.39735654,0.39885834,0.2931284,0.35557356,0.3399881,0
1803,4.1,1.58,3.6,1.36,161.4990234375,0.03958025952979876,1194.6186382489864,-188.47298,136.00438,7.5250926,33.04324,25.200174,20.591827,6.347019,5.5638638,-7.899564,-0.432187,-5.0963707,0.46073228,-7.711312,0.26392785,0.27732512,0.47017804,0.41173816,0.38904965,0.65599287,0.36271283,0.3228811,0.24933173,0.4117643,0.6549772,0.31609142,0
1804,5.7,1.1,5.9,0.94,103.359375,0.09130708204334366,2252.0060726451075,-119.02285,90.829155,7.368464,32.86839,19.130272,6.418472,-4.0099826,9.316196,3.9854255,5.2990265,-2.33693,5.0201726,-0.4714266,0.44924113,0.42977035,0.34730503,0.4590383,0.36861986,0.35526064,0.5472333,0.38393575,0.42431277,0.43615332,0.5280653,0.54222345,0
1805,5.7,1.27,4.9,1.22,135.99917763157896,0.09194023518124356,2023.2271499787962,-159.27312,94.88,-10.572107,28.413889,13.2560215,23.544222,9.936038,9.1356125,0.03443441,4.672382,-1.5453012,1.8841413,-1.0328695,0.28732806,0.27807185,0.44523618,0.26861852,0.35623622,0.26529303,0.4018577,0.5324181,0.32310474,0.37391874,0.22722262,0.31801873,1
1806,6.5,1.36,6.2,1.33,123.046875,0.10168142092363261,2552.006470705915,-105.5848,82.79582,7.7393427,24.46829,13.2592535,10.476935,6.938185,3.9851036,-1.8557792,6.7898397,-0.45292738,0.6858439,-0.0133502595,0.30564973,0.39309216,0.47565633,0.309862,0.3973663,0.33713144,0.42523766,0.4467041,0.50377244,0.55016136,0.4043879,0.42757902,0
1807,5.7,0.9,5.3,1.0,112.34714673913044,0.09085634150864293,2395.3144701208203,-125.55985,82.53466,1.7711663,25.296122,12.096729,7.4041905,7.831021,9.798603,-1.9328778,10.841453,3.390357,5.96838,-0.40873435,0.4501319,0.47479445,0.36519694,0.45302385,0.4401189,0.44611415,0.47709802,0.37814182,0.39283082,0.38460553,0.48051447,0.6020651,0
1808,5.4,1.74,5.3,1.79,107.666015625,0.12494532660926212,2851.5626479094813,-105.226585,70.454704,-6.276667,19.691656,7.176853,4.2605267,-4.0074835,5.2985215,0.72322667,7.9161835,-1.1668345,-0.03857025,-2.060218,0.39298967,0.32730427,0.47062325,0.3887753,0.36879462,0.3803504,0.36732748,0.56577903,0.35521507,0.4341135,0.6318192,0.4210689,0
1809,4.0,1.34,4.1,1.22,89.10290948275862,0.08928038731940144,1699.8748631931198,-163.46027,132.85481,-35.075966,49.440224,-7.491747,-8.828441,23.282244,-1.5015388,3.069218,0.56871337,3.3524282,1.163844,-12.718804,0.22743914,0.21137495,0.29624617,0.2183461,0.30604604,0.362977,0.47071478,0.7117081,0.47724226,0.39556044,0.29153186,0.26507893,0
1810,4.1,0.94,4.0,1.41,117.45383522727273,0.17616996411560248,2831.00859802525,-238.50258,58.185234,-48.40659,15.7627945,-11.427051,14.923149,-3.725096,11.439948,-0.60867953,3.9201143,0.78888786,-4.7528434,-6.114482,0.30877718,0.3322658,0.49309403,0.28146207,0.36081737,0.5082777,0.44250786,0.5143264,0.331406,0.41999123,0.334524,0.29313767,0
1811,4.6,1.91,4.7,1.73,123.046875,0.10361363398155314,2310.744677331535,-122.666824,92.04217,-5.528422,36.061306,3.840157,-5.1731615,-0.514864,-3.3960948,-8.176479,5.2134957,-7.4476686,3.3392673,-4.4231944,0.49870628,0.3521034,0.37265515,0.32067648,0.50258887,0.40558293,0.32318115,0.41212013,0.33469298,0.36852336,0.2892822,0.4569464,0
1812,5.0,1.9,5.0,1.61,123.046875,0.11323539489809081,2632.450536515777,-145.72891,82.58431,5.903924,24.605295,12.125799,1.1331589,1.27208,2.5135705,-2.118991,5.3776875,-2.980826,6.72982,-2.4663143,0.24910302,0.37230816,0.3186995,0.37314662,0.31822172,0.3720992,0.41204065,0.28746176,0.43271628,0.2937146,0.2626708,0.24619378,1
1813,6.1,2.02,5.7,1.68,107.666015625,0.16086120920407637,3257.758958462029,-135.04381,47.985237,-0.48547804,42.752052,20.052952,10.791586,7.2182693,11.400336,2.7817986,7.933761,-1.2173319,-0.027528776,-1.2998604,0.42078644,0.41143325,0.43213475,0.4657698,0.54765177,0.41784814,0.35448036,0.4926765,0.4807532,0.5316174,0.4551459,0.4343591,0
1814,6.0,1.61,5.8,1.66,143.5546875,0.11215905975877193,2212.4594768782513,-121.13069,94.599525,-22.364317,36.98261,11.617488,5.9747896,1.2477124,16.112427,3.1016448,6.658973,-0.028161488,9.844648,0.48877484,0.63359135,0.4433895,0.48506334,0.4625222,0.60393894,0.52724785,0.38048878,0.45721036,0.43613616,0.49115503,0.39075425,0.49090117,0
1815,6.4,1.02,5.8,1.54,123.046875,0.0560984262125903,1766.3238396485533,-175.30011,112.719894,4.6749573,30.48089,5.7809043,5.3800926,0.69805527,6.6186533,-1.5998547,2.2283888,0.57745457,-2.526206,-6.546042,0.3013269,0.3387168,0.5415017,0.25339374,0.1826771,0.18234439,0.16940418,0.2938093,0.40012944,0.48434538,0.2507253,0.23454401,0
1816,5.0,1.73,4.5,2.11,99.38401442307692,0.0724276295633385,1640.6036190686216,-187.95734,128.60422,-18.73176,30.117294,-5.254805,6.346955,0.87234014,0.9195234,-2.5707202,-1.8583218,-4.6800694,0.7891218,-0.24422137,0.2318481,0.23194534,0.3909951,0.18094666,0.14841343,0.27782258,0.7781257,0.29234785,0.18636966,0.30162263,0.26729482,0.4374945,1
1817,6.6,0.92,6.0,1.1,117.45383522727273,0.10447051970459237,2183.1426807155076,-86.16217,99.08843,-18.060925,30.89298,8.857006,1.2765887,6.139135,2.9006865,-0.4634822,6.804579,2.1807609,3.9372666,-1.8786329,0.30507773,0.28456864,0.42593056,0.56378365,0.46016228,0.5338415,0.38599423,0.47513738,0.38254434,0.35308406,0.5380927,0.3197205,0
1818,4.3,1.79,3.2,1.33,107.666015625,0.08246939297923117,1629.2075362883058,-224.34425,120.86986,-13.349162,-24.689354,-25.090843,-13.510812,-12.526331,-21.117056,-26.611898,0.7129235,-9.894109,-7.411781,-15.263883,0.053096686,0.132463,0.49600446,0.23040798,0.23583488,0.089500405,0.26665804,0.3555586,0.09685261,0.128207,0.08163993,0.2250802,0
1819,4.1,1.14,4.1,0.94,117.45383522727273,0.136519708623581,2356.1262903700217,-146.47672,90.48546,-50.26927,-4.283797,-19.148853,-8.553845,-18.35447,-7.9994025,-15.735008,-7.82657,-10.984097,-11.1960745,-9.455384,0.24813238,0.28893125,0.29379326,0.27629003,0.37415215,0.31073356,0.47028568,0.3286967,0.3012249,0.30213383,0.3302662,0.5631539,0
1820,4.5,1.2,4.4,1.2,95.703125,0.13210754079592363,2643.843876002003,-135.9373,80.55483,2.2508898,20.42765,3.4933028,18.217709,2.1162472,8.400475,-2.9342153,1.3799881,-3.6307268,-2.1586173,-1.9488491,0.38738623,0.26183268,0.31792778,0.44480413,0.38862082,0.2156147,0.23956713,0.41994464,0.366777,0.259105,0.35554248,0.29365838,0
1821,6.2,1.33,6.6,1.11,161.4990234375,0.06258919069272446,2046.8288870836768,-144.65532,94.45666,16.461487,32.595875,7.428966,14.90893,5.10295,7.232395,8.320319,8.716434,0.015379977,5.3785696,1.4799831,0.48287427,0.431797,0.48347476,0.44630262,0.4272453,0.34940788,0.31795663,0.41290227,0.41959932,0.42340824,0.3693532,0.42794713,0
1822,4.7,1.62,3.5,1.28,103.359375,0.0784059254869711,1324.1139223982266,-209.46835,157.0173,-58.324482,11.291465,-27.085312,-16.45715,-21.94721,-11.905238,-13.016529,-8.849137,-12.886581,-15.816696,-6.3266063,0.23745498,0.18828748,0.62139904,0.32686526,0.1044156,0.18659352,0.17141137,0.43187892,0.25891304,0.44080845,0.36553276,0.15854281,0
1823,2.7,1.19,5.6,2.01,75.99954044117646,0.043574692418085655,1018.2744180918193,-195.7195,176.35535,-18.095318,31.6167,-1.2265851,9.947273,-1.578309,0.38960642,-0.799681,0.4902272,-4.2797713,-2.5069077,-10.417763,0.30892634,0.19718866,0.23233701,0.40247723,0.6054287,0.468347,0.3948203,0.34103778,0.3303981,0.29728997,0.26038727,0.48512527,0
1824,6.2,0.75,5.7,1.0,117.45383522727273,0.056364738535216716,1387.2186538816702,-227.03531,142.9066,2.7116964,14.88169,8.148859,12.937326,0.7660154,5.4402304,-11.483131,-2.1063664,-3.72812,-0.24667053,-3.0246105,0.47168347,0.4382684,0.65098727,0.4063942,0.34175232,0.31849784,0.24031,0.29193205,0.2539331,0.46166074,0.29455498,0.27807087,0
1825,4.8,1.47,4.5,1.36,198.76802884615384,0.14253655306695046,2582.4584785447973,-120.96448,92.01705,-17.661978,26.444183,-0.008892087,12.189651,-2.1705534,0.95807886,4.772582,-1.2631497,-10.134829,-5.8999047,-10.419799,0.32351097,0.4452489,0.34213215,0.46644843,0.3206198,0.25380948,0.36043212,0.36147162,0.62919676,0.30272233,0.38569677,0.41009337,0
1826,5.1,1.22,3.7,1.42,151.99908088235293,0.08582840516963364,2376.064121420522,-157.25742,86.711555,16.770025,26.287867,8.879593,6.3497896,3.2445805,4.1594787,-0.2176258,-0.33013192,-2.7198308,1.7774612,-1.1484424,0.1851027,0.13039255,0.1350071,0.34891787,0.69616234,0.25610623,0.15635519,0.2019922,0.46051088,0.41190997,0.26766244,0.40067062,1
1827,5.6,1.69,6.7,1.49,83.35433467741936,0.11359291352231682,2778.84805252545,-90.00995,63.929695,-8.539337,39.686783,13.137277,6.7669764,0.10148244,12.969432,0.16819601,8.120973,-3.7597785,7.616102,0.5583845,0.6188613,0.4378985,0.31520596,0.2966282,0.38999918,0.41605192,0.37416217,0.38570702,0.4037929,0.47813025,0.48272294,0.55228585,0
1828,5.8,1.6,6.6,1.69,135.99917763157896,0.17342046810500517,3023.9420511310354,-71.127335,63.88681,-23.13008,13.580386,11.823066,5.6896076,4.5156236,14.698949,-4.2465696,0.030305497,-1.8834928,3.13093,-5.48876,0.7403031,0.5280958,0.5303272,0.41287968,0.4388154,0.4716584,0.41193944,0.5178165,0.34575218,0.38775426,0.33806434,0.4446692,0
1829,4.8,1.72,3.6,1.62,92.28515625,0.061529232375515996,1344.3725056929802,-183.83148,154.29457,-13.052542,24.19014,-10.783661,-2.2890797,-9.805403,-2.3921883,-12.975816,1.3069279,-9.789164,-6.3341365,-10.704617,0.280107,0.21792804,0.34976172,0.23923358,0.39264068,0.2122681,0.32073802,0.35359886,0.271662,0.4853963,0.31094927,0.38737974,0
1830,5.7,1.0,5.3,1.27,117.45383522727273,0.09041089194723942,1810.5631035723102,-131.17668,128.1808,-44.682922,67.909744,-17.510454,15.610967,-0.22130103,9.371517,0.97999805,3.468887,-7.725227,-1.358569,-2.169613,0.35495055,0.34753326,0.6054635,0.34712175,0.27364945,0.24120364,0.31598485,0.4516713,0.3976137,0.48329666,0.3367936,0.5506931,0
1831,6.2,0.98,5.6,1.5,172.265625,0.14116215976522187,3048.0126573247567,-74.73077,70.766304,16.83878,18.005644,6.502465,6.873999,-1.5697918,8.002041,-1.1455967,4.342366,0.33205506,3.5860755,-1.654529,0.3708593,0.33712512,0.4369514,0.31119773,0.48259914,0.37266627,0.36166486,0.5467431,0.499927,0.638834,0.33162186,0.35660613,0
1832,5.7,1.73,5.2,1.89,112.34714673913044,0.039042091960139316,1406.8729170266265,-227.24791,129.54196,30.448318,24.323559,7.2082286,14.452276,15.524032,8.407,-2.1029334,12.0227585,-0.8608325,1.4375746,-1.4529845,0.5406074,0.48018587,0.49550155,0.38520965,0.2848864,0.35388762,0.35894954,0.46910682,0.468053,0.5428297,0.6724722,0.54461396,0
1833,4.5,1.43,3.2,0.75,107.666015625,0.04895611616357069,1318.8732075188673,-197.33624,149.35551,5.661556,13.62185,4.0948052,11.017341,7.8499837,7.4454575,1.5676719,3.5003655,4.4630933,4.662315,-0.29302934,0.37216505,0.28020892,0.4568582,0.24922071,0.2235173,0.15561211,0.32605028,0.47360945,0.34376088,0.4231826,0.4334629,0.5489107,0
1834,6.3,1.42,5.7,1.73,80.74951171875,0.05490115454076367,1761.7466734744055,-136.76541,111.915726,8.844524,28.943651,6.7175922,11.262808,15.056284,9.61079,6.646261,11.631456,0.5502025,8.948011,-0.063261494,0.46345297,0.4806433,0.48039407,0.4117499,0.4513292,0.5031204,0.5327158,0.43700135,0.42756203,0.5121901,0.47575763,0.53343236,0
1835,5.3,1.0,3.2,0.87,123.046875,0.026529192063338494,1075.1119926010324,-241.66173,134.98973,46.24924,46.562,22.078997,6.6654806,12.186884,9.628076,-3.9859643,8.4742,3.795226,-2.1016986,-3.1356301,0.4641657,0.4489263,0.49491468,0.5284749,0.312931,0.31513497,0.4214716,0.4682907,0.4897807,0.40148818,0.45624578,0.4779328,1
1836,5.6,1.69,4.6,1.11,123.046875,0.07269293408152734,1662.6557981618844,-235.1511,113.57646,-14.142779,50.700214,9.482831,9.567329,-8.264872,4.2084513,-1.8593898,4.347459,2.2266867,-2.1846902,-6.2763267,0.30578774,0.3375685,0.43450898,0.40329504,0.48950908,0.34884572,0.32706356,0.22598279,0.3100287,0.42568126,0.38739324,0.37106255,1
1837,4.2,1.78,2.9,1.58,112.34714673913044,0.07760503829814624,1630.0421637358488,-243.93782,112.47445,-1.9447569,31.658543,11.089258,-1.5696195,-14.886022,-1.0511539,-13.007056,-13.084925,-9.271611,-9.435089,-15.591099,0.18437326,0.16425961,0.3589381,0.22156584,0.36824456,0.15882249,0.27433193,0.44102103,0.17337565,0.16307959,0.09653219,0.14418815,0
1838,4.6,1.69,5.0,2.1,151.99908088235293,0.09778625677244582,2094.1739383102063,-126.87339,101.263855,-15.577986,33.46837,7.1038876,16.255331,-1.76051,11.226044,-0.75963736,7.2970233,0.62180537,6.0874624,-3.9596565,0.29431167,0.4059197,0.3966396,0.2948262,0.40977782,0.31865197,0.46087107,0.4456753,0.36616403,0.44049698,0.3170373,0.41562065,0
1839,6.0,1.67,5.7,1.73,151.99908088235293,0.08681630546955624,2131.4661276399656,-126.13722,95.05426,0.8645743,31.389523,17.475883,12.152831,0.59452283,6.89686,-0.3273148,4.7735934,-6.367666,4.7468414,-0.28130278,0.4775319,0.3548519,0.46387854,0.3141693,0.31013963,0.26462936,0.34713784,0.4519553,0.3482755,0.43178836,0.43167433,0.59004635,0
1840,4.8,1.89,5.4,1.91,151.99908088235293,0.05983284555598555,2059.978623699881,-143.25829,89.40503,25.002169,30.540684,-2.197733,13.8299675,3.7129996,1.9010501,1.1850183,4.4084835,6.675956,9.888902,3.1428099,0.37746727,0.2882824,0.36336678,0.7686785,0.2876078,0.18885013,0.21052809,0.24687067,0.24297236,0.23036245,0.36135346,0.39869368,0
1841,4.6,1.8,3.1,1.58,161.4990234375,0.0969293710494066,2220.0032572987184,-209.95663,89.24787,-25.169586,-24.536812,5.824197,27.922483,27.79445,-6.9910173,22.433275,2.7384098,-5.589497,-13.616046,-5.664975,0.3287491,0.2189969,0.32269666,0.25606954,0.18346055,0.37945876,0.20595406,0.3833496,0.17811087,0.3271596,0.5429609,0.2388281,0
1842,5.8,1.72,6.3,1.35,123.046875,0.08775885456978844,2035.0180935510102,-130.96106,103.82904,-11.807108,51.234074,-6.0654454,16.579576,1.6843317,4.50851,1.5078195,6.7982397,1.9037882,4.981244,-2.7141404,0.44376707,0.4597331,0.46613663,0.34370792,0.37590516,0.46293595,0.6853331,0.6044477,0.440427,0.39291862,0.36614922,0.45018697,0
1843,4.9,1.37,4.7,1.27,129.19921875,0.04511285394091847,1121.1323459327898,-225.09668,161.6674,-17.692604,55.45243,-10.228336,2.84446,-7.3969088,-12.615383,3.5556889,13.554383,14.908629,-2.9584336,-4.815337,0.739895,0.4741649,0.35773912,0.24962562,0.38337657,0.26622388,0.2165076,0.5088113,0.21964857,0.2219896,0.20928045,0.43622172,0
1844,6.1,1.76,5.5,2.06,172.265625,0.06408200101586688,1896.4164425830672,-175.42093,102.33881,5.4973326,41.772453,13.677629,9.761983,-2.3545816,4.565311,-2.761847,-0.4407084,-1.0129645,-2.6444767,-7.942925,0.46735594,0.48174152,0.53069574,0.4045334,0.2849997,0.26204306,0.3414617,0.5037183,0.3647711,0.32131347,0.28750896,0.3699821,0
1845,5.9,1.37,5.9,1.45,143.5546875,0.07739283007610939,2253.925795973264,-124.998856,93.5572,7.0173845,17.869274,4.2512393,18.54942,8.818131,10.572078,1.1706092,8.55786,2.3166182,6.1528273,3.720495,0.61281115,0.49787447,0.5556283,0.45884,0.5489449,0.4733614,0.4222551,0.49533778,0.47906002,0.55421454,0.44032153,0.5050781,0
1846,5.8,1.6,5.8,1.6,103.359375,0.0743464892124613,2268.576329459651,-159.16382,95.57185,24.391375,14.271266,3.8603334,3.8555644,1.487179,2.9842596,-7.387084,1.644946,-0.46347576,5.3056116,-1.2672385,0.4668368,0.2854278,0.3756964,0.22896288,0.2506326,0.3095127,0.35456115,0.36837682,0.2721676,0.29298857,0.32439572,0.65086806,0
1847,3.2,1.17,2.6,0.92,58.72691761363637,0.07238782102857878,1825.133033679419,-255.01497,113.86342,7.941708,20.759228,-7.642644,5.6758904,-9.533821,-8.07151,-12.546509,-4.275195,-7.336002,-5.1928973,-8.082604,0.37729573,0.19923355,0.32066804,0.32062665,0.25560236,0.2098227,0.14380866,0.33834648,0.25733694,0.37075824,0.49732763,0.25092885,0
1848,5.5,1.69,5.0,1.79,99.38401442307692,0.08720723239572606,2180.8583249243848,-104.952484,90.50807,-7.6574473,37.4907,17.493324,8.639439,6.643382,8.756492,-0.009491973,5.1560597,-0.9563265,9.134848,-5.1378064,0.31875786,0.39952937,0.47864988,0.3594056,0.38892844,0.321363,0.437204,0.5234573,0.54681903,0.6089182,0.44532305,0.4766823,1
1849,6.0,0.89,5.8,1.08,161.4990234375,0.07193657685113519,1923.8684596388994,-165.89423,103.18853,3.1118715,32.832645,10.093779,4.202653,-7.262062,3.0752037,-4.847672,-3.6110046,-3.0802948,-5.5269284,-8.203664,0.24718583,0.3051118,0.29447696,0.3355549,0.46023077,0.25669226,0.20042992,0.19065773,0.3393992,0.4391236,0.27897933,0.30652237,0
1850,3.7,1.55,2.7,1.27,107.666015625,0.05228161885642415,918.1463647572316,-208.22081,202.94008,-31.61587,23.671125,1.5945957,-1.0557218,7.785088,-10.946853,0.026749397,-0.6607191,0.6125728,1.9782997,-2.5948806,0.24652635,0.40385336,0.26217154,0.6549787,0.19715907,0.18074532,0.50323766,0.22926001,0.2785666,0.19588104,0.4277523,0.5446582,0
1851,4.6,1.69,3.3,1.9,83.35433467741936,0.043395681803553035,1241.0004080384308,-285.91367,126.67707,40.00491,41.513203,-0.96473616,7.139347,1.967992,-0.27209708,-3.593366,-0.48962146,-4.146571,-1.5803775,-3.717622,0.16736124,0.25849095,0.47158095,0.26814255,0.11640221,0.10058564,0.12843171,0.17198057,0.317529,0.5494714,0.2722153,0.21833935,0
1852,4.1,1.51,4.7,2.1,107.666015625,0.11909023477812178,2206.9098646616962,-116.875404,103.336685,-38.615997,-2.650844,-7.0354404,12.637066,-6.5079327,11.6959915,-0.522277,7.269622,-1.5083938,-0.55151826,-1.5822734,0.35308814,0.3158067,0.45121354,0.4314791,0.32471994,0.3263423,0.658099,0.41452736,0.3044843,0.5972188,0.47841278,0.53695875,0
1853,6.5,0.81,5.7,1.27,117.45383522727273,0.07793340869593203,2150.8124737237604,-180.90619,100.047035,21.552189,22.916344,-5.2688794,5.155511,3.3731256,1.5865964,-4.278314,-0.21424471,-6.159107,-1.3873909,-4.4938903,0.5058304,0.45619097,0.49248758,0.35127193,0.32432514,0.31081435,0.20154618,0.21688734,0.25572765,0.37271073,0.54390085,0.48853537,0
1854,5.2,1.25,4.5,1.28,112.34714673913044,0.08327286506707947,1887.3659499215164,-123.722496,117.19135,-15.974093,21.070265,0.7134588,7.22303,1.4227673,5.049616,-5.772336,8.551507,2.2657259,2.4851809,1.2565044,0.48531935,0.3438699,0.41702563,0.30944958,0.5482914,0.3825234,0.30543396,0.31399024,0.29192638,0.48269978,0.2544788,0.28853828,1
1855,5.4,1.56,6.0,1.34,129.19921875,0.12933885005482457,2016.4475332147047,-112.82622,119.96994,-58.46101,19.959768,3.2035053,0.68218297,-5.5997596,10.787152,-6.851504,6.2457805,-3.6905658,6.213914,-0.4848424,0.40184107,0.5428615,0.62735236,0.6915262,0.66520405,0.4437543,0.5023865,0.41590956,0.49884257,0.4556589,0.43359512,0.60170835,0
1856,6.1,1.76,6.7,1.85,112.34714673913044,0.10929487954721362,3077.5435307026833,-40.207867,61.03041,13.535114,23.237192,16.601667,15.753263,6.9477844,12.152394,5.1670456,10.652071,4.951971,8.472777,0.10708993,0.43272564,0.30406344,0.41070464,0.60350454,0.6041724,0.6668763,0.49991587,0.5580757,0.50039375,0.4602037,0.38844678,0.31170493,0
1857,5.3,1.27,5.0,1.0,107.666015625,0.10871035297342621,2170.859419475803,-123.57829,94.14138,-20.273933,34.805405,-7.952456,11.377962,3.0655806,10.766815,-7.706239,5.2308326,-2.86445,2.1217024,4.13423,0.49706888,0.28987682,0.41480052,0.28744304,0.4980046,0.3684184,0.29079702,0.4934307,0.39919496,0.53406435,0.28171155,0.321077,1
1858,5.2,1.33,5.6,1.56,117.45383522727273,0.11311899348555211,2382.8521505547237,-119.73797,96.05012,-9.7840185,18.13615,-2.7203288,5.6129913,-1.3403035,-0.7989872,-5.5899196,1.6702296,-5.290304,-2.3960395,-4.0574236,0.2715464,0.35791087,0.5881494,0.26088938,0.22708914,0.16382417,0.26177773,0.2786383,0.29434717,0.546539,0.34078902,0.3945991,0
1859,5.2,1.47,5.0,1.55,86.1328125,0.17440836840492777,2693.726871216433,-172.20963,75.52968,-56.737194,41.703083,-30.527328,13.384006,-5.0182695,11.971209,-4.79657,5.4533257,-3.595116,3.203689,-3.940299,0.34685445,0.3627146,0.4704323,0.35943246,0.48649415,0.33713165,0.42319047,0.46003196,0.39936444,0.50848216,0.38660237,0.57112396,1
1860,3.7,0.78,3.5,0.81,75.99954044117646,0.04758278152355819,1127.6302087862307,-221.93268,163.01024,-6.045418,23.688196,2.451258,-3.51894,-5.376841,-8.542065,-10.298416,-1.8739225,0.15999275,0.57605857,-5.515788,0.3115776,0.23375565,0.57205254,0.49972105,0.2548841,0.34423283,0.25129342,0.37527683,0.24545872,0.21345013,0.33588615,0.22298293,0
1861,5.1,1.3,5.0,1.48,123.046875,0.06114097571594427,1387.312328967296,-221.44727,142.69392,-3.0527716,48.562233,12.585816,9.199549,7.559454,17.827307,-1.4396452,7.4709525,11.794244,1.1567863,-4.39131,0.41437697,0.45562148,0.5278555,0.5429657,0.49178502,0.40044266,0.43096352,0.46128714,0.5100398,0.54039544,0.5258115,0.48435625,1
1862,5.1,1.45,4.9,1.87,103.359375,0.06091976264189886,1803.0279791385894,-154.3874,112.43676,16.960228,28.244226,15.250969,20.5278,-13.459959,1.5559342,3.2021244,6.601771,-0.81945306,-0.34195977,-3.5226154,0.37709475,0.32253748,0.31195205,0.31143853,0.5017704,0.38704088,0.39242512,0.43818688,0.37450665,0.39906365,0.4296033,0.5016217,1
1863,6.4,1.43,5.7,1.85,107.666015625,0.08522447836042311,2025.3404849105063,-174.49197,99.26288,2.191252,28.163397,7.6577735,13.025828,1.2824055,4.5647736,-3.8147888,6.9257956,-0.74743134,4.625288,-4.151989,0.24401978,0.26524428,0.30524784,0.29153675,0.42175832,0.35032058,0.44146898,0.5622992,0.41249827,0.42881113,0.29151958,0.29974622,0
1864,6.1,1.58,7.4,1.8,172.265625,0.12404560919762642,2612.036234318002,-95.05965,81.31334,9.005857,32.10447,5.3287745,10.88295,-9.586752,3.8732855,-2.9052997,7.476607,-0.6644092,5.5845866,0.035541672,0.5160895,0.5570205,0.49487025,0.4140404,0.5817641,0.4997562,0.44238734,0.5069555,0.50399274,0.52011913,0.46005255,0.54258555,0
1865,6.8,0.75,5.9,1.51,107.666015625,0.0672779652902935,1545.0421156536488,-173.99963,131.18793,-8.293062,27.894857,-0.79406226,10.448226,4.613325,-2.415017,1.130595,3.22755,-5.9237084,5.202542,-5.8915024,0.50989026,0.3905324,0.38295084,0.3285352,0.51403517,0.29037783,0.21820225,0.4083728,0.35528776,0.4008502,0.45019668,0.44032586,0
1866,4.8,1.4,4.5,1.43,63.02400914634146,0.09314983143988156,1324.8071512206554,-232.30757,213.69144,-97.121994,13.962271,28.3379,-54.98966,-8.337865,2.5630443,-36.833378,-11.6545315,-4.872719,-29.895954,-11.829189,0.1983299,0.31703392,0.34612775,0.29422897,0.54578865,0.29331958,0.30924717,0.3747473,0.28744793,0.25307304,0.1898394,0.3433978,0
1867,4.2,1.54,4.0,1.73,123.046875,0.06757390093975284,1133.1949444739064,-246.61635,209.64978,-81.128685,8.136902,20.577023,-55.534283,-13.822724,-4.1597996,-37.783085,-13.100408,-7.393827,-28.086891,-12.320108,0.44899657,0.16052236,0.11599431,0.13984185,0.39485765,0.21881737,0.23689902,0.6145633,0.176508,0.10361316,0.0945347,0.29647073,0
1868,5.8,1.4,5.0,1.61,161.4990234375,0.06154787675761094,2064.502273853351,-167.63412,97.20559,21.168074,25.548166,17.168823,22.585938,4.239809,13.221084,-0.5392866,-2.843558,0.6353307,1.0966593,-2.1806962,0.4628377,0.34468836,0.2840833,0.28756073,0.24659568,0.24945901,0.2279247,0.43250754,0.6503488,0.42253825,0.34120405,0.38591218,1
1869,4.1,1.51,3.7,1.55,129.19921875,0.04752872360968074,907.618052521157,-272.50113,184.87784,-39.523525,18.08891,8.917526,-38.884983,-13.241642,-20.042505,-34.041847,-12.8774395,-10.110693,-17.563957,-11.8558035,0.34047017,0.22674935,0.24236521,0.29485834,0.6541106,0.18198055,0.07049377,0.18617794,0.14351334,0.11375545,0.1292128,0.31700712,0
1870,5.4,1.2,5.6,1.28,83.35433467741936,0.1083954140866873,2449.496042149392,-180.10243,87.68292,6.9405355,15.551955,1.8696812,8.496317,-7.0934052,-3.4461572,-6.600565,-0.5178191,-3.811091,-1.6477162,-9.425414,0.19241029,0.17938367,0.32357293,0.26962703,0.45047778,0.28386393,0.44473195,0.38858765,0.20566805,0.24637745,0.22952743,0.39272854,0
1871,6.4,1.11,6.6,1.36,83.35433467741936,0.11404667747033023,2549.1448081890453,-128.16112,88.05394,7.632684,15.760502,3.3548918,6.610789,-7.857926,-3.3256533,-4.5480895,2.0117338,-2.4829152,0.98666775,-8.406451,0.20189965,0.22232224,0.4669757,0.2872227,0.40152666,0.27508208,0.45431316,0.35581645,0.19709429,0.26187944,0.24661973,0.42287204,0
1872,4.5,1.36,4.2,1.4,161.4990234375,0.0716553994130547,1681.9464727247193,-137.7611,126.6335,-5.45894,13.671171,0.33961698,0.679359,1.0262327,-4.8293314,-12.710059,-4.4165072,-3.4243119,-4.4272585,-3.4077852,0.34115106,0.20786469,0.28294218,0.38402298,0.6441277,0.41998357,0.20997007,0.31609538,0.30148876,0.5744114,0.2824042,0.32730842,0
1873,4.7,1.62,3.4,1.43,99.38401442307692,0.06205329068304954,1463.2911229528404,-189.15805,141.33244,5.939991,31.547148,1.9277023,4.0857663,-10.060221,-3.0828395,-2.5439672,0.49216646,-1.2282509,-0.98269093,-8.568325,0.16740908,0.2734446,0.16729707,0.258043,0.17766184,0.35963973,0.5513107,0.27255082,0.38271412,0.36815813,0.60457796,0.19231601,0
1874,5.0,1.67,6.3,1.49,129.19921875,0.11027345765608876,2046.1386758038554,-113.2956,111.309166,-45.443794,58.497353,-9.109393,17.216768,-0.76020813,1.0873804,3.103954,2.1786826,-11.830665,7.5977955,-9.694727,0.4503762,0.630945,0.49932343,0.54868656,0.45659184,0.34058416,0.38195786,0.2855899,0.391633,0.25421056,0.29202044,0.36001378,0
1875,6.3,1.19,6.2,1.47,107.666015625,0.10084317958268833,2216.9771256962104,-242.47794,98.02675,15.067914,21.70571,21.746853,0.6672836,-0.335388,6.554802,1.6461664,3.2556932,1.4623313,2.294164,1.6889833,0.53360605,0.5092278,0.6251937,0.48817742,0.44338337,0.4635864,0.41840088,0.41062665,0.3919954,0.4604116,0.3792712,0.4581523,0
1876,6.3,1.35,5.0,1.79,151.99908088235293,0.06210141334494324,1662.0879589023605,-158.02579,118.84631,3.669204,37.831978,2.5073636,13.276832,8.323686,3.7353957,-0.9513909,8.184316,-7.457323,-3.8700013,-8.829088,0.5385517,0.33677816,0.2890787,0.2947359,0.43507516,0.40163565,0.34044877,0.34696937,0.37394106,0.52555865,0.46934476,0.5646027,1
1877,6.2,1.66,5.5,1.5,112.34714673913044,0.09971368275928792,2367.8941455116797,-140.71655,92.9593,2.1198163,32.59364,7.732176,4.2494607,-1.8434669,4.564943,-6.6684504,7.1946907,-1.9016029,3.9307508,-0.6430256,0.44151717,0.5061128,0.5295898,0.47379205,0.47913915,0.357661,0.36571908,0.37443203,0.45548537,0.54074675,0.46504351,0.48339295,0
1878,6.7,0.78,6.3,1.0,117.45383522727273,0.08740133802136972,2117.797914227652,-161.76097,98.24631,6.347133,32.127483,3.8699763,8.819766,-3.3670304,11.077376,1.4476299,10.172181,-2.6143064,-1.4245708,-3.6062071,0.35283282,0.43235624,0.34254077,0.3637195,0.56752443,0.4643917,0.500628,0.37065986,0.40088937,0.4999066,0.4249757,0.4298146,0
1879,5.4,2.24,6.4,2.2,135.99917763157896,0.11846942724458204,2828.6946018770946,-94.62705,69.23564,9.822848,33.281425,7.0981245,17.602274,5.9305215,10.367411,1.3866265,9.460738,2.3268087,6.230607,1.3172178,0.58022904,0.5235377,0.55354685,0.53824973,0.54232603,0.5858212,0.5642249,0.649382,0.679515,0.6803209,0.6057452,0.58071816,0
1880,5.4,1.36,3.2,1.4,86.1328125,0.08177955084171827,1641.086822732839,-192.71101,134.71431,-35.591816,22.272877,-6.734152,10.348043,19.558735,5.155522,-8.170777,-1.9955274,-4.2059126,1.1124892,-1.990619,0.4762145,0.8442836,0.34293923,0.15416755,0.22906639,0.2976327,0.21413776,0.18959603,0.3926281,0.39292997,0.33771923,0.37406376,1
1881,5.0,1.1,5.2,1.25,135.99917763157896,0.10684364720394737,2001.8243763088083,-141.76398,114.46761,-31.002834,16.507803,-3.1374261,5.179079,-10.164227,5.6939845,-1.1009219,6.862447,-3.7255697,-3.195052,-5.502967,0.315729,0.22681192,0.32935014,0.23888592,0.47064242,0.3318258,0.311446,0.51833296,0.31935123,0.52908313,0.24607873,0.25923568,0
1882,5.5,1.5,6.2,1.66,129.19921875,0.12334619291795666,2318.5123918589234,-98.96875,92.85241,-27.296265,34.39346,-1.688205,10.577556,-2.8120465,9.397728,0.29601642,1.2140224,-3.497396,-1.3564962,-2.5895276,0.3343535,0.44691432,0.57746047,0.38136303,0.4590902,0.35049972,0.40797263,0.35615882,0.3866012,0.48606718,0.32363307,0.40663674,0
1883,5.6,0.8,4.5,1.12,151.99908088235293,0.07334523550374097,1606.6488102485073,-197.73955,111.59132,0.012609901,35.543873,10.186179,17.888857,12.95383,12.818765,-1.5435024,12.7742815,2.204113,-0.9511888,-2.266125,0.40144417,0.2714424,0.23066308,0.2747134,0.27270448,0.5439535,0.32567397,0.43510613,0.49964896,0.38870272,0.35788143,0.29047516,1
1884,6.5,0.81,5.6,1.36,112.34714673913044,0.15627519511093912,2689.551010847624,-121.65017,86.92498,-7.9338045,31.6491,-30.870197,16.601479,-14.08523,12.145834,-7.834613,11.061726,3.9585922,2.9732115,-3.3610027,0.31175637,0.37303984,0.25706288,0.43532673,0.6884475,0.3723206,0.36959466,0.30267158,0.4201071,0.5075714,0.34301534,0.38552517,0
1885,3.9,2.17,3.9,1.97,129.19921875,0.07428828850619196,1959.1603174902716,-225.89766,113.0085,-5.9358277,-3.951607,-2.3860514,-11.262855,-7.0973034,-13.054314,-16.24808,0.14842206,-12.19889,-6.6973615,-18.269773,0.24763203,0.09375044,0.14833258,0.14296955,0.27953276,0.18026862,0.2618073,0.3574313,0.25233158,0.58067966,0.23603515,0.27363196,0
1886,4.1,1.3,3.0,1.18,129.19921875,0.025838677104788876,787.9586678935617,-317.32346,146.36882,34.519268,47.696495,23.910233,9.90489,3.4026558,7.5369973,2.1251752,5.0635967,0.87167174,-3.0219424,-1.7144642,0.36859423,0.29543927,0.35636774,0.23754197,0.19389802,0.1597502,0.23659329,0.3042961,0.3431236,0.35874307,0.28805143,0.38446257,0
1887,6.0,1.41,5.8,1.4,129.19921875,0.07784306670859133,2061.0770592903473,-152.92992,98.33672,-2.1456661,41.626793,8.433107,15.454351,3.0878768,3.6978533,-2.6610599,7.5136266,2.8240173,5.753517,-1.0814795,0.3991864,0.47147474,0.5621549,0.37463054,0.32198566,0.33613792,0.55226165,0.561101,0.44534016,0.43676627,0.38230658,0.47238785,0
1888,3.4,1.5,3.2,1.78,135.99917763157896,0.05456908297858617,1068.9863165266959,-361.92688,139.12595,-4.0067496,58.171925,7.9445963,-26.005722,9.596693,-6.154107,-23.559557,-10.099517,-0.06812833,-1.2929285,-14.717009,0.066785544,0.05082546,0.09917954,0.40504247,0.22383228,0.38242948,0.16008866,0.13099246,0.20054226,0.19636789,0.30583763,0.19874375,0
1889,5.6,1.91,5.5,1.96,117.45383522727273,0.1199839053631321,2189.1425119965756,-95.74198,97.998726,-31.100046,45.908073,2.313639,11.161056,5.9348807,-2.3089359,-3.8084698,6.3609047,-4.2396684,6.075272,-7.6886644,0.39111704,0.3259375,0.41462827,0.35206088,0.74559176,0.532896,0.42894992,0.60876507,0.44978678,0.4354215,0.28624728,0.39264667,0
1890,6.0,1.61,5.8,1.17,103.359375,0.16784655371194532,2587.0080915585763,-108.52921,84.59665,-46.56467,36.533302,-4.568304,11.917965,1.2691754,4.184706,10.720891,4.8325105,0.056248512,4.537971,0.19791652,0.34531772,0.542385,0.48071218,0.35440186,0.34851184,0.3057041,0.6406008,0.31701642,0.369843,0.52783823,0.39532954,0.3681137,0
1891,5.0,1.18,3.5,1.2,143.5546875,0.029685635561790505,1166.1288179924456,-282.3962,125.63539,27.260405,40.950275,14.6973,16.28745,4.708302,-0.22813989,-1.7016124,0.6999409,2.0988638,6.072855,0.58268714,0.26144055,0.40618244,0.34484214,0.29821423,0.25765246,0.17910072,0.29228547,0.20056474,0.23138082,0.35104623,0.27477136,0.22981843,1
1892,5.1,2.07,6.1,1.04,123.046875,0.09824560697734294,2424.925055966685,-92.05964,91.056786,-5.4157434,17.252102,-0.8923843,5.738994,-2.0318742,-1.6935515,-5.850838,1.5022428,-5.0005813,-0.37221006,-4.8751388,0.5671746,0.28663543,0.2031377,0.30552277,0.33305463,0.55332893,0.33760285,0.37445998,0.5394721,0.33684462,0.2825117,0.3083674,0
1893,6.3,1.19,6.2,1.08,135.99917763157896,0.0925776714880031,2268.590398127913,-220.72081,83.73607,24.990189,38.66039,11.160439,17.4659,2.3493922,9.587419,1.5790861,9.839694,0.9306501,4.5890517,0.78125894,0.39578563,0.3812996,0.4304618,0.42226353,0.38563177,0.43581915,0.42139086,0.41977125,0.40410373,0.42215472,0.45321855,0.40674973,0
1894,4.8,0.75,4.8,0.87,143.5546875,0.09837683017285861,2025.3215621197064,-172.67253,103.743065,-10.07329,40.83012,4.298716,10.759963,-3.338701,2.147826,3.9523046,-2.9791315,-4.8545804,2.2477164,-8.7719965,0.34846652,0.39939743,0.39269385,0.3002378,0.3625992,0.37938058,0.48108342,0.3941815,0.29453635,0.3012452,0.33793044,0.4725789,0
1895,6.5,0.67,5.9,0.94,112.34714673913044,0.10183082793150154,1867.4985216397463,-136.4542,115.26661,-23.494873,33.459415,7.6996784,2.278727,-2.8929555,5.0834312,-5.572768,-1.9003714,-7.8507314,-6.4742713,-5.7364993,0.24202111,0.56298524,0.32775766,0.33949408,0.62790066,0.3136848,0.19737144,0.15281676,0.32225668,0.5269506,0.24190721,0.21651086,0
1896,4.9,2.02,2.1,0.94,86.1328125,0.04982207212654799,795.7237361446342,-257.67365,209.08772,-11.3615055,6.601928,7.816513,-24.778517,-8.550179,-13.245205,-13.061879,-7.295209,-7.2296295,3.2386985,-6.89014,0.3199485,0.4864235,0.25859794,0.38550454,0.2282321,0.2997518,0.13581814,0.35558954,0.28990367,0.09009557,0.17381696,0.08442797,0
1897,4.2,1.33,3.8,1.66,92.28515625,0.061802599329205364,1178.310065941384,-236.98845,154.46178,-12.11383,25.437117,-3.7163343,3.8760185,-5.2362666,0.8090888,-14.18379,-11.916736,2.0088441,-4.1199937,-2.614743,0.37984928,0.21131155,0.36364734,0.4251015,0.2223627,0.18592985,0.16927525,0.37035975,0.16903575,0.13204584,0.32004702,0.23296343,0
1898,5.1,0.94,4.2,1.17,172.265625,0.09928813733552631,1927.643221400531,-177.12149,114.69781,-15.259405,43.567127,-9.7116785,0.18767108,-1.1883944,-3.482041,3.9795365,0.6560865,-3.110088,1.5775636,-5.4933615,0.32906917,0.52305806,0.41191828,0.312931,0.5205465,0.34585905,0.33365837,0.38792348,0.38746893,0.5557605,0.4012722,0.5047621,1
1899,5.0,2.19,4.1,1.76,198.76802884615384,0.042537409700722395,747.6025038685294,-324.09354,197.5323,-39.620388,-19.739418,3.3350692,-36.657684,-24.790543,-18.053345,-34.680813,-19.370594,-17.8192,-29.225801,-15.601786,0.4498718,0.22212212,0.20684962,0.13734795,0.22864237,0.24082983,0.1561134,0.3051083,0.21152078,0.28567562,0.19127552,0.28279302,1
1900,6.5,1.12,6.7,1.19,80.74951171875,0.10308655226070691,2286.666754950681,-106.640205,98.1366,-7.492923,20.49424,-1.9657767,7.902435,3.0136683,6.560452,0.3165871,8.029892,0.9951898,1.5166228,-5.961684,0.2607423,0.40958884,0.526569,0.4336193,0.47887662,0.3858459,0.5098706,0.48164138,0.44091523,0.50005454,0.31149122,0.35472038,0
1901,5.2,1.66,6.4,1.28,129.19921875,0.13829268858036636,2216.645665364213,-127.8368,96.41391,-36.782272,43.37954,8.62702,-6.63609,-3.0728877,14.378769,-4.3101397,3.32038,-2.7571685,4.93893,-5.943363,0.4382798,0.39300427,0.6162712,0.5550314,0.6126984,0.4967589,0.41039047,0.42382768,0.50004816,0.52074945,0.42562518,0.40755832,0
1902,4.4,2.37,7.3,1.49,86.1328125,0.1118504196497678,2247.7170987623595,-66.259384,96.42018,-20.497866,43.470554,-6.61311,13.524827,-0.9374991,4.170558,1.8727175,1.056578,-5.3946347,6.5375805,-3.240337,0.35354036,0.51718956,0.40696928,0.52364546,0.56916165,0.4227015,0.3469582,0.36750284,0.5562193,0.4216647,0.32337692,0.36580357,0
1903,3.2,2.36,6.9,1.76,107.666015625,0.10908601207752838,2289.234446244599,-90.24028,95.267914,-17.051527,44.1671,-11.118709,12.225297,-2.2140179,4.089509,4.8593817,-2.0052037,-2.2554111,1.3402139,-3.586238,0.30553332,0.49897483,0.62725,0.49191576,0.4253333,0.38165292,0.5247829,0.5094674,0.438963,0.4241854,0.38564974,0.305005,0
1904,4.1,0.94,3.4,1.02,117.45383522727273,0.05146958043085655,1671.4038122644465,-198.69289,104.12832,19.500994,56.349304,14.26283,5.8020754,-3.3329313,2.523416,-2.578687,18.01513,-2.1968048,9.646784,-3.6551895,0.2693925,0.34571707,0.5005558,0.3643947,0.24856709,0.30024803,0.3660041,0.5466423,0.37162086,0.3441859,0.21925385,0.23214644,0
1905,3.7,2.0,6.5,1.5,103.359375,0.13585380184146026,2247.379944701429,-91.99494,100.02045,-38.92541,20.580862,-23.913395,5.5870833,-7.0883374,7.0928106,-7.298751,-3.3709059,-7.583547,1.2127498,-8.790748,0.4326095,0.49461263,0.5166417,0.4102789,0.45434967,0.37097076,0.3568605,0.36845425,0.42617235,0.42661852,0.49912274,0.506692,0
1906,4.4,1.69,6.2,1.47,161.4990234375,0.10957857649638802,1904.6184373347087,-140.22337,122.18426,-40.92356,27.13091,-19.883778,5.6836805,-2.9892848,5.6592755,-5.1823354,1.144365,-7.8890133,0.05087233,-6.2874017,0.3448469,0.34930015,0.43099263,0.5036907,0.36622757,0.2655036,0.38819993,0.35393858,0.51771677,0.36840826,0.40618342,0.49689826,0
1907,4.9,1.64,6.5,1.43,107.666015625,0.09609818433952529,2026.425096343487,-84.13353,106.841934,-31.736544,20.07619,-8.94608,10.97415,10.158107,10.106152,-9.818864,-5.241201,-5.5415297,-0.4469612,-1.2382166,0.34875038,0.42287982,0.34927073,0.25805113,0.36934105,0.26015678,0.4150883,0.3261532,0.3020001,0.36380792,0.2948311,0.42383695,0
1908,5.2,2.18,5.1,1.76,143.5546875,0.07505018866099071,1636.2137956710346,-178.0383,131.43925,-24.67286,60.155186,-17.196188,2.0000012,-5.4720073,4.0075216,2.1718175,-1.2356632,4.1824503,-7.589752,-11.87309,0.30515632,0.45922,0.3617255,0.4626791,0.29889515,0.25491872,0.27321178,0.2617157,0.38283572,0.34485093,0.4867748,0.24587157,0
1909,4.9,1.7,5.0,1.73,135.99917763157896,0.08017840154153767,2070.4114146637935,-101.67159,105.67823,-1.3213092,31.240154,1.1701483,3.5937798,1.0579957,-1.3940737,-4.2853107,5.697272,-10.1950245,8.460829,-12.356308,0.24204335,0.2607985,0.28709477,0.25452125,0.32783976,0.20688438,0.2936066,0.36849248,0.5948262,0.6497219,0.41765505,0.42684016,0
1910,3.8,1.6,3.3,1.35,61.5234375,0.051081711428295574,1224.892298538141,-202.19536,149.06969,-17.449139,33.550198,5.8546352,3.7912517,-9.584926,-0.25636914,-9.485666,-9.113913,-0.87362415,-8.33197,-19.251623,0.24191116,0.18917346,0.2894614,0.2581558,0.46778148,0.2616544,0.34937304,0.64184755,0.3486257,0.18387742,0.22389449,0.46988648,0
1911,4.3,1.95,5.4,2.11,95.703125,0.11131527549342106,2212.8369157418974,-112.93549,104.0719,-25.249992,18.395779,-6.162558,6.2658973,4.5645275,2.7878304,-4.3841825,5.3878818,-6.5691676,6.866865,-1.8512208,0.38913763,0.48871458,0.52419835,0.4039146,0.43861866,0.2989067,0.29633543,0.3056825,0.28257388,0.43892604,0.36008853,0.41322634,0
1912,5.4,1.2,5.5,1.12,99.38401442307692,0.11555082559339526,2193.44452959374,-129.42842,96.45663,-24.368433,38.985447,1.4556216,3.4855537,-3.435614,6.837086,-4.036064,3.261242,-3.220851,4.365812,-2.8020504,0.3777446,0.42014962,0.32080954,0.31662214,0.28617942,0.2605562,0.36057627,0.31301427,0.35152027,0.38753045,0.40793905,0.58211553,0
1913,6.0,1.48,6.5,1.63,172.265625,0.13608358125322498,2568.4535361596386,-130.21202,79.992935,-29.907324,43.936707,-10.955471,10.899942,-1.3857833,5.510696,2.580129,1.5006906,-1.0049765,2.5771194,-0.7685379,0.25684845,0.35130686,0.4061449,0.47243306,0.7397838,0.3724147,0.28777722,0.3530642,0.41544002,0.5247911,0.33511662,0.35403985,0
1914,5.3,2.1,6.3,1.35,161.4990234375,0.19221728062113003,3428.884851185922,-76.68194,45.473038,-6.0750885,38.565125,2.262699,12.556785,-0.1654774,13.875333,4.956942,9.719986,5.7091455,6.8967013,-0.18339206,0.528779,0.54446656,0.5992712,0.5806385,0.7026546,0.5389559,0.49830827,0.5235428,0.4933554,0.49548402,0.50209343,0.676198,0
1915,6.3,1.27,6.5,1.2,83.35433467741936,0.07916026710848813,2016.740813221526,-116.11575,104.25326,-8.095511,30.358397,-1.7453521,8.013995,-2.09083,4.033046,-1.8796484,2.1639688,-5.2055902,7.1666794,2.0172021,0.26118124,0.48471457,0.39030084,0.4746455,0.40949327,0.39937618,0.31347525,0.2718973,0.3309176,0.32204956,0.5287957,0.29267478,0
1916,5.4,1.5,6.3,1.49,78.30255681818181,0.09959425793343653,2276.6949391698963,-99.38186,93.63829,-9.794251,33.875565,1.1140016,12.9199295,3.620982,8.729701,3.4240887,6.1000977,-4.686738,7.0260067,3.787415,0.4377686,0.5466842,0.49636555,0.5794522,0.45856947,0.36831042,0.33880174,0.36592755,0.4423328,0.3978271,0.524996,0.48583305,0
1917,4.1,1.04,4.6,1.02,123.046875,0.06754280145446337,1411.841906226193,-197.23396,153.31184,-36.17976,68.32129,-20.200867,-0.1873725,2.496252,4.201767,1.7903602,-7.9077907,6.6255574,-7.138445,-7.896203,0.37842757,0.2604913,0.34161097,0.6228941,0.36863863,0.19377302,0.3026024,0.3341905,0.5295265,0.32138696,0.3394418,0.41442385,0
1918,3.4,1.5,4.6,1.69,117.45383522727273,0.18591976264189886,2713.630390883037,-184.54677,54.873276,-55.297676,39.14972,-19.122805,11.550831,-2.2558136,11.561954,-13.344943,11.811113,0.53723836,4.294911,-1.3296119,0.20707655,0.2575012,0.3433833,0.38134873,0.6428615,0.43183488,0.2907344,0.23429723,0.4098587,0.357034,0.1724441,0.20465603,0
1919,4.5,1.86,5.4,1.96,99.38401442307692,0.1143598526993034,2063.2472830461297,-75.57516,109.43627,-35.531128,38.886433,-13.451452,6.640865,4.668031,18.43275,3.1855211,-0.99009454,-7.694996,6.016659,-3.6398897,0.44893995,0.4260017,0.560901,0.40140814,0.3447567,0.31845742,0.37391984,0.3750314,0.3661497,0.6612886,0.63617384,0.49317515,0
1920,5.7,2.15,6.4,1.96,143.5546875,0.15752965968459753,2851.8241142391535,-100.6469,71.2873,-16.965694,37.538837,1.5229175,1.3134392,-5.8861976,-1.3778675,-1.1007593,3.1167634,-4.032788,3.356044,-5.285333,0.48061284,0.3580588,0.3863569,0.32395834,0.40647948,0.35911974,0.3599892,0.5358613,0.4069491,0.35823318,0.26021233,0.36116883,0
1921,4.4,2.06,6.5,2.2,99.38401442307692,0.11292977820239938,2324.6629989871567,-95.546486,89.44827,-17.45076,45.71895,10.350811,-3.3517368,3.6545014,0.2733732,-2.089489,2.6339312,-6.553072,4.9907155,-8.777527,0.35450596,0.39791858,0.45619687,0.4910912,0.65090704,0.5983656,0.38077262,0.3976658,0.45450497,0.5887828,0.45640618,0.3701234,0
1922,5.6,1.85,5.8,1.6,151.99908088235293,0.12134141794053148,2637.108864825818,-135.9767,68.30714,6.082993,33.819748,6.1884527,9.933749,4.519373,3.6951795,2.3451445,-2.967578,-7.258466,2.0357313,-2.7114334,0.43356603,0.35063922,0.4456424,0.39940107,0.5283973,0.36567706,0.2788953,0.272779,0.24897102,0.44346023,0.40990087,0.35848752,0
1923,6.4,1.28,6.2,1.54,83.35433467741936,0.06856521905637254,2060.961429853908,-122.57004,91.79415,-4.674589,40.106136,11.93277,9.73087,4.968818,7.314977,1.6078855,3.6863492,-1.9869053,4.5234156,-3.2329304,0.4949028,0.6222062,0.637977,0.7205191,0.5132731,0.4583423,0.40965244,0.31519482,0.34310412,0.3097506,0.49813086,0.4457088,0
1924,5.3,2.1,5.7,2.0,151.99908088235293,0.17551720523735811,3070.629734474344,-87.778175,57.610165,-8.100849,34.774883,16.567219,9.209954,-1.2863387,10.2262,-2.1259656,5.1117125,2.4279988,4.8637147,-0.87731004,0.48414347,0.48016262,0.5563612,0.49215937,0.59855145,0.518847,0.3537294,0.4211934,0.4338567,0.42121154,0.3876109,0.3785677,0
1925,4.9,1.51,4.5,1.57,95.703125,0.08914005055147059,2039.2490328870017,-183.84091,98.39396,6.1818805,23.416973,2.3996208,7.2490735,7.3607526,-3.8575091,-3.5015454,2.7148306,-7.169831,2.8008537,-3.0056589,0.21491238,0.33985254,0.41670913,0.34978557,0.45566577,0.2978893,0.35792473,0.3254225,0.3345618,0.4941335,0.29685622,0.31515574,0
1926,5.2,1.99,6.1,1.92,129.19921875,0.12362535474716202,2641.4100196210666,-104.18518,82.337265,1.1431698,13.180337,3.04879,10.702333,-0.9124385,0.50005525,-2.6049473,2.3872604,0.839442,2.8522508,-2.5910244,0.32423776,0.37081233,0.49208426,0.32049805,0.42295876,0.3256802,0.4475577,0.35531268,0.33297896,0.4883845,0.35393536,0.4349249,0
1927,5.6,1.28,4.6,1.28,123.046875,0.06342188910926212,1464.4981292101634,-174.7769,135.34534,-22.072397,30.440718,16.108107,1.3328289,-6.7883077,1.5752071,-7.9682736,2.528967,-4.299222,-4.1209574,-12.438657,0.2450695,0.34175256,0.6097059,0.37328157,0.28186843,0.18103205,0.35892168,0.32026833,0.25497577,0.50124943,0.28214422,0.20527564,1
1928,3.7,1.35,5.6,1.02,89.10290948275862,0.10571465428276573,2302.7972099631606,-127.6563,88.17285,-3.4510436,49.247276,6.564411,4.762341,-0.62599736,3.1893651,-6.331488,9.962439,-8.340632,3.2565176,-8.1611,0.29094806,0.28639022,0.3401478,0.35139212,0.4363913,0.5433845,0.45605642,0.4687792,0.50923586,0.61217004,0.4851392,0.35349658,0
1929,5.1,1.37,6.7,1.1,135.99917763157896,0.08935017777670279,2096.724596061732,-124.251114,101.06503,-20.286304,38.455452,18.03313,11.572687,5.3632526,3.9653244,-3.9303482,3.2890265,1.5618867,2.8169632,-8.21173,0.4531521,0.36339992,0.50347334,0.42693436,0.48487604,0.4495781,0.41139656,0.41449878,0.47394025,0.54247856,0.55156827,0.53407574,0
1930,4.6,1.43,4.0,1.1,83.35433467741936,0.06278042158475232,1931.8815565594955,-161.48634,97.51702,-2.7570102,43.389812,6.2962976,18.83006,5.155647,12.073999,-1.8497713,10.682226,1.551453,1.2613463,-3.2362761,0.19538762,0.19665526,0.21457683,0.30106926,0.43099058,0.3601135,0.31623015,0.27698162,0.45116496,0.6902806,0.5492806,0.41591722,0
1931,4.7,1.27,5.5,1.43,112.34714673913044,0.08115496404153767,2215.994619290487,-160.4301,83.60474,4.0670557,41.610462,0.9808031,18.14588,3.9603357,12.924717,0.9681209,11.164411,0.49037644,0.64020044,-2.2819781,0.2742503,0.2752227,0.2634493,0.31514207,0.40838072,0.3578977,0.26506677,0.28447944,0.46107525,0.6464665,0.5439453,0.42740792,0
1932,4.8,1.6,6.0,1.73,143.5546875,0.11170064884152586,2348.2077641823043,-104.8444,88.953995,-9.53288,45.189884,10.461368,8.433494,-2.6324332,4.3186574,-2.679396,2.1678426,2.2381175,1.573069,-5.0546374,0.4625414,0.5897789,0.42147973,0.364167,0.3128735,0.31429118,0.42331186,0.42294174,0.49942046,0.4024571,0.42911816,0.5546966,0
1933,5.2,1.66,7.0,1.41,78.30255681818181,0.13612112196852424,2232.0635562250054,-72.61846,100.991806,-36.225903,42.512093,-3.1694317,-2.4896607,0.89491886,3.3739448,-5.1891727,-3.9987953,-7.141667,1.6464924,-3.591851,0.54225767,0.54017085,0.5992654,0.5750294,0.4731472,0.553183,0.49030688,0.53894496,0.5772732,0.53157973,0.6491251,0.5237615,0
1934,5.8,1.78,3.8,1.33,135.99917763157896,0.17497691852793512,2494.9985826158986,-202.14787,88.110954,-13.467256,28.911121,-21.856358,-6.6250167,-10.4061775,-0.76160663,-3.5426931,-2.9953227,-4.4976363,2.0882447,1.8252668,0.29359737,0.4295251,0.28664407,0.41394794,0.19805206,0.2154388,0.40738848,0.19520606,0.23973137,0.2952246,0.5606172,0.52134323,1
1935,4.7,1.73,4.4,1.69,143.5546875,0.10855130825180227,2176.9040809972585,-172.16632,97.32413,-16.411211,35.215893,-3.9187677,-17.379301,-5.502636,7.496792,19.85931,21.2643,3.9017045,-14.522588,-14.163159,0.119327955,0.113036565,0.18268594,0.39412883,0.24683973,0.12656991,0.12641203,0.2831268,0.94241863,0.37371463,0.1386331,0.14617339,0
1936,2.9,1.3,3.0,1.9,107.666015625,0.02119774234037075,610.6151115361284,-216.23108,176.71428,7.9683394,1.2249252,25.68602,24.741753,19.55143,13.554635,5.1017036,10.184343,12.899896,3.118092,0.50185907,0.817596,0.91861916,0.9079522,0.69694716,0.37443975,0.21042897,0.16778535,0.18212672,0.20986283,0.2593676,0.42708534,0.7458785,0
1937,4.3,1.35,3.9,1.51,161.4990234375,0.0606615280638517,1267.3507568948223,-197.85466,151.75385,-4.8311453,4.344578,-15.716839,-10.508231,-17.039995,-3.7587879,-8.872299,-2.297629,-1.7968495,2.3559015,-7.481784,0.60359675,0.22532065,0.36729795,0.15205182,0.3304387,0.60678387,0.21373296,0.2918528,0.21571094,0.73491424,0.23638242,0.23374276,0
1938,5.6,1.74,7.0,1.48,112.34714673913044,0.10834376410926212,2492.8876778417107,-77.1463,70.95752,-22.879114,48.056355,16.078316,21.628164,15.507552,13.485817,4.4018307,5.5996594,-2.1487858,-0.42035314,-5.7371163,0.5130045,0.4432643,0.44906625,0.41319963,0.5582962,0.5899143,0.3689019,0.30698004,0.3948293,0.6081711,0.5976206,0.56110114,0
1939,4.4,1.11,3.2,1.25,99.38401442307692,0.01700040110616615,606.365005974079,-288.3845,164.92245,27.920004,40.686085,9.591981,24.184673,15.404723,12.279717,5.5024176,-2.6754708,-4.9951262,1.5920216,-4.021982,0.28228328,0.36871648,0.26645285,0.16751738,0.21009965,0.36777103,0.3573862,0.24173924,0.21821319,0.28470325,0.41053873,0.32729194,0
1940,5.1,1.51,5.6,0.92,198.76802884615384,0.09912638472329721,1670.6998043181707,-123.11628,133.17117,-42.41121,23.602192,0.8514116,9.580318,-4.5344057,11.3356085,0.058896847,7.4325795,2.1432333,6.907195,-3.750867,0.3789235,0.46003065,0.6608551,0.36999202,0.42489275,0.3560018,0.42291212,0.27207196,0.29680055,0.63941866,0.23442325,0.21697095,0
1941,5.2,1.33,4.4,1.56,112.34714673913044,0.09236830011609908,1914.7723070862119,-95.897415,111.64997,-22.023018,41.10798,0.17720352,4.7394285,3.3677478,6.847831,3.258929,7.1411276,-1.369743,7.8517804,-0.013088293,0.38239208,0.53328454,0.34380424,0.46115708,0.26934132,0.3677389,0.45778847,0.28380853,0.46389514,0.27399355,0.4904231,0.5148213,1
1942,6.4,1.8,6.8,1.6,71.77734375,0.14222539344685242,2717.5771937387226,-102.16761,75.33079,-3.865048,31.953821,6.922354,4.0935364,-10.205428,19.443518,3.9882333,8.976012,2.9449306,3.4481537,-0.53543353,0.37570018,0.37867898,0.4696775,0.48544443,0.55978996,0.341172,0.40641487,0.299748,0.45279774,0.33991182,0.31374648,0.42216164,0
1943,4.2,0.98,4.4,1.02,95.703125,0.04610932057856037,1439.0850041503634,-178.5875,122.12698,6.859087,52.448788,9.338364,3.2768865,6.3191237,6.9867787,-2.7902486,8.203633,-4.250395,0.88168013,-0.96889865,0.3177403,0.29771936,0.36603287,0.3372129,0.38211015,0.29397234,0.29108205,0.37772173,0.39088574,0.54713,0.5014753,0.48215896,0
1944,6.1,1.92,5.1,1.58,95.703125,0.06025410781088751,1507.6758437354692,-278.7376,109.64184,-5.8432846,42.723145,9.944047,13.680384,8.458003,10.295218,1.1247144,2.6276221,1.3007947,-1.371105,-7.048457,0.43750197,0.27167308,0.23970972,0.2852632,0.39185402,0.40645245,0.33366638,0.33317956,0.38574216,0.43757534,0.47079715,0.50496143,0
1945,6.0,1.55,6.1,1.58,117.45383522727273,0.07636562540312178,1852.6807499901606,-147.71262,109.651886,-9.393333,28.054068,4.4329557,6.395928,-2.0849416,5.737967,-3.1743805,9.292686,-1.8479233,4.216754,-2.4000568,0.28159466,0.37215778,0.3274408,0.32330093,0.48963773,0.3231058,0.29230323,0.31613657,0.45285788,0.580191,0.40481693,0.37735775,0
1946,4.0,2.19,6.0,1.9,92.28515625,0.07975839904218267,2251.405536315583,-93.25756,85.15684,1.0615516,56.525505,2.3928323,20.032213,4.44214,-1.8920901,9.634926,4.413203,0.30167007,4.6426105,-6.565846,0.27845895,0.37686136,0.6909772,0.6231513,0.40447488,0.3491943,0.45340452,0.68466336,0.6245972,0.52303535,0.40966138,0.3244761,0
1947,5.0,2.19,7.4,1.28,151.99908088235293,0.0670933206753096,2053.664109936751,-97.17953,94.70749,5.270543,42.469402,7.430904,16.06817,8.542709,4.8491187,6.223382,6.0480843,4.272826,4.8776364,-2.46817,0.41599497,0.41004592,0.49459574,0.4879007,0.47621667,0.36884853,0.34001932,0.43625432,0.55362433,0.6452857,0.53434515,0.4684974,0
1948,4.0,2.45,6.7,1.79,184.5703125,0.06668289231811146,2088.9238362923375,-100.652336,87.56266,0.27366993,54.61912,11.301703,21.593859,10.365661,4.0133796,10.157366,4.8796005,3.0927584,9.806508,-2.4414532,0.29698947,0.45704523,0.5516245,0.42733827,0.35014296,0.4157504,0.63114923,0.6967801,0.6764281,0.48251143,0.32563666,0.28528884,0
1949,2.2,1.54,5.1,2.59,35.888671875,0.06531857706075851,1374.2211202664946,-258.79883,147.53122,-14.627633,22.470085,-2.2012,-8.357554,-4.72589,1.5706651,-3.0843985,2.746235,-0.93819326,6.255892,-8.368816,0.32887954,0.26399752,0.26293018,0.3569031,0.5067251,0.5814071,0.4388548,0.30984944,0.30526298,0.5154665,0.47461775,0.39426142,0
1950,3.8,1.99,3.4,2.11,56.17357336956522,0.042759630579205364,1249.6707272403587,-214.05019,145.46169,9.161863,23.291502,1.8495628,2.776339,-9.581968,-1.8673397,-7.145525,1.7910645,-6.3789773,2.8319793,-9.805976,0.40488157,0.48022255,0.25015327,0.3364235,0.5276832,0.2893347,0.15944606,0.17164558,0.2726473,0.344845,0.26655528,0.28467166,0
1951,4.6,1.5,4.0,1.26,151.99908088235293,0.09130884570110939,2219.115012329022,-101.87065,95.50398,-4.9859877,30.899014,10.00916,10.4519415,1.1617234,3.7422502,-3.1632144,0.82695323,-1.3346095,-0.7177972,-3.4547658,0.33544156,0.49949527,0.5229614,0.30206636,0.2659568,0.27762264,0.43596745,0.4183091,0.35566893,0.4262442,0.3177724,0.33469778,0
1952,4.1,0.94,4.4,0.8,123.046875,0.0882740945884933,1845.2751665630078,-188.26643,128.72487,-6.5194454,9.536767,-7.407136,4.019336,-9.7543125,14.757587,-11.487013,6.328384,-1.8679066,13.45121,-1.6831824,0.36502802,0.2612949,0.50033706,0.2552247,0.38740337,0.5861965,0.2451431,0.18183978,0.3365426,0.70780057,0.26693505,0.22669517,0
1953,5.1,1.37,4.4,1.36,75.99954044117646,0.09243179179566563,1767.3773509479147,-147.77095,125.75522,-32.212574,34.0789,6.0124927,5.19021,-7.7860675,-3.916294,-1.8810582,-1.4350506,-3.0932567,10.427747,-9.368836,0.46246228,0.29553658,0.4122644,0.23049575,0.34963918,0.2108233,0.34505248,0.5635032,0.323551,0.33441055,0.26494494,0.4689472,1
1954,6.7,0.64,5.7,1.1,123.046875,0.09446579310178019,2339.504854026857,-105.90958,92.17167,-10.82076,30.139418,11.471993,7.6286397,4.2027617,9.467694,2.204079,7.887864,-1.0422071,5.484898,1.2668121,0.50625914,0.5125641,0.48930204,0.61198246,0.37652236,0.36243954,0.29687938,0.44924486,0.6768522,0.45487884,0.45245153,0.38668606,0
1955,5.5,1.63,6.5,1.57,143.5546875,0.16351551414151186,2725.992762287182,-102.7796,75.50307,-14.055459,43.1797,-3.4846885,-7.2899837,-3.1766503,-3.8114958,-12.064368,-7.4676423,-9.112502,5.8203588,-6.8825727,0.2615747,0.2977898,0.41299155,0.4363454,0.27262154,0.28254294,0.39746496,0.4403941,0.42914072,0.48704034,0.43366653,0.46604332,0
1956,5.4,1.11,5.9,1.7,143.5546875,0.14010068974135706,2334.8957357228155,-110.97331,99.814125,-34.241074,35.635742,-8.582949,0.5136912,-6.2638392,2.4607036,-6.2098155,-5.9140286,-6.993241,6.03987,-10.651965,0.513942,0.46253407,0.56124485,0.56306595,0.47584495,0.53742856,0.38633364,0.41567516,0.4884775,0.4310273,0.4520002,0.37556428,0
1957,4.8,1.33,4.8,1.17,123.046875,0.09142902638028896,2125.715444938813,-125.075325,100.06307,-36.156563,62.809708,-5.9738007,5.9544477,-1.84242,13.349033,1.9798266,4.4683423,4.6383643,13.69798,-0.75875574,0.6574432,0.57446444,0.61876035,0.4485535,0.525457,0.45175758,0.38342115,0.5115687,0.31096074,0.26256725,0.3155703,0.5137349,0
1958,4.8,1.25,5.1,1.7,86.1328125,0.05808732827012384,1350.0931114787059,-190.08127,149.15436,-18.28768,38.767887,16.324005,-0.39757666,-2.9204307,13.3669405,-1.340775,4.8664417,-2.0241034,0.83646643,4.250297,0.33581972,0.26655725,0.37722415,0.47697333,0.6936098,0.45521858,0.34842226,0.3274901,0.4244285,0.3527163,0.42466077,0.5557569,0
1959,4.7,1.85,5.8,1.4,129.19921875,0.09227482625451497,1898.9223088226508,-137.82898,120.22845,-31.99961,38.56439,2.015928,7.508652,1.8798858,11.021656,-1.7453041,-5.4872007,-0.11947062,0.009842186,-5.026941,0.43771264,0.29229474,0.4409828,0.4064616,0.34028694,0.29553452,0.29856855,0.45813558,0.445404,0.5683072,0.48774725,0.33863345,0
1960,4.5,1.96,6.7,1.79,95.703125,0.1498741252257482,2703.7667824906307,-135.21458,68.44548,-3.5027604,45.68717,8.506924,10.774393,5.0275364,3.2521074,-6.139452,3.810389,-7.768835,0.4067604,-6.3486032,0.35210952,0.21872982,0.24926546,0.19719078,0.3012003,0.31320193,0.2851547,0.52827984,0.312222,0.4162549,0.4498829,0.30776325,0
1961,5.9,0.54,5.3,1.1,172.265625,0.20029105392156862,2718.258722285568,-100.51758,67.86502,-38.342686,55.29998,3.7681434,6.3354096,0.51490885,7.1438527,1.351167,3.7488997,-1.5689564,7.2797112,3.1828735,0.45823696,0.5491661,0.59102637,0.36932653,0.36876148,0.32758617,0.42685613,0.465103,0.46923068,0.5449294,0.38352552,0.50359505,0
1962,4.4,1.43,5.0,1.61,103.359375,0.05452499153444272,1259.425930382854,-183.84833,151.4037,-3.9192023,31.684376,-1.7654207,13.283619,7.1405997,8.326629,-0.17741919,7.639524,-0.70890874,11.038241,3.8451326,0.40314698,0.35253277,0.43156463,0.3850798,0.6228791,0.49343288,0.48455685,0.44523484,0.35070446,0.3865976,0.29236817,0.37555248,0
1963,3.9,2.3,5.5,2.11,107.666015625,0.1451782604489164,2601.7789506070344,-122.018005,80.23067,-20.723358,35.38308,-3.5602736,-3.4524465,8.640712,3.5442502,-7.128382,5.2514567,-7.6411552,3.9414766,-9.963949,0.3816872,0.39098352,0.51337254,0.3882344,0.3676038,0.38745022,0.5205855,0.48967996,0.35317993,0.37022606,0.41413477,0.53592455,0
1964,3.6,2.2,6.7,1.95,151.99908088235293,0.14081396333204335,2765.233229756247,-92.22133,76.03317,-2.9588728,40.031654,-8.887799,12.928042,-4.8316946,6.1646876,0.8277426,2.0087788,-0.15501137,-0.9179419,-7.536286,0.38172713,0.45603937,0.5142775,0.5974345,0.60433143,0.51453674,0.4995662,0.4832582,0.49583867,0.50107116,0.486321,0.38152513,0
1965,3.3,1.35,3.5,1.5,151.99908088235293,0.07507815523413312,1196.4661894619128,-288.23688,164.6042,-39.9842,15.442726,8.879466,-21.676584,-6.1541424,-1.8753402,-11.898595,-18.610207,-24.103132,-9.837555,0.41654447,0.7083404,0.44321188,0.1443805,0.07090357,0.03720177,0.06009082,0.19375615,0.2310952,0.20079151,0.14447658,0.22461036,0.20784841,0
1966,3.6,1.2,5.0,1.73,123.046875,0.0859659704753612,1884.4011407566281,-172.48433,114.20096,-3.968621,3.6867118,-14.863376,1.8887895,-6.2974687,6.6825376,-2.7428603,4.0976934,-2.2881143,2.5120585,-2.338587,0.27492642,0.16178626,0.20310882,0.45432642,0.8138938,0.4377138,0.15403228,0.22450349,0.29362124,0.14879231,0.30633384,0.50826246,0
1967,4.7,2.9,6.9,1.97,172.265625,0.12491131320949432,2281.5100478421614,-84.46956,97.29911,-33.086193,40.25095,-9.6075,6.7530746,-8.314672,5.853299,0.44643617,1.0346358,-0.15561311,5.7960443,-8.34282,0.35999182,0.33740535,0.4681509,0.516406,0.5692559,0.4227182,0.41510582,0.41004917,0.38582495,0.4716218,0.4496863,0.4410285,0
1968,4.6,1.84,6.18,1.13,184.5703125,0.13409820651122292,2510.9775605827,-112.61077,81.06705,-24.921408,30.252663,1.0234696,22.49534,-11.138964,5.135138,-7.6892505,0.2807604,-4.427691,1.3141276,-3.4985528,0.41093695,0.37461886,0.47917715,0.42996737,0.3509633,0.3088964,0.42841473,0.5630206,0.3381956,0.30542997,0.36728564,0.31511894,0
1969,3.7,2.24,5.7,2.49,129.19921875,0.06099106480585655,1608.6060956020876,-95.466064,126.49308,-9.375499,37.020664,0.2823576,12.2461405,-4.267129,13.72428,1.1882806,4.8533173,-3.6145668,4.923924,-3.324825,0.4323645,0.4082742,0.49605468,0.55956894,0.71764046,0.6704989,0.5991362,0.41981128,0.36326882,0.32047096,0.37399742,0.5087721,0
1970,5.9,1.37,7.1,1.51,161.4990234375,0.16046413425567596,2796.83893762914,-89.588554,67.45511,-17.456427,29.600983,-3.1197965,21.69505,-0.38284963,7.9955497,12.180331,6.016503,3.0901625,10.231964,2.790133,0.4958657,0.5358894,0.5170997,0.45054498,0.5507849,0.41569823,0.43172184,0.43557826,0.33879888,0.3615868,0.3338229,0.5019576,0
1971,5.5,1.75,5.5,1.57,103.359375,0.045452232085268315,1528.498793391197,-168.36624,100.68279,-10.950926,75.47127,23.557886,21.923862,10.877941,9.174782,5.61069,1.5987942,-5.574124,-0.40285224,-4.4678693,0.44033957,0.63184655,0.66204387,0.52711004,0.40803683,0.39516667,0.3700344,0.5003766,0.41466084,0.3727934,0.3732686,0.37843663,0
1972,6.0,1.55,5.9,1.45,80.74951171875,0.08244520567272962,2249.6115851250634,-169.1309,92.54912,22.335075,23.660402,5.8222547,13.989926,3.8993394,7.1500473,1.7154032,1.8493016,-2.3734944,-1.6868635,-4.330666,0.49636823,0.33385587,0.41737065,0.36226857,0.53563106,0.48957852,0.36778829,0.47734746,0.3217383,0.38982618,0.27412498,0.38138112,0
1973,4.3,1.49,4.3,1.19,123.046875,0.12299371331591848,2543.4156846827814,-94.41083,90.5996,-0.04216528,31.11152,4.7368865,-5.862077,10.525407,-1.4126567,1.7224894,-1.4377421,2.265086,-9.175832,6.4798136,0.3581796,0.5301418,0.4639466,0.3453167,0.4162355,0.3073254,0.2637253,0.23432024,0.4013033,0.4734266,0.4351135,0.43444484,0
1974,3.4,1.11,4.7,1.85,117.45383522727273,0.051285656121001034,970.3776441802753,-177.97949,202.19167,-37.13574,5.851577,3.9728732,6.514765,-1.5635383,-2.8769634,-5.09515,-1.8790575,-4.186299,-1.5078182,-4.9400935,0.23236842,0.248267,0.22981727,0.2562629,0.24058451,0.2306509,0.39046702,0.31975466,0.48281255,0.40049765,0.5106905,0.34974486,0
1975,4.7,1.55,5.6,1.62,103.359375,0.07190609076689887,1125.019800796727,-171.98477,205.30424,-67.353386,-10.275908,-10.275253,2.6715012,-1.4668206,-1.8790541,-6.3897057,-5.6344976,-8.8205385,-0.3990439,-8.160027,0.5009589,0.46526513,0.47449204,0.5445683,0.4785256,0.5546344,0.37718153,0.387763,0.34463874,0.44885302,0.5453561,0.3780695,0
1976,4.9,1.64,5.4,1.43,117.45383522727273,0.08067676083591331,1204.9770937315905,-178.09596,188.96603,-62.033237,-7.3383136,-7.72225,4.649939,-4.5023975,-0.7009052,-8.879292,-3.1229813,-6.0775185,-0.13669044,-3.823392,0.47355238,0.4495178,0.38669553,0.37898448,0.34797138,0.32560545,0.3392987,0.3578011,0.3202102,0.3711442,0.36310494,0.3814998,0
1977,4.7,1.85,5.2,1.78,151.99908088235293,0.08707909047665119,2089.253364624542,-138.21298,96.476456,-16.28735,49.640053,4.827124,11.600332,15.420673,7.2825513,-0.87492794,5.574116,-1.2675418,4.7547855,-4.4490113,0.34007013,0.505873,0.5282567,0.527451,0.528617,0.4887643,0.43652454,0.34896055,0.38622952,0.39992496,0.34711528,0.2619572,0
1978,6.5,1.02,6.5,0.92,67.99958881578948,0.13199592645446337,2659.7123994869435,-94.02059,83.964836,-9.890573,24.720154,6.138131,1.5871733,1.0415024,10.00881,-2.2847497,4.5570755,-3.4208357,3.6397314,-5.8724747,0.4979509,0.5398866,0.39248425,0.52613944,0.42703417,0.4588346,0.39402777,0.45867622,0.571802,0.40033424,0.377999,0.3434258,0
1979,5.5,2.29,7.2,1.33,172.265625,0.11834924656540248,2512.063769081916,-104.95147,78.83469,-10.005698,40.894115,8.582321,6.0017166,-8.497416,8.550182,-0.37587404,-5.635996,-4.32999,2.3058207,-3.7890453,0.36878216,0.35901076,0.38725838,0.51550066,0.34193903,0.40983546,0.3342053,0.26653898,0.34481633,0.4008624,0.6336047,0.5118117,0
1980,5.5,1.43,5.4,1.36,89.10290948275862,0.11722201730198659,2512.620728158003,-168.99403,81.73873,-9.978924,36.652702,5.359546,7.7327757,8.297255,9.442817,3.553235,4.512639,-2.7092438,2.936578,-2.3140118,0.32024047,0.34446433,0.4211743,0.50956184,0.31969675,0.34705916,0.41386297,0.507481,0.646826,0.45934573,0.4231385,0.36492693,0
1981,5.1,1.92,5.8,2.18,107.666015625,0.24043064491421567,3946.911569021132,-88.80904,19.651262,3.006269,36.724266,-2.5155256,6.0831966,7.919302,12.112884,0.6946246,3.2114348,-5.5895934,6.8576794,1.640436,0.6113481,0.5430861,0.472018,0.34359404,0.30813408,0.23400863,0.26662213,0.40139177,0.49481606,0.60181856,0.5757321,0.6013365,0
1982,4.5,1.28,4.5,1.43,112.34714673913044,0.028910381998194016,706.4223619984763,-274.82294,179.55637,7.9056654,26.465826,15.996692,13.389083,9.3128195,7.051934,11.145348,9.362726,2.4880843,-0.43941042,-1.4348626,0.30277088,0.27034298,0.23159276,0.20838861,0.45505586,0.67369825,0.27737597,0.22646318,0.46853092,0.56737787,0.70601714,0.40520796,0
1983,2.9,1.51,3.4,1.11,107.666015625,0.04618944103134675,824.5193085387849,-198.29819,221.86855,-38.949497,15.712503,11.395906,-10.544394,4.3931003,-1.090011,0.92459625,-5.646847,-7.277242,-0.49441317,-2.0734482,0.46816558,0.3239885,0.21781385,0.2504109,0.319408,0.531101,0.4798066,0.27793983,0.3750245,0.64842093,0.40792584,0.2663984,0
1984,3.7,1.35,2.9,1.37,54.978390957446805,0.036765415808444904,647.2987247029096,-314.07748,212.41716,16.043934,-4.531421,0.5612798,-4.1411934,-10.570659,-14.747378,-5.414019,-0.7476902,-2.4092689,-3.8322527,-8.873345,0.4040061,0.24742341,0.12792344,0.110326536,0.36461315,0.77467465,0.36009228,0.3524829,0.31338233,0.20645422,0.18625262,0.21918389,0
1985,4.8,1.89,5.6,1.69,123.046875,0.06064589178599071,1930.1169990529977,-122.57362,105.02282,5.0411477,41.51248,2.293433,19.69246,-1.1843915,10.21183,-3.889417,7.748659,-3.149408,6.917869,-2.4599533,0.40693393,0.41405073,0.46376488,0.50825924,0.4536133,0.45983574,0.4435735,0.454363,0.638437,0.698272,0.6242732,0.5052216,0
1986,4.0,2.05,5.1,2.07,123.046875,0.05401302688015996,1712.4565476762657,-132.8342,118.47942,-0.16501352,42.292744,2.6267912,8.466481,-0.4707946,9.989457,7.7909675,8.239478,5.1550465,8.405372,-1.94322,0.35279363,0.36286342,0.51994413,0.7577828,0.6355973,0.54782784,0.41090408,0.30945957,0.2491254,0.29833087,0.33803344,0.321302,0
1987,6.5,1.12,6.3,1.42,99.38401442307692,0.14048592298761609,2691.48527130341,-116.10306,74.920616,-8.592233,40.065975,-1.1693087,3.3056972,0.91135436,2.718693,-4.36727,4.0045424,-2.272542,4.017513,-4.681168,0.5272787,0.44360352,0.5223888,0.41267103,0.41674504,0.3107099,0.31163713,0.3560696,0.3252066,0.38436532,0.369732,0.4465878,0
1988,5.5,1.43,5.8,1.4,129.19921875,0.10906785130194972,2516.7509369930713,-149.30634,83.17873,7.284012,17.413084,11.235308,16.539808,0.33564243,4.767155,6.2516384,0.8185461,-0.45715046,2.6583004,-1.3588754,0.5079155,0.50208294,0.62936455,0.37477005,0.29479125,0.32714534,0.32228702,0.39985895,0.33200994,0.43921313,0.34794897,0.46255445,0
1989,5.0,1.84,5.7,1.27,151.99908088235293,0.12540614518833848,2254.0460857228595,-139.52174,99.177284,-26.112558,14.628234,-13.607261,10.287529,-4.939703,7.4009857,-7.044451,7.37416,-5.5696273,1.2453122,-1.2395625,0.4135166,0.3886133,0.35547754,0.372468,0.44644445,0.3971216,0.4880306,0.45014402,0.41039738,0.36024988,0.4158416,0.58969873,0
1990,4.2,1.66,4.1,1.81,103.359375,0.061077232085268315,1698.130523106006,-201.18542,118.21621,24.903584,27.37449,9.499442,14.63663,3.1294389,10.09801,2.360461,5.423786,1.725216,2.2151136,-2.2163167,0.510913,0.5917643,0.6323435,0.5454722,0.4440051,0.4375052,0.44491565,0.4668641,0.57994723,0.6347885,0.59288937,0.54833674,0
1991,5.0,2.1,6.0,1.41,129.19921875,0.07405321812113003,2065.8645702324297,-111.84978,98.683975,-6.822271,31.112564,6.4121065,11.996603,5.6104465,13.984488,6.357156,10.047767,-0.5241618,6.754287,-0.5061808,0.30496088,0.29070902,0.3971495,0.53125066,0.63276637,0.5473913,0.4851,0.39775926,0.32471022,0.33527845,0.40508175,0.4803956,0
1992,4.9,2.26,6.8,2.09,92.28515625,0.164607470249613,3083.631911208633,-81.623695,58.252346,-10.041099,37.898987,1.8383297,15.81278,1.0968785,7.7997923,1.2784705,6.089927,1.3749584,6.5851593,-0.69696707,0.61768425,0.5010292,0.46524057,0.43963116,0.45153546,0.44243345,0.4797373,0.49234033,0.46694404,0.48670214,0.58862686,0.6764786,0
1993,3.5,2.38,7.0,1.1,143.5546875,0.133857341250645,2524.523354121487,-83.764595,86.86304,-32.445942,26.754246,-2.3748384,2.4050107,3.4996026,4.986424,-2.793773,0.559184,-6.653906,4.8466496,-5.4228888,0.42893693,0.4057401,0.4164078,0.5208476,0.60229135,0.51456964,0.41783524,0.43333322,0.6321804,0.63502324,0.47676525,0.4841258,0
1994,3.8,0.87,3.5,1.12,143.5546875,0.046875754296472706,1345.6823455358572,-174.41608,127.771164,-4.0418105,34.795895,19.932535,19.45782,5.333345,13.020252,-0.8934282,-1.3386347,-6.698752,-0.5747883,-3.748912,0.44995,0.47717592,0.6848752,0.56745434,0.27122745,0.17813745,0.24527477,0.2873147,0.2155807,0.32968596,0.37366068,0.31363204,0
1995,4.7,1.73,4.7,1.1,129.19921875,0.061156344733617134,1106.6385018369504,-192.9369,191.18814,-50.371788,2.0526478,-8.032188,1.6909269,-8.041384,-5.339956,-11.036634,-6.703192,-6.69048,-5.4063187,-8.24212,0.27924976,0.26683226,0.23227975,0.21936372,0.42393985,0.29613107,0.50245595,0.33019388,0.26245987,0.27312905,0.27867553,0.5680584,0
1996,3.9,1.87,5.9,2.21,80.74951171875,0.06318203165312178,1464.7528326043896,-142.5468,147.58769,-19.216843,30.040852,17.738647,-0.97680485,-4.3331065,13.517529,-4.4132333,-4.212371,-8.598565,1.4326233,-0.81985354,0.32904762,0.2474957,0.34860307,0.4364269,0.58041215,0.36555555,0.3028394,0.48039308,0.34592664,0.2781071,0.28137118,0.5394915,0
1997,5.3,1.42,3.9,1.14,161.4990234375,0.07392119573980908,1315.7327273215344,-188.38324,198.69315,-82.05176,66.04693,-9.729792,-15.413273,29.994377,-20.999598,9.137713,8.095896,-9.9955,0.8260308,-10.176676,0.30997717,0.28874633,0.2131554,0.27591953,0.25469655,0.45099193,0.44217607,0.39233375,0.52186674,0.3501222,0.55409825,0.34333125,1
1998,6.4,1.5,6.2,1.6,143.5546875,0.09953731698271413,2276.405792000077,-118.92519,98.24756,-0.56944895,25.98257,2.7070904,14.6084385,-3.9370322,0.5535144,4.1630845,2.5934234,-0.6921994,1.9927962,-0.8149075,0.44498092,0.5686086,0.36054674,0.3442015,0.35944128,0.39479646,0.5277955,0.3767882,0.43527457,0.3548553,0.3519064,0.4383179,0
1999,4.6,2.11,5.4,1.8,161.4990234375,0.06770833333333333,1764.5394419669626,-142.65796,111.0347,-3.2203207,42.171673,11.755107,4.372198,4.4611416,3.265526,-0.84354573,6.465755,-3.7540588,4.528703,-7.1092925,0.28320846,0.24063002,0.40057477,0.47519407,0.6957908,0.5469565,0.32137877,0.26066607,0.2855503,0.35924575,0.3220393,0.366591,0
2000,5.8,1.78,6.0,1.67,184.5703125,0.08482790731424149,2060.5326024769683,-142.20256,109.33666,-10.161298,20.457245,5.252204,18.158424,6.883591,5.8546185,8.34219,3.106304,0.17826398,5.141822,-1.5469149,0.44928446,0.4043987,0.40323317,0.44405386,0.45815313,0.5760391,0.48304597,0.42729944,0.46035558,0.44913462,0.48983732,0.4535083,0
2001,3.2,0.98,6.6,0.8,135.99917763157896,0.11774336108892695,2291.9135978402155,-32.796646,90.26276,-21.241465,33.95185,11.372715,2.3383687,-4.498791,9.959045,2.358821,-0.10972369,-1.5240085,4.158633,-2.328157,0.4331684,0.418585,0.5461138,0.43269455,0.39985976,0.29220587,0.41298884,0.43651187,0.3257823,0.2656813,0.35615557,0.65613055,0
2002,6.4,0.49,5.2,1.17,112.34714673913044,0.0964970499420574,2210.168068192203,-110.74543,91.88814,-10.257863,14.8209,13.704159,2.1502507,1.8621451,-7.5911007,-14.665296,-11.339639,-12.43721,-5.1897235,-19.768456,0.36722878,0.18937099,0.13633104,0.30935857,0.16516206,0.12760678,0.102429844,0.370821,0.840078,0.45255923,0.31669924,0.1941116,0
2003,5.4,1.5,4.6,1.85,112.34714673913044,0.06543028543295497,1416.8419599234087,-241.7212,122.17488,1.8403957,17.85425,-0.5368332,2.8524172,-5.6707163,-4.6192093,-7.2618585,-0.9734899,-1.4252287,-0.1113583,-2.4075758,0.2546539,0.3156994,0.34041366,0.2925473,0.39761373,0.22580759,0.2836423,0.24620113,0.29298824,0.3480285,0.22393727,0.28596073,1
2004,5.0,1.1,4.8,1.6,143.5546875,0.04109750089573629,1281.915425880783,-232.60245,125.10615,16.08918,37.655792,11.2699795,3.179645,1.3216156,6.6705427,-0.4211128,5.7284145,-2.71574,1.9307798,-2.3348074,0.29158422,0.21988094,0.27898344,0.31227157,0.53062296,0.34358218,0.3086279,0.25872228,0.23480028,0.2672278,0.3208311,0.6037231,1
2005,3.8,1.17,5.2,0.75,151.99908088235293,0.0815427931566349,1724.2328020898087,-205.52391,121.996414,-20.212387,15.009957,9.71881,5.1691585,3.5352876,3.4146686,-3.3063664,7.3042655,1.4527063,3.4419928,-3.53388,0.2605109,0.38890174,0.35949868,0.38304862,0.47331575,0.40582734,0.49285585,0.3575251,0.39912662,0.37277097,0.30906707,0.32320732,0
2006,5.0,0.89,3.2,1.17,117.45383522727273,0.05115161813080495,1095.294105215948,-264.28244,171.6509,4.0555153,8.176731,15.04446,0.07860256,5.946322,-4.755193,4.4817195,-10.864639,-2.65371,-4.702657,-5.168857,0.33096558,0.5124468,0.26941657,0.2506711,0.21047845,0.31630567,0.29228216,0.32025537,0.4650631,0.35420048,0.39743575,0.24572499,1
2007,3.4,0.49,4.4,1.36,123.046875,0.07992657604696946,2095.274968034668,-139.42798,97.76973,5.0417633,9.969919,6.0939474,2.9761243,-0.5624395,2.2925408,-2.745776,3.5229928,0.32599756,6.244662,1.0792838,0.37643477,0.23382846,0.32178918,0.29134715,0.5200422,0.32568,0.3204451,0.44924095,0.29506564,0.3227661,0.30732676,0.43773407,0
2008,5.6,1.02,3.6,1.74,151.99908088235293,0.057570376805600385,1748.117001984511,-162.56763,108.85519,4.822058,33.473614,15.841963,15.380472,3.2987535,6.2781563,3.196778,9.2400465,-0.10083049,2.3773167,-5.439978,0.35705152,0.38275167,0.36471313,0.4726852,0.4712948,0.45291921,0.35179436,0.31702915,0.37455267,0.35209784,0.38471603,0.35534346,1
2009,5.2,0.98,4.2,1.94,161.4990234375,0.06444676302931596,1149.4255848445105,-230.98944,159.32607,-19.656294,3.1796367,-3.7293556,-5.8009796,-7.936994,-8.914534,-11.804764,-6.445136,-7.5461245,-5.5684896,-5.878347,0.4290876,0.2008095,0.17661981,0.17324786,0.3609673,0.2136371,0.25086525,0.41552362,0.25691232,0.21212003,0.17015952,0.43268192,1
2010,6.0,0.89,4.8,1.6,95.703125,0.042074985937141714,917.822875894271,-346.1985,178.28769,-14.053077,33.166756,12.439477,5.4484706,3.7569418,0.1364177,0.4054054,3.4901888,-1.390279,-0.49511153,-2.0324256,0.25295278,0.22474909,0.28029308,0.26995298,0.30373147,0.3015427,0.5060834,0.4617256,0.44718438,0.5349588,0.40479055,0.48483518,1
2011,4.2,1.6,5.0,1.41,117.45383522727273,0.0912635455520436,1907.4812907463886,-122.01707,114.94004,-18.8811,16.196964,-0.9043367,1.9683185,-8.626527,-0.54948634,-9.058957,-4.866339,-5.510321,-2.872255,-5.26667,0.3345406,0.25572777,0.37587333,0.27977678,0.33079928,0.2777902,0.2854614,0.40250412,0.30784374,0.41316333,0.3632936,0.43160003,0
2012,3.17,0.69,5.17,1.67,172.265625,0.0689712785030339,1274.7948957092954,-222.39531,149.65523,-27.871756,9.266496,-8.3297205,-6.4632525,-6.303214,-3.2115068,-11.599657,-5.638255,-13.142266,-9.669231,-7.679435,0.25480208,0.20963083,0.26402375,0.3277791,0.38090876,0.2800324,0.27861124,0.3463308,0.2994189,0.27253452,0.3563219,0.36337516,0
2013,5.4,0.49,5.6,1.02,143.5546875,0.06643005189154831,1366.8318095054678,-199.9745,122.091934,-0.114224076,14.145365,-0.16232908,8.570127,-1.3645145,4.716931,0.69073427,3.7718098,1.4923779,3.6463046,1.2070851,0.2705163,0.25956497,0.28161663,0.28764817,0.41597286,0.2559833,0.25720477,0.2549476,0.29084736,0.3738209,0.3003891,0.3583784,0
2014,3.0,0.63,6.6,0.8,112.34714673913044,0.10055353995990621,2221.971276820359,-162.12276,86.90272,-7.475063,50.729397,14.0845785,9.820533,-2.7590024,5.1212287,3.8114655,7.051234,-0.40192777,3.590257,-5.2599277,0.48952124,0.36356026,0.3673425,0.38785776,0.33529788,0.37732738,0.38353056,0.5462918,0.4790465,0.405221,0.4240122,0.39178756,0
2015,6.6,0.8,5.4,1.2,117.45383522727273,0.08912634913604917,1553.4905806726715,-227.47214,126.14505,-15.134596,24.069351,1.5100857,-13.886079,9.405449,-15.505093,-10.6264305,9.307216,-11.80838,2.15444,-5.087102,0.15258978,0.1441733,0.34083682,0.4853101,0.24754968,0.23129308,0.16354078,0.27204138,0.20735538,0.18284315,0.3125634,0.17527549,0
2016,7.2,0.4,5.6,2.24,112.34714673913044,0.09221049672935405,1459.9289742881665,-111.83511,145.08081,-42.102592,2.207968,-18.102547,-13.009703,-29.901817,-4.430879,-21.531334,-10.267869,-4.715486,-0.6794215,-10.911288,0.12773836,0.1882334,0.60562235,0.27552623,0.4512603,0.15152162,0.2120008,0.3302478,0.18346348,0.28417268,0.14385548,0.39220554,0
2017,6.67,0.47,6.5,0.76,112.34714673913044,0.07573517275528169,1841.891849040017,-233.04146,97.732445,31.77618,44.59235,5.740027,11.951622,0.8382424,-3.1680691,-7.7215405,-0.12126654,-7.442494,-5.66738,-7.4784055,0.18709052,0.16998518,0.30159414,0.22545192,0.32630372,0.43496752,0.38919935,0.6278056,0.3362033,0.2665041,0.2114997,0.31270897,0
2018,6.5,0.5,6.33,0.75,112.34714673913044,0.08905247669527057,2206.583096749091,-160.63663,90.60925,-13.811508,32.4108,5.624774,4.5270247,-0.36350965,-0.8616463,-8.190822,3.93794,-0.6216057,-0.07521548,-0.8449834,0.29020104,0.2560966,0.44233188,0.31982458,0.28417602,0.3156586,0.30766252,0.5364743,0.4134296,0.3534805,0.26874834,0.22211744,0
2019,6.8,0.4,6.8,0.75,107.666015625,0.07892877349578724,1695.6522782474817,-232.76108,115.55607,-18.576439,14.694583,-9.626052,-0.44808203,-8.115007,-6.4751115,-13.430191,-3.7855928,-7.9254746,-5.218079,-6.8448834,0.28150216,0.22530976,0.4356988,0.19473894,0.32034335,0.16825448,0.1686791,0.26173085,0.14486624,0.28777635,0.121339336,0.16878383,0
2020,6.8,0.4,5.8,0.4,107.666015625,0.07745387478577549,1598.1323536994091,-261.6915,122.71697,-14.176129,24.542982,2.7699277,10.623195,1.8747082,-2.31456,-8.024372,-0.46908328,-4.8897057,0.988506,-2.1598213,0.2647545,0.19911638,0.43818146,0.16367283,0.21773842,0.23596485,0.21441747,0.35829747,0.20612304,0.28677556,0.22526869,0.14766179,0
2021,4.2,1.47,4.4,1.96,117.45383522727273,0.08939248385216168,1702.0470660018273,-126.82812,131.38716,-31.325756,29.673115,-2.779384,-9.718066,-4.5207705,4.341759,-8.541528,-0.33428833,-11.027196,-3.4145606,-6.9700074,0.34781379,0.2924282,0.5927793,0.263186,0.23664422,0.46337503,0.2437075,0.24641223,0.16039714,0.31504452,0.44468737,0.21744563,0
2022,3.8,0.75,4.4,1.36,184.5703125,0.07401115763706834,1531.101693363072,-207.65482,126.77771,-0.9710354,18.018747,-4.978249,-5.2081957,-3.278115,-8.554254,-24.539011,0.5624086,-15.744369,-15.249619,0.6891641,0.22721024,0.20958364,0.24228752,0.29853025,0.4220826,0.23896065,0.19155818,0.2145047,0.22303933,0.19116826,0.17790224,0.2730885,0
2023,5.6,1.02,3.0,1.26,86.1328125,0.0661360379485995,1896.8439764770749,-142.83485,108.95614,18.94381,23.127232,10.503946,5.9255877,-6.1951585,0.2595695,-7.2889957,-0.16048136,-4.283236,1.1655518,-4.8945465,0.27713376,0.31661272,0.56243724,0.34442815,0.3235333,0.27961606,0.41222358,0.4343393,0.29339385,0.38631848,0.27034485,0.33362445,1
2024,6.4,0.8,4.4,2.33,117.45383522727273,0.061515748031496065,1930.9562941640863,-164.19966,97.12807,21.443237,40.157352,12.005209,19.673483,0.29706478,9.971066,1.478908,7.618841,-1.6335754,0.26607984,-5.1961017,0.32387793,0.3930774,0.39057812,0.32597324,0.35304865,0.38701668,0.3625208,0.4023525,0.46263167,0.6026685,0.49909163,0.36327127,1
2025,6.0,1.41,4.8,2.32,107.666015625,0.07947854694774961,1999.2523130361158,-116.39558,98.15467,1.0138594,38.38528,-8.989676,5.5077124,0.033239298,5.5829635,-2.0978284,2.5160456,-8.249853,6.104099,0.79163504,0.30228373,0.27654758,0.2443034,0.2353313,0.48861292,0.29743007,0.28932494,0.35405073,0.38788706,0.61237943,0.31937474,0.28252697,1
2026,5.6,1.02,4.0,1.9,117.45383522727273,0.06065037548580739,1698.1566809199414,-116.733574,116.92099,15.747454,33.515385,-7.637397,-2.0284288,-2.2289271,-0.3251063,-2.7212508,-1.8187069,-8.306598,1.8249741,-2.8660018,0.35637525,0.3146809,0.3700843,0.28204384,0.2643599,0.2982482,0.3283068,0.500467,0.3951202,0.34742644,0.29292467,0.28124297,1
2027,5.8,0.98,5.4,1.36,92.28515625,0.13257142828628002,2589.1719089535486,-35.135113,79.2988,-16.46139,24.511982,2.5266583,4.3595915,-3.0304377,7.3388486,-2.5626266,2.9709537,-2.466726,2.6422298,-3.730982,0.32525748,0.46811196,0.44677818,0.5441609,0.44155616,0.38736445,0.41906208,0.3569536,0.35193264,0.34722924,0.49734536,0.36018327,0
2028,3.4,0.49,6.2,1.17,86.1328125,0.08148145270787119,1671.146714855463,-160.9373,128.937,-13.419096,28.890717,-1.1739749,3.3719718,-6.924497,4.905945,-4.2490106,-1.4583762,-5.944567,1.469784,-2.035548,0.3162653,0.33619598,0.45828953,0.3163468,0.31968373,0.36109588,0.3580231,0.38815615,0.3527289,0.5694499,0.31347907,0.2552692,0
2029,4.17,1.07,4.0,1.29,151.99908088235293,0.10398129265414913,2076.4449954308825,-59.876045,108.62967,-29.02297,17.863825,7.7770205,0.735296,0.7029643,8.231419,-4.424173,6.118992,-2.6122117,3.2666996,-4.7062345,0.40066382,0.29857713,0.38782293,0.37423477,0.46365556,0.5784034,0.41011706,0.46488795,0.34309384,0.48251474,0.51257,0.3468119,0
2030,4.2,1.47,6.2,0.75,135.99917763157896,0.10493719967138578,2240.1072877099996,-111.943794,87.236015,-9.214906,29.66686,8.334215,1.2408471,-0.33491015,8.481165,5.24003,6.466168,4.9121284,8.518861,-0.62157804,0.4091066,0.37206805,0.45245174,0.4672509,0.45924115,0.37225327,0.32615235,0.36259258,0.39508584,0.46930054,0.35726047,0.37705186,0
2031,4.6,1.2,3.4,1.62,161.4990234375,0.05316307184449279,1425.0491528853256,-193.73195,126.40638,13.142167,27.344198,11.702874,5.922547,6.9143367,-8.712675,1.515235,-3.9860992,-11.074152,-6.816018,-12.402017,0.53389364,0.25904042,0.15914637,0.20303081,0.46118075,0.279596,0.1790962,0.35969245,0.25705755,0.2068369,0.12576135,0.25611946,0
2032,5.2,0.75,4.4,1.5,143.5546875,0.06963093253166262,1471.4128827708612,-174.36351,131.84093,-22.11631,34.27307,7.2646704,6.488871,1.2852811,6.935564,-2.4585714,-2.7242913,-0.49175605,1.0893692,-3.4987493,0.33067125,0.41068873,0.5200252,0.37543502,0.305884,0.2723973,0.40157068,0.30278745,0.3010518,0.4238713,0.35358623,0.4508799,1
2033,3.17,0.37,6.83,0.69,112.34714673913044,0.06682976328346496,1772.9966862612262,-60.083256,114.44313,-14.441022,37.744728,16.64507,11.84623,8.333561,13.563064,3.4101682,9.431687,2.816076,6.4553123,0.42790702,0.40681368,0.45607856,0.5740032,0.50947726,0.48933622,0.4709745,0.39356694,0.39113435,0.4427277,0.5350142,0.45494512,0.39143777,0
2034,6.2,1.33,4.6,1.74,117.45383522727273,0.041891977880525004,1376.8379327346704,-245.48862,125.572395,32.944614,33.038834,7.8394346,6.7874064,-3.069588,4.9241533,0.13913634,-0.31292045,-5.6231046,0.1606151,-2.8456879,0.34461355,0.2912158,0.39036843,0.3617609,0.45504427,0.4799367,0.3872026,0.4024934,0.32765508,0.33601466,0.3032123,0.29816824,1
2035,3.4,0.8,4.6,0.8,123.046875,0.07036411129613453,1789.4721933794085,-115.10943,104.53242,4.9419217,65.96764,10.098415,3.6872032,3.448455,5.6881137,-5.411905,3.950733,-3.7835128,1.7886804,0.5319331,0.2503312,0.2975196,0.54847884,0.38131264,0.39733565,0.3058513,0.1565309,0.18765272,0.3183819,0.55801827,0.34653223,0.24060978,0
2036,3.83,1.07,4.67,1.8,99.38401442307692,0.06597456366521222,1546.2550217557402,-169.53038,115.59496,6.606225,17.62475,22.376442,4.8243165,3.9751382,8.587201,-0.15897244,8.281412,-5.7493014,-3.619713,-4.2439957,0.22281598,0.4020065,0.23903008,0.2747925,0.2949675,0.2219796,0.32118937,0.2943128,0.5323612,0.49008024,0.25752825,0.24000795,0
2037,6.4,0.49,4.4,1.2,123.046875,0.06597508350226663,1702.969599665133,-179.45537,109.86649,-6.5065026,35.358494,8.798739,-4.9654703,-6.563733,-5.377026,-3.6869519,-6.3503385,-11.446293,-8.38029,-12.274404,0.20042774,0.28636912,0.5497274,0.36452705,0.40883183,0.25841752,0.21463169,0.24659634,0.23992474,0.37779418,0.20953405,0.21572337,1
2038,4.0,1.41,3.8,1.6,80.74951171875,0.035593410195342574,1110.4588784913117,-181.46442,145.27254,23.797857,24.821016,5.281416,16.447916,3.732167,7.301733,-1.8057313,5.8244705,4.1495357,2.5645416,-2.7638056,0.45927674,0.6088687,0.38316667,0.26498464,0.2822832,0.23341861,0.38972095,0.2600736,0.33255398,0.43727705,0.34927246,0.39381415,0
2039,5.4,1.2,4.6,1.62,135.99917763157896,0.0536822201693205,1633.608981894411,-246.56935,106.61909,25.366005,30.33448,13.651388,8.925456,-4.088304,-0.07863342,-6.529595,-2.5346029,-2.9711156,-5.0105886,-11.844676,0.38077757,0.32828447,0.22146773,0.24278831,0.24740277,0.2325875,0.37996978,0.39656585,0.44199458,0.4372217,0.4094848,0.45263168,1
2040,3.6,1.85,7.0,0.63,129.19921875,0.1768088215208933,3448.5958121212097,-104.87437,49.09771,27.641178,21.12363,6.4518476,9.71108,-2.5420742,6.286838,-1.9747276,0.8000021,-1.1175778,-0.7616084,-2.301247,0.37911174,0.39712542,0.42853087,0.45521975,0.5165854,0.4260907,0.39470902,0.42291844,0.48813972,0.5814688,0.40096995,0.3637993,0
2041,4.4,1.74,3.0,1.1,123.046875,0.04493878778800062,1176.3403940954613,-222.77614,153.524,33.394135,4.1175714,6.5616336,1.0777898,-12.071734,-5.038436,-15.4034,-8.630439,-19.20946,-5.290695,-13.947577,0.1621163,0.24807835,0.3506805,0.21190083,0.26600417,0.18010606,0.24701594,0.16276863,0.30147755,0.60446393,0.27119207,0.26267177,0
2042,4.8,0.75,4.6,1.36,151.99908088235293,0.09149030670026764,2103.167063350101,-143.3949,102.676315,12.114653,25.49441,-5.2654734,8.374672,-6.5049443,-0.37807664,-6.590127,-1.9094063,-6.8517942,-0.38988757,-3.537133,0.37075153,0.33432192,0.2736078,0.3073999,0.333109,0.38096648,0.32814166,0.27992073,0.3211923,0.431845,0.3938753,0.33683568,0
2043,5.6,1.02,4.4,1.36,107.666015625,0.05409610008806576,1557.2144350314622,-164.50784,121.96708,-1.1787522,46.624863,8.918106,1.6885586,-8.379121,-0.35379007,-6.2710986,-6.4368677,-12.859603,-5.0548677,-13.780297,0.29191077,0.3608243,0.2759457,0.46509615,0.4679873,0.2437145,0.2818523,0.20267619,0.286213,0.3535617,0.29666373,0.46247372,1
2044,6.4,0.49,5.2,1.47,123.046875,0.03499685271299152,1080.4364353479082,-272.67032,113.06473,33.120113,37.671276,6.502287,11.261413,6.29847,-1.4089212,-8.620058,-8.717302,-8.81645,-2.1656032,-5.1375833,0.30859447,0.22170457,0.27981994,0.3662171,0.43563583,0.31510365,0.37200582,0.39283323,0.2526014,0.26002285,0.23590548,0.3314227,0
2045,4.8,1.17,3.2,1.17,80.74951171875,0.055419857980567915,850.2273167019748,-378.0938,153.90634,-5.9457135,-4.4089856,10.650775,-4.0096464,-10.102052,-6.707933,-9.034104,-11.664012,-9.082439,-4.509959,-2.4579437,0.15310858,0.30620137,0.33377874,0.1894798,0.2732252,0.16632092,0.3453531,0.18612437,0.16831079,0.37509447,0.19411063,0.2778275,0
2046,5.5,0.96,5.17,1.57,129.19921875,0.11517087044430795,2245.2033473491533,-199.38339,63.44297,4.8046374,35.755238,10.607366,20.552656,0.09663442,6.9213104,-0.083273746,6.395248,1.3246603,16.20873,2.6144238,0.36039472,0.27788424,0.38020596,0.29888555,0.5003345,0.32355243,0.29593137,0.27878729,0.2420237,0.36706138,0.25111666,0.36763567,0
2047,6.2,0.4,5.0,1.26,129.19921875,0.06941306334310704,1738.7858324161361,-168.49196,114.383575,4.375711,25.665194,12.278122,16.396616,1.9606509,10.533808,-1.5473576,1.7661885,2.089432,4.813911,2.8403895,0.34616736,0.34299368,0.5028988,0.37833786,0.3349066,0.43912145,0.36795387,0.4536045,0.27858227,0.3193823,0.30215865,0.24595547,1
2048,6.2,0.75,3.6,1.5,172.265625,0.04280626325569398,1096.7525664246728,-266.77362,154.51234,5.555622,14.177923,3.4570234,4.1465454,-4.394285,-6.488095,-8.055741,-6.4402833,-9.778486,-4.043817,-3.8630147,0.1468099,0.3068046,0.72714114,0.3019005,0.20795995,0.18172148,0.4507031,0.2031867,0.16114368,0.28875235,0.19954358,0.29017103,1
2049,4.4,1.02,3.8,1.17,99.38401442307692,0.0651513308766446,1633.4326618128084,-265.68423,102.52417,35.494213,25.30668,-24.785793,0.7257873,-1.8124901,-4.454627,5.771506,0.3137788,2.9881802,9.091257,3.691551,0.18168212,0.20004453,0.3164412,0.26296714,0.29297036,0.38514802,0.35814762,0.68848765,0.65944004,0.31992105,0.27940816,0.20647845,0
2050,4.4,0.8,3.6,1.02,92.28515625,0.028653814767729522,960.6736862082599,-245.4255,128.07481,21.282135,33.819786,9.795497,18.833519,11.987936,14.09578,13.560961,7.789143,6.5099506,10.24586,12.129548,0.5698635,0.52147204,0.3469052,0.33827725,0.4102171,0.50065005,0.44974875,0.49680597,0.60283405,0.60772467,0.64815253,0.51880133,0
2051,3.2,0.4,4.6,1.36,89.10290948275862,0.06195413553746655,1924.5051162612863,-93.95134,116.11713,20.515057,21.57945,7.1086516,10.077922,6.127411,4.8730416,1.0349132,0.27680188,-3.110971,3.6356256,0.80216813,0.5331587,0.32950154,0.26814643,0.34424433,0.4244067,0.3963723,0.32887664,0.4437583,0.6228637,0.7561134,0.5549628,0.5381104,0
2052,3.2,0.4,5.2,1.6,92.28515625,0.0931303483993172,2265.2887951286775,-132.6757,92.45123,16.215025,14.652574,11.63129,15.014625,-1.3833975,11.164481,-1.7835429,6.527374,-1.0592571,0.23230332,1.1745385,0.31800252,0.25311515,0.26166785,0.18758519,0.20670432,0.30294752,0.41168028,0.4807341,0.42264256,0.52251935,0.5696807,0.42055187,0
2053,3.8,0.4,3.8,1.83,117.45383522727273,0.05644547779144187,1766.7276344760546,-284.30957,102.27061,34.82261,34.572678,19.453674,21.019781,4.745898,13.450059,1.5002507,7.694936,2.1386883,2.4292445,2.7464416,0.44581386,0.29835624,0.28528032,0.2662852,0.302108,0.2882324,0.24737868,0.308118,0.47146115,0.66607803,0.5464472,0.5143669,0
2054,5.4,1.2,3.6,1.36,184.5703125,0.027810559212524295,594.1609261299388,-315.3537,153.8322,19.141603,52.668503,23.320654,9.307358,7.4297857,-11.61803,-3.3297873,-4.0394344,-3.646181,1.3879887,-12.569359,0.34957978,0.17656101,0.2503328,0.22234644,0.25008652,0.1352905,0.08675766,0.14121965,0.21889757,0.3944763,0.3484328,0.3930904,1
2055,5.0,1.41,5.2,1.47,123.046875,0.12994180566206545,2661.910715279404,-110.44173,74.03173,7.036747,28.238472,1.394534,6.0218496,-0.69846904,7.6877146,-4.346112,8.846418,0.91919565,6.8293815,3.6727438,0.36763278,0.35555258,0.4751332,0.30619773,0.37892634,0.39644235,0.3264653,0.335326,0.30004656,0.45256254,0.41257793,0.3217438,0
2056,5.0,1.41,4.6,1.74,99.38401442307692,0.06035392460694541,1506.2946154757299,-224.0832,126.98246,-0.7291534,33.480545,-4.328749,13.817785,1.5477743,5.6235957,-4.70786,-1.3484042,-1.6540847,2.4216795,2.1548026,0.30748692,0.29382363,0.42527586,0.44342336,0.43801922,0.41968188,0.32652622,0.40512756,0.32847825,0.42017034,0.3067717,0.30257598,1
2057,3.17,1.07,6.83,0.37,123.046875,0.10882836288378585,2373.10984938628,-61.670555,87.51971,-4.216541,38.37768,8.71893,6.067272,2.464556,6.4488826,0.8822596,1.3068292,-9.009932,10.926679,0.56195015,0.38042703,0.35478106,0.34252918,0.29359266,0.3023542,0.34530717,0.58059984,0.4761386,0.32235077,0.2961935,0.37248513,0.6152153,0
2058,3.8,0.75,5.8,1.17,112.34714673913044,0.08170012148956658,1783.6723383385636,-137.72513,115.03998,-12.274745,37.001263,14.162392,9.152301,0.73283225,2.7520812,-4.7300344,1.6801088,-1.7756804,9.239152,-6.0392165,0.27317598,0.2588126,0.34546018,0.3245937,0.4640297,0.3644623,0.47836536,0.45298472,0.25660706,0.1900335,0.29098696,0.5283578,0
